image_id,centroid_x_normalized,centroid_y_normalized,mass_q1,mass_q2,mass_q3,mass_q4,mass_top,mass_middle,mass_bottom,mass_left,mass_center,mass_right,mass_core,mass_outer
hiero_0000,0.511038,0.549446,0.164516,0.269355,0.26129,0.304839,0.217742,0.408065,0.374194,0.18871,0.522581,0.28871,0.387097,0.612903
hiero_0001,0.509859,0.552366,0.21885,0.207668,0.271565,0.301917,0.241214,0.34984,0.408946,0.186901,0.523962,0.289137,0.337061,0.662939
hiero_0002,0.506858,0.544438,0.163987,0.271704,0.271704,0.292605,0.21865,0.40836,0.37299,0.192926,0.530547,0.276527,0.384244,0.615756
hiero_0003,0.494144,0.539049,0.215126,0.267227,0.260504,0.257143,0.267227,0.332773,0.4,0.164706,0.606723,0.228571,0.411765,0.588235
hiero_0004,0.447161,0.439102,0.421136,0.192429,0.194006,0.192429,0.40694,0.318612,0.274448,0.228707,0.660883,0.11041,0.345426,0.654574
hiero_0005,0.50142,0.481799,0.294299,0.260401,0.192604,0.252696,0.285054,0.419106,0.29584,0.160247,0.607088,0.232666,0.422188,0.577812
hiero_0006,0.503404,0.515861,0.2118,0.281392,0.24357,0.263238,0.252648,0.396369,0.350983,0.172466,0.574887,0.252648,0.364599,0.635401
hiero_0007,0.489494,0.571218,0.154506,0.178827,0.319027,0.347639,0.220315,0.304721,0.474964,0.227468,0.55794,0.214592,0.321888,0.678112
hiero_0008,0.493556,0.580045,0.163842,0.172316,0.305085,0.358757,0.217514,0.299435,0.483051,0.20339,0.588983,0.207627,0.30791,0.69209
hiero_0009,0.456876,0.587664,0.125596,0.17806,0.449921,0.246423,0.174881,0.36566,0.459459,0.300477,0.519873,0.17965,0.303657,0.696343
hiero_0010,0.524854,0.536011,0.101562,0.3625,0.357812,0.178125,0.257812,0.35,0.392188,0.167187,0.5875,0.245312,0.370312,0.629687
hiero_0011,0.525528,0.553747,0.16388,0.225753,0.270903,0.339465,0.262542,0.295987,0.441472,0.113712,0.602007,0.284281,0.337793,0.662207
hiero_0012,0.507186,0.563294,0.179144,0.221925,0.295455,0.303476,0.220588,0.351604,0.427807,0.259358,0.409091,0.331551,0.25,0.75
hiero_0013,0.492833,0.516417,0.242667,0.249333,0.238667,0.269333,0.268,0.418667,0.313333,0.249333,0.46,0.290667,0.305333,0.694667
hiero_0014,0.483757,0.559517,0.126892,0.259604,0.342258,0.271246,0.206054,0.4156,0.378347,0.295693,0.394645,0.309662,0.282887,0.717113
hiero_0015,0.540772,0.561652,0.142857,0.22604,0.23689,0.394213,0.184448,0.39783,0.417722,0.101266,0.571429,0.327306,0.392405,0.607595
hiero_0016,0.456545,0.460112,0.377358,0.171698,0.149057,0.301887,0.29434,0.522642,0.183019,0.432075,0.216981,0.350943,0.228302,0.771698
hiero_0017,0.517537,0.524745,0.240506,0.222222,0.225035,0.312236,0.264416,0.381153,0.35443,0.165963,0.54993,0.284107,0.308017,0.691983
hiero_0018,0.421812,0.434807,0.352705,0.346693,0.274549,0.026052,0.296593,0.573146,0.130261,0.496994,0.200401,0.302605,0.276553,0.723447
hiero_0019,0.491472,0.528536,0.265267,0.146947,0.267176,0.320611,0.21374,0.48855,0.29771,0.183206,0.566794,0.25,0.461832,0.538168
hiero_0020,0.527311,0.48623,0.15,0.341667,0.297917,0.210417,0.3,0.420833,0.279167,0.110417,0.583333,0.30625,0.404167,0.595833
hiero_0021,0.507897,0.499126,0.156989,0.333333,0.333333,0.176344,0.290323,0.395699,0.313978,0.15914,0.565591,0.275269,0.406452,0.593548
hiero_0022,0.538464,0.50506,0.126915,0.347921,0.273523,0.251641,0.26477,0.396061,0.339168,0.074398,0.61488,0.310722,0.483589,0.516411
hiero_0023,0.472248,0.473652,0.359477,0.236928,0.138889,0.264706,0.334967,0.361111,0.303922,0.320261,0.370915,0.308824,0.21732,0.78268
hiero_0024,0.498553,0.504369,0.255556,0.275926,0.207407,0.261111,0.274074,0.375926,0.35,0.272222,0.437037,0.290741,0.305556,0.694444
hiero_0025,0.488485,0.505444,0.219512,0.283972,0.24216,0.254355,0.236934,0.444251,0.318815,0.268293,0.472125,0.259582,0.353659,0.646341
hiero_0026,0.502438,0.542742,0.187221,0.267459,0.248143,0.297177,0.221397,0.401189,0.377415,0.254086,0.469539,0.276374,0.326895,0.673105
hiero_0027,0.484092,0.491943,0.224053,0.288303,0.250412,0.237232,0.278418,0.433278,0.288303,0.240527,0.543657,0.215815,0.354201,0.645799
hiero_0028,0.538079,0.500779,0.249406,0.32304,0.068884,0.35867,0.244656,0.418052,0.337292,0.137767,0.581948,0.280285,0.406176,0.593824
hiero_0029,0.530255,0.480693,0.280255,0.307856,0.082803,0.329087,0.261146,0.450106,0.288747,0.167728,0.501062,0.33121,0.333333,0.666667
hiero_0030,0.582862,0.487875,0.156109,0.40724,0.079186,0.357466,0.300905,0.377828,0.321267,0.076923,0.513575,0.409502,0.337104,0.662896
hiero_0031,0.531214,0.473084,0.228438,0.384615,0.16317,0.223776,0.307692,0.384615,0.307692,0.100233,0.631702,0.268065,0.452214,0.547786
hiero_0032,0.479294,0.422745,0.327394,0.30735,0.193764,0.171492,0.489978,0.222717,0.287305,0.171492,0.679287,0.14922,0.305122,0.694878
hiero_0033,0.471366,0.553655,0.202643,0.178414,0.321586,0.297357,0.297357,0.176211,0.526432,0.171806,0.69163,0.136564,0.334802,0.665198
hiero_0034,0.535473,0.445217,0.27027,0.312039,0.088452,0.329238,0.457002,0.203931,0.339066,0.076167,0.646192,0.277641,0.309582,0.690418
hiero_0035,0.483704,0.441266,0.279236,0.310263,0.279236,0.131265,0.458234,0.214797,0.326969,0.112172,0.699284,0.188544,0.322196,0.677804
hiero_0036,0.465025,0.459506,0.384106,0.222958,0.258278,0.134658,0.346578,0.342163,0.311258,0.10596,0.777042,0.116998,0.412804,0.587196
hiero_0037,0.514853,0.458848,0.274157,0.337079,0.105618,0.283146,0.346067,0.34382,0.310112,0.123596,0.741573,0.134831,0.447191,0.552809
hiero_0038,0.566048,0.459277,0.25625,0.385417,0.03125,0.327083,0.335417,0.383333,0.28125,0.054167,0.610417,0.335417,0.408333,0.591667
hiero_0039,0.509658,0.51664,0.224409,0.30315,0.179134,0.293307,0.23622,0.393701,0.370079,0.222441,0.529528,0.248031,0.403543,0.596457
hiero_0040,0.524729,0.482333,0.248,0.302667,0.198667,0.250667,0.333333,0.321333,0.345333,0.229333,0.389333,0.381333,0.257333,0.742667
hiero_0041,0.499606,0.54685,0.242902,0.154574,0.302839,0.299685,0.194006,0.452681,0.353312,0.201893,0.550473,0.247634,0.403785,0.596215
hiero_0042,0.494134,0.499162,0.253943,0.274448,0.235016,0.236593,0.351735,0.277603,0.370662,0.233438,0.525237,0.241325,0.235016,0.764984
hiero_0043,0.494079,0.468461,0.282051,0.287749,0.2151,0.2151,0.401709,0.259259,0.339031,0.260684,0.485755,0.253561,0.212251,0.787749
hiero_0044,0.502599,0.536599,0.216346,0.223077,0.268269,0.292308,0.300962,0.250962,0.448077,0.276923,0.407692,0.315385,0.206731,0.793269
hiero_0045,0.525807,0.492305,0.072072,0.456456,0.324324,0.147147,0.333333,0.363363,0.303303,0.171171,0.570571,0.258258,0.414414,0.585586
hiero_0046,0.478323,0.454849,0.215962,0.382629,0.284038,0.117371,0.380282,0.384977,0.234742,0.328638,0.457746,0.213615,0.396714,0.603286
hiero_0047,0.5236,0.477977,0.094955,0.436202,0.320475,0.148368,0.376855,0.320475,0.302671,0.166172,0.543027,0.290801,0.373887,0.626113
hiero_0048,0.532649,0.458004,0.179039,0.382096,0.248908,0.189956,0.349345,0.441048,0.209607,0.220524,0.425764,0.353712,0.270742,0.729258
hiero_0049,0.516726,0.44545,0.250489,0.348337,0.228963,0.172211,0.377691,0.420744,0.201566,0.199609,0.485323,0.315068,0.289628,0.710372
hiero_0050,0.529489,0.511335,0.106936,0.413295,0.289017,0.190751,0.242775,0.459538,0.297688,0.130058,0.575145,0.294798,0.580925,0.419075
hiero_0051,0.486915,0.466105,0.25167,0.349666,0.22049,0.178174,0.327394,0.445434,0.227171,0.25167,0.492205,0.256125,0.510022,0.489978
hiero_0052,0.537464,0.504526,0.110345,0.413793,0.250575,0.225287,0.195402,0.567816,0.236782,0.156322,0.491954,0.351724,0.404598,0.595402
hiero_0053,0.542895,0.485757,0.077748,0.474531,0.265416,0.182306,0.294906,0.431635,0.273458,0.120643,0.552279,0.327078,0.544236,0.455764
hiero_0054,0.502853,0.452163,0.212314,0.403397,0.210191,0.174098,0.352442,0.430998,0.216561,0.229299,0.484076,0.286624,0.492569,0.507431
hiero_0055,0.552252,0.484713,0.106061,0.445887,0.235931,0.212121,0.235931,0.541126,0.222944,0.149351,0.458874,0.391775,0.383117,0.616883
hiero_0056,0.486003,0.479655,0.1875,0.367188,0.309896,0.135417,0.330729,0.408854,0.260417,0.273438,0.479167,0.247396,0.427083,0.572917
hiero_0057,0.483777,0.489071,0.161202,0.360656,0.336066,0.142077,0.344262,0.36612,0.289617,0.297814,0.456284,0.245902,0.39071,0.60929
hiero_0058,0.495354,0.482525,0.139474,0.410526,0.321053,0.128947,0.321053,0.413158,0.265789,0.257895,0.515789,0.226316,0.418421,0.581579
hiero_0059,0.557806,0.565138,0.0,0.333333,0.370614,0.296053,0.225877,0.364035,0.410088,0.092105,0.526316,0.381579,0.372807,0.627193
hiero_0060,0.518285,0.510563,0.201653,0.312397,0.272727,0.213223,0.246281,0.439669,0.31405,0.153719,0.543802,0.302479,0.42314,0.57686
hiero_0061,0.514715,0.50536,0.229773,0.279935,0.194175,0.296117,0.271845,0.451456,0.276699,0.211974,0.490291,0.297735,0.394822,0.605178
hiero_0062,0.498913,0.429484,0.313043,0.317391,0.152174,0.217391,0.465217,0.278261,0.256522,0.0,1.0,0.0,0.452174,0.547826
hiero_0063,0.425245,0.511887,0.298039,0.129412,0.32549,0.247059,0.0,1.0,0.0,0.47451,0.25098,0.27451,0.368627,0.631373
hiero_0064,0.46765,0.439344,0.391304,0.283644,0.169772,0.15528,0.356108,0.461698,0.182195,0.463768,0.171843,0.364389,0.149068,0.850932
hiero_0065,0.508915,0.532655,0.179845,0.299225,0.262016,0.258915,0.246512,0.4,0.353488,0.206202,0.508527,0.285271,0.376744,0.623256
hiero_0066,0.626468,0.504097,0.043053,0.412916,0.136986,0.407045,0.225049,0.522505,0.252446,0.07045,0.399217,0.530333,0.424658,0.575342
hiero_0067,0.50345,0.52996,0.193896,0.263914,0.235189,0.307002,0.21544,0.438061,0.346499,0.224417,0.561939,0.213645,0.384201,0.615799
hiero_0068,0.467691,0.4616,0.260593,0.313559,0.28178,0.144068,0.381356,0.334746,0.283898,0.17161,0.67161,0.15678,0.387712,0.612288
hiero_0069,0.487639,0.450979,0.247582,0.330754,0.27853,0.143133,0.388781,0.355899,0.255319,0.17795,0.661509,0.160542,0.363636,0.636364
hiero_0070,0.499703,0.519317,0.196203,0.251055,0.2827,0.270042,0.208861,0.476793,0.314346,0.07173,0.78903,0.139241,0.597046,0.402954
hiero_0071,0.495177,0.503183,0.234568,0.251029,0.271605,0.242798,0.255144,0.460905,0.283951,0.061728,0.800412,0.13786,0.532922,0.467078
hiero_0072,0.497167,0.472025,0.151558,0.424929,0.288952,0.134561,0.300283,0.419263,0.280453,0.243626,0.492918,0.263456,0.371105,0.628895
hiero_0073,0.592994,0.543158,0.060484,0.310484,0.201613,0.427419,0.195565,0.487903,0.316532,0.171371,0.375,0.453629,0.300403,0.699597
hiero_0074,0.528582,0.469294,0.195122,0.348432,0.170732,0.285714,0.320557,0.383275,0.296167,0.027875,0.811847,0.160279,0.550523,0.449477
hiero_0075,0.539773,0.448611,0.252525,0.373737,0.070707,0.30303,0.367677,0.363636,0.268687,0.183838,0.452525,0.363636,0.292929,0.707071
hiero_0076,0.49962,0.520886,0.210953,0.210953,0.283976,0.294118,0.20284,0.501014,0.296146,0.081136,0.774848,0.144016,0.618661,0.381339
hiero_0077,0.540741,0.464521,0.256198,0.367769,0.070248,0.305785,0.289256,0.444215,0.266529,0.165289,0.485537,0.349174,0.365702,0.634298
hiero_0078,0.502579,0.546726,0.21746,0.206349,0.274603,0.301587,0.261905,0.325397,0.412698,0.24127,0.468254,0.290476,0.309524,0.690476
hiero_0079,0.449337,0.50121,0.259259,0.249158,0.345118,0.146465,0.351852,0.276094,0.372054,0.329966,0.501684,0.16835,0.274411,0.725589
hiero_0080,0.536875,0.496971,0.04,0.449231,0.264615,0.246154,0.32,0.363077,0.316923,0.098462,0.636923,0.264615,0.458462,0.541538
hiero_0081,0.558071,0.539888,0.066901,0.355634,0.283451,0.294014,0.225352,0.389085,0.385563,0.112676,0.507042,0.380282,0.34507,0.65493
hiero_0082,0.527337,0.527653,0.12523,0.309392,0.274401,0.290976,0.208103,0.427256,0.364641,0.06814,0.720074,0.211786,0.478821,0.521179
hiero_0083,0.529852,0.51751,0.132296,0.326848,0.252918,0.287938,0.217899,0.453307,0.328794,0.071984,0.706226,0.22179,0.501946,0.498054
hiero_0084,0.485563,0.572184,0.155894,0.217997,0.337136,0.288973,0.141952,0.441065,0.416984,0.212928,0.595691,0.191381,0.419518,0.580482
hiero_0085,0.524578,0.539616,0.061947,0.362832,0.340708,0.234513,0.280973,0.298673,0.420354,0.081858,0.672566,0.245575,0.413717,0.586283
hiero_0086,0.509935,0.536101,0.149254,0.283582,0.304478,0.262687,0.192537,0.473134,0.334328,0.08209,0.738806,0.179104,0.568657,0.431343
hiero_0087,0.528412,0.502997,0.102041,0.4,0.279592,0.218367,0.22449,0.487755,0.287755,0.181633,0.457143,0.361224,0.312245,0.687755
hiero_0088,0.509283,0.525172,0.181818,0.327696,0.230444,0.260042,0.285412,0.319239,0.395349,0.139535,0.627907,0.232558,0.348837,0.651163
hiero_0089,0.53041,0.433233,0.270968,0.378495,0.015054,0.335484,0.397849,0.378495,0.223656,0.187097,0.501075,0.311828,0.329032,0.670968
hiero_0090,0.537139,0.478125,0.048718,0.502564,0.269231,0.179487,0.346154,0.353846,0.3,0.123077,0.623077,0.253846,0.453846,0.546154
hiero_0091,0.484139,0.495828,0.239295,0.292191,0.256927,0.211587,0.24937,0.493703,0.256927,0.20403,0.61461,0.18136,0.528967,0.471033
hiero_0092,0.509083,0.507907,0.180723,0.310241,0.289157,0.21988,0.289157,0.400602,0.310241,0.096386,0.701807,0.201807,0.51506,0.48494
hiero_0093,0.480273,0.50696,0.300885,0.188791,0.212389,0.297935,0.294985,0.40118,0.303835,0.182891,0.672566,0.144543,0.513274,0.486726
hiero_0094,0.48582,0.496445,0.3175,0.2125,0.23,0.24,0.25,0.4925,0.2575,0.185,0.6125,0.2025,0.525,0.475
hiero_0095,0.495632,0.46308,0.284946,0.284946,0.27957,0.150538,0.354839,0.362903,0.282258,0.166667,0.586022,0.247312,0.413978,0.586022
hiero_0096,0.473651,0.401456,0.340909,0.302273,0.25,0.106818,0.475,0.293182,0.231818,0.222727,0.545455,0.231818,0.331818,0.668182
hiero_0097,0.4524,0.408487,0.379032,0.272177,0.247984,0.100806,0.429435,0.362903,0.207661,0.300403,0.487903,0.211694,0.316532,0.683468
hiero_0098,0.516738,0.507111,0.095975,0.393189,0.281734,0.229102,0.309598,0.377709,0.312693,0.120743,0.637771,0.241486,0.4613,0.5387
hiero_0099,0.49773,0.478701,0.192737,0.349162,0.284916,0.173184,0.332402,0.388268,0.27933,0.162011,0.628492,0.209497,0.424581,0.575419
hiero_0100,0.465447,0.442818,0.376321,0.262156,0.272727,0.088795,0.418605,0.334038,0.247357,0.086681,0.828753,0.084567,0.424947,0.575053
hiero_0101,0.540153,0.488327,0.049419,0.473837,0.215116,0.261628,0.313953,0.375,0.311047,0.017442,0.834302,0.148256,0.502907,0.497093
hiero_0102,0.537796,0.51811,0.042813,0.461774,0.259939,0.235474,0.244648,0.434251,0.321101,0.039755,0.819572,0.140673,0.611621,0.388379
hiero_0103,0.534722,0.52786,0.037037,0.407407,0.267196,0.28836,0.203704,0.515873,0.280423,0.074074,0.708995,0.216931,0.642857,0.357143
hiero_0104,0.466655,0.521612,0.241379,0.273946,0.331418,0.153257,0.283525,0.346743,0.369732,0.270115,0.591954,0.137931,0.377395,0.622605
hiero_0105,0.508624,0.461526,0.201629,0.384929,0.205703,0.207739,0.334012,0.427699,0.238289,0.226069,0.488798,0.285132,0.456212,0.543788
hiero_0106,0.455144,0.472416,0.383698,0.178926,0.252485,0.184891,0.308151,0.44334,0.248509,0.308151,0.4334,0.258449,0.415507,0.584493
hiero_0107,0.521373,0.490501,0.140969,0.398678,0.22467,0.235683,0.251101,0.484581,0.264317,0.202643,0.5,0.297357,0.5,0.5
hiero_0108,0.449076,0.493611,0.394737,0.135628,0.263158,0.206478,0.242915,0.487854,0.269231,0.315789,0.451417,0.232794,0.449393,0.550607
hiero_0109,0.507452,0.474114,0.142857,0.428571,0.246544,0.182028,0.276498,0.474654,0.248848,0.211982,0.525346,0.262673,0.481567,0.518433
hiero_0110,0.499774,0.491395,0.154589,0.362319,0.251208,0.231884,0.268116,0.475845,0.256039,0.111111,0.727053,0.161836,0.591787,0.408213
hiero_0111,0.511999,0.511352,0.198895,0.331492,0.232044,0.237569,0.348066,0.281768,0.370166,0.022099,0.955801,0.022099,0.441989,0.558011
hiero_0112,0.518545,0.474259,0.238921,0.356455,0.16185,0.242775,0.344894,0.356455,0.298651,0.028902,0.793834,0.177264,0.456647,0.543353
hiero_0113,0.482582,0.477696,0.291557,0.270449,0.201847,0.236148,0.341689,0.362797,0.295515,0.189974,0.631926,0.1781,0.364116,0.635884
hiero_0114,0.483909,0.508574,0.234592,0.234592,0.280318,0.250497,0.302187,0.322068,0.375746,0.027833,0.942346,0.029821,0.469185,0.530815
hiero_0115,0.516029,0.472586,0.209302,0.338501,0.245478,0.206718,0.364341,0.354005,0.281654,0.080103,0.70801,0.211886,0.483204,0.516796
hiero_0116,0.510288,0.482912,0.231405,0.311295,0.253444,0.203857,0.355372,0.319559,0.325069,0.077135,0.705234,0.217631,0.435262,0.564738
hiero_0117,0.487174,0.446499,0.213152,0.385488,0.229025,0.172336,0.38322,0.387755,0.229025,0.244898,0.526077,0.229025,0.435374,0.564626
hiero_0118,0.475931,0.479262,0.305147,0.253676,0.216912,0.224265,0.169118,0.606618,0.224265,0.238971,0.588235,0.172794,0.621324,0.378676
hiero_0119,0.483014,0.50891,0.264045,0.238764,0.258427,0.238764,0.117978,0.598315,0.283708,0.11236,0.77809,0.109551,0.696629,0.303371
hiero_0120,0.609496,0.421211,0.274131,0.409266,0.0,0.316602,0.254826,0.625483,0.119691,0.166023,0.324324,0.509653,0.332046,0.667954
hiero_0121,0.485645,0.462081,0.247967,0.256098,0.247967,0.247967,0.052846,0.947154,0.0,0.256098,0.48374,0.260163,0.589431,0.410569
hiero_0122,0.488109,0.465361,0.25,0.264706,0.242647,0.242647,0.025735,0.974265,0.0,0.275735,0.4375,0.286765,0.540441,0.459559
hiero_0123,0.489297,0.470602,0.274566,0.277457,0.222543,0.225434,0.138728,0.861272,0.0,0.274566,0.442197,0.283237,0.488439,0.511561
hiero_0124,0.492029,0.5024,0.176812,0.182609,0.313043,0.327536,0.037681,0.962319,0.0,0.272464,0.437681,0.289855,0.550725,0.449275
hiero_0125,0.484464,0.482683,0.250712,0.233618,0.253561,0.262108,0.0,1.0,0.0,0.290598,0.424501,0.2849,0.54416,0.45584
hiero_0126,0.491263,0.496615,0.20403,0.201511,0.292191,0.302267,0.0,1.0,0.0,0.27204,0.438287,0.289673,0.584383,0.415617
hiero_0127,0.479113,0.40119,0.378238,0.365285,0.158031,0.098446,0.336788,0.520725,0.142487,0.246114,0.525907,0.227979,0.393782,0.606218
hiero_0128,0.536384,0.413188,0.342806,0.349911,0.138544,0.168739,0.404973,0.383659,0.211368,0.184725,0.479574,0.335702,0.296625,0.703375
hiero_0129,0.525752,0.518422,0.098765,0.302469,0.277778,0.320988,0.0,0.888889,0.111111,0.148148,0.604938,0.246914,0.820988,0.179012
hiero_0130,0.492188,0.492188,0.25,0.25,0.25,0.25,0.0,1.0,0.0,0.0,1.0,0.0,1.0,0.0
hiero_0131,0.479425,0.470452,0.475248,0.148515,0.029703,0.346535,0.0,1.0,0.0,0.326733,0.346535,0.326733,0.49505,0.50495
hiero_0132,0.430303,0.508049,0.327273,0.090909,0.315152,0.266667,0.0,0.945455,0.054545,0.30303,0.581818,0.115152,0.751515,0.248485
hiero_0133,0.548569,0.580008,0.26506,0.0,0.156627,0.578313,0.126506,0.493976,0.379518,0.283133,0.253012,0.463855,0.331325,0.668675
hiero_0134,0.541322,0.483528,0.138554,0.385542,0.084337,0.391566,0.289157,0.415663,0.295181,0.0,1.0,0.0,0.578313,0.421687
hiero_0135,0.415567,0.536458,0.396296,0.003704,0.240741,0.359259,0.185185,0.47037,0.344444,0.537037,0.196296,0.266667,0.185185,0.814815
hiero_0136,0.512293,0.474108,0.152738,0.377522,0.317003,0.152738,0.242075,0.573487,0.184438,0.048991,0.795389,0.15562,0.740634,0.259366
hiero_0137,0.522065,0.492562,0.220447,0.322684,0.239617,0.217252,0.134185,0.648562,0.217252,0.134185,0.597444,0.268371,0.565495,0.434505
hiero_0138,0.479167,0.513174,0.150327,0.137255,0.431373,0.281046,0.169935,0.666667,0.163399,0.013072,0.960784,0.026144,0.803922,0.196078
hiero_0139,0.489657,0.476526,0.262911,0.253521,0.239437,0.244131,0.0,1.0,0.0,0.338028,0.314554,0.347418,0.441315,0.558685
hiero_0140,0.489894,0.418152,0.353191,0.344681,0.148936,0.153191,0.285106,0.689362,0.025532,0.306383,0.378723,0.314894,0.421277,0.578723
hiero_0141,0.484071,0.35135,0.451362,0.416342,0.105058,0.027237,0.428016,0.533074,0.038911,0.326848,0.354086,0.319066,0.330739,0.669261
hiero_0142,0.492693,0.44194,0.348921,0.348921,0.151079,0.151079,0.05036,0.94964,0.0,0.273381,0.435252,0.291367,0.600719,0.399281
hiero_0143,0.492836,0.48691,0.254717,0.25283,0.243396,0.249057,0.226415,0.526415,0.24717,0.284906,0.413208,0.301887,0.356604,0.643396
hiero_0144,0.459066,0.360921,0.265625,0.505208,0.229167,0.0,0.578125,0.286458,0.135417,0.380208,0.401042,0.21875,0.203125,0.796875
hiero_0145,0.482235,0.476027,0.253425,0.246575,0.267123,0.232877,0.267123,0.616438,0.116438,0.239726,0.520548,0.239726,0.719178,0.280822
hiero_0146,0.484783,0.459946,0.257463,0.257463,0.261194,0.223881,0.369403,0.279851,0.350746,0.350746,0.309701,0.339552,0.0,1.0
hiero_0147,0.476328,0.499765,0.255639,0.240602,0.278195,0.225564,0.18797,0.518797,0.293233,0.394737,0.221805,0.383459,0.432331,0.567669
hiero_0148,0.501779,0.426013,0.279703,0.269802,0.205446,0.24505,0.35396,0.522277,0.123762,0.240099,0.44802,0.311881,0.44802,0.55198
hiero_0149,0.523949,0.494392,0.209932,0.232506,0.239278,0.318284,0.306998,0.250564,0.442438,0.306998,0.320542,0.37246,0.198646,0.801354
hiero_0150,0.495336,0.453533,0.264925,0.274254,0.225746,0.235075,0.341418,0.406716,0.251866,0.13806,0.682836,0.179104,0.5,0.5
hiero_0151,0.481302,0.56424,0.177725,0.177725,0.345972,0.298578,0.156398,0.457346,0.386256,0.248815,0.514218,0.236967,0.478673,0.521327
hiero_0152,0.491671,0.468371,0.264317,0.262115,0.237885,0.235683,0.363436,0.317181,0.319383,0.286344,0.398678,0.314978,0.129956,0.870044
hiero_0153,0.539746,0.484855,0.172577,0.297872,0.222222,0.307329,0.257683,0.477541,0.264775,0.118203,0.565012,0.316785,0.498818,0.501182
hiero_0154,0.502524,0.493482,0.259714,0.306748,0.204499,0.229039,0.312883,0.341513,0.345603,0.327198,0.306748,0.366053,0.137014,0.862986
hiero_0155,0.488487,0.505757,0.247563,0.2846,0.243665,0.224172,0.270955,0.360624,0.368421,0.374269,0.274854,0.350877,0.187135,0.812865
hiero_0156,0.493019,0.577516,0.113475,0.099291,0.382979,0.404255,0.01773,0.673759,0.308511,0.244681,0.496454,0.258865,0.528369,0.471631
hiero_0157,0.5114,0.633854,0.0,0.103704,0.492593,0.403704,0.040741,0.42963,0.52963,0.351852,0.259259,0.388889,0.255556,0.744444
hiero_0158,0.437081,0.599154,0.144772,0.069705,0.41555,0.369973,0.075067,0.506702,0.418231,0.461126,0.206434,0.33244,0.193029,0.806971
hiero_0159,0.516374,0.607827,0.095847,0.089457,0.376997,0.4377,0.035144,0.527157,0.4377,0.354633,0.246006,0.399361,0.261981,0.738019
hiero_0160,0.490465,0.6081,0.108761,0.084592,0.398792,0.407855,0.033233,0.522659,0.444109,0.39577,0.229607,0.374622,0.244713,0.755287
hiero_0161,0.46033,0.5702,0.123919,0.097983,0.400576,0.377522,0.146974,0.440922,0.412104,0.423631,0.216138,0.360231,0.259366,0.740634
hiero_0162,0.518837,0.603495,0.0,0.216028,0.445993,0.337979,0.108014,0.480836,0.41115,0.351916,0.195122,0.452962,0.163763,0.836237
hiero_0163,0.498733,0.615951,0.0,0.111969,0.498069,0.389961,0.042471,0.555985,0.401544,0.389961,0.216216,0.393822,0.250965,0.749035
hiero_0164,0.437059,0.557512,0.214689,0.056497,0.367232,0.361582,0.096045,0.579096,0.324859,0.466102,0.206215,0.327684,0.245763,0.754237
hiero_0165,0.436405,0.595182,0.132075,0.080863,0.425876,0.361186,0.072776,0.522911,0.404313,0.460916,0.202156,0.336927,0.221024,0.778976
hiero_0166,0.429588,0.561754,0.101911,0.187898,0.468153,0.242038,0.117834,0.55414,0.328025,0.449045,0.226115,0.324841,0.267516,0.732484
hiero_0167,0.472522,0.426545,0.448276,0.245211,0.122605,0.183908,0.321839,0.429119,0.249042,0.356322,0.340996,0.302682,0.252874,0.747126
hiero_0168,0.422872,0.385258,0.477204,0.276596,0.12462,0.121581,0.407295,0.422492,0.170213,0.404255,0.370821,0.224924,0.31307,0.68693
hiero_0169,0.487895,0.448302,0.311728,0.302469,0.191358,0.194444,0.228395,0.712963,0.058642,0.29321,0.41358,0.29321,0.475309,0.524691
hiero_0170,0.543285,0.460938,0.216216,0.283784,0.216216,0.283784,0.418919,0.581081,0.0,0.283784,0.283784,0.432432,0.283784,0.716216
hiero_0171,0.431563,0.490644,0.270517,0.221884,0.31307,0.194529,0.167173,0.56535,0.267477,0.386018,0.386018,0.227964,0.331307,0.668693
hiero_0172,0.425464,0.48305,0.374558,0.208481,0.201413,0.215548,0.275618,0.378092,0.34629,0.44523,0.24735,0.30742,0.095406,0.904594
hiero_0173,0.489878,0.459511,0.304348,0.234783,0.230435,0.230435,0.373913,0.308696,0.317391,0.0,1.0,0.0,0.443478,0.556522
hiero_0174,0.490883,0.460446,0.26898,0.266811,0.229935,0.234273,0.375271,0.305857,0.318872,0.240781,0.524946,0.234273,0.342733,0.657267
hiero_0175,0.490575,0.463277,0.27907,0.252907,0.231105,0.236919,0.372093,0.303779,0.324128,0.334302,0.335756,0.329942,0.215116,0.784884
hiero_0176,0.486979,0.464862,0.263095,0.266667,0.244048,0.22619,0.372619,0.292857,0.334524,0.363095,0.286905,0.35,0.188095,0.811905
hiero_0177,0.500757,0.443447,0.285458,0.281867,0.21544,0.217235,0.398564,0.317774,0.283662,0.113106,0.680431,0.206463,0.366248,0.633752
hiero_0178,0.497964,0.486103,0.240909,0.237879,0.259091,0.262121,0.336364,0.333333,0.330303,0.201515,0.486364,0.312121,0.342424,0.657576
hiero_0179,0.483219,0.447779,0.280053,0.272127,0.228534,0.219287,0.392338,0.317041,0.290621,0.268164,0.483487,0.248349,0.282695,0.717305
hiero_0180,0.492179,0.485872,0.235626,0.244645,0.257046,0.262683,0.338219,0.330327,0.331454,0.243517,0.500564,0.255919,0.233371,0.766629
hiero_0181,0.487385,0.486783,0.256281,0.251256,0.247906,0.244556,0.309883,0.341709,0.348409,0.201005,0.586265,0.21273,0.383585,0.616415
hiero_0182,0.482368,0.47325,0.265586,0.256858,0.253117,0.224439,0.359102,0.305486,0.335411,0.370324,0.283042,0.346633,0.184539,0.815461
hiero_0183,0.4009,0.463315,0.293478,0.173913,0.358696,0.173913,0.0,1.0,0.0,0.467391,0.293478,0.23913,0.413043,0.586957
hiero_0184,0.580835,0.453284,0.357143,0.321429,0.0,0.321429,0.341837,0.520408,0.137755,0.244898,0.214286,0.540816,0.352041,0.647959
hiero_0185,0.52093,0.475065,0.254042,0.251732,0.21709,0.277136,0.242494,0.491917,0.265589,0.108545,0.648961,0.242494,0.411085,0.588915
hiero_0186,0.531002,0.397073,0.444444,0.354497,0.0,0.201058,0.407407,0.566138,0.026455,0.328042,0.222222,0.449735,0.243386,0.756614
hiero_0187,0.546431,0.594356,0.098191,0.242894,0.317829,0.341085,0.147287,0.374677,0.478036,0.204134,0.387597,0.408269,0.297158,0.702842
hiero_0188,0.473486,0.541688,0.336082,0.119588,0.226804,0.317526,0.268041,0.327835,0.404124,0.354639,0.329897,0.315464,0.276289,0.723711
hiero_0189,0.422075,0.578646,0.266667,0.092308,0.335897,0.305128,0.158974,0.384615,0.45641,0.405128,0.392308,0.202564,0.310256,0.689744
hiero_0190,0.534004,0.484495,0.137931,0.390805,0.272031,0.199234,0.37931,0.279693,0.340996,0.122605,0.628352,0.249042,0.363985,0.636015
hiero_0191,0.488975,0.516465,0.240654,0.219626,0.245327,0.294393,0.242991,0.404206,0.352804,0.242991,0.516355,0.240654,0.345794,0.654206
hiero_0192,0.646862,0.546022,0.0,0.445378,0.159664,0.394958,0.285714,0.298319,0.415966,0.079832,0.478992,0.441176,0.184874,0.815126
hiero_0193,0.507477,0.47787,0.259657,0.300429,0.270386,0.169528,0.216738,0.553648,0.229614,0.259657,0.343348,0.396996,0.334764,0.665236
hiero_0194,0.534763,0.454772,0.199063,0.358314,0.192037,0.250585,0.407494,0.271663,0.320843,0.29274,0.206089,0.501171,0.081967,0.918033
hiero_0195,0.462141,0.408862,0.357503,0.258812,0.210473,0.173212,0.442095,0.295065,0.26284,0.342397,0.348439,0.309164,0.161128,0.838872
hiero_0196,0.481682,0.412184,0.342746,0.271665,0.223953,0.161636,0.437196,0.29406,0.268744,0.306719,0.332035,0.361246,0.155794,0.844206
hiero_0197,0.534584,0.454493,0.259554,0.273885,0.219745,0.246815,0.393312,0.267516,0.339172,0.429936,0.122611,0.447452,0.019108,0.980892
hiero_0198,0.472693,0.510104,0.258675,0.182965,0.271293,0.287066,0.192429,0.555205,0.252366,0.318612,0.422713,0.258675,0.422713,0.577287
hiero_0199,0.514118,0.475112,0.221429,0.296429,0.235714,0.246429,0.375,0.275,0.35,0.067857,0.732143,0.2,0.346429,0.653571
hiero_0200,0.474452,0.577029,0.122807,0.140351,0.389474,0.347368,0.063158,0.585965,0.350877,0.407018,0.22807,0.364912,0.178947,0.821053
hiero_0201,0.492188,0.484375,0.258427,0.258427,0.241573,0.241573,0.0,1.0,0.0,0.0,1.0,0.0,1.0,0.0
hiero_0202,0.492188,0.477037,0.254144,0.254144,0.245856,0.245856,0.309392,0.403315,0.287293,0.0,1.0,0.0,0.508287,0.491713
hiero_0203,0.494295,0.413503,0.337615,0.324771,0.166972,0.170642,0.40367,0.39633,0.2,0.190826,0.590826,0.218349,0.377982,0.622018
hiero_0204,0.495462,0.48096,0.254495,0.244813,0.246196,0.254495,0.304288,0.401107,0.294606,0.283541,0.40249,0.31397,0.320885,0.679115
hiero_0205,0.490793,0.464127,0.267726,0.272616,0.229829,0.229829,0.317848,0.41198,0.270171,0.292176,0.403423,0.304401,0.262836,0.737164
hiero_0206,0.494247,0.479865,0.248864,0.253409,0.25,0.247727,0.295455,0.419318,0.285227,0.285227,0.409091,0.305682,0.205682,0.794318
hiero_0207,0.494479,0.490618,0.227483,0.248268,0.267898,0.256351,0.301386,0.399538,0.299076,0.299076,0.384527,0.316397,0.237875,0.762125
hiero_0208,0.501006,0.480331,0.239368,0.261239,0.247874,0.251519,0.317132,0.379101,0.303767,0.304982,0.353584,0.341434,0.281896,0.718104
hiero_0209,0.494412,0.494279,0.247871,0.248817,0.248817,0.254494,0.283822,0.419111,0.297067,0.278146,0.422895,0.298959,0.17597,0.82403
hiero_0210,0.472717,0.535083,0.298456,0.099485,0.265866,0.336192,0.156089,0.523156,0.320755,0.418525,0.231561,0.349914,0.221269,0.778731
hiero_0211,0.492859,0.535335,0.265082,0.122486,0.301645,0.310786,0.144424,0.548446,0.30713,0.35649,0.26691,0.3766,0.265082,0.734918
hiero_0212,0.54944,0.502594,0.254717,0.177358,0.232075,0.335849,0.241509,0.50566,0.25283,0.235849,0.320755,0.443396,0.339623,0.660377
hiero_0213,0.44631,0.552024,0.256866,0.142165,0.371567,0.229402,0.169628,0.484653,0.345719,0.339257,0.432956,0.227787,0.305331,0.694669
hiero_0214,0.474203,0.540748,0.234772,0.126904,0.298223,0.340102,0.168782,0.507614,0.323604,0.331218,0.389594,0.279188,0.35533,0.64467
hiero_0215,0.483876,0.592412,0.214804,0.100145,0.301887,0.383164,0.17852,0.330914,0.490566,0.402032,0.229318,0.36865,0.166909,0.833091
hiero_0216,0.492454,0.587151,0.27795,0.055901,0.304348,0.361801,0.187888,0.34472,0.467391,0.310559,0.347826,0.341615,0.189441,0.810559
hiero_0217,0.517834,0.530398,0.28109,0.141397,0.272572,0.30494,0.243612,0.391823,0.364566,0.357751,0.252129,0.390119,0.248722,0.751278
hiero_0218,0.485183,0.507947,0.356897,0.108621,0.208621,0.325862,0.22069,0.515517,0.263793,0.418966,0.205172,0.375862,0.208621,0.791379
hiero_0219,0.435621,0.482884,0.337786,0.125954,0.270992,0.265267,0.188931,0.624046,0.187023,0.437023,0.267176,0.295802,0.328244,0.671756
hiero_0220,0.435066,0.554895,0.286726,0.102655,0.353982,0.256637,0.129204,0.444248,0.426549,0.442478,0.260177,0.297345,0.184071,0.815929
hiero_0221,0.532247,0.461013,0.323162,0.171983,0.138696,0.366158,0.413315,0.285714,0.300971,0.231623,0.431345,0.337032,0.228849,0.771151
hiero_0222,0.540745,0.463283,0.311615,0.171388,0.143059,0.373938,0.417847,0.276204,0.305949,0.211048,0.444759,0.344193,0.235127,0.764873
hiero_0223,0.512924,0.524981,0.213992,0.166667,0.3107,0.308642,0.248971,0.401235,0.349794,0.333333,0.26749,0.399177,0.179012,0.820988
hiero_0224,0.451612,0.580161,0.257042,0.084507,0.283451,0.375,0.204225,0.338028,0.457746,0.353873,0.434859,0.211268,0.272887,0.727113
hiero_0225,0.528918,0.55771,0.221509,0.186196,0.288925,0.303371,0.154093,0.462279,0.383628,0.324238,0.250401,0.425361,0.269663,0.730337
hiero_0226,0.472236,0.496799,0.281947,0.109533,0.235294,0.373225,0.192698,0.628803,0.178499,0.419878,0.25355,0.326572,0.336714,0.663286
hiero_0227,0.46138,0.492902,0.278665,0.181422,0.271408,0.268505,0.233672,0.582003,0.184325,0.370102,0.314949,0.314949,0.28447,0.71553
hiero_0228,0.476876,0.45074,0.270375,0.248383,0.241915,0.239327,0.316947,0.518758,0.164295,0.327296,0.349288,0.323415,0.254851,0.745149
hiero_0229,0.488505,0.609499,0.218153,0.066879,0.300955,0.414013,0.151274,0.350318,0.498408,0.393312,0.211783,0.394904,0.179936,0.820064
hiero_0230,0.464963,0.587772,0.245427,0.059451,0.28811,0.407012,0.170732,0.36128,0.467988,0.443598,0.214939,0.341463,0.20122,0.79878
hiero_0231,0.454194,0.466434,0.315961,0.184039,0.241042,0.258958,0.228013,0.68241,0.089577,0.389251,0.312704,0.298046,0.35342,0.64658
hiero_0232,0.458397,0.501567,0.258359,0.170213,0.303951,0.267477,0.209726,0.610942,0.179331,0.37386,0.346505,0.279635,0.326748,0.673252
hiero_0233,0.534894,0.549759,0.295302,0.151007,0.209732,0.34396,0.270134,0.308725,0.421141,0.251678,0.395973,0.352349,0.211409,0.788591
hiero_0234,0.475984,0.52813,0.256454,0.173838,0.292599,0.277108,0.27883,0.309811,0.41136,0.297762,0.402754,0.299484,0.354561,0.645439
hiero_0235,0.494141,0.547115,0.240385,0.155769,0.271154,0.332692,0.196154,0.398077,0.405769,0.415385,0.198077,0.386538,0.194231,0.805769
hiero_0236,0.46782,0.536348,0.21881,0.143954,0.268714,0.368522,0.06334,0.669866,0.266795,0.414587,0.239923,0.345489,0.368522,0.631478
hiero_0237,0.543054,0.531747,0.168986,0.260437,0.256461,0.314115,0.071571,0.626243,0.302187,0.341948,0.194831,0.463221,0.312127,0.687873
hiero_0238,0.475642,0.519976,0.195122,0.162602,0.276423,0.365854,0.060976,0.768293,0.170732,0.371951,0.29065,0.337398,0.394309,0.605691
hiero_0239,0.463582,0.522606,0.259188,0.11412,0.321083,0.305609,0.257253,0.404255,0.338491,0.408124,0.239845,0.352031,0.176015,0.823985
hiero_0240,0.42621,0.537848,0.277439,0.094512,0.36128,0.266768,0.234756,0.394817,0.370427,0.440549,0.282012,0.277439,0.172256,0.827744
hiero_0241,0.475,0.615848,0.25102,0.034694,0.340816,0.373469,0.2,0.22449,0.57551,0.144898,0.683673,0.171429,0.32449,0.67551
hiero_0242,0.47187,0.585234,0.345345,0.004505,0.285285,0.364865,0.217718,0.28979,0.492492,0.430931,0.256757,0.312312,0.145646,0.854354
hiero_0243,0.46979,0.635076,0.209112,0.051402,0.380841,0.358645,0.139019,0.313084,0.547897,0.349299,0.338785,0.311916,0.213785,0.786215
hiero_0244,0.476256,0.610779,0.251634,0.081699,0.321895,0.344771,0.181373,0.326797,0.49183,0.387255,0.295752,0.316993,0.183007,0.816993
hiero_0245,0.450029,0.542075,0.365691,0.06383,0.260638,0.30984,0.260638,0.300532,0.43883,0.43617,0.25133,0.3125,0.119681,0.880319
hiero_0246,0.441534,0.563577,0.319549,0.087719,0.323308,0.269424,0.197995,0.367168,0.434837,0.491228,0.194236,0.314536,0.137845,0.862155
hiero_0247,0.487163,0.55988,0.207692,0.130769,0.316923,0.344615,0.176923,0.409231,0.413846,0.363077,0.295385,0.341538,0.232308,0.767692
hiero_0248,0.500316,0.524364,0.17655,0.256065,0.292453,0.274933,0.289757,0.330189,0.380054,0.316712,0.295148,0.38814,0.17655,0.82345
hiero_0249,0.467446,0.528696,0.286957,0.161739,0.257391,0.293913,0.170435,0.457391,0.372174,0.349565,0.368696,0.281739,0.30087,0.69913
hiero_0250,0.479231,0.522559,0.265849,0.165644,0.269939,0.298569,0.122699,0.535787,0.341513,0.294479,0.445808,0.259714,0.494888,0.505112
hiero_0251,0.53614,0.554572,0.127778,0.192593,0.327778,0.351852,0.222222,0.385185,0.392593,0.15,0.501852,0.348148,0.309259,0.690741
hiero_0252,0.490336,0.450353,0.302915,0.267427,0.26616,0.163498,0.365019,0.356147,0.278834,0.357414,0.325729,0.316857,0.233207,0.766793
hiero_0253,0.474784,0.537231,0.293103,0.1,0.268966,0.337931,0.153448,0.522414,0.324138,0.415517,0.232759,0.351724,0.222414,0.777586
hiero_0254,0.48599,0.435695,0.276596,0.355623,0.240122,0.12766,0.258359,0.553191,0.18845,0.246201,0.489362,0.264438,0.629179,0.370821
hiero_0255,0.497204,0.401809,0.289474,0.373684,0.221053,0.115789,0.352632,0.647368,0.0,0.2,0.542105,0.257895,0.531579,0.468421
hiero_0256,0.48142,0.502915,0.297927,0.173575,0.277202,0.251295,0.147668,0.603627,0.248705,0.173575,0.61399,0.212435,0.474093,0.525907
hiero_0257,0.419538,0.500267,0.318376,0.147436,0.320513,0.213675,0.254274,0.371795,0.373932,0.410256,0.382479,0.207265,0.222222,0.777778
hiero_0258,0.55301,0.55023,0.058568,0.375271,0.277657,0.288503,0.210412,0.349241,0.440347,0.208243,0.37744,0.414317,0.329718,0.670282
hiero_0259,0.47964,0.426997,0.289256,0.297521,0.179063,0.23416,0.407713,0.402204,0.190083,0.214876,0.655647,0.129477,0.440771,0.559229
hiero_0260,0.520215,0.535536,0.226782,0.2527,0.207343,0.313175,0.326134,0.235421,0.438445,0.073434,0.717063,0.209503,0.280778,0.719222
hiero_0261,0.495967,0.3534,0.372849,0.359465,0.139579,0.128107,0.520076,0.397706,0.082218,0.279159,0.434034,0.286807,0.298279,0.701721
hiero_0262,0.504458,0.415671,0.344118,0.283824,0.132353,0.239706,0.489706,0.186765,0.323529,0.227941,0.485294,0.286765,0.188235,0.811765
hiero_0263,0.502267,0.433931,0.29321,0.302469,0.160494,0.243827,0.391975,0.429012,0.179012,0.25,0.503086,0.246914,0.209877,0.790123
hiero_0264,0.497697,0.436129,0.298246,0.312281,0.150877,0.238596,0.421053,0.294737,0.284211,0.0,1.0,0.0,0.410526,0.589474
hiero_0265,0.503312,0.37716,0.341014,0.387097,0.0,0.271889,0.506912,0.313364,0.179724,0.0,1.0,0.0,0.456221,0.543779
hiero_0266,0.542234,0.371751,0.207921,0.50495,0.0,0.287129,0.60396,0.207921,0.188119,0.0,1.0,0.0,0.39604,0.60396
hiero_0267,0.488436,0.425406,0.274011,0.285311,0.231638,0.20904,0.338983,0.522599,0.138418,0.381356,0.225989,0.392655,0.265537,0.734463
hiero_0268,0.492412,0.428291,0.286976,0.275938,0.218543,0.218543,0.366446,0.461369,0.172185,0.322296,0.346578,0.331126,0.392936,0.607064
hiero_0269,0.487811,0.52473,0.227444,0.227444,0.287594,0.257519,0.212406,0.43797,0.349624,0.255639,0.477444,0.266917,0.201128,0.798872
hiero_0270,0.491932,0.552838,0.204082,0.185714,0.304082,0.306122,0.140816,0.471429,0.387755,0.212245,0.563265,0.22449,0.261224,0.738776
hiero_0271,0.441279,0.427907,0.52093,0.013953,0.07907,0.386047,0.325581,0.55814,0.116279,0.372093,0.4,0.227907,0.455814,0.544186
hiero_0272,0.478769,0.421831,0.350282,0.220339,0.220339,0.20904,0.372881,0.423729,0.20339,0.251412,0.477401,0.271186,0.381356,0.618644
hiero_0273,0.405398,0.457386,0.430303,0.193939,0.181818,0.193939,0.084848,0.915152,0.0,0.478788,0.254545,0.266667,0.375758,0.624242
hiero_0274,0.53432,0.605297,0.0,0.211144,0.390029,0.398827,0.093842,0.504399,0.40176,0.269795,0.296188,0.434018,0.28739,0.71261
hiero_0275,0.593231,0.354796,0.347432,0.435045,0.0,0.217523,0.682779,0.193353,0.123867,0.241692,0.202417,0.555891,0.012085,0.987915
hiero_0276,0.534404,0.408257,0.178899,0.449541,0.252294,0.119266,0.330275,0.669725,0.0,0.146789,0.536697,0.316514,0.582569,0.417431
hiero_0277,0.479779,0.409869,0.319853,0.367647,0.216912,0.095588,0.264706,0.735294,0.0,0.294118,0.459559,0.246324,0.540441,0.459559
hiero_0278,0.555428,0.466776,0.192982,0.315789,0.221053,0.270175,0.242105,0.6,0.157895,0.196491,0.368421,0.435088,0.438596,0.561404
hiero_0279,0.524536,0.42633,0.317269,0.409639,0.15261,0.120482,0.140562,0.859438,0.0,0.293173,0.321285,0.385542,0.401606,0.598394
hiero_0280,0.446713,0.426606,0.418327,0.310757,0.123506,0.14741,0.139442,0.860558,0.0,0.38247,0.318725,0.298805,0.394422,0.605578
hiero_0281,0.484168,0.518944,0.230088,0.247788,0.340708,0.181416,0.309735,0.292035,0.39823,0.0,1.0,0.0,0.424779,0.575221
hiero_0282,0.495023,0.530054,0.19395,0.208185,0.300712,0.297153,0.22242,0.435943,0.341637,0.30605,0.320285,0.373665,0.275801,0.724199
hiero_0283,0.499587,0.435695,0.359736,0.273927,0.09571,0.270627,0.306931,0.448845,0.244224,0.188119,0.663366,0.148515,0.508251,0.491749
hiero_0284,0.492242,0.398656,0.363636,0.363636,0.136364,0.136364,0.328671,0.5,0.171329,0.129371,0.681818,0.188811,0.555944,0.444056
hiero_0285,0.453945,0.365859,0.4175,0.3625,0.22,0.0,0.5025,0.36,0.1375,0.2575,0.595,0.1475,0.365,0.635
hiero_0286,0.556905,0.438495,0.38992,0.352785,0.018568,0.238727,0.259947,0.64191,0.098143,0.312997,0.172414,0.514589,0.204244,0.795756
hiero_0287,0.482107,0.496953,0.252199,0.233138,0.266862,0.247801,0.280059,0.414956,0.304985,0.197947,0.604106,0.197947,0.429619,0.570381
hiero_0288,0.483902,0.440735,0.368687,0.222222,0.272727,0.136364,0.40404,0.338384,0.257576,0.0,1.0,0.0,0.5,0.5
hiero_0289,0.383269,0.409663,0.646154,0.304615,0.049231,0.0,0.043077,0.956923,0.0,0.504615,0.298462,0.196923,0.415385,0.584615
hiero_0290,0.495449,0.427412,0.495146,0.145631,0.004854,0.354369,0.291262,0.616505,0.092233,0.286408,0.402913,0.31068,0.490291,0.509709
hiero_0291,0.488961,0.363029,0.383085,0.373134,0.124378,0.119403,0.487562,0.442786,0.069652,0.114428,0.761194,0.124378,0.472637,0.527363
hiero_0292,0.494546,0.532503,0.198113,0.193396,0.292453,0.316038,0.287736,0.245283,0.466981,0.0,1.0,0.0,0.448113,0.551887
hiero_0293,0.496564,0.493322,0.261411,0.224066,0.207469,0.307054,0.323651,0.282158,0.394191,0.0,1.0,0.0,0.46473,0.53527
hiero_0294,0.475368,0.489662,0.358396,0.16792,0.200501,0.273183,0.200501,0.581454,0.218045,0.33584,0.408521,0.255639,0.385965,0.614035
hiero_0295,0.497151,0.430594,0.270718,0.491713,0.232044,0.005525,0.088398,0.911602,0.0,0.270718,0.430939,0.298343,0.558011,0.441989
hiero_0296,0.451895,0.498239,0.31127,0.155635,0.271914,0.261181,0.261181,0.413238,0.325581,0.252236,0.642218,0.105546,0.49195,0.50805
hiero_0297,0.4299,0.397564,0.480363,0.238671,0.196375,0.084592,0.299094,0.700906,0.0,0.305136,0.537764,0.1571,0.549849,0.450151
hiero_0298,0.473158,0.368434,0.478599,0.258755,0.062257,0.200389,0.445525,0.464981,0.089494,0.268482,0.519455,0.212062,0.363813,0.636187
hiero_0299,0.507403,0.414088,0.278689,0.355738,0.186885,0.178689,0.377049,0.468852,0.154098,0.236066,0.432787,0.331148,0.314754,0.685246
hiero_0300,0.491956,0.470729,0.301887,0.293801,0.199461,0.204852,0.245283,0.568733,0.185984,0.296496,0.385445,0.318059,0.274933,0.725067
hiero_0301,0.518649,0.357135,0.448029,0.455197,0.0,0.096774,0.422939,0.577061,0.0,0.247312,0.394265,0.358423,0.333333,0.666667
hiero_0302,0.501993,0.416751,0.313765,0.325911,0.180162,0.180162,0.404858,0.419028,0.176113,0.285425,0.366397,0.348178,0.261134,0.738866
hiero_0303,0.48694,0.419833,0.410334,0.200608,0.097264,0.291793,0.328267,0.617021,0.054711,0.31003,0.370821,0.319149,0.401216,0.598784
hiero_0304,0.486207,0.261315,0.496552,0.310345,0.193103,0.0,0.731034,0.144828,0.124138,0.124138,0.744828,0.131034,0.213793,0.786207
hiero_0305,0.489951,0.303961,0.405204,0.379182,0.107807,0.107807,0.702602,0.156134,0.141264,0.104089,0.780669,0.115242,0.234201,0.765799
hiero_0306,0.490511,0.422446,0.328767,0.351598,0.173516,0.146119,0.315068,0.684932,0.0,0.351598,0.287671,0.360731,0.351598,0.648402
hiero_0307,0.509333,0.43248,0.307692,0.339367,0.176471,0.176471,0.294118,0.705882,0.0,0.334842,0.285068,0.38009,0.348416,0.651584
hiero_0308,0.515553,0.423739,0.334862,0.344037,0.142202,0.178899,0.311927,0.688073,0.0,0.325688,0.288991,0.385321,0.353211,0.646789
hiero_0309,0.499081,0.433399,0.321267,0.316742,0.171946,0.190045,0.294118,0.705882,0.0,0.343891,0.285068,0.371041,0.348416,0.651584
hiero_0310,0.497975,0.427228,0.314815,0.356481,0.180556,0.148148,0.310185,0.689815,0.0,0.342593,0.291667,0.365741,0.356481,0.643519
hiero_0311,0.506206,0.428081,0.341121,0.327103,0.14486,0.186916,0.308411,0.691589,0.0,0.331776,0.294393,0.373832,0.359813,0.640187
hiero_0312,0.481841,0.442606,0.265356,0.272727,0.272727,0.189189,0.238329,0.651106,0.110565,0.164619,0.665848,0.169533,0.449631,0.550369
hiero_0313,0.519158,0.411277,0.391304,0.321739,0.0,0.286957,0.295652,0.704348,0.0,0.0,0.895652,0.104348,0.782609,0.217391
hiero_0314,0.515073,0.402164,0.385159,0.381625,0.077739,0.155477,0.282686,0.717314,0.0,0.289753,0.374558,0.335689,0.498233,0.501767
hiero_0315,0.514393,0.473342,0.225806,0.283154,0.16129,0.329749,0.318996,0.390681,0.290323,0.0,1.0,0.0,0.526882,0.473118
hiero_0316,0.475216,0.454607,0.405172,0.189655,0.163793,0.241379,0.181034,0.818966,0.0,0.0,0.939655,0.060345,0.862069,0.137931
hiero_0317,0.504625,0.45575,0.256,0.32,0.2,0.224,0.232,0.688,0.08,0.0,1.0,0.0,0.92,0.08
hiero_0318,0.503991,0.357087,0.333333,0.352025,0.015576,0.299065,0.560748,0.218069,0.221184,0.056075,0.878505,0.065421,0.308411,0.691589
hiero_0319,0.453336,0.577993,0.286678,0.065767,0.3457,0.301855,0.249578,0.227656,0.522766,0.283305,0.527825,0.18887,0.298482,0.701518
hiero_0320,0.447062,0.556808,0.297214,0.084623,0.31063,0.307534,0.276574,0.232198,0.491228,0.337461,0.446852,0.215686,0.188854,0.811146
hiero_0321,0.475354,0.540167,0.226667,0.198667,0.328,0.246667,0.305333,0.221333,0.473333,0.278667,0.481333,0.24,0.250667,0.749333
hiero_0322,0.426794,0.617226,0.239804,0.035889,0.411093,0.313214,0.150082,0.293638,0.556281,0.438825,0.319739,0.241436,0.215334,0.784666
hiero_0323,0.431644,0.566229,0.327731,0.048739,0.294118,0.329412,0.260504,0.265546,0.47395,0.396639,0.388235,0.215126,0.253782,0.746218
hiero_0324,0.486505,0.517956,0.276901,0.195122,0.249641,0.278336,0.332855,0.261119,0.406026,0.338594,0.342898,0.318508,0.212339,0.787661
hiero_0325,0.447231,0.53432,0.315789,0.078947,0.284211,0.321053,0.240351,0.361404,0.398246,0.329825,0.461404,0.208772,0.401754,0.598246
hiero_0326,0.464617,0.490971,0.283302,0.131332,0.270169,0.315197,0.228893,0.54409,0.227017,0.253283,0.596623,0.150094,0.534709,0.465291
hiero_0327,0.474296,0.570485,0.251841,0.078056,0.307806,0.362297,0.217968,0.318115,0.463918,0.293078,0.438881,0.268041,0.241532,0.758468
hiero_0328,0.48712,0.512484,0.263514,0.180743,0.268581,0.287162,0.217905,0.545608,0.236486,0.165541,0.625,0.209459,0.423986,0.576014
hiero_0329,0.468824,0.53807,0.244444,0.130159,0.31746,0.307937,0.214286,0.392063,0.393651,0.24127,0.571429,0.187302,0.42381,0.57619
hiero_0330,0.410125,0.586953,0.348425,0.021654,0.324803,0.305118,0.206693,0.30315,0.490157,0.391732,0.454724,0.153543,0.242126,0.757874
hiero_0331,0.468685,0.56219,0.275434,0.082713,0.266336,0.375517,0.174524,0.461538,0.363937,0.337469,0.375517,0.287014,0.258892,0.741108
hiero_0332,0.39714,0.462592,0.37785,0.078176,0.276873,0.267101,0.306189,0.514658,0.179153,0.501629,0.286645,0.211726,0.381107,0.618893
hiero_0333,0.416006,0.445998,0.346341,0.107317,0.256098,0.290244,0.295122,0.580488,0.12439,0.4,0.441463,0.158537,0.473171,0.526829
hiero_0334,0.445086,0.453616,0.306763,0.248792,0.219807,0.224638,0.335749,0.388889,0.275362,0.374396,0.408213,0.217391,0.39372,0.60628
hiero_0335,0.356659,0.526134,0.468514,0.0,0.267003,0.264484,0.219144,0.36272,0.418136,0.617128,0.219144,0.163728,0.133501,0.866499
hiero_0336,0.517108,0.542479,0.281356,0.145763,0.210169,0.362712,0.320339,0.213559,0.466102,0.208475,0.481356,0.310169,0.162712,0.837288
hiero_0337,0.53496,0.496605,0.25036,0.263309,0.211511,0.27482,0.385612,0.218705,0.395683,0.214388,0.402878,0.382734,0.151079,0.848921
hiero_0338,0.460052,0.533702,0.222222,0.158076,0.302405,0.317297,0.254296,0.319588,0.426117,0.352806,0.359679,0.287514,0.25315,0.74685
hiero_0339,0.411494,0.580826,0.313559,0.038983,0.325424,0.322034,0.233898,0.259322,0.50678,0.427119,0.381356,0.191525,0.237288,0.762712
hiero_0340,0.406405,0.556513,0.342398,0.043263,0.323857,0.290482,0.249691,0.28801,0.462299,0.420272,0.379481,0.200247,0.221261,0.778739
hiero_0341,0.483607,0.543914,0.272515,0.111111,0.279532,0.336842,0.210526,0.445614,0.34386,0.34269,0.346199,0.311111,0.238596,0.761404
hiero_0342,0.515982,0.557801,0.21066,0.120558,0.303299,0.365482,0.205584,0.42132,0.373096,0.286802,0.375635,0.337563,0.258883,0.741117
hiero_0343,0.449415,0.54291,0.322931,0.107191,0.261872,0.308005,0.196744,0.411126,0.39213,0.367707,0.397558,0.234735,0.284939,0.715061
hiero_0344,0.40171,0.586007,0.365419,0.012478,0.358289,0.263815,0.212121,0.28164,0.506239,0.386809,0.479501,0.13369,0.262032,0.737968
hiero_0345,0.422963,0.563093,0.341772,0.0,0.35865,0.299578,0.170886,0.386076,0.443038,0.35865,0.468354,0.172996,0.373418,0.626582
hiero_0346,0.470019,0.568733,0.299639,0.037906,0.276173,0.386282,0.18231,0.409747,0.407942,0.272563,0.530686,0.196751,0.33213,0.66787
hiero_0347,0.472127,0.510869,0.266362,0.275495,0.283105,0.175038,0.29376,0.3379,0.368341,0.319635,0.403349,0.277017,0.231355,0.768645
hiero_0348,0.474733,0.528074,0.375552,0.041237,0.20324,0.379971,0.269514,0.36377,0.366716,0.268041,0.486009,0.24595,0.306333,0.693667
hiero_0349,0.45768,0.499077,0.324723,0.153137,0.265683,0.256458,0.273063,0.356089,0.370849,0.188192,0.721402,0.090406,0.49631,0.50369
hiero_0350,0.438572,0.51351,0.395307,0.061372,0.243682,0.299639,0.276173,0.431408,0.292419,0.314079,0.528881,0.15704,0.368231,0.631769
hiero_0351,0.430813,0.476518,0.412429,0.187853,0.161017,0.238701,0.276836,0.467514,0.25565,0.370056,0.40678,0.223164,0.25,0.75
hiero_0352,0.512667,0.444521,0.374761,0.304015,0.049713,0.271511,0.290631,0.51434,0.195029,0.258126,0.405354,0.33652,0.367113,0.632887
hiero_0353,0.464138,0.503377,0.387097,0.095161,0.187097,0.330645,0.280645,0.429032,0.290323,0.319355,0.456452,0.224194,0.317742,0.682258
hiero_0354,0.476499,0.537253,0.235241,0.164396,0.29337,0.306994,0.263397,0.36149,0.375114,0.339691,0.373297,0.287012,0.26158,0.73842
hiero_0355,0.479094,0.492064,0.352014,0.10683,0.222417,0.318739,0.343257,0.297723,0.359019,0.155867,0.691769,0.152364,0.360771,0.639229
hiero_0356,0.459231,0.465614,0.309059,0.300178,0.28952,0.101243,0.357016,0.380107,0.262877,0.198934,0.65897,0.142096,0.287744,0.712256
hiero_0357,0.474792,0.525089,0.348571,0.062857,0.24381,0.344762,0.28,0.325714,0.394286,0.171429,0.662857,0.165714,0.390476,0.609524
hiero_0358,0.480878,0.546693,0.312354,0.114219,0.202797,0.370629,0.216783,0.391608,0.391608,0.219114,0.631702,0.149184,0.405594,0.594406
hiero_0359,0.435231,0.493364,0.38657,0.056261,0.279492,0.277677,0.228675,0.549909,0.221416,0.359347,0.441016,0.199637,0.417423,0.582577
hiero_0360,0.46325,0.489029,0.330754,0.065764,0.27853,0.324952,0.220503,0.5706,0.208897,0.305609,0.441006,0.253385,0.464217,0.535783
hiero_0361,0.465008,0.479646,0.35,0.068421,0.257895,0.323684,0.202632,0.657895,0.139474,0.265789,0.515789,0.218421,0.573684,0.426316
hiero_0362,0.421447,0.485697,0.328358,0.087065,0.345771,0.238806,0.216418,0.577114,0.206468,0.358209,0.460199,0.181592,0.497512,0.502488
hiero_0363,0.435326,0.48033,0.333333,0.090615,0.343042,0.23301,0.197411,0.653722,0.148867,0.275081,0.579288,0.145631,0.679612,0.320388
hiero_0364,0.427485,0.581155,0.263914,0.062837,0.364452,0.308797,0.154399,0.420108,0.425494,0.389587,0.391382,0.219031,0.253142,0.746858
hiero_0365,0.438673,0.581473,0.311355,0.02381,0.309524,0.355311,0.216117,0.272894,0.510989,0.39011,0.410256,0.199634,0.227106,0.772894
hiero_0366,0.472809,0.528389,0.248826,0.170579,0.2723,0.308294,0.322379,0.241002,0.43662,0.327074,0.386541,0.286385,0.236307,0.763693
hiero_0367,0.457443,0.45696,0.303636,0.274545,0.274545,0.147273,0.414545,0.245455,0.34,0.363636,0.376364,0.26,0.252727,0.747273
hiero_0368,0.45756,0.521049,0.29476,0.120087,0.28821,0.296943,0.146288,0.59607,0.257642,0.29476,0.489083,0.216157,0.379913,0.620087
hiero_0369,0.469968,0.5463,0.307359,0.134199,0.287879,0.270563,0.233766,0.333333,0.4329,0.177489,0.692641,0.12987,0.411255,0.588745
hiero_0370,0.495895,0.544577,0.254902,0.154902,0.227451,0.362745,0.207843,0.42549,0.366667,0.141176,0.64902,0.209804,0.362745,0.637255
hiero_0371,0.457077,0.548647,0.303781,0.126467,0.289439,0.280313,0.234681,0.32073,0.444589,0.245111,0.585398,0.169492,0.303781,0.696219
hiero_0372,0.535804,0.485489,0.31938,0.289922,0.125581,0.265116,0.246512,0.446512,0.306977,0.175194,0.545736,0.27907,0.313178,0.686822
hiero_0373,0.506346,0.471156,0.378299,0.252199,0.118768,0.250733,0.294721,0.414956,0.290323,0.240469,0.508798,0.250733,0.278592,0.721408
hiero_0374,0.46998,0.520592,0.234568,0.256173,0.33642,0.17284,0.29321,0.294753,0.412037,0.243827,0.53858,0.217593,0.314815,0.685185
hiero_0375,0.429895,0.526272,0.260177,0.166372,0.375221,0.19823,0.338053,0.233628,0.428319,0.39646,0.39292,0.210619,0.20885,0.79115
hiero_0376,0.48062,0.458131,0.288114,0.24677,0.237726,0.22739,0.315245,0.531008,0.153747,0.335917,0.317829,0.346253,0.293282,0.706718
hiero_0377,0.448705,0.446583,0.396437,0.253898,0.171492,0.178174,0.302895,0.554566,0.142539,0.334076,0.365256,0.300668,0.314031,0.685969
hiero_0378,0.41644,0.553114,0.298627,0.075515,0.328375,0.297483,0.210526,0.410755,0.378719,0.363844,0.438215,0.197941,0.268879,0.731121
hiero_0379,0.428857,0.505152,0.256039,0.218599,0.32971,0.195652,0.335749,0.274155,0.390097,0.385266,0.384058,0.230676,0.258454,0.741546
hiero_0380,0.447045,0.500819,0.272177,0.22379,0.296371,0.207661,0.201613,0.524194,0.274194,0.322581,0.453629,0.22379,0.330645,0.669355
hiero_0381,0.377511,0.594826,0.294118,0.031564,0.378766,0.295552,0.23099,0.245337,0.523673,0.516499,0.291248,0.192253,0.157819,0.842181
hiero_0382,0.457554,0.489153,0.252232,0.185268,0.395089,0.167411,0.345982,0.334821,0.319196,0.395089,0.310268,0.294643,0.196429,0.803571
hiero_0383,0.504329,0.409086,0.372611,0.321656,0.10828,0.197452,0.417197,0.39172,0.191083,0.187898,0.531847,0.280255,0.292994,0.707006
hiero_0384,0.509543,0.334757,0.339545,0.47619,0.140787,0.043478,0.681159,0.213251,0.10559,0.258799,0.42236,0.318841,0.233954,0.766046
hiero_0385,0.543105,0.443904,0.203488,0.383721,0.165698,0.247093,0.287791,0.55814,0.15407,0.145349,0.514535,0.340116,0.488372,0.511628
hiero_0386,0.512738,0.425272,0.271739,0.373188,0.144928,0.210145,0.376812,0.456522,0.166667,0.036232,0.84058,0.123188,0.612319,0.387681
hiero_0387,0.5207,0.508547,0.094017,0.301282,0.344017,0.260684,0.0,0.925214,0.074786,0.260684,0.378205,0.361111,0.50641,0.49359
hiero_0388,0.463221,0.504247,0.179487,0.287179,0.333333,0.2,0.317949,0.287179,0.394872,0.0,1.0,0.0,0.451282,0.548718
hiero_0389,0.508252,0.497294,0.17316,0.251082,0.363636,0.212121,0.277056,0.415584,0.307359,0.069264,0.731602,0.199134,0.493506,0.506494
hiero_0390,0.502826,0.673246,0.0,0.292553,0.31383,0.393617,0.183511,0.204787,0.611702,0.210106,0.640957,0.148936,0.260638,0.739362
hiero_0391,0.486622,0.488562,0.294118,0.215686,0.222222,0.267974,0.261438,0.477124,0.261438,0.261438,0.477124,0.261438,0.575163,0.424837
hiero_0392,0.51124,0.347178,0.401786,0.373724,0.048469,0.17602,0.442602,0.528061,0.029337,0.360969,0.228316,0.410714,0.23852,0.76148
hiero_0393,0.500814,0.465094,0.264731,0.257045,0.251921,0.226302,0.330487,0.385141,0.284372,0.362938,0.276687,0.360376,0.188728,0.811272
hiero_0394,0.417312,0.53373,0.238095,0.079365,0.346032,0.336508,0.015873,0.91746,0.066667,0.447619,0.314286,0.238095,0.434921,0.565079
hiero_0395,0.48628,0.464603,0.325617,0.246914,0.175926,0.251543,0.300926,0.436728,0.262346,0.351852,0.296296,0.351852,0.220679,0.779321
hiero_0396,0.496737,0.499155,0.299754,0.125307,0.152334,0.422604,0.110565,0.690418,0.199017,0.348894,0.27027,0.380835,0.373464,0.626536
hiero_0397,0.376743,0.499477,0.36803,0.118959,0.29368,0.219331,0.0,1.0,0.0,0.516729,0.256506,0.226766,0.360595,0.639405
hiero_0398,0.453125,0.513369,0.299296,0.18662,0.348592,0.165493,0.221831,0.461268,0.316901,0.422535,0.316901,0.260563,0.204225,0.795775
hiero_0399,0.474147,0.657612,0.174342,0.115132,0.325658,0.384868,0.208882,0.164474,0.626645,0.373355,0.269737,0.356908,0.014803,0.985197
hiero_0400,0.519223,0.481476,0.278351,0.178694,0.140893,0.402062,0.292096,0.450172,0.257732,0.065292,0.721649,0.213058,0.477663,0.522337
hiero_0401,0.440936,0.555174,0.19917,0.008299,0.360996,0.431535,0.008299,0.86722,0.124481,0.419087,0.26971,0.311203,0.377593,0.622407
hiero_0402,0.498707,0.539118,0.189125,0.160757,0.276596,0.373522,0.153664,0.543735,0.3026,0.328605,0.3026,0.368794,0.35461,0.64539
hiero_0403,0.580776,0.380766,0.377976,0.339286,0.0,0.282738,0.583333,0.223214,0.193452,0.258929,0.214286,0.526786,0.113095,0.886905
hiero_0404,0.570074,0.376472,0.33241,0.407202,0.0,0.260388,0.512465,0.32687,0.160665,0.240997,0.185596,0.573407,0.243767,0.756233
hiero_0405,0.554209,0.34092,0.469388,0.288265,0.0,0.242347,0.642857,0.191327,0.165816,0.239796,0.311224,0.44898,0.096939,0.903061
hiero_0406,0.518209,0.479298,0.293774,0.243191,0.175097,0.287938,0.383268,0.291829,0.324903,0.293774,0.330739,0.375486,0.237354,0.762646
hiero_0407,0.434433,0.54816,0.34748,0.0,0.320955,0.331565,0.233422,0.291777,0.474801,0.31565,0.522546,0.161804,0.352785,0.647215
hiero_0408,0.424092,0.584569,0.288248,0.0,0.385809,0.325942,0.197339,0.272727,0.529933,0.32816,0.54102,0.13082,0.32816,0.67184
hiero_0409,0.484258,0.455764,0.310912,0.249626,0.200299,0.239163,0.289985,0.490284,0.219731,0.298954,0.331839,0.369208,0.376682,0.623318
hiero_0410,0.479774,0.430143,0.35426,0.248132,0.201794,0.195815,0.327354,0.541106,0.13154,0.310912,0.375187,0.313901,0.372197,0.627803
hiero_0411,0.513889,0.428898,0.275253,0.287879,0.224747,0.212121,0.252525,0.747475,0.0,0.282828,0.335859,0.381313,0.401515,0.598485
hiero_0412,0.483043,0.459141,0.320413,0.217054,0.232558,0.229974,0.098191,0.901809,0.0,0.351421,0.310078,0.338501,0.436693,0.563307
hiero_0413,0.49458,0.335302,0.502392,0.466507,0.0,0.0311,0.442584,0.557416,0.0,0.337321,0.337321,0.325359,0.301435,0.698565
hiero_0414,0.477718,0.384885,0.522959,0.229592,0.005102,0.242347,0.339286,0.645408,0.015306,0.34949,0.341837,0.308673,0.303571,0.696429
hiero_0415,0.472656,0.430039,0.36,0.28,0.1875,0.1725,0.2175,0.7825,0.0,0.3525,0.3475,0.3,0.4325,0.5675
hiero_0416,0.482118,0.454861,0.305556,0.244444,0.25,0.2,0.322222,0.427778,0.25,0.105556,0.705556,0.188889,0.588889,0.411111
hiero_0417,0.473324,0.479233,0.376068,0.130342,0.136752,0.356838,0.399573,0.215812,0.384615,0.361111,0.320513,0.318376,0.106838,0.893162
hiero_0418,0.430201,0.4608,0.333333,0.217105,0.263158,0.186404,0.070175,0.929825,0.0,0.377193,0.355263,0.267544,0.462719,0.537281
hiero_0419,0.499202,0.491935,0.241935,0.248656,0.239247,0.270161,0.364247,0.280914,0.354839,0.221774,0.508065,0.270161,0.274194,0.725806
hiero_0420,0.46443,0.60829,0.155294,0.175294,0.389412,0.28,0.167059,0.343529,0.489412,0.287059,0.465882,0.247059,0.207059,0.792941
hiero_0421,0.46539,0.50974,0.287118,0.187773,0.237991,0.287118,0.210699,0.54476,0.244541,0.367904,0.320961,0.311135,0.349345,0.650655
hiero_0422,0.484674,0.445971,0.312261,0.298851,0.203065,0.185824,0.421456,0.289272,0.289272,0.155172,0.681992,0.162835,0.329502,0.670498
hiero_0423,0.424452,0.462468,0.378498,0.18704,0.247423,0.18704,0.10162,0.848306,0.050074,0.375552,0.415317,0.209131,0.502209,0.497791
hiero_0424,0.498402,0.44984,0.346591,0.344697,0.143939,0.164773,0.003788,0.996212,0.0,0.293561,0.36553,0.340909,0.520833,0.479167
hiero_0425,0.450934,0.468464,0.426829,0.079268,0.170732,0.323171,0.286585,0.457317,0.256098,0.189024,0.780488,0.030488,0.640244,0.359756
hiero_0426,0.520255,0.465856,0.092593,0.419753,0.32716,0.160494,0.290123,0.462963,0.246914,0.024691,0.783951,0.191358,0.648148,0.351852
hiero_0427,0.484121,0.427033,0.318699,0.308943,0.19187,0.180488,0.476423,0.258537,0.265041,0.193496,0.613008,0.193496,0.308943,0.691057
hiero_0428,0.492662,0.436464,0.287293,0.298343,0.20442,0.209945,0.464088,0.232044,0.303867,0.0,1.0,0.0,0.337017,0.662983
hiero_0429,0.47735,0.496455,0.247899,0.235294,0.260504,0.256303,0.331933,0.298319,0.369748,0.12605,0.781513,0.092437,0.37395,0.62605
hiero_0430,0.454895,0.65979,0.126362,0.122004,0.442266,0.309368,0.169935,0.152505,0.67756,0.235294,0.607843,0.156863,0.178649,0.821351
hiero_0431,0.458128,0.652241,0.127193,0.127193,0.407895,0.337719,0.171053,0.173246,0.655702,0.269737,0.513158,0.217105,0.190789,0.809211
hiero_0432,0.465668,0.502903,0.369266,0.100917,0.206422,0.323394,0.211009,0.504587,0.284404,0.174312,0.724771,0.100917,0.676606,0.323394
hiero_0433,0.399735,0.486055,0.302932,0.19544,0.319218,0.18241,0.0,1.0,0.0,0.42671,0.381107,0.192182,0.511401,0.488599
hiero_0434,0.449693,0.544789,0.320388,0.129854,0.271845,0.277913,0.171117,0.468447,0.360437,0.348301,0.423544,0.228155,0.308252,0.691748
hiero_0435,0.476209,0.433063,0.374486,0.246914,0.263374,0.115226,0.333333,0.440329,0.226337,0.0,1.0,0.0,0.572016,0.427984
hiero_0436,0.474275,0.463462,0.372624,0.224335,0.250951,0.152091,0.307985,0.403042,0.288973,0.0,1.0,0.0,0.528517,0.471483
hiero_0437,0.483905,0.555288,0.244147,0.214047,0.274247,0.267559,0.240803,0.284281,0.474916,0.103679,0.785953,0.110368,0.361204,0.638796
hiero_0438,0.467324,0.464235,0.34981,0.224335,0.288973,0.136882,0.304183,0.406844,0.288973,0.0,1.0,0.0,0.551331,0.448669
hiero_0439,0.494226,0.403971,0.359806,0.359806,0.139384,0.141005,0.374392,0.520259,0.105348,0.351702,0.265802,0.382496,0.26094,0.73906
hiero_0440,0.42872,0.420873,0.426991,0.269912,0.185841,0.117257,0.232301,0.732301,0.035398,0.451327,0.29646,0.252212,0.349558,0.650442
hiero_0441,0.591283,0.384868,0.312281,0.45614,0.0,0.231579,0.37193,0.519298,0.108772,0.192982,0.333333,0.473684,0.217544,0.782456
hiero_0442,0.50763,0.431615,0.21039,0.342857,0.231169,0.215584,0.236364,0.763636,0.0,0.264935,0.412987,0.322078,0.420779,0.579221
hiero_0443,0.491216,0.486057,0.267943,0.246411,0.241627,0.244019,0.069378,0.930622,0.0,0.351675,0.301435,0.34689,0.416268,0.583732
hiero_0444,0.491054,0.541238,0.207843,0.223529,0.278431,0.290196,0.345098,0.164706,0.490196,0.0,1.0,0.0,0.243137,0.756863
hiero_0445,0.488695,0.542065,0.215686,0.213725,0.284314,0.286275,0.343137,0.164706,0.492157,0.243137,0.496078,0.260784,0.184314,0.815686
hiero_0446,0.486095,0.541878,0.21363,0.216252,0.283093,0.287025,0.343381,0.165138,0.491481,0.334207,0.334207,0.331586,0.083879,0.916121
hiero_0447,0.481575,0.542037,0.217391,0.212121,0.288538,0.28195,0.342556,0.166008,0.491436,0.333333,0.333333,0.333333,0.121212,0.878788
hiero_0448,0.498601,0.540708,0.203026,0.228247,0.274905,0.293821,0.334174,0.185372,0.480454,0.321564,0.319042,0.359395,0.080706,0.919294
hiero_0449,0.485765,0.515253,0.240602,0.259398,0.244361,0.255639,0.269424,0.388471,0.342105,0.270677,0.472431,0.256892,0.337093,0.662907
hiero_0450,0.49912,0.492787,0.271238,0.273286,0.208802,0.246673,0.293756,0.384852,0.321392,0.242579,0.467758,0.289662,0.289662,0.710338
hiero_0451,0.492982,0.514669,0.249529,0.251412,0.251412,0.247646,0.270245,0.387947,0.341808,0.268362,0.456685,0.274953,0.258004,0.741996
hiero_0452,0.496486,0.491119,0.238602,0.258359,0.243161,0.259878,0.337386,0.335866,0.326748,0.030395,0.919453,0.050152,0.487842,0.512158
hiero_0453,0.48424,0.417363,0.301724,0.297414,0.202586,0.198276,0.435345,0.301724,0.262931,0.025862,0.948276,0.025862,0.405172,0.594828
hiero_0454,0.537494,0.417394,0.344168,0.304015,0.09369,0.258126,0.42065,0.363289,0.216061,0.156788,0.533461,0.309751,0.271511,0.728489
hiero_0455,0.483411,0.539193,0.238333,0.191667,0.303333,0.266667,0.253333,0.326667,0.42,0.068333,0.865,0.066667,0.471667,0.528333
hiero_0456,0.485228,0.535028,0.224649,0.179407,0.310452,0.285491,0.24337,0.368175,0.388456,0.063963,0.865835,0.070203,0.524181,0.475819
hiero_0457,0.483087,0.452233,0.319239,0.257928,0.238901,0.183932,0.346723,0.420719,0.232558,0.046512,0.904863,0.048626,0.556025,0.443975
hiero_0458,0.483598,0.487854,0.290258,0.234592,0.258449,0.2167,0.32008,0.38171,0.298211,0.039761,0.918489,0.04175,0.489066,0.510934
hiero_0459,0.496046,0.476755,0.302469,0.209877,0.191358,0.296296,0.32716,0.345679,0.32716,0.0,1.0,0.0,0.549383,0.450617
hiero_0460,0.494536,0.478048,0.254601,0.251534,0.242331,0.251534,0.328221,0.340491,0.331288,0.214724,0.54908,0.236196,0.380368,0.619632
hiero_0461,0.550585,0.596624,0.033445,0.311037,0.244147,0.411371,0.214047,0.254181,0.531773,0.010033,0.826087,0.16388,0.414716,0.585284
hiero_0462,0.51636,0.484403,0.231465,0.274864,0.218807,0.274864,0.296564,0.399638,0.303797,0.189873,0.493671,0.316456,0.361664,0.638336
hiero_0463,0.488623,0.549833,0.21521,0.195793,0.304207,0.28479,0.273463,0.262136,0.464401,0.330097,0.33657,0.333333,0.234628,0.765372
hiero_0464,0.488085,0.471297,0.263581,0.227364,0.241449,0.267606,0.317907,0.376258,0.305835,0.301811,0.422535,0.275654,0.315895,0.684105
hiero_0465,0.476362,0.51222,0.291667,0.080128,0.317308,0.310897,0.266026,0.38141,0.352564,0.067308,0.855769,0.076923,0.567308,0.432692
hiero_0466,0.4766,0.510728,0.187399,0.187399,0.311793,0.313409,0.268174,0.386107,0.345719,0.437803,0.150242,0.411955,0.168013,0.831987
hiero_0467,0.479728,0.550827,0.213115,0.058548,0.370023,0.358314,0.194379,0.398126,0.407494,0.100703,0.786885,0.112412,0.583138,0.416862
hiero_0468,0.482963,0.549459,0.25,0.125,0.311538,0.313462,0.163462,0.534615,0.301923,0.138462,0.701923,0.159615,0.571154,0.428846
hiero_0469,0.489696,0.443157,0.297414,0.293103,0.211207,0.198276,0.413793,0.318966,0.267241,0.0,1.0,0.0,0.5,0.5
hiero_0470,0.458333,0.53273,0.289141,0.126263,0.308081,0.276515,0.183081,0.487374,0.329545,0.318182,0.457071,0.224747,0.42298,0.57702
hiero_0471,0.455759,0.513824,0.302594,0.115274,0.309798,0.272334,0.207493,0.502882,0.289625,0.305476,0.491354,0.20317,0.45389,0.54611
hiero_0472,0.495345,0.470906,0.278204,0.259584,0.189485,0.272727,0.304491,0.439211,0.256298,0.237678,0.496166,0.266156,0.393209,0.606791
hiero_0473,0.454162,0.518582,0.29661,0.110169,0.314972,0.278249,0.20339,0.490113,0.306497,0.299435,0.508475,0.19209,0.44209,0.55791
hiero_0474,0.493908,0.518794,0.225524,0.258741,0.243007,0.272727,0.258741,0.391608,0.34965,0.06993,0.842657,0.087413,0.494755,0.505245
hiero_0475,0.490565,0.475921,0.26087,0.256039,0.193237,0.289855,0.347826,0.323671,0.328502,0.0,1.0,0.0,0.458937,0.541063
hiero_0476,0.465044,0.478323,0.284585,0.213439,0.272727,0.229249,0.363636,0.272727,0.363636,0.0,1.0,0.0,0.399209,0.600791
hiero_0477,0.50672,0.40991,0.307692,0.332168,0.174825,0.185315,0.496503,0.244755,0.258741,0.22028,0.472028,0.307692,0.146853,0.853147
hiero_0478,0.492141,0.459207,0.251497,0.245509,0.251497,0.251497,0.293413,0.502994,0.203593,0.0,1.0,0.0,0.658683,0.341317
hiero_0479,0.498793,0.415541,0.285714,0.297297,0.189189,0.227799,0.474903,0.247104,0.277992,0.0,1.0,0.0,0.366795,0.633205
hiero_0480,0.494635,0.424088,0.420601,0.347639,0.077253,0.154506,0.060086,0.939914,0.0,0.304721,0.356223,0.339056,0.493562,0.506438
hiero_0481,0.487685,0.482323,0.309322,0.20339,0.20339,0.283898,0.326271,0.347458,0.326271,0.0,0.974576,0.025424,0.385593,0.614407
hiero_0482,0.506631,0.409467,0.340336,0.344538,0.117647,0.197479,0.432773,0.361345,0.205882,0.205882,0.521008,0.273109,0.369748,0.630252
hiero_0483,0.478506,0.408308,0.360976,0.297561,0.187805,0.153659,0.417073,0.431707,0.15122,0.009756,0.985366,0.004878,0.585366,0.414634
hiero_0484,0.485516,0.471032,0.258427,0.252809,0.247191,0.241573,0.297753,0.41573,0.286517,0.247191,0.494382,0.258427,0.460674,0.539326
hiero_0485,0.537423,0.399752,0.319471,0.364839,0.113422,0.202268,0.383743,0.512287,0.10397,0.238185,0.361059,0.400756,0.251418,0.748582
hiero_0486,0.428318,0.438121,0.339726,0.260274,0.235616,0.164384,0.342466,0.468493,0.189041,0.390411,0.378082,0.231507,0.313699,0.686301
hiero_0487,0.445922,0.414982,0.370213,0.235461,0.204255,0.190071,0.347518,0.507801,0.144681,0.398582,0.346099,0.255319,0.339007,0.660993
hiero_0488,0.486238,0.345923,0.380795,0.364238,0.129139,0.125828,0.619205,0.238411,0.142384,0.291391,0.410596,0.298013,0.165563,0.834437
hiero_0489,0.494014,0.505675,0.328358,0.233831,0.253731,0.18408,0.208955,0.527363,0.263682,0.0,1.0,0.0,0.636816,0.363184
hiero_0490,0.549386,0.50865,0.047619,0.410714,0.14881,0.392857,0.255952,0.464286,0.279762,0.0,1.0,0.0,0.559524,0.440476
hiero_0491,0.500355,0.475763,0.414773,0.119318,0.073864,0.392045,0.085227,0.852273,0.0625,0.267045,0.420455,0.3125,0.573864,0.426136
hiero_0492,0.486336,0.467442,0.288703,0.284519,0.209205,0.217573,0.133891,0.748954,0.117155,0.121339,0.757322,0.121339,0.790795,0.209205
hiero_0493,0.479021,0.386664,0.368153,0.357962,0.084076,0.189809,0.472611,0.355414,0.171975,0.357962,0.272611,0.369427,0.180892,0.819108
hiero_0494,0.488932,0.535482,0.220833,0.233333,0.275,0.270833,0.295833,0.304167,0.4,0.029167,0.916667,0.054167,0.416667,0.583333
hiero_0495,0.495013,0.429078,0.41844,0.411348,0.078014,0.092199,0.0,1.0,0.0,0.340426,0.297872,0.361702,0.397163,0.602837
hiero_0496,0.491201,0.399082,0.383495,0.276699,0.058252,0.281553,0.526699,0.182039,0.291262,0.165049,0.669903,0.165049,0.271845,0.728155
hiero_0497,0.420012,0.394195,0.390728,0.304636,0.304636,0.0,0.533113,0.228477,0.238411,0.215232,0.675497,0.109272,0.321192,0.678808
hiero_0498,0.472518,0.374297,0.382637,0.334405,0.141479,0.141479,0.498392,0.347267,0.154341,0.334405,0.37299,0.292605,0.189711,0.810289
hiero_0499,0.487351,0.47381,0.266667,0.257143,0.242857,0.233333,0.280952,0.457143,0.261905,0.257143,0.47619,0.266667,0.152381,0.847619
hiero_0500,0.426881,0.509332,0.281465,0.169336,0.304348,0.244851,0.24714,0.411899,0.340961,0.496568,0.242563,0.26087,0.157895,0.842105
hiero_0501,0.491913,0.565995,0.182994,0.170055,0.310536,0.336414,0.231054,0.334566,0.434381,0.184843,0.604436,0.210721,0.404806,0.595194
hiero_0502,0.491339,0.472729,0.280899,0.273408,0.269663,0.17603,0.314607,0.411985,0.273408,0.187266,0.580524,0.23221,0.490637,0.509363
hiero_0503,0.486655,0.480828,0.302703,0.297297,0.2,0.2,0.232432,0.545946,0.221622,0.243243,0.502703,0.254054,0.551351,0.448649
hiero_0504,0.484527,0.459832,0.331707,0.321951,0.17561,0.170732,0.209756,0.6,0.190244,0.243902,0.507317,0.24878,0.585366,0.414634
hiero_0505,0.481897,0.428896,0.361233,0.365639,0.154185,0.118943,0.207048,0.788546,0.004405,0.361233,0.281938,0.356828,0.334802,0.665198
hiero_0506,0.486178,0.454436,0.283217,0.286713,0.227273,0.202797,0.164336,0.832168,0.003497,0.325175,0.339161,0.335664,0.451049,0.548951
hiero_0507,0.547647,0.490231,0.129472,0.287905,0.29983,0.282794,0.282794,0.459966,0.25724,0.177172,0.483816,0.339012,0.310051,0.689949
hiero_0508,0.500996,0.534684,0.246154,0.250549,0.246154,0.257143,0.131868,0.569231,0.298901,0.193407,0.562637,0.243956,0.435165,0.564835
hiero_0509,0.491457,0.501325,0.274854,0.266082,0.229532,0.229532,0.251462,0.409357,0.339181,0.280702,0.413743,0.305556,0.280702,0.719298
hiero_0510,0.495724,0.478618,0.168421,0.178947,0.326316,0.326316,0.0,1.0,0.0,0.326316,0.326316,0.347368,0.542105,0.457895
hiero_0511,0.49976,0.484375,0.246154,0.253846,0.246154,0.253846,0.0,1.0,0.0,0.323077,0.323077,0.353846,0.461538,0.538462
hiero_0512,0.498264,0.475152,0.25,0.256944,0.243056,0.25,0.0,1.0,0.0,0.340278,0.291667,0.368056,0.347222,0.652778
hiero_0513,0.484375,0.486342,0.269784,0.258993,0.23741,0.233813,0.0,1.0,0.0,0.334532,0.330935,0.334532,0.489209,0.510791
hiero_0514,0.486328,0.4771,0.296875,0.2875,0.209375,0.20625,0.0,1.0,0.0,0.315625,0.365625,0.31875,0.490625,0.509375
hiero_0515,0.498361,0.48514,0.244755,0.251748,0.248252,0.255245,0.248252,0.503497,0.248252,0.339161,0.293706,0.367133,0.216783,0.783217
hiero_0516,0.495201,0.487984,0.249423,0.251732,0.244804,0.254042,0.030023,0.893764,0.076212,0.327945,0.325635,0.34642,0.445727,0.554273
hiero_0517,0.48571,0.484642,0.418803,0.128205,0.111111,0.34188,0.0,0.957265,0.042735,0.153846,0.666667,0.179487,0.905983,0.094017
hiero_0518,0.560068,0.483288,0.211921,0.291391,0.211921,0.284768,0.238411,0.529801,0.231788,0.278146,0.278146,0.443709,0.218543,0.781457
hiero_0519,0.493534,0.484981,0.25431,0.25431,0.24569,0.24569,0.0,1.0,0.0,0.146552,0.663793,0.189655,0.810345,0.189655
hiero_0520,0.486162,0.492152,0.278027,0.278027,0.221973,0.221973,0.188341,0.596413,0.215247,0.365471,0.313901,0.320628,0.318386,0.681614
hiero_0521,0.490297,0.502568,0.269406,0.255708,0.237443,0.237443,0.173516,0.534247,0.292237,0.333333,0.319635,0.347032,0.369863,0.630137
hiero_0522,0.485924,0.487002,0.284483,0.284483,0.215517,0.215517,0.090517,0.646552,0.262931,0.336207,0.323276,0.340517,0.413793,0.586207
hiero_0523,0.491826,0.536458,0.189815,0.189815,0.310185,0.310185,0.203704,0.5,0.296296,0.37037,0.24537,0.384259,0.25,0.75
hiero_0524,0.490247,0.520352,0.251592,0.251592,0.251592,0.245223,0.286624,0.308917,0.404459,0.359873,0.270701,0.369427,0.0,1.0
hiero_0525,0.487768,0.494314,0.238532,0.24159,0.262997,0.256881,0.287462,0.431193,0.281346,0.363914,0.266055,0.370031,0.146789,0.853211
hiero_0526,0.55883,0.53534,0.0,0.38255,0.348993,0.268456,0.181208,0.456376,0.362416,0.120805,0.52349,0.355705,0.42953,0.57047
hiero_0527,0.490189,0.5215,0.24031,0.232558,0.25969,0.267442,0.127907,0.554264,0.317829,0.313953,0.360465,0.325581,0.306202,0.693798
hiero_0528,0.48766,0.468349,0.271795,0.271795,0.233333,0.223077,0.15641,0.764103,0.079487,0.346154,0.302564,0.351282,0.364103,0.635897
hiero_0529,0.484044,0.476535,0.339223,0.282686,0.183746,0.194346,0.282686,0.448763,0.268551,0.282686,0.402827,0.314488,0.310954,0.689046
hiero_0530,0.489931,0.483333,0.266667,0.266667,0.244444,0.222222,0.0,1.0,0.0,0.0,1.0,0.0,1.0,0.0
hiero_0531,0.495166,0.483363,0.266187,0.266187,0.230216,0.23741,0.0,1.0,0.0,0.323741,0.338129,0.338129,0.597122,0.402878
hiero_0532,0.51556,0.524516,0.171548,0.246862,0.338912,0.242678,0.259414,0.34728,0.393305,0.276151,0.351464,0.372385,0.138075,0.861925
hiero_0533,0.515697,0.518205,0.192661,0.247706,0.344037,0.215596,0.279817,0.325688,0.394495,0.192661,0.46789,0.33945,0.178899,0.821101
hiero_0534,0.485031,0.495739,0.234266,0.227273,0.272727,0.265734,0.0,1.0,0.0,0.304196,0.388112,0.307692,0.566434,0.433566
hiero_0535,0.484664,0.489174,0.262125,0.254042,0.244804,0.23903,0.330254,0.32448,0.345266,0.307159,0.383372,0.309469,0.187067,0.812933
hiero_0536,0.487859,0.488948,0.250871,0.247387,0.254355,0.247387,0.0,1.0,0.0,0.351916,0.292683,0.355401,0.390244,0.609756
hiero_0537,0.492188,0.484375,0.251799,0.251799,0.248201,0.248201,0.0,1.0,0.0,0.341727,0.302158,0.356115,0.381295,0.618705
hiero_0538,0.492283,0.484663,0.254601,0.251534,0.245399,0.248466,0.0,1.0,0.0,0.306748,0.365031,0.328221,0.472393,0.527607
hiero_0539,0.491263,0.484442,0.253763,0.251613,0.247312,0.247312,0.0,1.0,0.0,0.35914,0.270968,0.369892,0.365591,0.634409
hiero_0540,0.487864,0.485394,0.264822,0.252964,0.245059,0.237154,0.0,1.0,0.0,0.328063,0.332016,0.339921,0.454545,0.545455
hiero_0541,0.474239,0.480664,0.283433,0.283433,0.223553,0.209581,0.279441,0.433134,0.287425,0.329341,0.387226,0.283433,0.301397,0.698603
hiero_0542,0.492188,0.406953,0.32,0.325,0.175,0.18,0.505,0.335,0.16,0.265,0.45,0.285,0.48,0.52
hiero_0543,0.493416,0.446246,0.27044,0.27673,0.226415,0.226415,0.377358,0.433962,0.188679,0.308176,0.358491,0.333333,0.566038,0.433962
hiero_0544,0.484177,0.515463,0.218391,0.193103,0.322989,0.265517,0.244828,0.454023,0.301149,0.278161,0.447126,0.274713,0.3,0.7
hiero_0545,0.471268,0.525995,0.22335,0.209391,0.288071,0.279188,0.199239,0.464467,0.336294,0.338832,0.362944,0.298223,0.269036,0.730964
hiero_0546,0.461534,0.520664,0.244944,0.179775,0.297753,0.277528,0.221348,0.505618,0.273034,0.293258,0.478652,0.22809,0.357303,0.642697
hiero_0547,0.50753,0.477165,0.219512,0.277073,0.277073,0.226341,0.322927,0.427317,0.249756,0.27122,0.382439,0.346341,0.270244,0.729756
hiero_0548,0.522221,0.473531,0.192627,0.310599,0.274654,0.22212,0.317972,0.43871,0.243318,0.257143,0.357604,0.385253,0.264516,0.735484
hiero_0549,0.479273,0.499413,0.240602,0.221267,0.305048,0.233083,0.299678,0.425349,0.274973,0.29753,0.432868,0.269603,0.288937,0.711063
hiero_0550,0.474321,0.501525,0.286853,0.206175,0.26992,0.237052,0.2251,0.51992,0.25498,0.329681,0.381474,0.288845,0.307769,0.692231
hiero_0551,0.505109,0.512968,0.191147,0.245473,0.283702,0.279678,0.247485,0.473843,0.278672,0.285714,0.389336,0.32495,0.303823,0.696177
hiero_0552,0.512892,0.501366,0.185361,0.279468,0.291825,0.243346,0.271863,0.453422,0.274715,0.279468,0.371673,0.348859,0.286122,0.713878
hiero_0553,0.46294,0.535813,0.18236,0.221692,0.32062,0.275328,0.222884,0.475566,0.301549,0.215733,0.650775,0.133492,0.424315,0.575685
hiero_0554,0.476712,0.504872,0.275479,0.207871,0.276488,0.240161,0.225025,0.514632,0.260343,0.320888,0.387487,0.291625,0.299697,0.700303
hiero_0555,0.469736,0.505686,0.286982,0.20217,0.276134,0.234714,0.231755,0.505917,0.262327,0.336292,0.378698,0.28501,0.291913,0.708087
hiero_0556,0.456792,0.480137,0.334247,0.210046,0.231963,0.223744,0.252968,0.523288,0.223744,0.348858,0.389954,0.261187,0.302283,0.697717
hiero_0557,0.466052,0.559824,0.18232,0.138122,0.353591,0.325967,0.196133,0.44337,0.360497,0.25,0.459945,0.290055,0.325967,0.674033
hiero_0558,0.51363,0.475121,0.2103,0.283262,0.266094,0.240343,0.341202,0.390558,0.26824,0.265021,0.403433,0.331545,0.25,0.75
hiero_0559,0.472833,0.534818,0.177045,0.212454,0.323565,0.286935,0.227106,0.455433,0.31746,0.252747,0.533578,0.213675,0.345543,0.654457
hiero_0560,0.444181,0.527568,0.275862,0.170115,0.321839,0.232184,0.236782,0.431034,0.332184,0.336782,0.412644,0.250575,0.25977,0.74023
hiero_0561,0.506583,0.502767,0.184818,0.266227,0.288229,0.260726,0.284928,0.440044,0.275028,0.250825,0.424642,0.324532,0.281628,0.718372
hiero_0562,0.503472,0.481466,0.224224,0.292292,0.248248,0.235235,0.307307,0.442442,0.25025,0.296296,0.377377,0.326326,0.245245,0.754755
hiero_0563,0.488265,0.505452,0.223404,0.248936,0.296809,0.230851,0.279787,0.45,0.270213,0.245745,0.488298,0.265957,0.357447,0.642553
hiero_0564,0.502454,0.50733,0.217801,0.255497,0.291099,0.235602,0.265969,0.46178,0.272251,0.240838,0.473298,0.285864,0.33089,0.66911
hiero_0565,0.460492,0.544527,0.221818,0.139394,0.322424,0.316364,0.214545,0.470303,0.315152,0.290909,0.507879,0.201212,0.316364,0.683636
hiero_0566,0.463659,0.504703,0.226607,0.187148,0.308906,0.277339,0.267193,0.448703,0.284104,0.369786,0.361894,0.26832,0.266065,0.733935
hiero_0567,0.476321,0.506003,0.205977,0.216649,0.289221,0.288154,0.252935,0.472785,0.27428,0.322305,0.416222,0.261473,0.306297,0.693703
hiero_0568,0.452349,0.566777,0.168794,0.147518,0.358865,0.324823,0.170213,0.475177,0.35461,0.256738,0.588652,0.15461,0.375887,0.624113
hiero_0569,0.452508,0.567114,0.153509,0.138889,0.378655,0.328947,0.203216,0.423977,0.372807,0.26462,0.576023,0.159357,0.307018,0.692982
hiero_0570,0.483369,0.484915,0.268012,0.299712,0.220941,0.211335,0.256484,0.479347,0.264169,0.304515,0.418828,0.276657,0.307397,0.692603
hiero_0571,0.43506,0.551791,0.31573,0.174157,0.259551,0.250562,0.161798,0.521348,0.316854,0.380899,0.401124,0.217978,0.323596,0.676404
hiero_0572,0.453,0.544389,0.175134,0.156417,0.358289,0.31016,0.255348,0.393048,0.351604,0.239305,0.618984,0.141711,0.304813,0.695187
hiero_0573,0.462487,0.595979,0.152174,0.127717,0.377717,0.342391,0.16712,0.418478,0.414402,0.273098,0.547554,0.179348,0.322011,0.677989
hiero_0574,0.467812,0.560305,0.180077,0.227331,0.311622,0.280971,0.103448,0.583653,0.312899,0.306513,0.458493,0.234994,0.360153,0.639847
hiero_0575,0.486398,0.528399,0.156597,0.212084,0.316893,0.314427,0.302096,0.350185,0.347719,0.311961,0.353884,0.334155,0.207152,0.792848
hiero_0576,0.490573,0.536061,0.187891,0.220251,0.306889,0.284969,0.241127,0.41858,0.340292,0.343424,0.351775,0.304802,0.235908,0.764092
hiero_0577,0.505666,0.53559,0.227273,0.225253,0.274747,0.272727,0.224242,0.459596,0.316162,0.263636,0.409091,0.327273,0.305051,0.694949
hiero_0578,0.457306,0.464142,0.277344,0.260742,0.25,0.211914,0.359375,0.387695,0.25293,0.365234,0.345703,0.289062,0.222656,0.777344
hiero_0579,0.487764,0.524637,0.206331,0.248535,0.282532,0.262603,0.220399,0.486518,0.293083,0.310668,0.38687,0.302462,0.30129,0.69871
hiero_0580,0.455059,0.506704,0.246531,0.236926,0.28175,0.234792,0.24333,0.481323,0.275347,0.367129,0.344717,0.288154,0.288154,0.711846
hiero_0581,0.496668,0.508469,0.223739,0.263655,0.27521,0.237395,0.271008,0.448529,0.280462,0.313025,0.351891,0.335084,0.276261,0.723739
hiero_0582,0.490121,0.505347,0.244127,0.257406,0.250255,0.248212,0.244127,0.447395,0.308478,0.273749,0.45761,0.268641,0.290092,0.709908
hiero_0583,0.467073,0.549344,0.225573,0.159228,0.318456,0.296743,0.173703,0.524729,0.301568,0.249698,0.498191,0.252111,0.379976,0.620024
hiero_0584,0.470715,0.552383,0.245593,0.143361,0.291422,0.319624,0.19624,0.46181,0.341951,0.353702,0.364277,0.282021,0.312573,0.687427
hiero_0585,0.484464,0.525464,0.186286,0.210286,0.306286,0.297143,0.224,0.483429,0.292571,0.235429,0.501714,0.262857,0.346286,0.653714
hiero_0586,0.50874,0.53776,0.186869,0.228535,0.287879,0.296717,0.244949,0.40404,0.35101,0.189394,0.574495,0.236111,0.387626,0.612374
hiero_0587,0.489947,0.513529,0.187568,0.23337,0.304253,0.274809,0.254089,0.458015,0.287895,0.365322,0.314068,0.320611,0.284624,0.715376
hiero_0588,0.482538,0.518743,0.187648,0.238717,0.311164,0.26247,0.254157,0.445368,0.300475,0.293349,0.41924,0.287411,0.311164,0.688836
hiero_0589,0.50185,0.510496,0.154748,0.274326,0.31653,0.254396,0.295428,0.412661,0.291911,0.293083,0.373974,0.332943,0.273154,0.726846
hiero_0590,0.4544,0.578728,0.164688,0.12908,0.366469,0.339763,0.170623,0.458457,0.37092,0.333828,0.419881,0.246291,0.302671,0.697329
hiero_0591,0.448608,0.634195,0.134218,0.088496,0.40413,0.373156,0.117994,0.430678,0.451327,0.297935,0.50885,0.193215,0.309735,0.690265
hiero_0592,0.488134,0.396793,0.304511,0.300752,0.195489,0.199248,0.522556,0.157895,0.319549,0.417293,0.157895,0.424812,0.003759,0.996241
hiero_0593,0.496153,0.370917,0.333333,0.336683,0.164154,0.165829,0.422111,0.457286,0.120603,0.167504,0.636516,0.19598,0.425461,0.574539
hiero_0594,0.499576,0.390586,0.353086,0.355556,0.145679,0.145679,0.412346,0.392593,0.195062,0.2,0.580247,0.219753,0.328395,0.671605
hiero_0595,0.508601,0.504199,0.228013,0.229642,0.2443,0.298046,0.294788,0.324104,0.381107,0.299674,0.338762,0.361564,0.18241,0.81759
hiero_0596,0.50637,0.467308,0.264103,0.269231,0.194872,0.271795,0.364103,0.323077,0.312821,0.317949,0.312821,0.369231,0.138462,0.861538
hiero_0597,0.493558,0.483365,0.184615,0.323077,0.313846,0.178462,0.372308,0.258462,0.369231,0.28,0.430769,0.289231,0.190769,0.809231
hiero_0598,0.492019,0.483365,0.323077,0.184615,0.178462,0.313846,0.372308,0.258462,0.369231,0.28,0.433846,0.286154,0.190769,0.809231
hiero_0599,0.507732,0.535978,0.205128,0.205128,0.207692,0.382051,0.297436,0.287179,0.415385,0.35641,0.251282,0.392308,0.094872,0.905128
hiero_0600,0.366477,0.494318,0.414773,0.085227,0.420455,0.079545,0.375,0.238636,0.386364,0.363636,0.585227,0.051136,0.215909,0.784091
hiero_0601,0.399148,0.557141,0.301653,0.061983,0.471074,0.165289,0.272727,0.280992,0.446281,0.264463,0.698347,0.03719,0.31405,0.68595
hiero_0602,0.398308,0.433755,0.471074,0.165289,0.305785,0.057851,0.421488,0.297521,0.280992,0.264463,0.698347,0.03719,0.31405,0.68595
hiero_0603,0.586067,0.433755,0.165289,0.471074,0.057851,0.305785,0.421488,0.297521,0.280992,0.028926,0.450413,0.520661,0.342975,0.657025
hiero_0604,0.585227,0.557141,0.061983,0.301653,0.165289,0.471074,0.272727,0.280992,0.446281,0.028926,0.454545,0.516529,0.342975,0.657025
hiero_0605,0.617898,0.494318,0.085227,0.414773,0.079545,0.420455,0.375,0.238636,0.386364,0.039773,0.238636,0.721591,0.25,0.75
hiero_0606,0.50507,0.491929,0.247241,0.245033,0.178808,0.328918,0.395143,0.247241,0.357616,0.306843,0.355408,0.337748,0.11479,0.88521
hiero_0607,0.467834,0.470269,0.333333,0.257716,0.25,0.158951,0.296296,0.450617,0.253086,0.350309,0.356481,0.29321,0.229938,0.770062
hiero_0608,0.492563,0.534832,0.257642,0.237991,0.163755,0.340611,0.305677,0.277293,0.417031,0.30786,0.386463,0.305677,0.329694,0.670306
hiero_0609,0.465037,0.52786,0.292767,0.153846,0.269805,0.283582,0.344432,0.220436,0.435132,0.390356,0.300804,0.30884,0.165327,0.834673
hiero_0610,0.498765,0.484714,0.28062,0.237209,0.257364,0.224806,0.334884,0.341085,0.324031,0.181395,0.576744,0.24186,0.334884,0.665116
hiero_0611,0.460875,0.576902,0.168009,0.194476,0.411968,0.225547,0.216341,0.310702,0.472957,0.326812,0.410817,0.262371,0.223245,0.776755
hiero_0612,0.467528,0.502662,0.236873,0.233372,0.289382,0.240373,0.311552,0.375729,0.312719,0.298716,0.43874,0.262544,0.304551,0.695449
hiero_0613,0.491889,0.347368,0.320611,0.333333,0.180662,0.165394,0.541985,0.290076,0.167939,0.13486,0.715013,0.150127,0.366412,0.633588
hiero_0614,0.495473,0.363773,0.346026,0.407285,0.139073,0.107616,0.407285,0.483444,0.109272,0.221854,0.539735,0.238411,0.332781,0.667219
hiero_0615,0.490798,0.488608,0.252022,0.237197,0.283019,0.227763,0.349057,0.277628,0.373315,0.272237,0.436658,0.291105,0.19407,0.80593
hiero_0616,0.308927,0.327222,0.429648,0.268844,0.301508,0.0,0.60804,0.175879,0.21608,0.625628,0.178392,0.19598,0.0,1.0
hiero_0617,0.49171,0.520779,0.251442,0.228374,0.269896,0.250288,0.344867,0.215686,0.439446,0.363322,0.32872,0.307958,0.11534,0.88466
hiero_0618,0.488047,0.395931,0.3302,0.313749,0.179788,0.176263,0.479436,0.298472,0.222092,0.359577,0.282021,0.358402,0.116334,0.883666
hiero_0619,0.467866,0.310624,0.425386,0.399657,0.108062,0.066895,0.701544,0.140652,0.157804,0.389365,0.267581,0.343053,0.075472,0.924528
hiero_0620,0.460529,0.438616,0.320557,0.318815,0.205575,0.155052,0.465157,0.261324,0.273519,0.409408,0.233449,0.357143,0.083624,0.916376
hiero_0621,0.428531,0.458176,0.321752,0.270393,0.318731,0.089124,0.376133,0.367069,0.256798,0.498489,0.231118,0.270393,0.155589,0.844411
hiero_0622,0.466236,0.507886,0.31388,0.222397,0.29653,0.167192,0.400631,0.198738,0.400631,0.321767,0.392744,0.285489,0.156151,0.843849
hiero_0623,0.492866,0.43066,0.30566,0.309434,0.192453,0.192453,0.441509,0.286792,0.271698,0.29434,0.396226,0.309434,0.2,0.8
hiero_0624,0.492157,0.428546,0.328846,0.330769,0.196154,0.144231,0.398077,0.357692,0.244231,0.315385,0.351923,0.332692,0.217308,0.782692
hiero_0625,0.494622,0.422425,0.28392,0.286432,0.213568,0.21608,0.457286,0.213568,0.329146,0.296482,0.394472,0.309045,0.128141,0.871859
hiero_0626,0.528208,0.415055,0.303279,0.331967,0.155738,0.209016,0.483607,0.280738,0.235656,0.229508,0.454918,0.315574,0.206967,0.793033
hiero_0627,0.494902,0.479961,0.227401,0.24435,0.242938,0.285311,0.394068,0.194915,0.411017,0.20339,0.567797,0.228814,0.264124,0.735876
hiero_0628,0.50031,0.549975,0.198413,0.218254,0.289683,0.293651,0.27381,0.285714,0.440476,0.22619,0.5,0.27381,0.31746,0.68254
hiero_0629,0.501296,0.517607,0.209756,0.219512,0.282927,0.287805,0.234146,0.419512,0.346341,0.385366,0.204878,0.409756,0.053659,0.946341
hiero_0630,0.486417,0.471768,0.284091,0.255682,0.227273,0.232955,0.414773,0.238636,0.346591,0.0,1.0,0.0,0.340909,0.659091
hiero_0631,0.485301,0.536368,0.205575,0.198606,0.299652,0.296167,0.271777,0.341463,0.38676,0.209059,0.578397,0.212544,0.344948,0.655052
hiero_0632,0.493207,0.475204,0.256522,0.256522,0.243478,0.243478,0.417391,0.182609,0.4,0.373913,0.23913,0.386957,0.0,1.0
hiero_0633,0.472186,0.514739,0.254296,0.226804,0.276632,0.242268,0.348797,0.285223,0.365979,0.359107,0.335052,0.305842,0.142612,0.857388
hiero_0634,0.48528,0.469161,0.268421,0.257895,0.242105,0.231579,0.410526,0.3,0.289474,0.0,1.0,0.0,0.373684,0.626316
hiero_0635,0.453617,0.493172,0.283465,0.216535,0.279528,0.220472,0.0,1.0,0.0,0.409449,0.275591,0.314961,0.425197,0.574803
hiero_0636,0.490938,0.45475,0.264,0.288,0.232,0.216,0.408,0.276,0.316,0.0,1.0,0.0,0.416,0.584
hiero_0637,0.492028,0.364716,0.336735,0.326531,0.168367,0.168367,0.55102,0.214286,0.234694,0.0,1.0,0.0,0.316327,0.683673
hiero_0638,0.493169,0.359655,0.342577,0.329527,0.163132,0.164763,0.564437,0.205546,0.230016,0.331158,0.329527,0.339315,0.156607,0.843393
hiero_0639,0.493304,0.474749,0.321429,0.316964,0.178571,0.183036,0.0,1.0,0.0,0.352679,0.28125,0.366071,0.379464,0.620536
hiero_0640,0.493034,0.415342,0.302267,0.304786,0.196474,0.196474,0.438287,0.309824,0.251889,0.277078,0.438287,0.284635,0.20403,0.79597
hiero_0641,0.492927,0.475314,0.269231,0.272189,0.22929,0.22929,0.349112,0.340237,0.310651,0.29142,0.408284,0.300296,0.207101,0.792899
hiero_0642,0.446499,0.47695,0.342857,0.192481,0.320301,0.144361,0.302256,0.406015,0.291729,0.303759,0.464662,0.231579,0.270677,0.729323
hiero_0643,0.489614,0.492096,0.252941,0.247059,0.252941,0.247059,0.0,1.0,0.0,0.258824,0.458824,0.282353,0.611765,0.388235
hiero_0644,0.464127,0.467388,0.28211,0.263761,0.238532,0.215596,0.389908,0.318807,0.291284,0.293578,0.479358,0.227064,0.41055,0.58945
hiero_0645,0.484375,0.516919,0.239645,0.233728,0.266272,0.260355,0.319527,0.295858,0.384615,0.139053,0.721893,0.139053,0.35503,0.64497
hiero_0646,0.413297,0.494529,0.362018,0.130564,0.367953,0.139466,0.388724,0.20178,0.409496,0.356083,0.52819,0.115727,0.11276,0.88724
hiero_0647,0.560971,0.494792,0.140673,0.351682,0.152905,0.35474,0.391437,0.195719,0.412844,0.11315,0.513761,0.373089,0.171254,0.828746
hiero_0648,0.423599,0.491743,0.391304,0.107023,0.384615,0.117057,0.374582,0.237458,0.38796,0.133779,0.839465,0.026756,0.294314,0.705686
hiero_0649,0.546101,0.492935,0.115512,0.379538,0.125413,0.379538,0.372937,0.237624,0.389439,0.026403,0.841584,0.132013,0.310231,0.689769
hiero_0650,0.490354,0.482411,0.323475,0.18854,0.179298,0.308688,0.256932,0.491682,0.251386,0.341959,0.301294,0.356747,0.345656,0.654344
hiero_0651,0.395295,0.403107,0.367816,0.316092,0.316092,0.0,0.373563,0.425287,0.201149,0.37931,0.41954,0.201149,0.258621,0.741379
hiero_0652,0.484375,0.476562,0.263158,0.254386,0.245614,0.236842,0.0,1.0,0.0,0.315789,0.368421,0.315789,0.473684,0.526316
hiero_0653,0.560601,0.543077,0.066298,0.38674,0.303867,0.243094,0.265193,0.298343,0.436464,0.248619,0.292818,0.458564,0.248619,0.751381
hiero_0654,0.491047,0.545777,0.237838,0.237838,0.259459,0.264865,0.145946,0.508108,0.345946,0.324324,0.335135,0.340541,0.227027,0.772973
hiero_0655,0.511823,0.468568,0.245634,0.314319,0.246799,0.193248,0.321304,0.429569,0.249127,0.296857,0.343423,0.359721,0.279395,0.720605
hiero_0656,0.492554,0.462175,0.294043,0.330798,0.17237,0.202788,0.191381,0.6109,0.197719,0.323194,0.337136,0.33967,0.418251,0.581749
hiero_0657,0.480719,0.36307,0.374384,0.362069,0.140394,0.123153,0.549261,0.270936,0.179803,0.081281,0.866995,0.051724,0.438424,0.561576
hiero_0658,0.521403,0.51473,0.135417,0.317708,0.302083,0.244792,0.182292,0.536458,0.28125,0.1875,0.515625,0.296875,0.552083,0.447917
hiero_0659,0.510665,0.488509,0.201058,0.328042,0.174603,0.296296,0.269841,0.444444,0.285714,0.216931,0.502646,0.280423,0.375661,0.624339
hiero_0660,0.49215,0.483926,0.253589,0.258373,0.244019,0.244019,0.0,1.0,0.0,0.267943,0.440191,0.291866,0.54067,0.45933
hiero_0661,0.49597,0.491516,0.248869,0.253394,0.244344,0.253394,0.162896,0.660633,0.176471,0.158371,0.656109,0.18552,0.832579,0.167421
hiero_0662,0.492188,0.492475,0.25,0.25,0.25,0.25,0.154412,0.661765,0.183824,0.154412,0.661765,0.183824,0.863971,0.136029
hiero_0663,0.49299,0.490108,0.250951,0.254753,0.245247,0.249049,0.226236,0.534221,0.239544,0.21673,0.54943,0.23384,0.505703,0.494297
hiero_0664,0.527778,0.455135,0.157895,0.497076,0.175439,0.169591,0.116959,0.725146,0.157895,0.134503,0.719298,0.146199,0.906433,0.093567
hiero_0665,0.458088,0.454779,0.5,0.158824,0.158824,0.182353,0.117647,0.723529,0.158824,0.094118,0.741176,0.164706,0.882353,0.117647
hiero_0666,0.503395,0.51559,0.215078,0.21286,0.281596,0.290466,0.235033,0.439024,0.325942,0.266075,0.427938,0.305987,0.272727,0.727273
hiero_0667,0.594341,0.572305,0.0,0.24502,0.344622,0.410359,0.079681,0.615538,0.304781,0.207171,0.250996,0.541833,0.270916,0.729084
hiero_0668,0.394761,0.4125,0.415686,0.339216,0.245098,0.0,0.272549,0.641176,0.086275,0.523529,0.245098,0.231373,0.262745,0.737255
hiero_0669,0.494241,0.573362,0.133748,0.175739,0.351477,0.339036,0.169518,0.402799,0.427683,0.329705,0.33437,0.335925,0.18818,0.81182
hiero_0670,0.502909,0.498562,0.186192,0.263598,0.26569,0.284519,0.16318,0.698745,0.138075,0.334728,0.246862,0.41841,0.288703,0.711297
hiero_0671,0.548665,0.514364,0.148438,0.244792,0.291667,0.315104,0.138021,0.710938,0.151042,0.268229,0.294271,0.4375,0.377604,0.622396
hiero_0672,0.493198,0.498557,0.23219,0.23219,0.269129,0.266491,0.068602,0.799472,0.131926,0.345646,0.292876,0.361478,0.435356,0.564644
hiero_0673,0.486873,0.401005,0.277087,0.261101,0.238011,0.223801,0.442274,0.436945,0.120782,0.236234,0.525755,0.238011,0.287744,0.712256
hiero_0674,0.485946,0.422966,0.324022,0.318436,0.178771,0.178771,0.368715,0.455307,0.175978,0.0,1.0,0.0,0.578212,0.421788
hiero_0675,0.523896,0.51908,0.18258,0.237856,0.251256,0.328308,0.222781,0.371859,0.40536,0.130653,0.698492,0.170854,0.40871,0.59129
hiero_0676,0.484611,0.47778,0.256281,0.246231,0.251256,0.246231,0.326633,0.376884,0.296482,0.0,1.0,0.0,0.522613,0.477387
hiero_0677,0.435879,0.474609,0.401596,0.135638,0.223404,0.239362,0.164894,0.683511,0.151596,0.244681,0.614362,0.140957,0.489362,0.510638
hiero_0678,0.444145,0.499844,0.451827,0.009967,0.156146,0.38206,0.189369,0.591362,0.219269,0.405316,0.372093,0.222591,0.511628,0.488372
hiero_0679,0.5045,0.4765,0.224,0.296,0.176,0.304,0.296,0.44,0.264,0.0,1.0,0.0,0.696,0.304
hiero_0680,0.560202,0.55239,0.076471,0.370588,0.305882,0.247059,0.247059,0.317647,0.435294,0.076471,0.541176,0.382353,0.335294,0.664706
hiero_0681,0.526717,0.560474,0.098976,0.266212,0.331058,0.303754,0.129693,0.324232,0.546075,0.290102,0.286689,0.423208,0.313993,0.686007
hiero_0682,0.484375,0.492188,0.257143,0.242857,0.257143,0.242857,0.0,1.0,0.0,0.0,1.0,0.0,1.0,0.0
hiero_0683,0.492942,0.487843,0.258486,0.258486,0.245431,0.237598,0.4047,0.201044,0.394256,0.305483,0.370757,0.32376,0.263708,0.736292
hiero_0684,0.494309,0.470095,0.211921,0.211921,0.284768,0.291391,0.423841,0.476821,0.099338,0.350993,0.278146,0.370861,0.331126,0.668874
hiero_0685,0.492235,0.413542,0.339394,0.339394,0.160606,0.160606,0.387879,0.351515,0.260606,0.372727,0.242424,0.384848,0.127273,0.872727
hiero_0686,0.498626,0.561519,0.150754,0.233668,0.198492,0.417085,0.248744,0.261307,0.48995,0.236181,0.628141,0.135678,0.354271,0.645729
hiero_0687,0.467223,0.365701,0.422339,0.363002,0.106457,0.108202,0.462478,0.383944,0.153578,0.26178,0.528796,0.209424,0.237347,0.762653
hiero_0688,0.482411,0.334402,0.413295,0.406069,0.089595,0.09104,0.527457,0.339595,0.132948,0.258671,0.481214,0.260116,0.235549,0.764451
hiero_0689,0.485882,0.401515,0.341598,0.338843,0.15978,0.15978,0.515152,0.220386,0.264463,0.190083,0.619835,0.190083,0.258953,0.741047
hiero_0690,0.512981,0.547188,0.132308,0.213846,0.329231,0.324615,0.195385,0.443077,0.361538,0.255385,0.416923,0.327692,0.296923,0.703077
hiero_0691,0.490036,0.46178,0.302395,0.299401,0.200599,0.197605,0.143713,0.790419,0.065868,0.371257,0.251497,0.377246,0.323353,0.676647
hiero_0692,0.495082,0.477868,0.25908,0.25908,0.237288,0.244552,0.125908,0.755448,0.118644,0.324455,0.322034,0.353511,0.387409,0.612591
hiero_0693,0.489048,0.563887,0.154206,0.135514,0.35514,0.35514,0.018692,0.682243,0.299065,0.196262,0.598131,0.205607,0.635514,0.364486
hiero_0694,0.522135,0.416829,0.307292,0.427083,0.140625,0.125,0.192708,0.807292,0.0,0.291667,0.333333,0.375,0.427083,0.572917
hiero_0695,0.510552,0.472352,0.25974,0.217532,0.211039,0.311688,0.191558,0.756494,0.051948,0.282468,0.37987,0.337662,0.357143,0.642857
hiero_0696,0.444863,0.50859,0.403141,0.031414,0.293194,0.272251,0.230366,0.492147,0.277487,0.125654,0.78534,0.089005,0.602094,0.397906
hiero_0697,0.575223,0.363914,0.233333,0.452381,0.0,0.314286,0.580952,0.2,0.219048,0.109524,0.571429,0.319048,0.238095,0.761905
hiero_0698,0.530924,0.507867,0.159722,0.274306,0.097222,0.46875,0.357639,0.201389,0.440972,0.055556,0.885417,0.059028,0.333333,0.666667
hiero_0699,0.472818,0.670026,0.122288,0.143984,0.360947,0.372781,0.22288,0.08284,0.69428,0.329389,0.453649,0.216963,0.122288,0.877712
hiero_0700,0.515625,0.541701,0.190164,0.239344,0.12459,0.445902,0.357377,0.137705,0.504918,0.088525,0.809836,0.101639,0.236066,0.763934
hiero_0701,0.476749,0.430339,0.333333,0.294643,0.1875,0.184524,0.46131,0.255952,0.282738,0.005952,0.994048,0.0,0.33631,0.66369
hiero_0702,0.479895,0.445695,0.437063,0.29021,0.003497,0.269231,0.076923,0.846154,0.076923,0.300699,0.34965,0.34965,0.517483,0.482517
hiero_0703,0.461756,0.447103,0.346359,0.207815,0.296625,0.149201,0.293073,0.511545,0.195382,0.175844,0.678508,0.145648,0.46714,0.53286
hiero_0704,0.478299,0.451141,0.333333,0.198413,0.293651,0.174603,0.329365,0.43254,0.238095,0.0,0.992063,0.007937,0.59127,0.40873
hiero_0705,0.488399,0.3997,0.345205,0.339726,0.161644,0.153425,0.463014,0.361644,0.175342,0.079452,0.830137,0.090411,0.473973,0.526027
hiero_0706,0.499956,0.47292,0.210674,0.272472,0.247191,0.269663,0.359551,0.339888,0.300562,0.0,0.994382,0.005618,0.542135,0.457865
hiero_0707,0.487772,0.398664,0.34058,0.32971,0.206522,0.123188,0.496377,0.286232,0.217391,0.0,1.0,0.0,0.452899,0.547101
hiero_0708,0.459609,0.459573,0.331066,0.213152,0.244898,0.210884,0.256236,0.52381,0.219955,0.160998,0.78458,0.054422,0.605442,0.394558
hiero_0709,0.518459,0.485066,0.26372,0.306402,0.172256,0.257622,0.358232,0.349085,0.292683,0.096037,0.666159,0.237805,0.420732,0.579268
hiero_0710,0.478434,0.394979,0.401042,0.333333,0.208333,0.057292,0.5,0.286458,0.213542,0.015625,0.963542,0.020833,0.401042,0.598958
hiero_0711,0.492252,0.365504,0.382597,0.385359,0.116022,0.116022,0.439227,0.45442,0.106354,0.19337,0.592541,0.214088,0.36326,0.63674
hiero_0712,0.498695,0.452026,0.272527,0.298901,0.206593,0.221978,0.261538,0.58022,0.158242,0.035165,0.901099,0.063736,0.63956,0.36044
hiero_0713,0.495766,0.493678,0.244275,0.248092,0.251908,0.255725,0.0,1.0,0.0,0.278626,0.419847,0.301527,0.534351,0.465649
hiero_0714,0.488461,0.488461,0.254417,0.254417,0.250883,0.240283,0.0,1.0,0.0,0.293286,0.409894,0.29682,0.590106,0.409894
hiero_0715,0.499794,0.49594,0.226974,0.230263,0.263158,0.279605,0.009868,0.980263,0.009868,0.381579,0.207237,0.411184,0.279605,0.720395
hiero_0716,0.493121,0.485634,0.233094,0.269065,0.264748,0.233094,0.323741,0.345324,0.330935,0.339568,0.293525,0.366906,0.247482,0.752518
hiero_0717,0.485305,0.543107,0.212944,0.2119,0.305846,0.269311,0.220251,0.377871,0.401879,0.277662,0.448852,0.273486,0.289144,0.710856
hiero_0718,0.506375,0.379406,0.332,0.406,0.122,0.14,0.466,0.388,0.146,0.04,0.878,0.082,0.49,0.51
hiero_0719,0.486213,0.454394,0.310924,0.302521,0.193277,0.193277,0.338936,0.386555,0.27451,0.036415,0.927171,0.036415,0.521008,0.478992
hiero_0720,0.500771,0.436863,0.281116,0.27897,0.201717,0.238197,0.396996,0.311159,0.291845,0.160944,0.622318,0.216738,0.362661,0.637339
hiero_0721,0.530656,0.527448,0.110266,0.334601,0.231939,0.323194,0.30038,0.273764,0.425856,0.13308,0.623574,0.243346,0.304183,0.695817
hiero_0722,0.532753,0.580539,0.078717,0.285714,0.3207,0.314869,0.241983,0.227405,0.530612,0.241983,0.323615,0.434402,0.282799,0.717201
hiero_0723,0.500163,0.59273,0.10705,0.219321,0.336815,0.336815,0.206266,0.29765,0.496084,0.088773,0.809399,0.101828,0.420366,0.579634
hiero_0724,0.519923,0.451599,0.22108,0.339332,0.192802,0.246787,0.37018,0.326478,0.303342,0.179949,0.478149,0.341902,0.300771,0.699229
hiero_0725,0.524432,0.516868,0.188636,0.3,0.256818,0.254545,0.306818,0.261364,0.431818,0.231818,0.365909,0.402273,0.313636,0.686364
hiero_0726,0.520273,0.400844,0.238397,0.402954,0.158228,0.200422,0.462025,0.291139,0.246835,0.187764,0.489451,0.322785,0.259494,0.740506
hiero_0727,0.515444,0.457039,0.223507,0.354528,0.2158,0.206166,0.400771,0.240848,0.358382,0.236994,0.408478,0.354528,0.292871,0.707129
hiero_0728,0.496477,0.533936,0.178571,0.245536,0.296875,0.279018,0.310268,0.265625,0.424107,0.120536,0.767857,0.111607,0.404018,0.595982
hiero_0729,0.50153,0.495978,0.177677,0.246014,0.300683,0.275626,0.273349,0.369021,0.357631,0.366743,0.252847,0.38041,0.148064,0.851936
hiero_0730,0.525572,0.53275,0.141802,0.262925,0.271787,0.323486,0.293944,0.22452,0.481536,0.166913,0.509601,0.323486,0.217134,0.782866
hiero_0731,0.505081,0.512237,0.143631,0.327913,0.349593,0.178862,0.319783,0.289973,0.390244,0.135501,0.639566,0.224932,0.344173,0.655827
hiero_0732,0.654827,0.462464,0.119545,0.428843,0.11575,0.335863,0.358634,0.364326,0.27704,0.174573,0.134725,0.690702,0.081594,0.918406
hiero_0733,0.501349,0.413519,0.302158,0.333333,0.182254,0.182254,0.441247,0.378897,0.179856,0.254197,0.441247,0.304556,0.247002,0.752998
hiero_0734,0.492726,0.424064,0.338362,0.351293,0.159483,0.150862,0.239224,0.706897,0.053879,0.314655,0.340517,0.344828,0.435345,0.564655
hiero_0735,0.46922,0.501504,0.270677,0.276692,0.267669,0.184962,0.231579,0.514286,0.254135,0.296241,0.461654,0.242105,0.357895,0.642105
hiero_0736,0.492367,0.544536,0.172697,0.171053,0.317434,0.338816,0.143092,0.532895,0.324013,0.236842,0.504934,0.258224,0.373355,0.626645
hiero_0737,0.4922,0.587592,0.177743,0.136012,0.332303,0.353941,0.173107,0.323029,0.503864,0.222566,0.540958,0.236476,0.310665,0.689335
hiero_0738,0.490827,0.648816,0.140323,0.096774,0.380645,0.382258,0.183871,0.216129,0.6,0.206452,0.575806,0.217742,0.21129,0.78871
hiero_0739,0.488624,0.445888,0.290368,0.290368,0.209632,0.209632,0.396601,0.325779,0.27762,0.335694,0.320113,0.344193,0.16289,0.83711
hiero_0740,0.484837,0.538793,0.228243,0.215107,0.287356,0.269294,0.239737,0.389163,0.3711,0.239737,0.510673,0.249589,0.382594,0.617406
hiero_0741,0.472402,0.485112,0.298876,0.21573,0.307865,0.177528,0.337079,0.332584,0.330337,0.262921,0.620225,0.116854,0.413483,0.586517
hiero_0742,0.492901,0.447705,0.288032,0.27789,0.210953,0.223124,0.283976,0.572008,0.144016,0.279919,0.407708,0.312373,0.464503,0.535497
hiero_0743,0.517962,0.460894,0.271468,0.292244,0.196676,0.239612,0.397507,0.307479,0.295014,0.210526,0.490305,0.299169,0.271468,0.728532
hiero_0744,0.498653,0.51447,0.199507,0.26601,0.352217,0.182266,0.263547,0.342365,0.394089,0.330049,0.300493,0.369458,0.216749,0.783251
hiero_0745,0.485646,0.390027,0.363636,0.368421,0.143541,0.124402,0.349282,0.650718,0.0,0.0,1.0,0.0,0.741627,0.258373
hiero_0746,0.492915,0.398153,0.323887,0.327935,0.174089,0.174089,0.37247,0.62753,0.0,0.165992,0.615385,0.218623,0.578947,0.421053
hiero_0747,0.493528,0.372862,0.392336,0.390511,0.105839,0.111314,0.44708,0.490876,0.062044,0.39781,0.191606,0.410584,0.164234,0.835766
hiero_0748,0.490493,0.454099,0.269327,0.269327,0.239401,0.221945,0.23192,0.660848,0.107232,0.184539,0.598504,0.216958,0.620948,0.379052
hiero_0749,0.496265,0.423247,0.458537,0.492683,0.02439,0.02439,0.0,1.0,0.0,0.263415,0.439024,0.297561,0.580488,0.419512
hiero_0750,0.499823,0.392711,0.325792,0.337104,0.167421,0.169683,0.432127,0.429864,0.138009,0.418552,0.142534,0.438914,0.171946,0.828054
hiero_0751,0.509795,0.526055,0.172589,0.263959,0.261421,0.30203,0.299492,0.284264,0.416244,0.251269,0.467005,0.281726,0.167513,0.832487
hiero_0752,0.482548,0.423885,0.28655,0.280702,0.222222,0.210526,0.368421,0.631579,0.0,0.380117,0.245614,0.374269,0.269006,0.730994
hiero_0753,0.492188,0.429688,0.29878,0.29878,0.20122,0.20122,0.329268,0.670732,0.0,0.365854,0.256098,0.378049,0.371951,0.628049
hiero_0754,0.484178,0.671153,0.134454,0.134454,0.369748,0.361345,0.176471,0.176471,0.647059,0.159664,0.680672,0.159664,0.210084,0.789916
hiero_0755,0.502203,0.361783,0.347541,0.331148,0.111475,0.209836,0.534426,0.27541,0.190164,0.167213,0.659016,0.17377,0.413115,0.586885
hiero_0756,0.476025,0.408527,0.299595,0.299595,0.259109,0.1417,0.421053,0.340081,0.238866,0.0,1.0,0.0,0.465587,0.534413
hiero_0757,0.431934,0.49145,0.259657,0.152361,0.319742,0.26824,0.223176,0.478541,0.298283,0.233906,0.618026,0.148069,0.364807,0.635193
hiero_0758,0.517853,0.481274,0.148362,0.337187,0.306358,0.208092,0.323699,0.333333,0.342967,0.134875,0.564547,0.300578,0.285164,0.714836
hiero_0759,0.47178,0.437405,0.333333,0.248485,0.218182,0.2,0.321212,0.678788,0.0,0.418182,0.254545,0.327273,0.315152,0.684848
hiero_0760,0.498192,0.489429,0.234421,0.27003,0.240356,0.255193,0.275964,0.406528,0.317507,0.026706,0.896142,0.077151,0.522255,0.477745
hiero_0761,0.493673,0.431443,0.266667,0.279012,0.222222,0.232099,0.345679,0.483951,0.17037,0.02716,0.908642,0.064198,0.57284,0.42716
hiero_0762,0.491827,0.425721,0.350769,0.335385,0.153846,0.16,0.344615,0.449231,0.206154,0.129231,0.732308,0.138462,0.492308,0.507692
hiero_0763,0.492691,0.422458,0.335593,0.335593,0.162712,0.166102,0.379661,0.386441,0.233898,0.142373,0.705085,0.152542,0.440678,0.559322
hiero_0764,0.500671,0.438049,0.273438,0.292969,0.210938,0.222656,0.464844,0.257812,0.277344,0.101562,0.769531,0.128906,0.433594,0.566406
hiero_0765,0.495435,0.464956,0.283951,0.259259,0.218107,0.238683,0.308642,0.440329,0.251029,0.0,1.0,0.0,0.584362,0.415638
hiero_0766,0.483078,0.404888,0.33195,0.302905,0.244813,0.120332,0.497925,0.261411,0.240664,0.0,1.0,0.0,0.423237,0.576763
hiero_0767,0.526101,0.379705,0.261364,0.397727,0.0,0.340909,0.534091,0.238636,0.227273,0.0,1.0,0.0,0.346591,0.653409
hiero_0768,0.497317,0.477036,0.29798,0.267677,0.19697,0.237374,0.419192,0.247475,0.333333,0.0,1.0,0.0,0.419192,0.580808
hiero_0769,0.499287,0.509077,0.240664,0.26556,0.161826,0.33195,0.319502,0.327801,0.352697,0.0,1.0,0.0,0.526971,0.473029
hiero_0770,0.498277,0.476355,0.277567,0.277567,0.220532,0.224335,0.273764,0.444867,0.281369,0.0,1.0,0.0,0.577947,0.422053
hiero_0771,0.483847,0.519852,0.236715,0.217391,0.280193,0.2657,0.285024,0.333333,0.381643,0.0,1.0,0.0,0.502415,0.497585
hiero_0772,0.441374,0.426717,0.334711,0.347107,0.247934,0.070248,0.359504,0.475207,0.165289,0.247934,0.698347,0.053719,0.57438,0.42562
hiero_0773,0.511547,0.459709,0.191824,0.330189,0.169811,0.308176,0.339623,0.349057,0.311321,0.204403,0.540881,0.254717,0.314465,0.685535
hiero_0774,0.516717,0.394825,0.360215,0.333333,0.112903,0.193548,0.424731,0.430108,0.145161,0.134409,0.591398,0.274194,0.483871,0.516129
hiero_0775,0.466367,0.421412,0.487288,0.466102,0.04661,0.0,0.008475,0.991525,0.0,0.381356,0.288136,0.330508,0.427966,0.572034
hiero_0776,0.469893,0.427515,0.546341,0.058537,0.0,0.395122,0.317073,0.497561,0.185366,0.278049,0.478049,0.243902,0.478049,0.521951
hiero_0777,0.486649,0.491931,0.267606,0.258216,0.239437,0.234742,0.314554,0.328638,0.356808,0.0,1.0,0.0,0.497653,0.502347
hiero_0778,0.491968,0.567222,0.174455,0.17134,0.327103,0.327103,0.208723,0.323988,0.46729,0.087227,0.813084,0.099688,0.470405,0.529595
hiero_0779,0.479987,0.56464,0.150685,0.130137,0.408676,0.310502,0.157534,0.436073,0.406393,0.041096,0.936073,0.022831,0.63242,0.36758
hiero_0780,0.561073,0.498886,0.25167,0.291759,0.0,0.45657,0.240535,0.469933,0.289532,0.126949,0.576837,0.296214,0.44098,0.55902
hiero_0781,0.517396,0.521028,0.278336,0.193687,0.180775,0.347202,0.170732,0.549498,0.27977,0.209469,0.487805,0.302726,0.407461,0.592539
hiero_0782,0.451298,0.410282,0.552419,0.225806,0.032258,0.189516,0.221774,0.778226,0.0,0.370968,0.346774,0.282258,0.447581,0.552419
hiero_0783,0.570884,0.398692,0.199187,0.45122,0.0,0.349593,0.51626,0.256098,0.227642,0.044715,0.715447,0.239837,0.365854,0.634146
hiero_0784,0.482615,0.449676,0.292793,0.265766,0.220721,0.220721,0.400901,0.315315,0.283784,0.0,1.0,0.0,0.45045,0.54955
hiero_0785,0.486665,0.427465,0.314655,0.284483,0.193966,0.206897,0.443966,0.297414,0.258621,0.0,1.0,0.0,0.478448,0.521552
hiero_0786,0.487624,0.376238,0.50495,0.49505,0.0,0.0,0.0,1.0,0.0,0.287129,0.415842,0.29703,0.524752,0.475248
hiero_0787,0.479375,0.354107,0.531429,0.468571,0.0,0.0,0.297143,0.702857,0.0,0.28,0.462857,0.257143,0.582857,0.417143
hiero_0788,0.496176,0.362653,0.48951,0.51049,0.0,0.0,0.314685,0.685315,0.0,0.223776,0.531469,0.244755,0.629371,0.370629
hiero_0789,0.55231,0.3643,0.418478,0.581522,0.0,0.0,0.119565,0.880435,0.0,0.298913,0.228261,0.472826,0.293478,0.706522
hiero_0790,0.481908,0.413294,0.295195,0.28833,0.199085,0.217391,0.398169,0.400458,0.201373,0.292906,0.423341,0.283753,0.405034,0.594966
hiero_0791,0.484868,0.457154,0.328386,0.269017,0.191095,0.211503,0.315399,0.48423,0.200371,0.250464,0.502783,0.246753,0.445269,0.554731
hiero_0792,0.524247,0.38634,0.287625,0.438127,0.107023,0.167224,0.521739,0.331104,0.147157,0.06689,0.772575,0.160535,0.491639,0.508361
hiero_0793,0.524089,0.439345,0.236111,0.347222,0.0,0.416667,0.430556,0.291667,0.277778,0.0,1.0,0.0,0.444444,0.555556
hiero_0794,0.526324,0.49746,0.0,0.497537,0.305419,0.197044,0.300493,0.364532,0.334975,0.0,1.0,0.0,0.527094,0.472906
hiero_0795,0.468814,0.441165,0.255144,0.419753,0.259259,0.065844,0.123457,0.876543,0.0,0.37037,0.325103,0.304527,0.44856,0.55144
hiero_0796,0.488872,0.488034,0.35122,0.121951,0.092683,0.434146,0.321951,0.35122,0.326829,0.0,1.0,0.0,0.517073,0.482927
hiero_0797,0.629093,0.557134,0.083067,0.228435,0.178914,0.509585,0.135783,0.539936,0.324281,0.169329,0.250799,0.579872,0.236422,0.763578
hiero_0798,0.508738,0.460822,0.207407,0.318519,0.177778,0.296296,0.3,0.437037,0.262963,0.0,1.0,0.0,0.611111,0.388889
hiero_0799,0.517736,0.481902,0.19305,0.293436,0.181467,0.332046,0.339768,0.339768,0.320463,0.0,1.0,0.0,0.486486,0.513514
hiero_0800,0.509756,0.440361,0.234742,0.347418,0.089202,0.328638,0.309859,0.502347,0.187793,0.0,1.0,0.0,0.605634,0.394366
hiero_0801,0.47413,0.481132,0.127358,0.273585,0.325472,0.273585,0.150943,0.834906,0.014151,0.320755,0.396226,0.283019,0.45283,0.54717
hiero_0802,0.493274,0.496807,0.221739,0.221739,0.273913,0.282609,0.291304,0.404348,0.304348,0.0,1.0,0.0,0.591304,0.408696
hiero_0803,0.49192,0.490019,0.262357,0.273764,0.231939,0.231939,0.247148,0.479087,0.273764,0.0,1.0,0.0,0.60076,0.39924
hiero_0804,0.384472,0.431401,0.398964,0.148532,0.309154,0.143351,0.398964,0.385147,0.215889,0.525043,0.278066,0.196891,0.188256,0.811744
hiero_0805,0.477471,0.521875,0.288372,0.167442,0.260465,0.283721,0.286047,0.318605,0.395349,0.123256,0.748837,0.127907,0.432558,0.567442
hiero_0806,0.568271,0.485642,0.117117,0.393393,0.264264,0.225225,0.177177,0.633634,0.189189,0.192192,0.336336,0.471471,0.444444,0.555556
hiero_0807,0.564219,0.4598,0.18123,0.365696,0.245955,0.20712,0.171521,0.828479,0.0,0.226537,0.333333,0.440129,0.427184,0.572816
hiero_0808,0.491932,0.427339,0.297386,0.297386,0.199346,0.205882,0.346405,0.46732,0.186275,0.218954,0.54902,0.232026,0.398693,0.601307
hiero_0809,0.504885,0.534102,0.266019,0.207767,0.234951,0.291262,0.242718,0.419417,0.337864,0.27767,0.41165,0.31068,0.299029,0.700971
hiero_0810,0.513704,0.470735,0.372951,0.163934,0.118852,0.344262,0.209016,0.713115,0.077869,0.331967,0.278689,0.389344,0.389344,0.610656
hiero_0811,0.494985,0.490355,0.382716,0.123457,0.123457,0.37037,0.1893,0.567901,0.242798,0.341564,0.300412,0.358025,0.390947,0.609053
hiero_0812,0.502,0.55875,0.238,0.11,0.252,0.4,0.224,0.392,0.384,0.276,0.376,0.348,0.302,0.698
hiero_0813,0.510817,0.415064,0.373219,0.239316,0.131054,0.25641,0.347578,0.54416,0.108262,0.207977,0.51567,0.276353,0.401709,0.598291
hiero_0814,0.66887,0.412901,0.276923,0.484615,0.0,0.238462,0.266667,0.623077,0.110256,0.182051,0.153846,0.664103,0.215385,0.784615
hiero_0815,0.619594,0.455,0.258,0.338,0.09,0.314,0.206,0.628,0.166,0.14,0.338,0.522,0.27,0.73
hiero_0816,0.455241,0.551921,0.260417,0.15625,0.322917,0.260417,0.270833,0.286458,0.442708,0.0,1.0,0.0,0.40625,0.59375
hiero_0817,0.507146,0.500381,0.231707,0.256098,0.158537,0.353659,0.323171,0.329268,0.347561,0.0,1.0,0.0,0.5,0.5
hiero_0818,0.496075,0.46798,0.236453,0.325123,0.221675,0.216749,0.453202,0.206897,0.339901,0.29064,0.408867,0.300493,0.078818,0.921182
hiero_0819,0.550881,0.537911,0.0,0.445513,0.333333,0.221154,0.285256,0.294872,0.419872,0.205128,0.403846,0.391026,0.282051,0.717949
hiero_0820,0.561753,0.512178,0.0,0.389706,0.363971,0.246324,0.246324,0.411765,0.341912,0.227941,0.268382,0.503676,0.338235,0.661765
hiero_0821,0.484811,0.502917,0.193133,0.369099,0.285408,0.152361,0.195279,0.525751,0.27897,0.291845,0.439914,0.26824,0.396996,0.603004
hiero_0822,0.505337,0.536317,0.071782,0.361386,0.358911,0.207921,0.220297,0.433168,0.346535,0.267327,0.405941,0.326733,0.309406,0.690594
hiero_0823,0.493439,0.495468,0.107735,0.323204,0.364641,0.20442,0.185083,0.555249,0.259669,0.30663,0.31768,0.375691,0.38674,0.61326
hiero_0824,0.458576,0.467713,0.415233,0.12285,0.174447,0.287469,0.29484,0.484029,0.22113,0.235872,0.619165,0.144963,0.530713,0.469287
hiero_0825,0.470354,0.479335,0.316716,0.205279,0.31085,0.167155,0.278592,0.457478,0.26393,0.0,0.985337,0.014663,0.633431,0.366569
hiero_0826,0.519152,0.479911,0.202857,0.317143,0.16,0.32,0.274286,0.468571,0.257143,0.0,0.994286,0.005714,0.634286,0.365714
hiero_0827,0.465502,0.434384,0.429775,0.182584,0.087079,0.300562,0.235955,0.764045,0.0,0.320225,0.410112,0.269663,0.511236,0.488764
hiero_0828,0.46416,0.443791,0.422442,0.132013,0.112211,0.333333,0.336634,0.663366,0.0,0.336634,0.379538,0.283828,0.452145,0.547855
hiero_0829,0.499503,0.467424,0.220159,0.281167,0.323607,0.175066,0.222812,0.644562,0.132626,0.376658,0.270557,0.352785,0.344828,0.655172
hiero_0830,0.522497,0.453239,0.060219,0.45073,0.337591,0.15146,0.370438,0.425182,0.20438,0.304745,0.306569,0.388686,0.279197,0.720803
hiero_0831,0.53997,0.546086,0.0,0.356061,0.356061,0.287879,0.272727,0.247475,0.479798,0.242424,0.343434,0.414141,0.239899,0.760101
hiero_0832,0.539321,0.580628,0.0,0.314917,0.370166,0.314917,0.20442,0.290055,0.505525,0.251381,0.314917,0.433702,0.267956,0.732044
hiero_0833,0.576713,0.535216,0.253846,0.142308,0.098077,0.505769,0.165385,0.494231,0.340385,0.2,0.355769,0.444231,0.273077,0.726923
hiero_0834,0.439751,0.475341,0.304527,0.240741,0.263374,0.191358,0.010288,0.989712,0.0,0.430041,0.273663,0.296296,0.393004,0.606996
hiero_0835,0.426801,0.491562,0.297158,0.191214,0.325581,0.186047,0.041344,0.899225,0.059432,0.470284,0.255814,0.273902,0.351421,0.648579
hiero_0836,0.378145,0.570376,0.294599,0.047463,0.399345,0.258592,0.209493,0.327332,0.463175,0.587561,0.211129,0.201309,0.1473,0.8527
hiero_0837,0.474838,0.465463,0.319481,0.236364,0.25974,0.184416,0.322078,0.477922,0.2,0.285714,0.441558,0.272727,0.335065,0.664935
hiero_0838,0.47709,0.498791,0.265873,0.180556,0.295635,0.257937,0.313492,0.345238,0.34127,0.315476,0.378968,0.305556,0.267857,0.732143
hiero_0839,0.497921,0.472908,0.459227,0.081545,0.04721,0.412017,0.171674,0.708155,0.120172,0.32618,0.321888,0.351931,0.450644,0.549356
hiero_0840,0.439603,0.411759,0.583333,0.391026,0.025641,0.0,0.0,1.0,0.0,0.371795,0.435897,0.192308,0.557692,0.442308
hiero_0841,0.438447,0.433633,0.494949,0.318182,0.131313,0.055556,0.050505,0.949495,0.0,0.39899,0.383838,0.217172,0.606061,0.393939
hiero_0842,0.492393,0.39741,0.348684,0.355263,0.144737,0.151316,0.328947,0.578947,0.092105,0.0,1.0,0.0,0.743421,0.256579
hiero_0843,0.491539,0.408433,0.318777,0.31441,0.183406,0.183406,0.419214,0.318777,0.262009,0.0,1.0,0.0,0.467249,0.532751
hiero_0844,0.492549,0.465061,0.282407,0.277778,0.226852,0.212963,0.305556,0.416667,0.277778,0.0,1.0,0.0,0.574074,0.425926
hiero_0845,0.49379,0.51429,0.277778,0.24359,0.247863,0.230769,0.333333,0.273504,0.393162,0.0,1.0,0.0,0.435897,0.564103
hiero_0846,0.499642,0.467407,0.269341,0.335244,0.197708,0.197708,0.352436,0.366762,0.280802,0.0,0.965616,0.034384,0.555874,0.444126
hiero_0847,0.486654,0.491374,0.244792,0.255208,0.260417,0.239583,0.385417,0.21875,0.395833,0.0,1.0,0.0,0.401042,0.598958
hiero_0848,0.484375,0.484268,0.273973,0.260274,0.239726,0.226027,0.308219,0.363014,0.328767,0.0,1.0,0.0,0.5,0.5
hiero_0849,0.49501,0.586086,0.178707,0.178707,0.319392,0.323194,0.212928,0.26616,0.520913,0.0,0.946768,0.053232,0.391635,0.608365
hiero_0850,0.507121,0.540445,0.168142,0.265487,0.243363,0.323009,0.252212,0.336283,0.411504,0.0,0.964602,0.035398,0.460177,0.539823
hiero_0851,0.492721,0.561619,0.21365,0.189911,0.246291,0.350148,0.166172,0.412463,0.421365,0.071217,0.839763,0.089021,0.468843,0.531157
hiero_0852,0.520703,0.406797,0.275,0.345,0.205,0.175,0.435,0.375,0.19,0.065,0.585,0.35,0.545,0.455
hiero_0853,0.246938,0.433066,0.527027,0.209459,0.263514,0.0,0.162162,0.77027,0.067568,0.716216,0.141892,0.141892,0.209459,0.790541
hiero_0854,0.496803,0.559973,0.237624,0.155116,0.29703,0.310231,0.273927,0.227723,0.49835,0.0,0.963696,0.036304,0.339934,0.660066
hiero_0855,0.515121,0.445709,0.211982,0.336406,0.198157,0.253456,0.359447,0.396313,0.24424,0.0,1.0,0.0,0.479263,0.520737
hiero_0856,0.523921,0.466745,0.154867,0.380531,0.207965,0.256637,0.367257,0.318584,0.314159,0.0,1.0,0.0,0.442478,0.557522
hiero_0857,0.492805,0.442733,0.283721,0.311628,0.139535,0.265116,0.404651,0.330233,0.265116,0.0,1.0,0.0,0.47907,0.52093
hiero_0858,0.440087,0.441789,0.424837,0.213508,0.189542,0.172113,0.246187,0.625272,0.12854,0.254902,0.605664,0.139434,0.433551,0.566449
hiero_0859,0.493548,0.500544,0.233831,0.258706,0.253731,0.253731,0.293532,0.358209,0.348259,0.0,1.0,0.0,0.487562,0.512438
hiero_0860,0.50991,0.409658,0.375839,0.342282,0.120805,0.161074,0.389262,0.449664,0.161074,0.255034,0.439597,0.305369,0.281879,0.718121
hiero_0861,0.514696,0.480585,0.198748,0.378717,0.209703,0.212833,0.330203,0.405321,0.264476,0.192488,0.533646,0.273865,0.248826,0.751174
hiero_0862,0.484153,0.596586,0.238434,0.106762,0.316726,0.338078,0.266904,0.149466,0.58363,0.010676,0.960854,0.02847,0.291815,0.708185
hiero_0863,0.579556,0.58886,0.007634,0.343511,0.328244,0.320611,0.267176,0.229008,0.503817,0.038168,0.526718,0.435115,0.259542,0.740458
hiero_0864,0.493127,0.468809,0.289474,0.300752,0.206767,0.203008,0.274436,0.515038,0.210526,0.12406,0.635338,0.240602,0.432331,0.567669
hiero_0865,0.491851,0.607443,0.16129,0.16129,0.344086,0.333333,0.204301,0.225806,0.569892,0.0,1.0,0.0,0.38172,0.61828
hiero_0866,0.47612,0.347583,0.5,0.301887,0.066038,0.132075,0.462264,0.5,0.037736,0.0,1.0,0.0,0.641509,0.358491
hiero_0867,0.485032,0.350759,0.397196,0.392523,0.098131,0.11215,0.457944,0.504673,0.037383,0.224299,0.556075,0.219626,0.504673,0.495327
hiero_0868,0.479771,0.350069,0.432602,0.360502,0.090909,0.115987,0.45768,0.504702,0.037618,0.332288,0.338558,0.329154,0.272727,0.727273
hiero_0869,0.50026,0.36059,0.352778,0.4,0.125,0.122222,0.433333,0.522222,0.044444,0.327778,0.316667,0.355556,0.294444,0.705556
hiero_0870,0.475831,0.391087,0.300493,0.285714,0.204433,0.20936,0.470443,0.317734,0.211823,0.29064,0.463054,0.246305,0.320197,0.679803
hiero_0871,0.485187,0.434966,0.255717,0.243243,0.255717,0.245322,0.401247,0.326403,0.272349,0.330561,0.33264,0.336798,0.251559,0.748441
hiero_0872,0.508497,0.400408,0.284436,0.288014,0.186047,0.241503,0.45975,0.305903,0.234347,0.298748,0.36136,0.339893,0.237925,0.762075
hiero_0873,0.493293,0.435191,0.248834,0.248834,0.247278,0.255054,0.399689,0.328149,0.272162,0.318818,0.33437,0.346812,0.217729,0.782271
hiero_0874,0.488403,0.44022,0.238095,0.238095,0.251232,0.272578,0.394089,0.333333,0.272578,0.34647,0.308703,0.344828,0.213465,0.786535
hiero_0875,0.494987,0.337404,0.443686,0.416382,0.05802,0.081911,0.474403,0.525597,0.0,0.351536,0.273038,0.375427,0.255973,0.744027
hiero_0876,0.49043,0.376953,0.48125,0.39375,0.0125,0.1125,0.30625,0.68125,0.0125,0.05625,0.8875,0.05625,0.75625,0.24375
hiero_0877,0.476562,0.498816,0.318182,0.178788,0.215152,0.287879,0.187879,0.548485,0.263636,0.215152,0.584848,0.2,0.551515,0.448485
hiero_0878,0.489435,0.362161,0.43224,0.399429,0.068474,0.099857,0.416548,0.559201,0.024251,0.32097,0.339515,0.339515,0.28388,0.71612
hiero_0879,0.467492,0.493131,0.19195,0.201238,0.408669,0.198142,0.26935,0.464396,0.266254,0.346749,0.352941,0.30031,0.263158,0.736842
hiero_0880,0.492708,0.507417,0.237333,0.24,0.261333,0.261333,0.274667,0.381333,0.344,0.098667,0.762667,0.138667,0.458667,0.541333
hiero_0881,0.490867,0.435079,0.309859,0.288732,0.197183,0.204225,0.316901,0.5,0.183099,0.0,1.0,0.0,0.774648,0.225352
hiero_0882,0.483825,0.430018,0.309859,0.288732,0.211268,0.190141,0.302817,0.549296,0.147887,0.0,1.0,0.0,0.739437,0.260563
hiero_0883,0.489993,0.487615,0.259843,0.251969,0.244094,0.244094,0.312336,0.364829,0.322835,0.026247,0.913386,0.060367,0.47769,0.52231
hiero_0884,0.490988,0.475945,0.27907,0.274419,0.227907,0.218605,0.316279,0.418605,0.265116,0.004651,0.990698,0.004651,0.534884,0.465116
hiero_0885,0.487912,0.429334,0.300412,0.283951,0.218107,0.197531,0.427984,0.296296,0.27572,0.032922,0.930041,0.037037,0.407407,0.592593
hiero_0886,0.497031,0.435469,0.27,0.283333,0.223333,0.223333,0.336667,0.546667,0.116667,0.19,0.546667,0.263333,0.54,0.46
hiero_0887,0.496982,0.417543,0.277259,0.283489,0.211838,0.227414,0.358255,0.641745,0.0,0.317757,0.327103,0.35514,0.339564,0.660436
hiero_0888,0.455909,0.416936,0.385057,0.155172,0.247126,0.212644,0.37931,0.62069,0.0,0.132184,0.787356,0.08046,0.724138,0.275862
hiero_0889,0.461982,0.417396,0.414013,0.152866,0.203822,0.229299,0.350318,0.649682,0.0,0.070064,0.866242,0.063694,0.770701,0.229299
hiero_0890,0.528089,0.417901,0.150289,0.398844,0.213873,0.236994,0.369942,0.630058,0.0,0.046243,0.803468,0.150289,0.739884,0.260116
hiero_0891,0.518925,0.418381,0.161491,0.403727,0.229814,0.204969,0.347826,0.652174,0.0,0.049689,0.813665,0.136646,0.776398,0.223602
hiero_0892,0.491835,0.330343,0.477419,0.451613,0.0,0.070968,0.535484,0.464516,0.0,0.251613,0.451613,0.296774,0.490323,0.509677
hiero_0893,0.512539,0.388021,0.425926,0.376543,0.0,0.197531,0.320988,0.679012,0.0,0.216049,0.438272,0.345679,0.660494,0.339506
hiero_0894,0.540696,0.403409,0.377273,0.418182,0.0,0.204545,0.245455,0.718182,0.036364,0.15,0.490909,0.359091,0.690909,0.309091
hiero_0895,0.452211,0.419225,0.538012,0.432749,0.02924,0.0,0.02924,0.97076,0.0,0.374269,0.368421,0.25731,0.520468,0.479532
hiero_0896,0.450035,0.416578,0.536723,0.435028,0.028249,0.0,0.033898,0.966102,0.0,0.378531,0.355932,0.265537,0.502825,0.497175
hiero_0897,0.464787,0.435474,0.317003,0.259366,0.216138,0.207493,0.389049,0.400576,0.210375,0.262248,0.559078,0.178674,0.54755,0.45245
hiero_0898,0.491493,0.41362,0.407008,0.407008,0.097035,0.088949,0.16442,0.83558,0.0,0.204852,0.563342,0.231806,0.722372,0.277628
hiero_0899,0.491518,0.427288,0.310714,0.310714,0.189286,0.189286,0.385714,0.378571,0.235714,0.085714,0.810714,0.103571,0.496429,0.503571
hiero_0900,0.503803,0.421669,0.305921,0.342105,0.154605,0.197368,0.394737,0.404605,0.200658,0.0,1.0,0.0,0.569079,0.430921
hiero_0901,0.498629,0.457785,0.301754,0.305263,0.196491,0.196491,0.280702,0.466667,0.252632,0.396491,0.192982,0.410526,0.277193,0.722807
hiero_0902,0.502913,0.374206,0.389831,0.440678,0.084746,0.084746,0.40678,0.59322,0.0,0.0,1.0,0.0,1.0,0.0
hiero_0903,0.502913,0.377781,0.262712,0.29661,0.211864,0.228814,0.466102,0.381356,0.152542,0.0,1.0,0.0,0.516949,0.483051
hiero_0904,0.491552,0.306868,0.360465,0.343023,0.145349,0.151163,0.622093,0.273256,0.104651,0.156977,0.680233,0.162791,0.354651,0.645349
hiero_0905,0.493484,0.382513,0.280851,0.268085,0.221277,0.229787,0.455319,0.391489,0.153191,0.229787,0.523404,0.246809,0.387234,0.612766
hiero_0906,0.487123,0.338578,0.32069,0.317241,0.175862,0.186207,0.551724,0.324138,0.124138,0.296552,0.4,0.303448,0.3,0.7
hiero_0907,0.485083,0.383277,0.27762,0.269122,0.223796,0.229462,0.453258,0.393768,0.152975,0.334278,0.331445,0.334278,0.280453,0.719547
hiero_0908,0.497934,0.372245,0.278237,0.283747,0.212121,0.225895,0.473829,0.37741,0.14876,0.327824,0.333333,0.338843,0.267218,0.732782
hiero_0909,0.491443,0.377439,0.280423,0.280423,0.219577,0.219577,0.455026,0.402116,0.142857,0.335979,0.328042,0.335979,0.240741,0.759259
hiero_0910,0.485026,0.45055,0.280303,0.276515,0.221591,0.221591,0.329545,0.329545,0.340909,0.333333,0.333333,0.333333,0.25,0.75
hiero_0911,0.496094,0.373437,0.408333,0.425,0.083333,0.083333,0.408333,0.591667,0.0,0.225,0.525,0.25,0.45,0.55
hiero_0912,0.488173,0.372842,0.414365,0.41989,0.082873,0.082873,0.414365,0.585635,0.0,0.325967,0.337017,0.337017,0.508287,0.491713
hiero_0913,0.491785,0.366624,0.42268,0.42268,0.07732,0.07732,0.448454,0.551546,0.0,0.335052,0.329897,0.335052,0.278351,0.721649
hiero_0914,0.487558,0.38274,0.412037,0.402778,0.092593,0.092593,0.361111,0.638889,0.0,0.356481,0.282407,0.361111,0.425926,0.574074
hiero_0915,0.55255,0.425597,0.353774,0.301887,0.066038,0.278302,0.410377,0.363208,0.226415,0.275943,0.245283,0.478774,0.245283,0.754717
hiero_0916,0.547845,0.350377,0.382759,0.431034,0.0,0.186207,0.503448,0.424138,0.072414,0.258621,0.258621,0.482759,0.137931,0.862069
hiero_0917,0.580118,0.359118,0.329218,0.473251,0.0,0.197531,0.493827,0.427984,0.078189,0.197531,0.271605,0.530864,0.144033,0.855967
hiero_0918,0.497617,0.383121,0.485876,0.457627,0.0,0.056497,0.096045,0.903955,0.0,0.282486,0.39548,0.322034,0.502825,0.497175
hiero_0919,0.501083,0.439975,0.267327,0.455446,0.0,0.277228,0.306931,0.514851,0.178218,0.0,1.0,0.0,0.772277,0.227723
hiero_0920,0.475543,0.353668,0.513043,0.243478,0.243478,0.0,0.53913,0.304348,0.156522,0.0,1.0,0.0,0.452174,0.547826
hiero_0921,0.495576,0.39405,0.410959,0.410959,0.086758,0.091324,0.360731,0.639269,0.0,0.347032,0.287671,0.365297,0.30137,0.69863
hiero_0922,0.494498,0.405755,0.5,0.5,0.0,0.0,0.049296,0.950704,0.0,0.383803,0.221831,0.394366,0.31338,0.68662
hiero_0923,0.484512,0.491365,0.267544,0.254386,0.245614,0.232456,0.324561,0.346491,0.328947,0.0,1.0,0.0,0.530702,0.469298
hiero_0924,0.499302,0.459019,0.261161,0.334821,0.227679,0.176339,0.256696,0.580357,0.162946,0.196429,0.566964,0.236607,0.399554,0.600446
hiero_0925,0.475904,0.411573,0.333333,0.307692,0.197802,0.161172,0.435897,0.333333,0.230769,0.054945,0.908425,0.03663,0.435897,0.564103
hiero_0926,0.488725,0.415203,0.302703,0.345946,0.218919,0.132432,0.310811,0.516216,0.172973,0.2,0.6,0.2,0.318919,0.681081
hiero_0927,0.483572,0.351197,0.406542,0.397196,0.102804,0.093458,0.551402,0.448598,0.0,0.32243,0.359813,0.317757,0.308411,0.691589
hiero_0928,0.492796,0.343937,0.502994,0.497006,0.0,0.0,0.556886,0.443114,0.0,0.263473,0.449102,0.287425,0.461078,0.538922
hiero_0929,0.544326,0.365296,0.352632,0.573684,0.052632,0.021053,0.394737,0.605263,0.0,0.273684,0.278947,0.447368,0.321053,0.678947
hiero_0930,0.449728,0.362545,0.507246,0.338164,0.057971,0.096618,0.42029,0.57971,0.0,0.410628,0.275362,0.31401,0.2657,0.7343
hiero_0931,0.489241,0.404152,0.34,0.34,0.162857,0.157143,0.234286,0.765714,0.0,0.274286,0.437143,0.288571,0.44,0.56
hiero_0932,0.461835,0.388896,0.417021,0.242553,0.174468,0.165957,0.489362,0.302128,0.208511,0.238298,0.604255,0.157447,0.357447,0.642553
hiero_0933,0.481704,0.424212,0.307692,0.286325,0.213675,0.192308,0.346154,0.517094,0.136752,0.205128,0.602564,0.192308,0.692308,0.307692
hiero_0934,0.467888,0.396197,0.408088,0.272059,0.165441,0.154412,0.426471,0.389706,0.183824,0.216912,0.628676,0.154412,0.459559,0.540441
hiero_0935,0.446374,0.454111,0.383495,0.121359,0.242718,0.252427,0.315534,0.485437,0.199029,0.276699,0.567961,0.15534,0.567961,0.432039
hiero_0936,0.474794,0.426505,0.316872,0.374486,0.164609,0.144033,0.37037,0.415638,0.213992,0.255144,0.633745,0.111111,0.526749,0.473251
hiero_0937,0.517169,0.400445,0.256917,0.387352,0.185771,0.16996,0.490119,0.300395,0.209486,0.26087,0.363636,0.375494,0.031621,0.968379
hiero_0938,0.447431,0.461181,0.448889,0.142222,0.142222,0.266667,0.244444,0.537778,0.217778,0.44,0.257778,0.302222,0.368889,0.631111
hiero_0939,0.490089,0.488304,0.257143,0.245714,0.257143,0.24,0.331429,0.325714,0.342857,0.0,1.0,0.0,0.491429,0.508571
hiero_0940,0.496368,0.517427,0.227027,0.230631,0.230631,0.311712,0.221622,0.45045,0.327928,0.043243,0.897297,0.059459,0.603604,0.396396
hiero_0941,0.455915,0.398438,0.517857,0.178571,0.125,0.178571,0.357143,0.642857,0.0,0.0,1.0,0.0,1.0,0.0
hiero_0942,0.463728,0.398438,0.348214,0.348214,0.151786,0.151786,0.357143,0.642857,0.0,0.321429,0.464286,0.214286,0.553571,0.446429
hiero_0943,0.485015,0.392544,0.350877,0.342105,0.154971,0.152047,0.511696,0.274854,0.21345,0.201754,0.596491,0.201754,0.277778,0.722222
hiero_0944,0.484324,0.419526,0.352941,0.310458,0.169935,0.166667,0.454248,0.313725,0.232026,0.199346,0.604575,0.196078,0.336601,0.663399
hiero_0945,0.484501,0.401795,0.365462,0.345382,0.148594,0.140562,0.325301,0.674699,0.0,0.257028,0.493976,0.248996,0.534137,0.465863
hiero_0946,0.478966,0.393104,0.403846,0.375,0.115385,0.105769,0.326923,0.673077,0.0,0.240385,0.533654,0.225962,0.576923,0.423077
hiero_0947,0.493926,0.490669,0.253918,0.257053,0.241379,0.247649,0.37931,0.231975,0.388715,0.263323,0.460815,0.275862,0.15047,0.84953
hiero_0948,0.491692,0.433466,0.297593,0.304158,0.203501,0.194748,0.321663,0.461707,0.21663,0.218818,0.544858,0.236324,0.31291,0.68709
hiero_0949,0.493363,0.347513,0.367893,0.371237,0.130435,0.130435,0.491639,0.374582,0.133779,0.38796,0.210702,0.401338,0.070234,0.929766
hiero_0950,0.481377,0.373732,0.346863,0.328413,0.166052,0.158672,0.457565,0.420664,0.121771,0.339483,0.332103,0.328413,0.309963,0.690037
hiero_0951,0.511875,0.429514,0.306667,0.351111,0.168889,0.173333,0.164444,0.835556,0.0,0.315556,0.311111,0.373333,0.404444,0.595556
hiero_0952,0.479582,0.333914,0.458167,0.310757,0.10757,0.123506,0.50996,0.398406,0.091633,0.099602,0.729084,0.171315,0.52988,0.47012
hiero_0953,0.520224,0.326865,0.302419,0.471774,0.112903,0.112903,0.532258,0.379032,0.08871,0.08871,0.66129,0.25,0.5,0.5
hiero_0954,0.492188,0.360259,0.396226,0.396226,0.103774,0.103774,0.45283,0.54717,0.0,0.160377,0.632075,0.207547,0.518868,0.481132
hiero_0955,0.48792,0.363839,0.462185,0.361345,0.07563,0.10084,0.478992,0.521008,0.0,0.159664,0.596639,0.243697,0.605042,0.394958
hiero_0956,0.492808,0.378803,0.380952,0.386243,0.116402,0.116402,0.359788,0.640212,0.0,0.089947,0.761905,0.148148,0.677249,0.322751
hiero_0957,0.492188,0.403999,0.347458,0.347458,0.152542,0.152542,0.29661,0.70339,0.0,0.131356,0.686441,0.182203,0.754237,0.245763
hiero_0958,0.492188,0.399698,0.314516,0.314516,0.185484,0.185484,0.322581,0.677419,0.0,0.209677,0.491935,0.298387,0.66129,0.33871
hiero_0959,0.500677,0.439038,0.271654,0.295276,0.212598,0.220472,0.42126,0.275591,0.30315,0.0,1.0,0.0,0.389764,0.610236
hiero_0960,0.48876,0.51609,0.224907,0.247212,0.263941,0.263941,0.310409,0.29368,0.395911,0.371747,0.243494,0.384758,0.135688,0.864312
hiero_0961,0.478172,0.463175,0.268844,0.261307,0.21608,0.253769,0.371859,0.311558,0.316583,0.188442,0.71608,0.095477,0.376884,0.623116
hiero_0962,0.473704,0.49784,0.227642,0.25,0.292683,0.229675,0.357724,0.239837,0.402439,0.25,0.623984,0.126016,0.306911,0.693089
hiero_0963,0.490778,0.505885,0.245358,0.246684,0.253316,0.254642,0.314324,0.340849,0.344828,0.262599,0.453581,0.28382,0.261273,0.738727
hiero_0964,0.484942,0.477207,0.313531,0.224422,0.277228,0.184818,0.323432,0.379538,0.29703,0.191419,0.613861,0.194719,0.267327,0.732673
hiero_0965,0.509348,0.497709,0.247609,0.259299,0.230606,0.262487,0.333688,0.329437,0.336876,0.289054,0.368757,0.342189,0.225292,0.774708
hiero_0966,0.490019,0.468034,0.269542,0.277628,0.226415,0.226415,0.339623,0.369272,0.291105,0.318059,0.3531,0.328841,0.204852,0.795148
hiero_0967,0.492695,0.565341,0.172078,0.181818,0.318182,0.327922,0.237013,0.285714,0.477273,0.012987,0.967532,0.019481,0.425325,0.574675
hiero_0968,0.487689,0.514678,0.238636,0.219697,0.265152,0.276515,0.223485,0.439394,0.337121,0.007576,0.977273,0.015152,0.598485,0.401515
hiero_0969,0.490084,0.430288,0.285714,0.271978,0.228022,0.214286,0.260989,0.629121,0.10989,0.186813,0.604396,0.208791,0.651099,0.348901
hiero_0970,0.484917,0.399386,0.34104,0.323699,0.16763,0.16763,0.369942,0.49711,0.132948,0.052023,0.895954,0.052023,0.722543,0.277457
hiero_0971,0.49415,0.383516,0.36019,0.36019,0.137441,0.14218,0.407583,0.469194,0.123223,0.21327,0.530806,0.255924,0.492891,0.507109
hiero_0972,0.485294,0.390625,0.367647,0.345588,0.139706,0.147059,0.433824,0.566176,0.0,0.0,1.0,0.0,0.875,0.125
hiero_0973,0.486729,0.387372,0.358904,0.345205,0.145205,0.150685,0.465753,0.534247,0.0,0.328767,0.345205,0.326027,0.391781,0.608219
hiero_0974,0.537408,0.557892,0.126005,0.27882,0.257373,0.337802,0.225201,0.33244,0.442359,0.040214,0.72118,0.238606,0.428954,0.571046
hiero_0975,0.496257,0.419108,0.322917,0.333333,0.166667,0.177083,0.208333,0.791667,0.0,0.1875,0.572917,0.239583,1.0,0.0
hiero_0976,0.489641,0.416005,0.331492,0.331492,0.171271,0.165746,0.337017,0.513812,0.149171,0.016575,0.939227,0.044199,0.718232,0.281768
hiero_0977,0.48737,0.441548,0.279793,0.279793,0.212435,0.227979,0.34715,0.378238,0.274611,0.186528,0.611399,0.202073,0.533679,0.466321
hiero_0978,0.48835,0.407004,0.337719,0.333333,0.166667,0.162281,0.324561,0.675439,0.0,0.27193,0.45614,0.27193,0.473684,0.526316
hiero_0979,0.492971,0.428429,0.294833,0.288754,0.203647,0.212766,0.291793,0.708207,0.0,0.319149,0.346505,0.334347,0.355623,0.644377
hiero_0980,0.484375,0.4075,0.306667,0.3,0.2,0.193333,0.38,0.62,0.0,0.36,0.28,0.36,0.333333,0.666667
hiero_0981,0.464261,0.418508,0.381215,0.248619,0.165746,0.20442,0.088398,0.911602,0.0,0.425414,0.232044,0.342541,0.298343,0.701657
hiero_0982,0.504639,0.424072,0.276042,0.3125,0.203125,0.208333,0.302083,0.697917,0.0,0.171875,0.598958,0.229167,0.567708,0.432292
hiero_0983,0.52354,0.423109,0.223684,0.447368,0.105263,0.223684,0.25,0.75,0.0,0.052632,0.842105,0.105263,0.782895,0.217105
hiero_0984,0.542411,0.447433,0.092857,0.421429,0.3,0.185714,0.285714,0.714286,0.0,0.128571,0.542857,0.328571,0.528571,0.471429
hiero_0985,0.486632,0.595081,0.17037,0.159259,0.340741,0.32963,0.192593,0.3,0.507407,0.051852,0.888889,0.059259,0.462963,0.537037
hiero_0986,0.486954,0.546723,0.223301,0.208738,0.281553,0.286408,0.252427,0.34466,0.402913,0.067961,0.854369,0.07767,0.466019,0.533981
hiero_0987,0.494792,0.427572,0.317708,0.338542,0.171875,0.171875,0.078125,0.921875,0.0,0.265625,0.447917,0.286458,0.546875,0.453125
hiero_0988,0.507563,0.475648,0.31383,0.207447,0.281915,0.196809,0.292553,0.43617,0.271277,0.0,1.0,0.0,0.569149,0.430851
hiero_0989,0.492619,0.42801,0.300613,0.306748,0.196319,0.196319,0.07362,0.92638,0.0,0.294479,0.398773,0.306748,0.496933,0.503067
hiero_0990,0.452649,0.458122,0.211506,0.311337,0.326565,0.150592,0.351946,0.380711,0.267343,0.350254,0.43824,0.211506,0.34687,0.65313
hiero_0991,0.516487,0.463134,0.314947,0.185053,0.174377,0.325623,0.345196,0.377224,0.27758,0.208185,0.44484,0.346975,0.362989,0.637011
hiero_0992,0.4941,0.383493,0.352697,0.352697,0.145228,0.149378,0.365145,0.634855,0.0,0.327801,0.311203,0.360996,0.290456,0.709544
hiero_0993,0.484375,0.401693,0.333333,0.325,0.175,0.166667,0.425,0.4,0.175,0.0,1.0,0.0,0.716667,0.283333
hiero_0994,0.49265,0.402428,0.301075,0.352151,0.247312,0.099462,0.438172,0.36828,0.193548,0.056452,0.803763,0.139785,0.456989,0.543011
hiero_0995,0.506642,0.362197,0.354626,0.403084,0.094714,0.147577,0.508811,0.348018,0.143172,0.0,0.960352,0.039648,0.484581,0.515419
hiero_0996,0.492188,0.5,0.240741,0.240741,0.259259,0.259259,0.0,0.851852,0.148148,0.0,1.0,0.0,1.0,0.0
hiero_0997,0.49722,0.500959,0.239264,0.239264,0.263804,0.257669,0.0,0.846626,0.153374,0.331288,0.337423,0.331288,0.349693,0.650307
hiero_0998,0.493561,0.500947,0.236364,0.242424,0.254545,0.266667,0.0,0.842424,0.157576,0.327273,0.327273,0.345455,0.587879,0.412121
hiero_0999,0.514648,0.501674,0.196429,0.258929,0.25,0.294643,0.0,1.0,0.0,0.258929,0.366071,0.375,0.6875,0.3125
hiero_1000,0.493561,0.582197,0.163636,0.163636,0.327273,0.345455,0.230303,0.272727,0.49697,0.327273,0.327273,0.345455,0.254545,0.745455
hiero_1001,0.492378,0.404154,0.329268,0.341463,0.164634,0.164634,0.469512,0.286585,0.243902,0.329268,0.329268,0.341463,0.243902,0.756098
hiero_1002,0.492188,0.481681,0.258621,0.258621,0.241379,0.241379,0.344828,0.327586,0.327586,0.0,1.0,0.0,0.517241,0.482759
hiero_1003,0.492188,0.485405,0.252747,0.252747,0.247253,0.247253,0.340659,0.32967,0.32967,0.137363,0.692308,0.17033,0.32967,0.67033
hiero_1004,0.484375,0.420956,0.352941,0.313725,0.176471,0.156863,0.333333,0.480392,0.186275,0.0,1.0,0.0,0.676471,0.323529
hiero_1005,0.488326,0.499282,0.247126,0.235632,0.264368,0.252874,0.0,0.873563,0.126437,0.114943,0.747126,0.137931,0.91954,0.08046
hiero_1006,0.493263,0.501433,0.238532,0.238532,0.256881,0.266055,0.0,0.844037,0.155963,0.211009,0.559633,0.229358,0.981651,0.018349
hiero_1007,0.492867,0.486073,0.358696,0.152174,0.119565,0.369565,0.076087,0.847826,0.076087,0.0,1.0,0.0,1.0,0.0
hiero_1008,0.494733,0.498596,0.348315,0.134831,0.134831,0.382022,0.0,0.876404,0.123596,0.0,1.0,0.0,1.0,0.0
hiero_1009,0.560429,0.429569,0.424242,0.310606,0.0,0.265152,0.212121,0.723485,0.064394,0.272727,0.284091,0.443182,0.371212,0.628788
hiero_1010,0.469281,0.443027,0.414966,0.251701,0.170068,0.163265,0.306122,0.496599,0.197279,0.068027,0.897959,0.034014,0.659864,0.340136
hiero_1011,0.486916,0.407285,0.301205,0.295181,0.204819,0.198795,0.39759,0.60241,0.0,0.373494,0.253012,0.373494,0.277108,0.722892
hiero_1012,0.49564,0.484583,0.239203,0.265781,0.255814,0.239203,0.252492,0.495017,0.252492,0.232558,0.495017,0.272425,0.528239,0.471761
hiero_1013,0.488706,0.494942,0.237251,0.259424,0.261641,0.241685,0.239468,0.481153,0.279379,0.363636,0.266075,0.370288,0.359202,0.640798
hiero_1014,0.492188,0.497812,0.245,0.245,0.255,0.255,0.21,0.57,0.22,0.12,0.75,0.13,0.52,0.48
hiero_1015,0.487007,0.446217,0.568421,0.021053,0.0,0.410526,0.389474,0.4,0.210526,0.126316,0.736842,0.136842,0.589474,0.410526
hiero_1016,0.490792,0.452985,0.276786,0.267857,0.232143,0.223214,0.241071,0.758929,0.0,0.080357,0.75,0.169643,1.0,0.0
hiero_1017,0.457997,0.476815,0.505376,0.0,0.150538,0.344086,0.096774,0.903226,0.0,0.0,1.0,0.0,0.956989,0.043011
hiero_1018,0.484375,0.492188,0.5,0.0,0.5,0.0,0.041667,0.875,0.083333,0.0,1.0,0.0,1.0,0.0
hiero_1019,0.492188,0.492188,0.25,0.25,0.25,0.25,0.041667,0.875,0.083333,0.0,1.0,0.0,1.0,0.0
hiero_1020,0.5,0.492188,0.166667,0.333333,0.166667,0.333333,0.041667,0.875,0.083333,0.0,1.0,0.0,1.0,0.0
hiero_1021,0.488281,0.492188,0.25,0.25,0.25,0.25,0.041667,0.875,0.083333,0.25,0.5,0.25,0.875,0.125
hiero_1022,0.496875,0.439063,0.2,0.4,0.2,0.2,0.4,0.333333,0.266667,0.0,1.0,0.0,0.508333,0.491667
hiero_1023,0.5,0.484375,0.166667,0.333333,0.166667,0.333333,0.333333,0.333333,0.333333,0.0,1.0,0.0,0.5,0.5
hiero_1024,0.486607,0.452009,0.285714,0.285714,0.285714,0.142857,0.380952,0.333333,0.285714,0.142857,0.714286,0.142857,0.428571,0.571429
hiero_1025,0.488281,0.484375,0.25,0.25,0.25,0.25,0.333333,0.333333,0.333333,0.25,0.5,0.25,0.40625,0.59375
hiero_1026,0.5,0.489583,0.169935,0.339869,0.163399,0.326797,0.333333,0.333333,0.333333,0.0,1.0,0.0,0.431373,0.568627
hiero_1027,0.49375,0.492188,0.2,0.3,0.2,0.3,0.041667,0.875,0.083333,0.2,0.6,0.2,0.6,0.4
hiero_1028,0.476562,0.40625,0.541667,0.458333,0.0,0.0,0.0,1.0,0.0,0.083333,0.875,0.041667,1.0,0.0
hiero_1029,0.476562,0.4375,0.270833,0.229167,0.270833,0.229167,0.0,1.0,0.0,0.083333,0.875,0.041667,1.0,0.0
hiero_1030,0.476562,0.484375,0.361111,0.305556,0.180556,0.152778,0.0,1.0,0.0,0.083333,0.875,0.041667,0.986111,0.013889
hiero_1031,0.476562,0.5,0.270833,0.229167,0.270833,0.229167,0.25,0.5,0.25,0.083333,0.875,0.041667,0.8125,0.1875
hiero_1032,0.448437,0.484375,0.4,0.2,0.2,0.2,0.0,1.0,0.0,0.375,0.358333,0.266667,0.508333,0.491667
hiero_1033,0.492188,0.484375,0.333333,0.333333,0.166667,0.166667,0.0,1.0,0.0,0.3125,0.354167,0.333333,0.493056,0.506944
hiero_1034,0.460938,0.5,0.285714,0.142857,0.285714,0.285714,0.142857,0.714286,0.142857,0.357143,0.357143,0.285714,0.446429,0.553571
hiero_1035,0.492188,0.5,0.25,0.25,0.25,0.25,0.25,0.5,0.25,0.3125,0.354167,0.333333,0.395833,0.604167
hiero_1036,0.492188,0.484375,0.333333,0.333333,0.166667,0.166667,0.0,1.0,0.0,0.303571,0.375,0.321429,0.428571,0.571429
hiero_1037,0.492188,0.484375,0.251969,0.251969,0.248031,0.248031,0.15748,0.685039,0.15748,0.177165,0.614173,0.208661,0.755906,0.244094
hiero_1038,0.498264,0.481337,0.217593,0.300926,0.282407,0.199074,0.314815,0.388889,0.296296,0.282407,0.398148,0.319444,0.314815,0.685185
hiero_1039,0.528415,0.466759,0.285714,0.281853,0.220077,0.212355,0.305019,0.455598,0.239382,0.150579,0.482625,0.366795,0.320463,0.679537
hiero_1040,0.464143,0.474893,0.5,0.149573,0.141026,0.209402,0.132479,0.675214,0.192308,0.299145,0.42735,0.273504,0.41453,0.58547
hiero_1041,0.489385,0.548206,0.20852,0.201794,0.295964,0.293722,0.224215,0.401345,0.374439,0.286996,0.412556,0.300448,0.311659,0.688341
hiero_1042,0.486193,0.50303,0.240997,0.235457,0.257618,0.265928,0.146814,0.623269,0.229917,0.362881,0.268698,0.368421,0.260388,0.739612
hiero_1043,0.53902,0.540471,0.0,0.289617,0.409836,0.300546,0.0,0.710383,0.289617,0.289617,0.229508,0.480874,0.349727,0.650273
hiero_1044,0.427365,0.537838,0.302703,0.0,0.302703,0.394595,0.0,0.713514,0.286486,0.486486,0.227027,0.286486,0.340541,0.659459
hiero_1045,0.5158,0.600222,0.0,0.317164,0.447761,0.235075,0.152985,0.33209,0.514925,0.279851,0.358209,0.36194,0.339552,0.660448
hiero_1046,0.5,0.484375,0.333333,0.424242,0.080808,0.161616,0.0,1.0,0.0,0.30303,0.373737,0.323232,0.474747,0.525253
hiero_1047,0.451964,0.493036,0.257143,0.211429,0.285714,0.245714,0.0,1.0,0.0,0.417143,0.24,0.342857,0.32,0.68
hiero_1048,0.480324,0.521557,0.259259,0.018519,0.25463,0.467593,0.0,1.0,0.0,0.333333,0.337963,0.328704,0.5,0.5
hiero_1049,0.457114,0.500111,0.234043,0.22695,0.312057,0.22695,0.0,1.0,0.0,0.390071,0.297872,0.312057,0.411348,0.588652
hiero_1050,0.484375,0.484375,0.258065,0.25,0.25,0.241935,0.0,1.0,0.0,0.330645,0.33871,0.330645,0.483871,0.516129
hiero_1051,0.476357,0.511445,0.201754,0.236842,0.315789,0.245614,0.0,1.0,0.0,0.355263,0.328947,0.315789,0.447368,0.552632
hiero_1052,0.513956,0.574105,0.0,0.174757,0.475728,0.349515,0.004854,0.713592,0.281553,0.286408,0.330097,0.383495,0.432039,0.567961
hiero_1053,0.42694,0.490733,0.282759,0.206897,0.303448,0.206897,0.0,1.0,0.0,0.434483,0.289655,0.275862,0.386207,0.613793
hiero_1054,0.436663,0.503488,0.285714,0.1875,0.339286,0.1875,0.0,1.0,0.0,0.357143,0.446429,0.196429,0.598214,0.401786
hiero_1055,0.521027,0.55128,0.0,0.297872,0.356383,0.345745,0.132979,0.526596,0.340426,0.223404,0.478723,0.297872,0.393617,0.606383
hiero_1056,0.506905,0.50478,0.184136,0.354108,0.232295,0.229462,0.348442,0.303116,0.348442,0.322946,0.300283,0.376771,0.164306,0.835694
hiero_1057,0.490741,0.397735,0.359788,0.354497,0.142857,0.142857,0.417989,0.402116,0.179894,0.407407,0.179894,0.412698,0.063492,0.936508
hiero_1058,0.464098,0.44895,0.290076,0.267176,0.282443,0.160305,0.354962,0.39313,0.251908,0.152672,0.679389,0.167939,0.431298,0.568702
hiero_1059,0.499649,0.686798,0.0,0.179775,0.38764,0.432584,0.117978,0.213483,0.668539,0.129213,0.707865,0.162921,0.393258,0.606742
hiero_1060,0.525613,0.52845,0.179177,0.312349,0.251816,0.256659,0.162228,0.549637,0.288136,0.249395,0.428571,0.322034,0.363196,0.636804
hiero_1061,0.49177,0.399571,0.368957,0.366412,0.132316,0.132316,0.361323,0.549618,0.089059,0.445293,0.10687,0.447837,0.124682,0.875318
hiero_1062,0.488142,0.389788,0.380952,0.366071,0.127976,0.125,0.383929,0.616071,0.0,0.389881,0.208333,0.401786,0.33631,0.66369
hiero_1063,0.496995,0.514503,0.176923,0.182051,0.312821,0.328205,0.171795,0.582051,0.246154,0.164103,0.648718,0.187179,0.474359,0.525641
hiero_1064,0.552851,0.428879,0.269592,0.360502,0.0,0.369906,0.420063,0.304075,0.275862,0.037618,0.69279,0.269592,0.404389,0.595611
hiero_1065,0.491574,0.424442,0.307143,0.303571,0.196429,0.192857,0.475,0.278571,0.246429,0.0,0.964286,0.035714,0.385714,0.614286
hiero_1066,0.538905,0.485109,0.14094,0.389262,0.04698,0.422819,0.281879,0.422819,0.295302,0.0,1.0,0.0,0.543624,0.456376
hiero_1067,0.515419,0.49815,0.269737,0.210526,0.309211,0.210526,0.276316,0.434211,0.289474,0.0,1.0,0.0,0.565789,0.434211
hiero_1068,0.488974,0.536479,0.21371,0.21371,0.278226,0.294355,0.274194,0.28629,0.439516,0.0,1.0,0.0,0.475806,0.524194
hiero_1069,0.493791,0.532115,0.270358,0.169381,0.228013,0.332248,0.208469,0.465798,0.325733,0.058632,0.81759,0.123779,0.52443,0.47557
hiero_1070,0.478804,0.479144,0.265217,0.252174,0.252174,0.230435,0.373913,0.273913,0.352174,0.0,1.0,0.0,0.417391,0.582609
hiero_1071,0.484375,0.492188,0.254386,0.245614,0.254386,0.245614,0.307018,0.368421,0.324561,0.116959,0.766082,0.116959,0.432749,0.567251
