gardiner_code,gardiner_source,unicode_cp,unicode,unikemet_code,jsesh_code,category,description,function,core
A1,kEH_HG,13000,U+13000,A001,A1,A-01-001,"Man, seated, right knee raised, right arm raised, left arm in front of body.",Classifier human being,C
A10,kEH_HG,1300C,U+1300C,A010,A10,A-12-042,"Man, seated, right knee raised, right arm extended forward, holding the shaft of an oar, with the blade at the level of the feet, left arm hanging beside the body.",Classifier sailing/rowing,C
A100B,kEH_HG,134C1,U+134C1,HJ A100B,A100B,A-05-028,"Man, horizontal, in a swimming pose, right arm forwards, left arm beside the body, above a rectangle representing water, with a curved line of water over the man starting at the right hand.",Classifier swimming,C
A101,kEH_HG,134C3,U+134C3,HJ A101,A101,A-05-030,"A man, written at 35 degree forwards, as if standing, with both arms raised in front, written inside a circle of wavy lines.",Phonemogram,C
A101D,kEH_HG,134C5,U+134C5,HJ A101D,A101D,A-05-035,"Man, written at 45 degree forward, both arms raised at either side of the body, hand palms outwards, inside an oval with a dotted line.",Classifier swimming,C
A102,kEH_HG,134C2,U+134C2,HJ A102,A102,A-05-029,,,
A103,kEH_HG,136C4,U+136C4,HJ A103,A103,A-34-004,"A man, lying down on a bed, facing upwards, knees slightly bent, right arm under the body, left arm over the body.",Classifier to awake,C
A104,kEH_HG,136C5,U+136C5,HJ A104,A104,A-34-005,"Man, written horizontally, facing down, right arm in front, left arm over the body, on top of a bed.",Classifier to sleep,C
A104B,kEH_HG,136C8,U+136C8,HJ A104B,A104B,A-34-009,"A man, mummy form, without beard, lying on a bed with short triangular bedposts, facing upwards.",Classifier to sleep,C
A108,kEH_HG,134D0,U+134D0,HJ A108,A108,A-06-024,"Man, standing, both arms in front, holding a stick/staff.",Classifier to cut down,C
A109,kEH_HG,134D3,U+134D3,HJ A109,A109,A-06-029,"Man, standing, wearing a long sash-kilt, with a cone-like shape on its head, right arm in front, holding a long stick/staff, left arm hanging beside the body.","Logogram (great one, chief)",C
A109A,kEH_HG,134D5,U+134D5,HJ A109A,A109A,A-06-033,"Man, standing, wearing a long sash-kilt, with two feathers on his head, right arm in front, holding a stick/staff, left arm hanging beside the body.",,C
A109B,kEH_HG,134D6,U+134D6,HJ A109B,A109B,A-06-035,"Man, standing, with a palm branch, stripped of leaves and a round notch on front, with the curve at the top backwards (M4), on the head, right arm in forward, holding a stick/staff, left arm hanging beside the body.","Logogram (great one, chief)",C
A109C,kEH_HG,134D4,U+134D4,HJ A109C,A109C,A-06-032,"Man, standing, wearing a long sash-kilt, with a feather (H6) on his head, right arm in front, holding a stick/staff, left arm hanging beside the body.",Logogram (great),C
A109E,kEH_HG,1348A,U+1348A,HJ A109E,A109E,A-02-006,"Man, standing, bent slightly forwards, with a feather/cone on his head, angled backwards, with the arms hanging at either side of the body.",Classifier foreigner (Nubian),C
A109H,kEH_HG,134D1,U+134D1,HJ A109H,A109h,A-06-027,"Man, standing, with a backward line on the head, right arm forwards, holding a stick/staff, left arm hanging beside the body.",Logogram (great),C
A11,kEH_HG,1300D,U+1300D,A011,A11,A-07-041,"Man, seated, right knee raised, right arm raised In front, holding a sceptre (S42), angled towards the head, left arm in front of the body, holding a stick, resting against the shoulder.",Phonemogram,C
A111,kEH_HG,134D9,U+134D9,HJ A111,A111,A-06-041,"Man standing, with a feather on his head (H8), right arm forward, holding a body-length wAs scepter (sceptre with a straight shaft, a forked base, topped with the head of the Seth animal (S40)), left arm hanging beside the body.",Logogram (son/child of),C
A113,kEH_HG,134CE,U+134CE,HJ A113,A113,A-06-018,"Man, standing on top of the sky (N1), right arm forwards, holding a stick/staff, left arm hanging beside the body.",Logogram (elder of the court),C
A114,kEH_HG,134DC,U+134DC,HJ A114,A114,A-07-002,"Man, seated, right knee raised, right arm raised, holding a conical shape at the height of the shoulder, angled forward, left arm hanging beside the body.","Logogram (humankind, patricians)",C
A114B,kEH_HG,134DB,U+134DB,HJ A114B,A114B,A-07-001,"Man, seated, right knee raised, right arm raised, holding a conical shape at the height of the shoulder, angled forward, left arm in front of body.","Logogram (humankind, patricians)",C
A115,kEH_HG,134DE,U+134DE,HJ A115,A115,A-07-005,"Man, seated, right knee raised, right arm raised, holding a basin or wickerwork basket at the height of the shoulder, left arm hanging beside the body. ",Classifier swallowing,C
A116,kEH_HG,13049,U+13049,A064,A116,A-07-006,"Man, seated on heel, both knees down, back straight, arm extended in front, forearm horizontal, holding a wide cup (W10). ","Classifier to lift, to carry",C
A116B,kEH_HG,134DD,U+134DD,HJ A116B,A116B,A-07-003,"Man, seated, right knee raised, right arm raised, holding a cup or vessel, about the size of the hand, at the height of the shoulder, left arm in front of the body.",Logogram (to drink),C
A119,kEH_HG,134EA,U+134EA,HJ A119,A119,A-07-031,"Man, seated, right knee raised, horned viper on his head, right arm raised in front, holding the viper at the neck, left arm hanging beside the body.","Logogram (to lift, to carry)",C
A119A,kEH_HG,13503,U+13503,HJ A119A,A119A,A-08-013,,,
A12,kEH_HG,1300E,U+1300E,A012,A12,A-17-003,"Man, seated on heel, right knee up, with a feather (H6) on his head, angling backwards, right arm forwards, forearm horizontal, holding a composite bow (T10), left arm in front of the body, holding a stick which angles backwards, leaning against the left shoulder.",Logogram (army),C
A121,kEH_HG,134ED,U+134ED,HJ A121,A121,A-07-035,"Man, seated, right knee raised, with a circle (sun disk) on his head, arms raised at either side of the body, supporting the sign for the sky (N1) which has the points at the hands, with the sign on top of the circle.",Logogram (Heh (divinity)),C
A121C,kEH_HG,13504,U+13504,HJ A121C,A121C,A-08-014,"Man, standing, arms raised at either side of the body, supporting the sign for the sky (N1).",Logogram (to suppport/to raise the sky),C
A123,kEH_HG,134FE,U+134FE,HJ A123,A123,A-08-005,"Man, standing, a horizontal oval on his head, right arm raised in front, with the hand at the oval, left arm hanging beside the body.","Classifier to lift, to carry",C
A124,kEH_HG,13500,U+13500,HJ A124,A124,A-08-008,"Man, standing, a circle on his head, right arm raised in front, with the hand at the circle, left arm hanging beside the body.",Phonemogram,C
A125,kEH_HG,13501,U+13501,HJ A125,A125,A-08-009,"Man, standing, arms raised at either side of the body, supporting a vessel with a small base and a broad rim (W77), with three vertical oval loaves of bread on top of it.",Logogram (to raise up offerings),C
A12A,kEH_HG,135AA,U+135AA,HJ A012A,A12A,A-17-015,"Man, seated, right knee raised, right arm in front, forearm horizontal, holding a shield, left arm in front of the body, holding a mace (T3) which angles backwards, leaning against the shoulder, mace head above the shoulder.",Logogram (army),C
A12C,kEH_HG,1359B,U+1359B,HJ A012C,A12C,A-16-041,"Man, seated on heel, right leg extended with foot in front of the left leg, right arm forward, forearm horizontal, holding a shield, left arm in front of the body.",,C
A12D,kEH_HG,1359C,U+1359C,HJ A012D,A12D,A-16-042,"Man, seated, right knee raised, right arm forward, holding a mace (T3), angling backwards, left arm over the body, holding a mace (T3), angling backwards against the left shoulder. ",Classifier army,C
A13,kEH_HG,1300F,U+1300F,A013,A13,A-18-001,"Man (enemy), seated on heel, both knees down, both arms behind the back, bound together with rope.",Classifier rebel/enemy ,C
A131A,kEH_HG,13508,U+13508,HJ A131A,A131A,A-08-025,"Man, standing, with a child (A17: knees at 90 degree, both lower legs visible, slightly apart, right arm raised with hand to mouth, left arm hanging beside the body) on his head, right arm raised, supporting the child, left arm hanging beside the body.",Phonemogram,C
A131C,kEH_HG,134FC,U+134FC,HJ A131C,A131C,A-07-060,"Man, seated on heel, both knees down, both arms extended in front, supporting a child (A17: knees at 90 degree, both lower legs visible, slightly apart, right arm raised with hand to mouth, left arm hanging beside the body).",Phonemogram,C
A133A,kEH_HG,13515,U+13515,HJ A133A,A133A,A-09-013,,,
A133B,kEH_HG,1351D,U+1351D,HJ A133B,A133B,A-09-031,"Man, seated on heel, right leg extended with the foot in front of the left knee, both arms extended forwards, one arm at the height of the shoulder, one at the height of the of the chest, hand palms horizontal, hand palms upwards, inside a double dotted line running from two vessels with a small base and a broad rim (W77), in front and behind the man, with the double line of dots curving over the man.","Logogram (pure, clean)",C
A135B,kEH_HG,13521,U+13521,HJ A135B,A135B,A-10-003,,,
A135C,kEH_HG,13522,U+13522,HJ A135C,A135C,A-10-007,"Man, standing, right arm forward, holding a tall water pot with a spout at 45 degree, with water issuing from the spout, left arm hanging beside the body.",Logogram (to pour),C
A135D,kEH_HG,13523,U+13523,HJ A135D,A135D,A-10-009,"Man, standing, both arms forward, holding a vessel at the height of the waist, with a dotted line coming from the vessel.",Logogram (to libate)?,C
A136,kEH_HG,13524,U+13524,HJ A136,A136,A-10-012,"Man, standing, both arms forward, right forearm above left forearm, with a ripple of water (N35) written nearly horizontally above the right forearm and hand.",Classifier greeting,C
A139A,kEH_HG,13547,U+13547,HJ A139A,A139A,A-12-064,"A man, seated, right knee raised, both arms forwards, holding a book roll with the first page unrolled.",Classifier to open (a scroll),C
A13A,kEH_HG,135AF,U+135AF,HJ A013A,A13A,A-18-003,"Man (enemy), seated on heel, both knees down, with a line of liquid coming from the top of the head, towards the front, curving downwards, both arms behind the back, bound together with rope.",Classifier rebel/enemy ,C
A13B,kEH_HG,135B0,U+135B0,HJ A013B,A13B,A-18-007,"Man, seated on heel, both knees down, with a line of liquid coming from the face/neck, towards the front, curving downwards, both arms behind the back, bound together with rope.",Classifier rebel,C
A13E,kEH_HG,135B6,U+135B6,HJ A013E,A13E,A-18-023,"Man (foreigner), seated on heel, right knee raised, with foreign headdress and bushy beard, both arms behind the back, bound with rope. ",Classifier Syrian,C
A13F,kEH_HG,135B7,U+135B7,HJ A013F,A13F,A-18-024,"Man (enemy), with hands bound to feet at the back.",Classifier enemy/rebel (Xerxes),C
A13G,kEH_HG,135B8,U+135B8,HJ A013G,A13G,A-18-027,"Man (enemy), without head, with hands bound to feet at the back.",Classifier evil one,C
A14,kEH_HG,13010,U+13010,A014,A14,A-18-081,"Man, curled up, right and left lower legs separated, back nearly horizontal, both arms forward, forearms horizontal, grasping a line of liquid (blood) which comes from the head.","Classifier rebel, opponent",C
A141,kEH_HG,1352B,U+1352B,HJ A141,A141,A-12-004,"Man, seated on heel, right knee raised, back slightly bent, both arms forward, holding a reed pipe ending in a tuyère at his mouth, behind a vessel from which a flame, which angles away from the man, comes.",Classifier melting/casting,C
A142,kEH_HG,1352C,U+1352C,HJ A142,A142,A-12-005,"Man, seated on heel, left knee raised, right hand forward, holding the top of a horizontal drill of a bow-drill, with the point of the drill in a N25-like base, left arm in front of the body, holding the bow of the bow-drill.",Logogram (overseer of the deserts),C
A143,kEH_HG,1352D,U+1352D,HJ A143,A143,A-12-006,"Man, kneeling on both knees, toes down, back bent forwards, both arms downwards on top of a grindstone.",Classifier grinding,
A143A,kEH_HG,13540,U+13540,HJ A143A,A143A,A-12-050,"Man, seated, both knees down, back bent forwards, both arms extended forwards, hands at a brick or block which is at the level of the knees.",Classifier pot-stand/sideboard,C
A144,kEH_HG,1352F,U+1352F,HJ A144,A144,A-12-009,"Man, standing, back bent forwards, both arms downwards, holding a rectangular grain measure vessel.",Classifier (to measure),C
A148,kEH_HG,13530,U+13530,HJ A148,A148,A-12-016,"Man, standing, back bent forward, right arm forward, holding a bundle of grain stalks, left arm in front of the body, holding a sickle with the point at the base of the bundle of grain stalks.",Classifier reaping/harvesting,C
A14A,kEH_JSesh,13011,U+13011,A014A,A14A,A-18-074,"Man, seated on heel, right knee raised, with a band of cloth around the middle, both arms forward, holding an axe with the axeblade in the forehead of the man.",Classifier death,C
A14B,kEH_HG,135CF,U+135CF,HJ A014B,A14B,A-18-078,"Man, seated on heel, both knees down, both arms forward, holding an axe with the axeblade in the head of the man.",Logogram (rebel),C
A14C,kEH_HG,135D0,U+135D0,HJ A014C,A14C,A-18-079,"Man, curled up, right and left lower legs separated, back nearly horizontal, both arms forward, holding and axe with the axeblade in the head of the man.",Logogram enemy/rebel,C
A14D,kEH_HG,135D2,U+135D2,HJ A014D,A14D,A-18-082,,,
A14G,kEH_HG,135CC,U+135CC,HJ A014G,A14G,A-18-069,"Man, curled up, right and left leg separated, with a band of cloth around the middle, both arms forward, holding an axe with the axeblade close/in the forehead.",Classifier rebel,C
A14H,kEH_HG,135D1,U+135D1,HJ A014H,A14h,A-18-080,,,
A14I,kEH_HG,135CE,U+135CE,HJ A014I,A14I,A-18-077,,,
A15,kEH_HG,13012,U+13012,A015,A15,A-05-004,"Man, written horizontally, facing down, arms raised in front.",Logogram (to fall),C
A150,kEH_HG,13531,U+13531,HJ A150,A150,A-12-017,"Man, standing, back bent forward, both arms toward the front, holding a hammer with a round head, above a spike or pointy pole.",Logogram (to drive in the mooring post),C
A153,kEH_HG,136C9,U+136C9,HJ A153,A153,A-34-010,"The king, seated on heel, both knees down, with a long straight beard, uraeus and coif/long wig, both arms forward, at the top of a sealed ointment jar (W2).",Classifier (ointment vessel in the shape of the king),C
A153A,kEH_HG,136CA,U+136CA,HJ A153A,A153A,A-34-011,"The king, seated on heel, both knees down, with a long straight beard, uraeus and coif/long wig, back bent forward, arm forward, hand at the height of the waist, holding a cup or vessel (W10).",Classifier wine,C
A158,kEH_HG,1353A,U+1353A,HJ A158,A158,A-12-034,"Man, seated on a chair, at a potter's wheel with a vessel on top of it, both arms forward, near the top of the wheel, right leg extended, right foot at the base of the potter's wheel.","Logogram (to create, to shape)",C
A158B,kEH_HG,1353B,U+1353B,HJ A158B,A158B,A-12-036,"Man, standing at a potter's wheel with a lump of clay on top of it, right leg extended, right foot at the base of the potter's wheel, both arms extended in front, right hand above the lump of clay, left hand at the top of the potter's wheel.","Classifier to create, to shape",C
A158D,kEH_HG,1353C,U+1353C,HJ A158D,A158D,A-12-040,"Man, kneeling, right foot with the toes on the ground, left foot flat on the ground, back bent forwards, arms extended forward, hands at the rim of a vessel on a low hand operated potter's wheel.",Classifier to create,C
A158F,kEH_HG,1353D,U+1353D,HJ A158F,A158F,A-12-041,"Man, standing, back bent forwards, arms extended forward, hands at the rim of a vessel on a low hand operated potter's wheel.",Classifier to create,C
A16,kEH_HG,13013,U+13013,A016,A16,A-04-005,"Man, standing, bent forwards, arms hanging downwards, extended towards the front.",Classifier bowing,C
A160,kEH_HG,1354E,U+1354E,HJ A160,A160,A-13-003,"Man, seated, both knees up, with covered legs and arms, with short straight beard and short hair/wig, holding a crook (HqA, S38), with the opening outwards.",Logogram (to guard),C
A165,kEH_HG,13567,U+13567,HJ A165,A165,A-14-012,"Man, seated, right knee raised, right arm extended forward, holding a bag with one tie, oriented away from the body, left arm in front of the body.",Logogram (prospector),C
A166,kEH_HG,13565,U+13565,HJ A166,A166,A-14-008,"Man, standing, arms at either side of the body, holding either side of a stick that lies nearly horizontally over his shoulders.",Logogram (herdsman),C
A168,kEH_HG,1356B,U+1356B,HJ A168,A168,A-15-001,"Man, standing, right arm forward, forearm horizontal, holding a sedge plant (M23), which curves towards the front, left arm hanging beside the body.",Logogram (elder),C
A169,kEH_HG,1356E,U+1356E,HJ A169,A169,A-15-005,"Man, standing, both arms forward, left arm at the height of the shoulder, right hand at the height of the waist, holding a wick of twisted flax, consisting of a singular loop at the top (V28A).",Logogram (to protect),C
A16A,kEH_HG,134A6,U+134A6,HJ A016A,A16A,A-04-003,,,
A16B,kEH_HG,134A9,U+134A9,HJ A016B,A16B,A-04-009,,,
A16C,kEH_HG,134A8,U+134A8,HJ A016C,A16C,A-04-008,"Man, standing, bent forwards, front arm hanging downwards towards the front, rear arm bent at 90 degree, forearm and hand horizontal, rear arm hand extending beyond the front arm, at hip level.",Classifier bowing,C
A17,kEH_HG,13014,U+13014,A017,A17,A-23-002,"A child, seated on nothing, forelegs separated, right arm raised with hand to mouth, left arm hanging beside the body.",Classifier youth/child,C
A170,kEH_HG,1356F,U+1356F,HJ A170,A170,A-15-006,"Man, standing, both arms forward, right hand on top of a two-pronged mast of a ship with multiple horizontal lines between the prongs (P6), left hand below the two prongs. ",Logogram (to erect),C
A171,kEH_HG,13570,U+13570,HJ A171,A171,A-15-008,"Man, standing, right arm forwards, hand at the height of the waist, left arm back, hand a the height of the waist, holding a rope in both hands which is connected to a djed pillar (R011) written at 45 degree forward.",Logogram (to erect the djed pillar),C
A174,kEH_HG,13573,U+13573,HJ A174,A174,A-15-013,"Man, standing, right arm forward, hand at the height of the waist, holding the sign for longs and windpipe (F36) of the same size as the man, left arm hanging beside the body.",Logogram (elder),C
A176A,kEH_HG,13575,U+13575,HJ A176A,A176A,A-15-017,"Man, standing, head facing towards the back, right arm towards the front, hand held horizontally at the height of the shoulder, holding a triangular object, left arm towards the front, left hand nearly vertically, between the triangle and the head.",Logogram (myrrh),C
A17A,kEH_HG,1361E,U+1361E,A275,A275,A-23-008,"Child, seated on nothing, forelegs spread, right arm raised in front, hand vertical, hand palm outwards, left arm hanging beside the body.","Classifier to sit, to be comfortable",C
A17B,kEH_HG,13636,U+13636,HJ A017B,A17B,A-23-054,"Child, seated on nothing, one leg visible, right arm raised in front with hand to mouth, left arm hanging beside the body.",Logogram (son/child of),C
A17C,kEH_HG,1362B,U+1362B,HJ A017C,A17C,A-23-032,,,
A17D,kEH_HG,1361D,U+1361D,HJ A017D,A17D,A-23-003,"A child, seated on nothing, forelegs separated, with a side-lock written behind the head, right arm raised with hand to mouth, left arm hanging beside the body.",Classifier youth/child,C
A18,kEH_HG,13016,U+13016,A018,A18,A-23-030,"Child, wearing the red crown (S3), seated on nothing, forelegs spread, right arm raised in front with hand to mouth, left arm hanging beside the body.",Classifier child (royal),C
A181,kEH_HG,13579,U+13579,HJ A181,A181,A-15-028,"Man, standing, right arm extended forwards, arm horizontal, holding the sky (N1) on his hand, left arm hanging beside the body.",Logogram (Onuris),C
A182,kEH_HG,1357A,U+1357A,HJ A182,A182,A-15-029,"Man, standing, right arm forward, right hand held horizontally at the height of the waist, holding an eye with the markings of the head of a falcon (D10), left arm hanging beside the body.",Logogram (Onuris),C
A183,kEH_HG,1357B,U+1357B,HJ A183,A183,A-15-030,"Man, standing, left arm hanging beside the body, right arm forward, forearm horizontal, holding a sceptre.",,C
A184,kEH_HG,134F1,U+134F1,HJ A184,A184,A-07-042,"Man, seated, right knee raised, right arm raised in front, holding a loop of cord with the ties at the top, at the height of the shoulder, left arm hanging beside the body.","Phonemogram (in snm.t, the island Biga)",C
A184A,kEH_HG,1357C,U+1357C,HJ A184A,A184A,A-15-031,"Man, standing, right arm forwards, right hand held horizontally at the height of the waist, holding a loop of cord with the ties upwards (V6), left arm hanging beside the body.",Logogram (prospector),C
A186,kEH_HG,1357F,U+1357F,HJ A186,A186,A-15-035,"Man, standing, both arms forward, right forearm above the left forearm, holding a door written horizontally, with the long side toward the body.",Logogram (gatekeeper),C
A187,kEH_HG,1357D,U+1357D,HJ A187,A187,A-15-033,,,
A188,kEH_HG,13581,U+13581,HJ A188,A188,A-15-041,,,
A189,kEH_HG,13583,U+13583,HJ A189,A189,A-15-044,"Man, standing, right arm extended forwards, arm horizontal, holding a rectangular sail, on a mast of a ship with two prongs, connected by vertical lines (P6), written behind the sail (P5), left arm hanging beside the body.",Logogram (to raise the sail),C
A19,kEH_HG,134CC,U+134CC,A019X,,A-06-013,,,
A190,kEH_HG,1350F,U+1350F,HJ A190,A190,A-08-042,"Man, standing, bent forwards, both arms forwards, holding a cup or vessel at the height of the knees.",Classifier death,C
A195,kEH_HG,1348D,U+1348D,HJ A195,A195,A-02-012,"Two man standing, the first leading the second by the hand.",Classifier deserter/wanderer,C
A199,kEH_HG,13591,U+13591,HJ A199,A199,A-16-014,"Man, standing, arms extended at either side of the body, forearms horizontal at the height of the waist, holding a knife in both hands, angling away from the body.",Classifier driving away,C
A199A,kEH_HG,1304D,U+1304D,A068,A199A,A-16-009,"Man, standing, right arm forward, forearm horizontal at the height of the waist, holding a knife (T30) at a forward angle, left arm hanging beside the body.",Logogram (messenger),C
A1C,kEH_HG,13483,U+13483,HJ A001C,A1C,A-01-067,"Man, seated, right knee raised, right arm raised in front, left arm not shown.",Classifier human being,C
A2,kEH_HG,13001,U+13001,A002,A2,A-01-027,"Man, seated, right knee raised, right arm raised with hand to mouth, left arm hanging beside the body.",Classifier eating/drinking/speech/ silence/thoughts/feelings,C
A20,kEH_HG,13018,U+13018,A020,A20,A-06-009,"Man, standing, with a slightly bent back, right arm in front holding a long staff or pole with a two-pronged end piece for holding down snakes (U116), left arm hanging beside the body.",Logogram (elder),C
A200,kEH_HG,13593,U+13593,HJ A200,A200,A-16-016,"Man, standing, holding a harpoon with the point down, diagonally over the body, from the tip of the right foot beyond the left shoulder, right arm lowered, right hand holding the harpoon between the waist and knee, left arm raised, holding the shaft near the end.",Classifier (harpooner),C
A206,kEH_HG,1359A,U+1359A,HJ A206,A206,A-16-035,"Man, standing, right arm forward, forearm and hand at the level of the waist, holding a shield angled backwards, left arm raised, forearm vertically, holding a mace with a pear shaped head, with the head of the mace above the head of the man.",,C
A207A,kEH_HG,135A4,U+135A4,HJ A207A,A207A,A-16-052,"Man (king) running, wearing the red crown (S3) right arm in front, hand at the height of the waist, holding a vertical spear with the point at the top, left arm raised, forearm nearly vertical, holding a stick which runs from the head to slightly beyond the hand.",Classifier to trample,C
A21,kEH_HG,13019,U+13019,A021,A21,A-06-005,"Man, standing, wearing a short sash-kilt, right arm in front, holding a long stick/staff, left arm hanging beside the body, holding a piece of cloth.",,C
A211,kEH_HG,135A0,U+135A0,HJ A211,A211,A-16-047,,,
A211A,kEH_HG,135A2,U+135A2,HJ A211A,A211A,A-16-049,"Man (foreign), standing, with a foreign headdress, right arm forward, holding a shield, seen from the back, left arm hanging beside the body, holding a sword, with the tip just under the shield.",Classifier army (semitic loanword),C
A212A,kEH_HG,135A3,U+135A3,HJ A212A,A212A,A-16-050,,,
A216,kEH_HG,135BC,U+135BC,HJ A216,A216,A-18-038,"Man, with hands bound to feet at the back, in front of a pole which is forked at the top, to which the man is bound.",Logogram (rebel),C
A216B,kEH_HG,135BF,U+135BF,HJ A216B,A216B,A-18-050,"Man, without head, with hands bound to feet at the back, in front of a pole which is forked at the top, to which the man is bound.",Logogram (rebel),C
A216C,kEH_HG,135C0,U+135C0,A216C,,A-18-051,"Man, seated on heel, both knees down, with a line of liquid coming from the face/neck, towards the front, curving downwards, both arms behind the back, bound together with rope, in front of a pole which is forked at the top, to which the man is bound.",,
A216D,kEH_HG,135C1,U+135C1,HJ A216D,A216D,A-18-052,"Man, seated on heel, both knees down, with a line of liquid coming from the neck/chest, towards the front, curving downwards, both arms behind the back, bound together with rope, in front of a pole which is forked at the top, to which the man is bound.",Classifier rebel,C
A216E,kEH_HG,135C2,U+135C2,HJ A216E,A216E,A-18-053,"Man, seated on heel, right knee raised, both arms behind the back, bound together with rope, in front of a pole which is forked at the top, to which the man is bound.",Classifier enemy,C
A216F,kEH_HG,135C5,U+135C5,HJ A216F,A216F,A-18-056,"Man, seated on heel, right knee raised, right foot in front of the left knee, both arms behind the back, bound with rope, in front of a pole which has a triangular top (or papyrus reed bud), to which the man is bound.",Classifier rebel,C
A216H,kEH_HG,135C6,U+135C6,HJ A216H,A216h,A-18-058,"Man, seated on heel, right knee raised, right foot in front of the left knee, a short line of rope or liquid coming from the neck, curving downwards, both arms behind the back, bound with rope, in front of a pole which has a triangular top (or papyrus reed bud), to which the man is bound.",Classifier rebel,C
A219,kEH_HG,135BE,U+135BE,HJ A219,A219,A-18-049,"Man, seated on heel, both knees down, both arms behind the back, bound with rope, behind a pole which is forked at the top, to which the man is bound with a line coming from the neck.",Logogram (rebel),C
A219A,kEH_HG,135BD,U+135BD,HJ A219A,A219A,A-18-046,,,
A21A,kEH_HG,134C6,U+134C6,HJ A021A,A21A,A-06-001,"Man, standing, right arm in front, holding a long stick/staff, left arm hanging beside the body.","Logogram (official, noble)",C
A21B,kEH_HG,134C7,U+134C7,HJ A021B,A21B,A-06-002,"Man, standing, right arm in front, holding a long stick/staff, left arm hanging beside the body, on top of a standard with the support in the center.",Logogram (9th nome of Lower Egypt),C
A22,kEH_HG,1301A,U+1301A,A022,A22,A-06-037,"Man, standing on a base (statue), right arm forward, holding a stick/staff, which rests on the same base, left arm hanging beside the body holding a sceptre (S42), sceptre-head extending in front of the body.",Classifier statue,C
A221,kEH_HG,135CA,U+135CA,HJ A221,A221,A-18-065,"A pole which is forked at the top, with a man, bound hand to feet at either side of it, facing outwards, bound to the pole.",Classifier foreigners (as enemies),C
A223,kEH_HG,135D5,U+135D5,HJ A223,A223,A-18-092,"Man, standing, arms behind the back, bound with rope.",Logogram (prisoner),C
A223A,kEH_HG,135D6,U+135D6,HJ A223A,A223A,A-18-095,,,
A225,kEH_HG,135D7,U+135D7,HJ A225,A225,A-18-098,"Two men, standing, back-to-back, arms behind the back, bound to each other by the arms with rope.",Logogram (foreigner),C
A23,kEH_HG,1301B,U+1301B,A023,A23,A-27-024,"The king, standing, with a long straight beard and short wig/coif, with a uraeus bound to the forehead, right arm forward, hand at the height of the shoulder, holding a staff with a triangular piece (point down) at the height of the waist, left arm hanging beside the body, holding a mace (T3) horizontally.",Classifier sovereign,C
A233,kEH_HG,135E3,U+135E3,HJ A233,A233,A-19-016,"Man, dancing, knees bent as if seated on nothing, right arm extended in front, forearm horizontal, left arm raised in back, forearm vertical.",Classifier youthful soldier,C
A236,kEH_HG,135E9,U+135E9,HJ A236,A236,A-19-027,"Man, dancing, right leg vertical, left knee in front of the right leg, left foot behind the right leg, right arm extended in front, forearm horizontal, hand palm upwards, left arm raised in back, left hand above the head, hand palm inwards, with a dotted line going from hand palm to hand palm.",Classifier fear/veneration,C
A239,kEH_HG,135EB,U+135EB,A239,,A-20-002,"Child, naked, with a side-lock, standing, right arm extended in front, held horizontally, holding a sistrum (Y18), left arm hanging beside the body.",Logogram (the great god),C
A239A,kEH_HG,135F2,U+135F2,A239S,,A-20-023,"Child, naked, with a side-lock, standing, right arm extended in front, held horizontally, holding a sistrum (Y18), left arm forwards 45 degree, holding a bead-necklace with counterweight.",Logogram (the musician),C
A239B,kEH_HG,135EE,U+135EE,A239B,,A-20-012,"Child, naked, with a side-lock, standing, right arm extended in front, held horizontally, holding a sistrum (Y18), left arm hanging beside the body, holding a bead-necklace with a counterweight (S18) at the counterweight.",Logogram (the great god),C
A239C,kEH_HG,135EC,U+135EC,A239C,,A-20-006,,,
A23A,kEH_HG,13668,U+13668,HJ A023A,A23A,A-27-015,"The king, standing, with a long wig and uraeus, right arm forward, holding a stick/staff which is angled towards the body, left arm hanging beside the body, holding a piece of cloth.",Classifier sovereign,C
A23C,kEH_HG,13665,U+13665,HJ A023C,A23C,A-27-006,"King, standing, with a long wig or headcloth, with uraeus, right arm in front of the body, holding a stick angled against the right shoulder, left arm hanging beside the body.",Classifier statue,C
A23E,kEH_HG,1366A,U+1366A,HJ A023E,A23E,A-27-020,,,
A23F,kEH_HG,134CB,U+134CB,HJ A023F,A23F,A-06-007,"Man, standing, wearing a fillet with uraeus on its head, right arm in front, holding a long stick/staff, left arm hanging beside the body holding an ankh (tie or strap used with sandals) sign.",Classifier sovereign,C
A23H,kEH_HG,1366B,U+1366B,HJ A023H,A23h,A-27-025,,,
A24,kEH_HG,1301C,U+1301C,A024,A24,A-16-021,"Man, standing, both arms towards the front, holding a branch, as if to strike with it.",Classifier force/effort,C
A241,kEH_HG,135FB,U+135FB,HJ A241,A241,A-20-050,"Man, standing, wearing a long sash-kilt, both arms forward, holding a triangular harp (Y16) at the height of the chest.",Logogram (to sing),C
A244,kEH_HG,135FE,U+135FE,HJ A244,A244,A-20-056,"Man, seated, right knee raised, arms at either side of the body, holding a flute, which goes from the mouth to the left foot.",Classifier playing music,C
A245A,kEH_HG,135FF,U+135FF,HJ A245A,A245A,A-20-057,"Man, standing, arms at either side of the body, holding an oval drum between the waist and the knees.",Classifier drum,C
A245C,kEH_HG,13600,U+13600,HJ A245C,A245C,A-20-058,"Man, standing, right arm raised, hand horizontal at the height of the shoulder, hand palm upwards, with a drum/tambourine slightly above the hand, left arm hanging beside the body.",Classifier striking a drum,C
A245D,kEH_HG,13602,U+13602,HJ A245D,A245D,A-20-063,"Man, standing, both arms forwards, right hand at the height of the shoulder, holding a tambourine, left arm raised below it, as if to beat the tambourine.","Classifier beating, striking",C
A247,kEH_HG,13604,U+13604,A247,A247,A-21-003,"Man, standing, arms at either side of the body, holding the necks of two emblematic animals with panther heads, which runs under the feet of the man, overlapping as a two ties.",Logogram (Cusae),C
A248,kEH_HG,13605,U+13605,HJ A248,A248,A-21-006,"Man, standing, right arm forward, holding a staff, left arm hanging beside the body, holding a rope/leash connected to a standing hunting hound (E14), behind the man.","Classifier hunter, scout",C
A248B,kEH_HG,13606,U+13606,HJ A248B,A248B,A-21-009,"Man, seated, right knee raised, right arm in front of the body, holding a throwing stick (T14), which angles towards the front, left arm hanging beside the body, holding a rope/leash connected to a standing hunting hound (E14), behind the man.","Classifier hunter, scout",C
A249,kEH_HG,13607,U+13607,A249,,A-21-010,"Man, seated on a horse, right hand forward, holding the reins, left arm hanging beside the body.","Logogram (to be strong, valiant)",C
A249A,kEH_HG,13609,U+13609,HJ A249A,A249A,A-21-012,"Man, seated on a combination of two front-parts of a horse, facing forward and backwards, arms extended at either side of the body, holding the reins of both horseheads.",Logogram (Cusae),C
A25,kEH_HG,1301D,U+1301D,A025,A25,A-16-039,"Man, standing, back bent forward, right arm forward, holding a stick which slightly curves towards the body, left arm hanging beside the body.",Classifier force/effort,C
A250,kEH_HG,1360C,U+1360C,HJ A250,A250,A-21-016,"Man, standing in a chariot, drawn by a span of 4 rearing horses, both arms forward, one holding a stick, the other holding the reins.",Classifier chariot,C
A251,kEH_HG,1360D,U+1360D,HJ A251,A251,A-21-018,"Man, standing, right arm forward, holding a spear with the point downwards, left arm hanging beside the body, on top of a bovid, lying on the ground, legs folded under the body, tail down.",Logogram (triomphator),C
A252,kEH_HG,1360E,U+1360E,HJ A252,A252,A-21-019,,,
A253,kEH_HG,1360F,U+1360F,HJ A253,A253,A-21-020,"Man, standing behind a bovid, lying on the ground, legs folded under the body, tail down; left leg raised, with the foreleg of the man on top of the back of the bovid, right arm forward, holding the forward horn, left arm hanging beside the body, hand touching the back of the bovid.","Logogram (butchery, animals for sacrifice)",C
A254,kEH_HG,13611,U+13611,HJ A254,A254,A-21-022,"Child, with N6 (The sun, encircled by a cobra (Naja haje), standing up, with expanded hood (uraeus)) upon his head, seated between the horns of a bull (bovid), standing; arms at either side of the child, holding the horns of the bull.",Logogram (part of the sꜣ-rꜥ nb ḫꜥ.w construction),C
A256,kEH_HG,13614,U+13614,HJ A256,A256,A-21-027,"A child, seated on an elephant, left leg visible, right arm raised with hand to mouth, left arm hanging beside the body.",Phonemogram aromatic resin (styrax?),C
A257,kEH_HG,13617,U+13617,HJ A257,A257,A-21-031,"Man, standing behind a pig, right arm forward, holding the tail of the pig, left arm hanging beside the body.",Phonemogram (lapis-lazuli),C
A259,kEH_HG,13616,U+13616,HJ A259,A259,A-21-029,"Man, standing on top of a hippopotamus, right arm forward, holding a horizontal staff or spear (if spear, spear tip down), left arm hanging beside the body.",Logogram (triomphator),C
A25A,kEH_HG,13596,U+13596,HJ A025A,A25A,A-16-026,"Man, standing, right arm forward, holding a stick horizontally, left arm hanging beside the body.",Logogram (to be strong),C
A26,kEH_HG,1301E,U+1301E,A026,A26,A-02-020,"Man, standing, right arm outstretched before him, with the left arm hanging beside the body.",Logogram (vocative interjection),C
A261,kEH_HG,1361C,U+1361C,HJ A261,A261,A-22-001,,,
A262,kEH_HG,1361F,U+1361F,HJ A262,A262,A-23-009,"Child, seated on nothing, forelegs spread, right arm forward, holding a knife (T30A), angled toward the body, left arm hanging beside the body.",Phonemogram,C
A267,kEH_HG,13623,U+13623,HJ A267,A267,A-23-016,"Child, seated on top of a horn, forelegs spread, right arm extended forwards, forearm horizontal, holding the tip of the horn, left arm hanging beside the body.",Phonemogram,C
A27,kEH_HG,1301F,U+1301F,A027,A27,A-02-041,"Man, running, right arm raised in front, left arm in front of the body.",Phonemogram/classifier messenger,C
A270,kEH_HG,13624,U+13624,HJ A270,A270,A-23-019,,,
A272,kEH_HG,13625,U+13625,HJ A272,A272,A-23-023,"Child, with N6 (The sun, encircled by a cobra (Naja haje), standing up, with expanded hood (uraeus)) upon his head, seated on nothing, forelegs spread, right arm raised in front with hand to mouth, left arm hanging beside the body.",Logogram (son of Re),C
A273,kEH_HG,13627,U+13627,HJ A273,A273,A-23-025,"Child, with a cobra in repose (Naja haje), standing up (I80) on his head, seated on nothing, forelegs spread, right arm raised in front with hand to mouth, left arm hanging beside the body.",Phonemogram,C
A274,kEH_HG,13629,U+13629,HJ A274,A274,A-23-028,"Child, wearing the white crown (S1), seated on nothing, forelegs spread, right arm raised in front with hand to mouth, left arm hanging beside the body.",Classifier child,C
A274A,kEH_HG,13680,U+13680,HJ A274A,A274A,A-28-031,"God, seated, both knees up, foot flat on the ground, heels touching the thighs, with a long-curved beard, wearing the white crown (S1), both arms forward, holding a flagellum (S45).",Classifier divinity,C
A278A,kEH_HG,13634,U+13634,HJ A278A,A278A,A-23-051,"A child, seated on a mat, wearing a coif with uraeus, covered in cloth, legs bent in front, feet at the same level as the mat, right arm raised in front with hand to mouth, left arm in front, hand upon the knee.",Classifier child,C
A278B,kEH_HG,13635,U+13635,HJ A278B,A278B,A-23-052,,,
A279,kEH_HG,13637,U+13637,HJ A279,A279,A-23-055,"Child, seated, both knees raised, feet horizontal, heels touching ties, right arm raised in front with hand to mouth, left arm hanging beside the body; on top of a lotus flower, facing upwards, with a short stalk, and a bud at either side (M224A).","Logogram (crowns, appearances)",C
A27A,kEH_HG,1349F,U+1349F,HJ A027A,A27A,A-02-042,,,
A28,kEH_HG,13020,U+13020,A028,A28,A-02-044,"Man, standing, with arms raised at either side of the body, hand palms inwards.",Logogram (to be high),C
A281,kEH_HG,13638,U+13638,HJ A281,A281,A-23-057,"Child, naked, standing, right arm raised in front with hand to mouth, left arm hanging beside the body.",Logogram (son/child of),C
A282,kEH_HG,1363D,U+1363D,HJ A282,A282,A-24-003,"A dwarf, naked, standing, arms hanging at either side of the body.","Logogram (dwarf, pigmy)",C
A285,kEH_HG,13648,U+13648,HJ A285,A285,A-25-024,"Man, seated on a chair, right arm extended forwards, holding a staff at an angle, left arm in front of the body, with the hand on the lap.","Classifier to abide, to occupy",C
A288,kEH_HG,1364D,U+1364D,HJ A288,A288,A-25-037,"God, with long-curved beard, seated on a chair, with a two-feather headdress mounted on the horns of a ram on its head, both arms extended forwards, forearms horizontal, one above the other, holding a flagellum (S45) and crook, opening inwards (S38). ",Logogram/phonemogram (costly offerings),C
A29,kEH_HG,13021,U+13021,A029,A29,A-03-001,"Man, upside-down, both arms raised at either side of the body, hand palms inwards.",Classifier upside-down,C
A290,kEH_HG,1365D,U+1365D,HJ A290,A290,A-26-038,"God, seated, both knees up, with covered legs and arms, with a long-curved beard and long wig, holding a knife (T30A), angled slightly forward.",Logogram (first person singular),C
A291,kEH_HG,1365E,U+1365E,HJ A291,A291,A-26-039,"God, seated, both knees up, with covered legs and arms, with a long-curved beard and long wig, holding a sceptre (S42) vertically.",Logogram (powerful one),C
A292,kEH_HG,1365F,U+1365F,HJ A292,A292,A-26-040,"God, seated, both knees up, with covered legs and arms, with a long-curved beard and long wig, holding a club used by washermen for beating laundry (U36) vertically.",Logogram (majesty),C
A296,kEH_HG,13664,U+13664,HJ A296,A296,A-27-003,"Man, standing, right arm forward, holding a crook (S38) at the same size as the man vertically, left arm hanging beside the body, holding a flagellum (S45) horizontally.",Logogram (ruler),C
A296B,kEH_HG,13666,U+13666,HJ A296B,A296B,A-27-008,"Man, standing, right arm forward, holding a sceptre with a straight shaft, a forked base, topped with the head of the Seth animal (wAs, S40); left arm hanging beside the body.",Logogram (sovereign),C
A296E,kEH_HG,13662,U+13662,HJ A296E,A296E,A-27-001,"Man, standing, right arm forward, holding a crook (S38) at the same size as the man vertically, left arm hanging beside the body.",Logogram (to rule),C
A298,kEH_HG,1366D,U+1366D,HJ A298,A298,A-27-029,"A statue of the king, standing, with a long straight beard, uraeus and coif, with the left arm vertically over the body.",Classifier statue,C
A2A,kEH_HG,13470,U+13470,HJ A002A,A2A,A-01-030,"Man seated, right knee raised, right arm raised with hand to mouth, left arm raised in front of the body.",Classifier speech/sound,C
A3,kEH_HG,13002,U+13002,A003,A3,A-01-005,"Man, seated on heel, right knee raised, right arm raised, left arm in front of body.",Classifier sitting,C
A30,kEH_HG,13022,U+13022,A030,A30,A-04-001,"Man, standing, both arms raised in front, hands held vertically, hand palms outwards.",Classifier adoration,C
A300,kEH_HG,13684,U+13684,HJ A300,A300,A-28-042,"King, standing, with a long straight beard, wearing the white crown with uraeus (S1A), right arm forward, holding a crook (S38) of the size of the king vertically, opening outwards, left arm hanging beside the body, holding a flagellum (S45) horizontally.",Logogram (king of Upper Egypt),C
A301,kEH_HG,13691,U+13691,HJ A301,A301,A-29-018,"King, seated on a block-throne, with a long straight beard, wearing the red crown (S3), no arms visible.",Classifier sovereign,C
A301A,kEH_HG,13692,U+13692,HJ A301A,A301A,A-29-019,"King, seated on a block-throne, with a long straight beard, wearing the red crown (S3), both arms forward, forearms horizontal, one above the other, holding a flagellum (S45).",Classifier king,C
A302B,kEH_HG,13690,U+13690,HJ A302B,A302B,A-29-017,"King, standing, with a long straight beard, wearing the red crown (S3), right arm forward, right hand at the height of the shoulder, holding a sceptre (S42), left arm forward, left hand at the height of the waist, holding a stick/staff which runs from the right toe to the left hand, and a mace (T3), angled forward.",Logogram (king of Lower Egypt),C
A302D,kEH_HG,135EF,U+135EF,HJ A302D,A302D,A-20-016,"King, standing, wearing the red crown (S3) and a long straight beard, right arm forwards, 45 degree downwards, left arm towards the front, left hand in front of the body, at the height of the shoulder, holding a sceptre (S42).",Logogram (the king of Lower Egypt),C
A304,kEH_HG,13698,U+13698,HJ A304,A304,A-30-001,"King, seated, both knees up, with covered legs and arms, with a long straight beard, wearing the double crown (S5).",Phonemogram,C
A304A,kEH_HG,1369A,U+1369A,HJ A304A,A304A,A-30-003,"King, seated, both knees up, with covered legs and arms, with a long straight beard, wearing the double crown (S5), holding a tie or strap, used with sandals (ankh sign, S34), angled forwards.",Logogram (first person singular),C
A304C,kEH_HG,1369B,U+1369B,HJ A304C,A304C,A-30-006,"King, seated, both knees up, with covered legs and arms, with a long straight beard, wearing the double crown (S5), holding a flagellum (S45) and a crook (S38) with the opening inwards.",Logogram (king of Upper and Lower Egypt),C
A304D,kEH_HG,1369C,U+1369C,HJ A304D,A304D,A-30-007,"King, seated, both knees up, with covered legs and arms, with a long straight beard, wearing the double crown (S5), holding a club used by washermen for beating laundry (U36) vertically.",Classifier king/divinity,C
A304E,kEH_HG,1369D,U+1369D,HJ A304E,A304E,A-30-008,"God, seated, both knees up, with covered legs and arms, with a long-curved beard, wearing the double crown (S5), holding a crook (S38) vertically, with the opening inward.",Classifier king/divinity,C
A304F,kEH_HG,1369E,U+1369E,HJ A304F,A304F,A-30-009,"God, seated, both knees up, with covered legs and arms, with a long-curved beard, wearing the double crown (S5), holding a flagellum (S45).",Logogram (Atum),C
A304G,kEH_HG,1369F,U+1369F,HJ A304G,A304G,A-30-010,"King, seated, both knees up, with covered legs and arms, with a long straight beard, wearing the double crown (S5), holding a sceptre with a straight shaft, topped with the head of the Seth animal vertically.",Classifier divinity,C
A305,kEH_HG,136A1,U+136A1,HJ A305,A305,A-30-013,"King, seated on a block-throne, with a long straight beard, wearing the double crown (S5), both arms forward, forearms horizontal, one above the other, holding a flagellum (S45).",Classifier sovereign,C
A307,kEH_HG,136A3,U+136A3,HJ A307,A307,A-30-026,,,
A31,kEH_HG,13023,U+13023,A031,A31,A-02-030,"Man, standing, head facing forwards, arms raised behind him, hand palms outwards.",Classifier turning away,C
A311,kEH_HG,136A5,U+136A5,HJ A311,A311,A-30-038,"Man, standing, wearing headdress consisting of a double plume mounted on ram horns, right arm forward, holding a staff/stick that angles towards the man, left arm hanging besides the body.",Logogram (sovereign),C
A311A,kEH_HG,136A6,U+136A6,HJ A311A,A311A,A-30-042,"Man, standing, wearing headdress consisting of a double plume mounted on ram horns, right arm forward, holding a crook (S38) of the size of the man, vertically, left arm hanging besides the body, holding a flagellum (S45) horizontally.",Classifier sovereign,C
A311B,kEH_HG,136A7,U+136A7,HJ A311B,A311B,A-30-043,"Man, standing, wearing headdress consisting of a double plume mounted on ram horns, right arm forward, holding a staff/stick that angles towards the man, left arm hanging besides the body, holding a flagellum (S45) horizontally.",Classifier sovereign,C
A311C,kEH_HG,136A9,U+136A9,HJ A311C,A311C,A-30-045,"Man, standing, wearing headdress consisting of a double plume mounted on ram horns, right arm forward, holding a staff/stick that angles towards the man, left arm hanging besides the body, holding a mace with a pear-shaped head (T3) horizontally, mace-head sticking out in front of the legs.",Logogram (sovereign),C
A311D,kEH_HG,136A8,U+136A8,HJ A311D,A311D,A-30-044,,,
A311E,kEH_HG,136AA,U+136AA,HJ A311E,A311E,A-30-046,"Man, standing, wearing headdress consisting of a double plume mounted on ram horns, right arm forward, holding a crook (S38) of the size of the man, vertically, left arm hanging besides the body.",Logogram (sovereign),C
A311F,kEH_HG,136AB,U+136AB,HJ A311F,A311F,A-30-047,,,
A313,kEH_JSesh,136BB,U+136BB,A313,A313,A-33-007,"A block statue of a seated man, knees raised with arms on the knees, while covered, without beard.",Classifier statue,C
A316,kEH_HG,13549,U+13549,HJ A316,A316,A-12-072,"Man, seated on heel, right knee raised, right arm raised in front, holding a stick at a backwards angle, left arm in front of the body.",Classifier occupation,C
A31A,kEH_HG,13498,U+13498,HJ A031A,A31A,A-02-029,"Man, standing, head facing backwards, arms raised in front, hand palms outwards.",Phonemogram,C
A31B,kEH_HG,13499,U+13499,HJ A031B,A31B,A-02-031,"Man, standing, head facing backwards, arms raised behind him, hand palms outwards.",Logogram (myrrh),C
A31C,kEH_HG,13497,U+13497,HJ A031C,A31C,A-02-027,,,
A32,kEH_HG,13024,U+13024,A032,A32,A-19-011,"Man, dancing, left leg straight, right knee in front of the left leg, right foot behind the left leg, toes at the height of the left foot, right arm in front of the body, left arm raised at the back, hand at the height of the head.",Classifier dancing,C
A320,kEH_HG,135E6,U+135E6,HJ A320,A320,A-19-021,"Man, dancing, knees bent as if seated on nothing, right arm forwards, angling downwards, left arm raised in back, hand at the height of the neck.",Classifier dancing,C
A32A,kEH_HG,135DE,U+135DE,A032N,A32A,A-19-003,"Man, naked, dancing, right leg vertical, left leg raised, knee in front of the right leg, left foot behind the right leg, right arm raised in front, extended forward, hand at the height of the head, left arm raised at the back, hand at the height of the head.",classifier dancing,C
A32B,kEH_HG,135E5,U+135E5,HJ A032B,A32B,A-19-018,"Man, naked, dancing, right leg vertical, left leg raised, left knee in front of the right leg, left foot behind the right leg, right arm raised in front, left arm hanging beside the body.",Classifier dancing,C
A32D,kEH_HG,135E2,U+135E2,HJ A032D,A32D,A-19-013,"Man, naked, dancing, right leg vertical, left leg forwards, thigh horizontal, lower leg bent downwards, right arm towards the front, angling downwards towards the left knee, hand at the height of the left knee, left arm raised at the back, hand at the height of the head.",Classifier dance,C
A32F,kEH_HG,135E1,U+135E1,HJ A032F,A32F,A-19-012,"Man, naked, dancing, right leg vertical, left leg forwards, thigh horizontal, lower leg bent downwards, right arm raised in front, left arm hanging beside the body.",Classifier dance,C
A32G,kEH_HG,135E4,U+135E4,HJ A032G,A32G,A-19-017,"Man, standing, right arm in front of body, left arm raised, forearm vertical.",Classifier fear/veneration,C
A32H,kEH_HG,135DF,U+135DF,HJ A032H,A32h,A-19-005,"Man, naked, dancing, right leg vertical, left leg raised, knee in front of the right leg, left foot behind the right leg, right arm towards the front, angling downwards towards the left knee, hand at the height of the left knee, left arm raised at the back, hand at the height of the head.","Classifier joy, jubilation",C
A33,kEH_HG,13026,U+13026,A033,A33,A-14-011,"Man, standing, bent forwards, both arms forward, holding a stick with a bundle or a mat over his shoulders, bundle behind the back.",Classifier wandering/displaced,C
A332,kEH_HG,134CF,U+134CF,HJ A332,A332,A-06-020,"Man, standing on a base (statue), right arm in front, holding a long stick/staff, which rests on the same base, left arm hanging beside the body.",Classifier statue,C
A333,kEH_HG,136BC,U+136BC,HJ A333,A333,A-33-009,,,
A336,kEH_HG,136BE,U+136BE,HJ A336,A336,A-33-011,"A statue of a mummy with a long-curved beard, standing upright on a base, with a support at the back.",Classifier statue,C
A337,kEH_HG,13F13,U+13F13,HJ A337,A337,N-11-037,"Child, wearing the white crown (S1), seated on nothing, forelegs spread, right arm raised in front with hand to mouth, left arm hanging beside the body (A274); in front of the head of a bovid (cow), without horns, with an ear (F63), on top of a half round loaf of bread (X1); on top of a standard used for carrying religious symbols (R12), written on top of a parcel of land with irrigation ditches (N24).",Logogram (18th nome of Lower Egypt),C
A33A,kEH_HG,13563,U+13563,HJ A033A,A33A,A-14-001,"Man, seated, with both knees raised, with covered legs, both arms forward, holding a stick with a bundle or a mat horizontally over his shoulders, bundle behind the back.",Classifier wandering/displaced,C
A33C,kEH_HG,136C3,U+136C3,HJ A033C,A33C,A-34-003,"A cursive form of a man, standing, bent forwards, one arm forward, carrying a stick with a bundle or a mat over his shoulders, bundle behind the back.",,C
A33D,kEH_HG,13566,U+13566,HJ A033D,A33D,A-14-010,"Man, standing, both arms forward, holding a stick with a bundle or a mat horizontally over his shoulders, bundle behind the back, with the ties at the top.","Logogram (wanderer, displaced)",C
A33E,kEH_HG,1356A,U+1356A,HJ A033E,A33E,A-14-015,,,
A34,kEH_HG,13027,U+13027,A034,A34,A-12-019,"Man, standing, back slightly bent forwards, both arms forward, holding a long stick (rammer), which ends at the bottom in a mortar.","Logogram (to pound, to build)",C
A340,kEH_HG,13587,U+13587,HJ A340,A340,A-15-052,"Man, standing, with a bulls tail, arms extended on either side of the body, arms horizontal at the height of the shoulder, holding wings that angle downwards from the hands at a right angle.",Classifier to spread,C
A341,kEH_HG,136B5,U+136B5,HJ A341,A341,A-32-003,"A mummy with a long-curved beard, wearing the white crown (S1), standing upright.",Classifier divinity,C
A342,kEH_HG,13615,U+13615,HJ A342,A342,A-21-028,"Man, standing behind a hippopotamus, right arm forward, holding the tail of the hippopotamus, left arm hanging beside the body.",Phonemogram (lapis-lazuli),C
A343,kEH_HG,134A1,U+134A1,HJ A343,A343,A-02-055,"Man, standing, bent forward, arms hanging beside the body.",Classifier bowing,C
A34B,kEH_HG,13532,U+13532,HJ A034B,A34B,A-12-018,,,
A35,kEH_HG,13028,U+13028,A035,A35,A-12-023,"Man, standing, both arms raised in front, touching a vertically written wall with battlements near the top.",Logogram (to build),C
A351,kEH_HG,1354A,U+1354A,HJ A351,A351,A-12-074,,,
A355,kEH_HG,1356D,U+1356D,HJ A355,A355,A-15-004,,,
A357,kEH_HG,134FA,U+134FA,HJ A357,A357,A-07-056,"Man, seated, right knee raised, right arm raised in front, holding a sedge (M23) at the top, left arm raised to the back, holding a sedge (M23) at the top.",Phonemogram,C
A359,kEH_HG,13492,U+13492,HJ A359,A359,A-02-018,"Man, standing, with the arms folded over each other.",classifier (the cold one),C
A35E,kEH_HG,13535,U+13535,HJ A035E,A35E,A-12-027,"Man, standing, both arms raised in front, touching a vertically written wall with battlements near the top, left leg raised, touching the wall near the bottom.",Logogram (to build),C
A35F,kEH_HG,13537,U+13537,HJ A035F,A35F,A-12-029,"Man, standing, both arms raised in front, touching a wall, written vertically, with a wide base and battlements on the front, back and top (O36D).",Classifier building/constructing,C
A36,kEH_HG,13029,U+13029,A036,A36,A-12-008,"Man, standing, back bent forwards, both arms forwards, extending downwards into a large vessel.",Logogram (brewer),C
A362,kEH_HG,13493,U+13493,HJ A362,A362,A-02-022,"Man, standing, right arm outstretched before him, with the left arm bent, hand on the waist.",Phonemogram,C
A363,kEH_HG,13494,U+13494,HJ A363,A363,A-02-023,"Man, standing, bent slightly forward, right arm stretched in front at waist height, left arm hanging beside the body.",Classifier old man,C
A364,kEH_HG,13495,U+13495,HJ A364,A364,A-02-025,,,
A365,kEH_HG,134A2,U+134A2,HJ A365,A365,A-02-057,"Man, standing, wearing a lion/leopard-skin, left hand raised in front.",Logogram (sem-priest)?,C
A366,kEH_HG,1349A,U+1349A,HJ A366,A366,A-02-034,"Man, standing, right arm raised with hand held vertically, hand palm outwards, left arm hanging beside the body.","Classifier official, noble",C
A369,kEH_HG,13577,U+13577,HJ A369,A369,A-15-021,"Man, standing, wearing a lion/leopard-skin, right hand holding up the tail of the skin angling at the front, left hand raised in front.",Logogram (sem-priest),C
A36A,kEH_HG,1353F,U+1353F,HJ A036A,A36A,A-12-046,"Man, standing in a beer-jug (W22/W125), arms at either side of the body, holding the rim of the beer-jug.",Logogram (brewer),C
A36C,kEH_HG,1353E,U+1353E,HJ A036C,A36C,A-12-044,"Man, standing, arms at either side of the body, extended outward, with the hands at the height of the waist, with a line running between the hands.","Logogram (to sieve, to press)",C
A37,kEH_HG,1302A,U+1302A,A037,A37,A-12-045,"Man, standing inside a cross-section of a vessel that reaches to his shoulders, arms extended at either side of the body, holding the rim of the vessel.",Logogram (brewer),C
A372,kEH_HG,134AF,U+134AF,HJ A372,A372,A-04-023,"Man, standing, back bent forwards, back horizontal, head slightly raised, arms hanging downwards, extended towards the front, fingers/hands at the same level as the feet.",Logogram (bowing down),C
A374,kEH_HG,134BD,U+134BD,HJ A374,A374,A-05-021,"Man, written horizontally, facing downwards, one leg extended, one leg bent, top arm hanging beside the body, bottom arm bent, forearm written horizontally, hand palm downwards.",Classifier lying on one side,C
A376,kEH_HG,134F2,U+134F2,HJ A376,A376,A-07-043,"Man, seated, right knee raised, right arm raised in front, holding a round vessel with an upstanding rim (nw-vase, W24), at the height of the shoulder, left arm hanging beside the body.",Phonemogram,C
A376A,kEH_HG,13584,U+13584,HJ A376A,A376A,A-15-045,"Man, standing, bent slightly forwards, right arm towards the front, holding a round vessel with an upstanding rim (W24) at the height of the shoulder, left arm hanging beside the body.",Classifier presenting,C
A377,kEH_HG,134F3,U+134F3,HJ A377,A377,A-07-044,"Man, seated, both knees down, foot flat, both arms forwards, hands horizontal, palm upwards, supporting an African sacred ibis (Threskiornis aethiopicus (G26A)).",Phonemogram/logogram (his heart),C
A378,kEH_HG,134F4,U+134F4,HJ A378,A378,A-07-045,"Man, seated, right knee raised, right arm raised in front, right hand held horizontally, supporting a duck or goose (G38-G39), left arm hanging beside the body.",Classifier people,C
A379,kEH_HG,134F5,U+134F5,HJ A379,A379,A-07-046,,,
A38,kEH_HG,1302B,U+1302B,A038,A38,A-21-002,"Man, standing, arms at either side of the body, holding the necks of two emblematic animals with panther heads, connected by a line which runs under the feet of the man. ",Logogram (Cusae),C
A380,kEH_HG,134F8,U+134F8,HJ A380,A380,A-07-051,"Man, seated, right knee raised, right arm in front, holding a sheaf of grain in the right hand, left arm hanging beside the body.",Classifier reaping,C
A383,kEH_HG,13568,U+13568,HJ A383,A383,A-14-013,"Man, standing, right arm forward, holding a stick with a bundle or mat horizontally over his shoulders, bundle behind the back, with the ties downwards, left arm forwards at 45 degree downwards, holding a stick which curves slightly inwards.",Logogram (herdsman),C
A384,kEH_HG,13586,U+13586,HJ A384,A384,A-15-047,"Man, standing, arms extended at either side of the body, holding a stem of papyrus with a flowering bud (M127) in the right hand, and a stem of papyrus with a bud (M13) in the left hand.",Logogram (lord of the two lands),C
A385,kEH_HG,13571,U+13571,HJ A385,A385,A-15-009,"Man, standing, both arms extended forwards, hands at waist level, touching a djed pillar (R011) written horizontally.",Classifier erecting the djed pillar (group classifier for sꜥḥꜥ-ḏd-ꞽn-ꞽr.yw-ḫt-n(y)-sw.t),C
A39,kEH_HG,1302C,U+1302C,A039,A39,A-21-001,"Man, standing on the back of two animals, which look either way, man arms extended at either side of the body, holding both heads of the animals.",Logogram (Cusae),C
A398,kEH_HG,13542,U+13542,HJ A398,A398,A-12-056,"Man, standing, back bent forward, both arms extended towards the front, forearms horizontal at the height of the waist, holding a bib or garment (V60).","Uncertain, classifier?",C
A3B,kEH_HG,1346E,U+1346E,HJ A003B,A3B,A-01-024,,,
A4,kEH_HG,13003,U+13003,A004,A4,A-01-040,"Man, seated, right knee raised, back straight, both arms raised in front, hand palms outwards.",Classifier supplication/hiding/rejection,C
A40,kEH_JSesh,1302D,U+1302D,A040,A40,A-26-005,"God, seated, both knees up, with covered legs and arms, with a long-curved beard and long wig.",Classifier divinity,C
A401,kEH_HG,134EC,U+134EC,HJ A401,A401,A-07-033,"Man, seated, right knee raised, a forearm, with the palm of the hand facing upwards (D36) on top of his head, right arm raised in front, hand horizontal, hand palm up, supporting the forearm, left arm hanging beside the body.",Logogram (to lift the arm),C
A402,kEH_HG,134FB,U+134FB,HJ A402,A402,A-07-057,"Man, seated, right knee raised, both arms raised at the front, holding an oval cartouche on his head.",Logogram (his name),C
A406,kEH_HG,13506,U+13506,HJ A406,A406,A-08-021,,,
A407,kEH_HG,13505,U+13505,HJ A407,A407,A-08-019,"Man, standing, with a shrine, seen from the side (O18) on his head, both arms raised in front, supporting the shrine.",Phonemogram,C
A409,kEH_HG,135EA,U+135EA,HJ A409,A409,A-19-029,,,
A40A,kEH_HG,1302E,U+1302E,A040A,A40A,A-26-013,"God, seated, both knees up, with covered legs and arms, with a long-curved beard and long wig, holding a holding a sceptre with a straight shaft, topped with the head of the Seth animal.",Classifier divinity,C
A40B,kEH_HG,13656,U+13656,A040S,,A-26-017,"King, seated, both knees up, with covered legs and arms, with a long straight beard and long wig, holding a flagellum (S45).",Classifier king,C
A40C,kEH_HG,13658,U+13658,HJ A040C,A40C,A-26-022,,,
A40D,kEH_HG,1365A,U+1365A,HJ A040D,A40D,A-26-026,,,
A40E,kEH_JSesh,1365B,U+1365B,A040E,A40E,A-26-035,"God, seated, both knees up, with covered legs and arms, with a long-curved beard and long wig, holding a tie or strap, used with sandals (ankh sign, S34), which angles forward.",Classifier divinity,C
A41,kEH_HG,1302F,U+1302F,A041,A41,A-26-008,"King, seated, both knees up, with covered legs and arms, with a long straight beard, wearing a coif with uraeus.",Logogram (first person singular),C
A410,kEH_HG,134DF,U+134DF,HJ A410,A410,A-07-009,"Man, seated, right knee raised, right arm raised, holding a cup or vessel, with the vessel at the mouth, left arm hanging beside the body.",Logogram (to drink),C
A412,kEH_HG,13588,U+13588,HJ A412,A412,A-15-054,"Man, standing, back slightly bent forward, both arms forward, holding a herb, with three flowers or leaves, curving upwards, with the middle flower/leaf higher than the other two (M2).",Phono-repeater,C
A412A,kEH_HG,13589,U+13589,HJ A412A,A412A,A-15-055,"Man, standing, back slightly bent forward, both arms forward, holding a flower by the stem.",Classifier to uproot,C
A413,kEH_HG,1354B,U+1354B,HJ A413,A413,A-12-076,"Man, standing, both arms forward, forearms at the height of the waist, holding a stick, striking a wick of twisted flax.",Logogram (to strike),C
A415,kEH_HG,13543,U+13543,HJ A415,A415,A-12-058,"Man, standing, bent slightly forward, extending the arms forward, forearms horizontal at the level of the waist, holding a piece of clay or mud.",Logogram (builders),C
A416,kEH_HG,13544,U+13544,HJ A416,A416,A-12-059,,,
A417,kEH_HG,13545,U+13545,HJ A417,A417,A-12-060,"Man, standing, back bent forward, both arms forward, hands inside a W10 type vessel, which is at the level of the feet.",,
A418,kEH_HG,1354C,U+1354C,HJ A418,A418,A-12-077,"Man, standing on top of a branch, back bent forwards, both arms forward, forearms at the height of the waist, hands holding the branch which bends upwards.",Logogram (to bend down),C
A419,kEH_HG,13569,U+13569,HJ A419,A419,A-14-014,"Man, standing, right arm forward, holding a stick horizontally on the shoulders, with a long bundle or sack at the front, and a vessel hanging by a loop of string at the back, left arm hanging beside the body.",Logogram (herdsman),C
A42,kEH_HG,13030,U+13030,A042,A42,A-26-019,"King, seated, both knees up, with covered legs and arms, with a long straight beard, wearing a coif with uraeus, holding a flagellum (S45).",Classifier king,C
A420,kEH_HG,13546,U+13546,HJ A420,A420,A-12-061,"Man, seated on heel, right knee raised, right arm in front of body, holding two sticks at the base forming a V shape, left arm in front of the body.","Uncertain (in sꜣ.w (domain), and in an offering list after ḥnḳ.t)",C
A422,kEH_HG,135DA,U+135DA,HJ A422,A422,A-18-110,"Man (foreigner) seated on heel, both knees down, with foreign headdress, with a rope around the neck, with the ends in the front, making one curl with one rope end towards the top, with triangular end, two ropes end downward.",Classifier foreigner,C
A424,kEH_HG,135DB,U+135DB,HJ A424,A424,A-18-111,,,
A426,kEH_HG,1346B,U+1346B,HJ A426,A426,A-01-019,"Man, seated, right knee raised, right arm raised, hand held horizontally, hand palm upwards, left arm hanging beside the body.",Logogram (vocative interjection),C
A426A,kEH_HG,13485,U+13485,HJ A426A,A426A,A-01-070,"Man, seated, right knee raised, with a hair-lock, arm raised in front, hand held horizontally, hand palm upwards.",Logogram (musician),C
A426B,kEH_HG,13466,U+13466,HJ A426B,A426B,A-01-011,"Man, seated, right knee raised, right arm raised, right hand horizontal, hand palm upwards, left arm in front of body.","Classifier to conspire, to brood",C
A427,kEH_HG,13608,U+13608,HJ A427,A427,A-21-011,"Man, seated on a horse, right arm raised forward, holding a vertical dagger with a rounded tip above the head of the horse, left arm forward, holding the reins.",Logogram (the good beginning),C
A428,kEH_HG,13613,U+13613,HJ A428,A428,A-21-025,"The king, standing on top of a bovid, lying down, legs folded under the body, tail down; wearing the red crown (S3), right arm forward, holding a staff and a piece of rope which loops in front of the staff, connecting to the head of the bovid, left arm in front of the body, holding the flagellum and crook, resting against the left shoulder.",Classifier?,C
A429,kEH_HG,13618,U+13618,HJ A429,A429,A-21-032,"Man, standing, arms hanging at either side of the body, behind a lion, standing, tail down.",Logogram (to go around),C
A42A,kEH_HG,13659,U+13659,A042F,A42A,A-26-025,"King, seated, both knees up, with covered legs and arms, with a long straight beard, wearing a coif with uraeus, holding a crook (S38) with the opening inwards.",Logogram (first person singular),C
A42B,kEH_HG,13031,U+13031,A042A,A42B,A-26-029,"King, seated, both knees up, with covered legs and arms, with a long straight beard, wearing a coif with uraeus, holding a flagellum (S45) and crook (S38) with the opening inwards.",Logogram (first person singular),C
A42C,kEH_HG,1365C,U+1365C,HJ A042C,A42C,A-26-037,"King, seated, both knees up, with covered legs and arms, with a long straight beard, wearing a coif with uraeus, holding a tie or strap, used with sandals (ankh sign, S34), which angles forward.",Logogram (first person singular),C
A43,kEH_JSesh,13032,U+13032,A043,A43,A-28-002,"King, seated, both knees up, with covered legs and arms, with a long straight beard, wearing the white crown with uraeus (S1A).",Classifier king,C
A430,kEH_HG,1361B,U+1361B,HJ A430,A430,A-21-036,"Man, standing, both arms forward, holding a fishing rod 45 degree upwards, fishing line vertical, connecting to a fish, between the fishing line and the toes of the man, slightly tilted upwards.",Phonemogram,C
A431,kEH_HG,1361A,U+1361A,HJ A431,A431,A-21-034,"Man, standing, wearing a lion/leopard skin, tail between the legs, facing away from the reading direction, right arm hanging beside the body, left arm forward, holding the hand of a hamadryas baboon (Papio hamadryas), standing on the legs, facing the man, tail down.",Classifier priest,C
A432,kEH_HG,136CD,U+136CD,HJ A432,A432,A-34-014,"Two men, standing, facing each other, arms extended forwards, hands at the height of the waist, holding one side of a loop of cord with the ends upwards (V6).",Phonemogram,C
A433,kEH_HG,136CE,U+136CE,HJ A433,A433,A-34-015,"Two men, standing, both facing forwards, back bent forwards, arms down at either side of the body, holding a rope at the height of the knees, which curves downwards at either end.",,C
A437,kEH_HG,136CF,U+136CF,HJ A437,A437,A-34-018,"Man and woman, standing, facing each other, man, left arm raised, extended towards the face of the woman, right arm hanging beside the body; woman, arms hanging at either side of the body.",Logogram (to love),C
A438,kEH_HG,136D0,U+136D0,HJ A438,A438,A-34-019,"Man and woman, copulating on a bed.",Logogram (his townsman),C
A43A,kEH_HG,13671,U+13671,A043U,A43A,A-28-006,"King, seated, both knees up, with covered legs and arms, with a long straight beard, wearing the white crown with uraeus (S1A), holding a tie or strap, used with sandals (ankh sign, S34) vertically.",Classifier king,C
A43B,kEH_HG,13673,U+13673,HJ A043B,A43B,A-28-011,"King, seated, both knees up, with covered legs and arms, with a long straight beard, wearing the white crown with uraeus (S1A), holding a flagellum (S45).",Classifier king,C
A43C,kEH_HG,13675,U+13675,HJ A043C,A43C,A-28-013,"God, seated, both knees up, with covered legs and arms, with a long-curved beard, wearing the white crown with uraeus (S1A), holding a crook vertically, with the opening inwards.",Classifier divinity,C
A43D,kEH_HG,13678,U+13678,HJ A043D,A43D,A-28-018,"King, seated, both knees up, with covered legs and arms, with a long straight beard, wearing the white crown with uraeus (S1A), holding a sceptre with a straight shaft, topped with the head of the Seth animal vertically.",Classifier king,C
A43E,kEH_HG,1367A,U+1367A,HJ A043E,A43E,A-28-021,"God, seated, both knees up, with covered legs and arms, with a long-curved beard, wearing the white crown with uraeus (S1A), holding a flagellum (S45) and crook (S38), with the opening inwards.",Logogram (king of Upper Egypt),C
A43F,kEH_HG,1367C,U+1367C,HJ A043F,A43F,A-28-025,"King, seated, both knees up, with covered legs and arms, with a long straight beard, wearing the white crown with uraeus (S1A), holding a sedge (M23), with the tip curving outwards.",Logogram (king of Upper Egypt),C
A43G,kEH_HG,1367D,U+1367D,HJ A043G,A43G,A-28-026,"King, seated, both knees up, with covered legs and arms, with a long straight beard, wearing the white crown with uraeus (S1A), holding a club used by washermen for beating laundry (U36) vertically.",Logogram (majesty),C
A43I,kEH_HG,1367B,U+1367B,HJ A043I,A43I,A-28-024,"King, seated, both knees up, with covered legs and arms, with a long straight beard, wearing the white crown with uraeus (S1A), holding a flagellum (S45) and mace (T3).",Logogram (king of Upper Egypt),C
A43J,kEH_HG,13676,U+13676,HJ A043J,A43J,A-28-014,"King, seated, both knees up, with covered legs and arms, with a long straight beard, wearing the white crown with uraeus (S1A), holding a crook (S38) vertically, with the opening outwards.",Logogram (king of Upper Egypt),C
A43L,kEH_HG,13679,U+13679,HJ A043L,A43L,A-28-020,"God, seated, both knees up, with covered legs and arms, with a long-curved beard, wearing the white crown (S1), holding a flagellum (S45) and crook (S38), with the opening inwards.",Classifier divinity,C
A43M,kEH_HG,13033,U+13033,A043A,A43M,A-28-017,"King, seated, both knees up, with covered legs and arms, with a long straight beard, wearing the white crown (S1), holding a sceptre with a straight shaft, topped with the head of the Seth animal vertically.",Logogram (king of Upper Egypt),C
A44,kEH_HG,13034,U+13034,A044,A44,A-28-010,"King, seated, both knees up, with covered legs and arms, without beard, wearing the white crown with uraeus (S1A), holding a flagellum (S45).",Classifier king,C
A441,kEH_HG,1363A,U+1363A,HJ A441,A441,A-23-064,,,
A442,kEH_HG,1362E,U+1362E,HJ A442,A442,A-23-037,"Child, seated on nothing, forelegs spread, right arm forward, holding a flagellum (S45), left arm hanging beside the body.",Classifier protector,C
A444,kEH_HG,1362F,U+1362F,HJ A444,A444,A-23-039,"Child, seated on nothing, forelegs spread, right arm extended forward, hand horizontal, palm upwards, holding a feather (H6), left arm hanging beside the body.",Phonemogram,C
A446,kEH_HG,13630,U+13630,HJ A446,A446,A-23-041,"Child, seated on nothing, forelegs spread, right arm extended forward, hand horizontal, palm upwards, holding a hill with a halo of sun rays behind it (N28), left arm hanging beside the body.",Phonemogram,C
A45,kEH_HG,13035,U+13035,A045,A45,A-29-001,"God, seated, both knees up, with covered legs and arms, with a long-curved beard, wearing the red crown with (S3).",Classifier king,C
A450,kEH_HG,136BF,U+136BF,HJ A450,A450,A-33-014,"A god, with slightly curved beard and straight wig, recumbent on a rectangular carrying chair, covered by cloth.",Classifier carrying chair,C
A453,kEH_HG,1355E,U+1355E,HJ A453,A453,A-13-033,"Man, seated, both knees up, with covered legs and arms, with a short beard and short hair/wig, with a yoke around his neck.",Classifier enslave,C
A455,kEH_HG,1366C,U+1366C,HJ A455,A455,A-27-026,"Man, standing, wearing a long sash-kilt, right arm forward, hand below the waist, holding a one handed fan (S37), with the curve outward, left arm hanging beside the body.",Classifier personal name,C
A457,kEH_HG,13576,U+13576,HJ A457,A457,A-15-020,"Man, standing, wearing a lion/leopard skin, tail between the legs, right arm hanging beside the body, holding a scroll horizontally, left arm raised towards the front, left hand held horizontally at shoulder height, hand palm upwards. ",Classifier divinity,C
A458,kEH_HG,13580,U+13580,HJ A458,A458,A-15-037,"Man, standing, with a line coming from his back at the waist, going down to the feet, right arm in front, right hand held horizontally at the height of the shoulders, holding D28 (two arms, raised upwards, with the forearms and hands vertical, hand palms inwards), left arm forwards, at 45 degree downwards.",Phonemogram,C
A45A,kEH_HG,1368B,U+1368B,A045F,A45A,A-29-003,"King, seated, both knees up, with covered legs and arms, with a long straight beard, wearing the red crown with (S3), holding a flagellum (S45).",Logogram (king of Lower Egypt),C
A45B,kEH_HG,13036,U+13036,A045A,A45B,A-29-007,"King, seated, both knees up, with covered legs and arms, with a long straight beard, wearing the red crown with (S3), holding a sceptre with a straight shaft, topped with the head of the Seth animal vertically.",Classifier king,C
A45C,kEH_HG,1368C,U+1368C,HJ A045C,A45C,A-29-008,"King, seated, both knees up, with covered legs and arms, with a long straight beard, wearing the red crown with (S3), holding a flagellum (S45) and a crook (S38) with the opening inwards.",Logogram (king of Lower Egypt),C
A45D,kEH_HG,1368D,U+1368D,HJ A045D,A45D,A-29-012,"King, seated, both knees up, with covered legs and arms, with a long straight beard, wearing the red crown with (S3), holding a crook (S38) vertically, with the opening inwards.",Logogram (king of Lower Egypt),C
A45E,kEH_HG,1368F,U+1368F,HJ A045E,A45E,A-29-014,"King, seated, both knees up, with covered legs and arms, with a long straight beard, wearing the red crown with (S3), holding a tie or strap, used with sandals (ankh sign, S34) vertically.",Classifier king,C
A46,kEH_HG,13037,U+13037,A046,A46,A-29-004,"God, seated, both knees up, with covered legs and arms, with a long-curved beard, wearing the red crown with (S3), holding a flagellum (S45).",Classifier king,C
A461,kEH_HG,1355F,U+1355F,HJ A461,A461,A-13-034,,Uncertain,
A462,kEH_HG,13560,U+13560,HJ A462,A462,A-13-035,"Man (foreign), seated, both knees up, with covered legs and arms, with a bushy beard, with a feather (H6) on his head angling backwards, holding a feather (H6), angling forwards.","Classifier bow-people, nomads",C
A466,kEH_HG,136AC,U+136AC,HJ A466,A466,A-30-049,"Man, standing upon a standard used for carrying religious symbols (R12), wearing headdress consisting of a double plume mounted on ram horns, right arm forward, holding a crook (S38) of the size of the man, vertically, left arm hanging besides the body.",Logogram/phonemogram (in ꜥnḏ.ty (Busiris)),C
A466A,kEH_HG,136AD,U+136AD,HJ A466A,A466A,A-30-050,"Man, standing on a standard used for carrying religious symbols (R12), wearing headdress consisting of a double plume mounted on ram horns, right arm forward, holding a staff/stick that angles towards the man, left arm hanging besides the body.",Logogram (9th nome of Lower Egypt),C
A469,kEH_HG,1304A,U+1304A,A065,A469,A-27-023,"Stylistic early dynastic form of a man, standing, holding a stick.",Logogram (the one who belongs to the god),C
A47,kEH_HG,13038,U+13038,A047,A47,A-13-004,"Man (shepherd), seated, both knees up, with covered legs and arms, with a short straight beard and short hair/wig, holding a stick which curves inwards, with a band of string or fabric, with the ties away from the body.",Logogram (to guard),C
A470,kEH_HG,136D1,U+136D1,HJ A470,A470,A-34-020,"Man, kneeling, both knees down, arms extended forward, facing another man in the same position, holding hands.",Classifier playing,C
A478,kEH_HG,13479,U+13479,HJ A478,A478,A-01-046,"Man, kneeling with both knees on the ground, with arms raised in front, hand palms facing inwards.",Classifier harpooner/priest,C
A479,kEH_HG,1382F,U+1382F,HJ A479,A479,C-21-004,"God, walking, wearing the double crown, right arm forward, angling down, left arm raised in back, forearm vertical, holding a stick.",Logogram (Orion),C
A47C,kEH_HG,13555,U+13555,HJ A047C,A47C,A-13-019,"Man, seated, both knees raised, with covered arms and legs, with a short straight beard and long wig, holding a coil of rope (V1), with the coil towards the body.",Logogram (to guard),C
A47D,kEH_HG,13559,U+13559,A047M,,A-13-026,"Man, seated, both knees raised, with covered legs and arms, with short hair/wig, holding an key for a tumbler lock consisting of a slightly bent vertical line with two shorter horizontal lines attached to the top akin to a flag, pointing outwards.",Logogram (to guard),C
A47E,kEH_HG,1355B,U+1355B,HJ A047E,A47E,A-13-028,"Man, seated, both knees raised, with covered legs and arms, with a short straight beard and short hair/wig, holding an object consisting of one long vertical line at one end, with multiple shorter vertical lines connected to a horizontal line, with the shorter vertical line section towards the body.",Logogram (to guard),C
A48,kEH_HG,1355C,U+1355C,A048H,,A-13-029,"Man, seated, both knees up, with covered legs and arms, with short straight beard and short hair/wig, holding an unknown object (mace/knife/stick?)","Logogram (relating to, belonging to)",C
A488,kEH_HG,136D3,U+136D3,HJ A488,A488,A-34-028,"God, seated, both knees up, with covered legs and arms, with a long-curved beard and long wig, with two heads with long-curved beard and long wig written overlapping behind the head.",Logogram (gods),C
A48A,kEH_HG,13552,U+13552,HJ A048A,A48A,A-13-014,"Man, seated, both knees raised, with covered legs and arms, with a short straight beard and short hair/wig, holding two sticks in a V shape.","Logogram (relating to, belonging to)",C
A48B,kEH_HG,13553,U+13553,HJ A048B,A48B,A-13-015,"Man, seated, both knees raised, with covered legs and arms, with short hair/wig, holding two sticks in a V shape.",Logogram (to guard),C
A49,kEH_HG,1355D,U+1355D,A049D,,A-13-031,"Man, seated, both knees up, with covered legs and arms, with a short bushy beard and long wig, holding a stick which angles slightly towards the body.",Classifier foreigner,C
A491,kEH_HG,13631,U+13631,HJ A491,A491,A-23-043,,,
A4B,kEH_HG,13475,U+13475,HJ A004B,A4B,A-01-039,,,
A4C,kEH_HG,13478,U+13478,HJ A004C,A4C,A-01-045,"Man, kneeling with both knees on the ground, with arms raised in front, hand palms facing outwards.",Classifier supplication/hiding/rejection,C
A5,kEH_HG,13004,U+13004,A005,A5,A-11-002,,,C
A50,kEH_HG,1303B,U+1303B,A050,A50,A-25-032,"Man, with short straight beard, seated on a chair, no arms visible.",Logogram (to be noble),C
A508,kEH_HG,13669,U+13669,HJ A508,A508,A-27-018,"Man, standing, right arm forward, holding a staff/stick; left arm hanging beside the body, holding a flagellum (S45) horizontally.",Logogram (sovereign),C
A50A,kEH_HG,1364C,U+1364C,HJ A050A,A50A,A-25-036,"Man, without beard, short hair/wig, seated on a block throne, no arms visible.",Classifier noble,C
A50B,kEH_HG,1363E,U+1363E,HJ A050B,A50B,A-25-001,"A man, with short straight beard, seated on a chair, both arms extended forwards, forearms horizontal, one arm above the other, hands above the knee.",Classifier revered person,C
A50C,kEH_HG,13640,U+13640,HJ A050C,A50C,A-25-003,"A man, with short straight beard, seated on a block throne, both arms extended forwards, forearms horizontal, one arm above the other, hands above the knee.",Classifier revered person,C
A50G,kEH_HG,1364F,U+1364F,HJ A050G,A50G,A-25-044,,,
A51,kEH_HG,1303C,U+1303C,A051,A51,A-25-005,"Man, with a short straight beard, seated on a chair, both arms extended forward, forearms horizontal, one above another, holding a flagellum (S45).",Logogram (to be noble),C
A51A,kEH_HG,13641,U+13641,HJ A051A,A51A,A-25-011,"God, with long-curved beard and long wig, seated on a block throne, both arms extended forwards, forearms horizontal, one above another, holding a flagellum (S45).",Logogram (to be noble),C
A51B,kEH_HG,13643,U+13643,HJ A051B,A51B,A-25-015,"Man, with short straight beard, seated on a block throne, without visible arms, with a flagellum (S45) and crook, opening inwards (S38) on his knee.",Classifier revered person,C
A51C,kEH_HG,13644,U+13644,HJ A051C,A51C,A-25-018,"Man, with short straight beard, seated on a chair, both arms extended forwards, forearms horizontal, one above the other, holding a flagellum (S45) and crook, opening inwards (S38).",Logogram/phonemogram (costly offerings),C
A51D,kEH_HG,13645,U+13645,HJ A051D,A51D,A-25-019,"God, with long-curved beard and long wig, seated on a block throne, both arms extended forwards, forearms horizontal, one above another, holding a sceptre with a straight shaft, topped with the head of the Seth animal.","Logogram (noble, splendid)",C
A51G,kEH_HG,1364E,U+1364E,HJ A051G,A51G,A-25-041,"Man, with a short straight beard, seated on nothing, both arms extended forward, forearms horizontal, one above another, holding a flagellum (S45).",Logogram (to be noble),C
A52,kEH_HG,1303D,U+1303D,A052,A52,A-31-001,"Man, seated, both knees down, with short straight beard, both arms forward, forearms horizontal, one above the other, holding a flagellum (S45).",Classifier name (deceased person),C
A52A,kEH_HG,136B1,U+136B1,HJ A052A,A52A,A-31-006,"Man, seated, both knees down, with short straight beard, without arms, with a flagellum (S45) on its knees.",Classifier name (deceased person),C
A52B,kEH_HG,136B2,U+136B2,HJ A052B,A52B,A-31-007,"Man, seated, both knees down, with short straight beard, without arms, with a tie or strap, used with sandals (ankh sign, S34), angled forwards, on its knees.",Classifier name (deceased person),C
A52E,kEH_HG,136B3,U+136B3,HJ A052E,A52E,A-31-011,,,
A52F,kEH_HG,136B4,U+136B4,HJ A052F,A52F,A-31-012,"Man, seated, both knees down, with short straight beard, without arms, with a flower on the knee, which curves towards the face, with the flower in front of the face.",Classifier name (deceased person),
A52J,kEH_HG,136B0,U+136B0,HJ A052J,A52J,A-31-004,,,
A53,kEH_HG,1303E,U+1303E,A053,A53,A-32-001,"A mummy with a long-curved beard, standing upright.",Classifier image/statue/likeness,C
A53A,kEH_HG,136B7,U+136B7,HJ A053A,A53A,A-32-005,"A mummy with a long-curved beard, standing upright, both arms forward, forearms horizontally, one above another.",Classifier creation/form,C
A54,kEH_HG,1303F,U+1303F,A054,A54,A-32-007,"A mummy with a long-curved beard, lying horizontally.",Classifier body/corpse/death,C
A55,kEH_HG,13040,U+13040,A055,A55,A-32-008,"A mummy with a long-curved beard, lying horizontally on top of a bed.",Logogram (to sleep/to spend the night),C
A55A,kEH_HG,136B8,U+136B8,HJ A055A,A55A,A-32-009,"A mummy with a long-curved beard, lying horizontally (A54) on top of a bed, with a leonid head, legs and tail (Q19), with the head towards the front.",Classifier to sleep/to spend the night,C
A56,kEH_HG,13041,U+13041,A056,A56,A-12-047,"Man, seated, right knee raised, right arm raised in front, left arm in front of body, holding a stick which rests against the left shoulder. ",Classifier enemy,C
A57,kEH_HG,13042,U+13042,A057,A57,A-29-029,"King, standing, with a long straight beard, wearing the red crown (S3), both arms forwards, hands at the height of the belly/waist, holding a loaf of bread on a reed mat (R4) horizontally.",Logogram (an offering that the king gives),C
A57B,kEH_HG,134E4,U+134E4,HJ A057B,A57B,A-07-020,"The king, seated on heel, both knees down, upon a base, with uraeus on brow, long, straight beard and coif, arms extended to the front, carrying a loaf of bread upon a reed mat at the height of the face.",Pictogram kneeling making offering,C
A57D,kEH_HG,13697,U+13697,HJ A057D,A57D,A-29-030,"King, seated on heel, right knee raised, with a long straight beard, wearing the red crown (S3), both arms forward, holding a loaf of bread on a reed mat (R4) horizontally.",Logogram (an offering that the king gives),C
A58,kEH_HG,13043,U+13043,A058,A58,A-12-012,"Man, standing, back bent forward, both arms toward the front, holding a hoe with a rope connecting the two pieces (U6), with the forward piece at the level of the feet.",Classifier hacking,C
A59,kEH_HG,13044,U+13044,A059,A59,A-16-029,"Man, standing, right arm forward, forearm and hand at the level of the waist, left arm raised, forearm vertically, holding a stick nearly horizontally.",Classifier driving away,C
A59A,kEH_HG,13594,U+13594,HJ A059A,A59A,A-16-024,"Man, standing, right arm forward, hand at the level of the waist, holding a stick vertically, left arm raised, forearm vertically, holding a stick nearly horizontally.",Classifier driving away,C
A5A,kEH_HG,13005,U+13005,A005A,A5A,A-11-003,"Man, seated, right knee raised, back straight, both arms raised in front, hand palms outwards, under a corner of a wall.",Logogram (to hide),C
A5B,kEH_HG,13529,U+13529,HJ A005B,A5B,A-11-009,"Man, standing, both arms raised in front, hand palms outwards, under a corner of a wall.",Classifier hiding/hidden,C
A6,kEH_HG,13006,U+13006,A006,A6,A-09-001,"Man, seated, right knee raised, with a vase on its side, with liquid issuing from it (W54), orientated to the front, on his head, both arms raised towards the front, hand palms outwards.","Logogram (pure, clean)",C
A60,kEH_HG,13045,U+13045,A060,A60,A-10-013,"Man, standing, right arm forward, forearm horizontal, hand palm upwards, left arm backwards, upper arm horizontal, forearm nearly vertical, hand palm inwards, with a dotted line running between the hand palms.","Logogram (to sprinkle, to scatter)",C
A60A,kEH_HG,13525,U+13525,HJ A060A,A60A,A-10-014,"Man, standing, right arm forward, forearm horizontal, hand palm upwards, left arm backwards, upper arm horizontal, forearm nearly vertical, hand palm inwards, with a curved line running between the hand palms, continuing downwards to the level of the feet.","Classifier to sprinkle, to scatter",C
A61,kEH_HG,13046,U+13046,A061,A61,A-02-033,"Man, standing, head oriented backwards, with the arms hanging at either side of the body.",Logogram (to turn back),C
A62,kEH_HG,13488,U+13488,A062A,A62,A-02-002,,,
A63,kEH_HG,13048,U+13048,A063,A63,A-25-025,,,C
A63A,kEH_HG,13649,U+13649,HJ A063A,A63A,A-25-033,,,
A63B,kEH_HG,1364B,U+1364B,HJ A063B,A63B,A-25-035,"God, with long-curved beard and uraeus on the forehead, seated on a block throne, both arms in front of the chest, right hand holding a crook (S38), opening inward, angled over the right shoulder, left hand holding a flagellum (S45), angled over the left shoulder.",,C
A66,kEH_HG,136C2,U+136C2,A066B,A66,A-33-018,"A mummy, with a long-curved beard, standing on a platform in front of an obelisk.",Logogram (monument)?,C
A68,kEH_HG,13468,U+13468,A068B,A68,A-01-014,"Man, seated on heel, right leg extended with foot in front of left leg, right arm raised with hand held vertically, hand palm outwards, left arm hanging beside the body.",Logogram (enemies),C
A69,kEH_HG,1346A,U+1346A,A069A,A69,A-01-018,"Man, seated, right knee raised, right arm raised, hand held vertically, hand palm inwards, left arm hanging beside the body.",Classifier human being,C
A6A,kEH_HG,13519,U+13519,A006X,A6A,A-09-018,"Man, seated, right knee raised, with a tall water pot (W14) on its side, with liquid issuing from it, orientated to the back, on his head, both arms forward, holding the base of the water pot.","Logogram (to be pure, to be clean)",C
A6B,kEH_HG,13517,U+13517,A006C,A6B,A-09-015,"Man, seated, right knee raised, both arms forward, holding a round vessel on its side, with liquid issuing from it, orientated to the front, at the height of his head.","Logogram (pure, clean)",C
A6E,kEH_HG,1351A,U+1351A,HJ A006E,A6E,A-09-021,"Man, seated on heel, both knees down, arms raised in front, holding a round vessel on its side, with liquid issuing from it, orientated to the back, going over the head, at the height of the head.","Logogram (pure, clean)",C
A6G,kEH_HG,1351E,U+1351E,HJ A006G,A6G,A-09-033,"Man, seated, right knee raised, both arms in front, forearms horizontal, hands upward, with a rectangular vessel below the arms, and two lines of liquid running from the hands over the head to the back, ending around the waist.","Logogram (pure, clean)",C
A6K,kEH_HG,1351B,U+1351B,HJ A006K,A6K,A-09-022,,,
A7,kEH_HG,13009,U+13009,A007,A7,A-01-036,"Man, seated on heel, right leg extended with foot in front of left leg, right and left arm sloping downwards to either side of the body.",Classifier sitting/weak/faint,C
A71,kEH_HG,1304E,U+1304E,A069,A71,A-01-008,"Man, seated, right knee raised, right arm raised, left arm hanging beside the body.",Classifier occupation/relationship,C
A72A,kEH_HG,1346C,U+1346C,HJ A072A,A72A,A-01-021,"Man, seated, both knees down, right arm raised, hand held vertically, hand palm inwards, left arm held in front of the body, lower arm and hand horizontal, hand palm upwards.",Logogram (first person singular),C
A73,kEH_HG,1304F,U+1304F,A070,A73,C-13-001,"Man, seated, right knee raised, raised arms at either side of the body, hands held vertically, with the hand palms inwards.","Logogram (million, many)",C
A75,kEH_HG,1347B,U+1347B,HJ A075,A75,A-01-051,"Man, seated, right knee raised, head facing backwards, both arms raised at the back, hands vertical, hand palms outwards.",Classifier enemies,C
A76,kEH_HG,13484,U+13484,HJ A076,A76,A-01-068,"man, seated, right knee raised, without visible arms.",Classifier human being,C
A76A,kEH_HG,1347D,U+1347D,HJ A076A,A76A,A-01-054,"Man, seated, both knees raised, with covered knees, arms covered by cloth.",Classifier human being/personal name,C
A76C,kEH_HG,1359E,U+1359E,HJ A076C,A76C,A-16-044,"Man, standing, upper body in profile, with a covered upper body resembling a circle, hands sticking out.",Classifier hiding/hidden,C
A77,kEH_JSesh,135A5,U+135A5,A077,A77,A-17-001,"Man, seated on heel, right knee raised, with a feather on the head (angled backwards). right arm raised, left arm in front of body.",Logogram (army),C
A78,kEH_HG,13489,U+13489,HJ A078,A78,A-02-005,"Man, standing, with the arms hanging at either side of the body.",Classifier to totter,C
A7A,kEH_HG,13474,U+13474,HJ A007A,A7A,A-01-038,"Man, seated, both knees down, right and left arm sloping downwards to either side of the body.",Classifier sitting/weak/faint,C
A8,kEH_HG,1347E,U+1347E,A008A,,A-01-060,"Man, seated on heel, right leg extended with foot in front of left leg, right arm angled in front of the body, left arm raised, hand held vertically, hand palm inwards (hnw gesture).",Classifier joy,C
A80,kEH_HG,1348B,U+1348B,HJ A080,A80,A-02-008,"Two men standing, facing each other holding hands, with the other arm hanging beside the body.",Logogram (to fraternize),C
A81,kEH_HG,1348F,U+1348F,HJ A081,A81,A-02-014,"Naked man, standing, with spread legs, arms hanging beside the body, with a dotted line between the legs.",Classifier to defecate,C
A81A,kEH_HG,13490,U+13490,HJ A081A,A81A,A-02-015,"Naked man, standing, with spread legs, arms hanging beside the body.",Classifier to be short,C
A81B,kEH_HG,13491,U+13491,HJ A081B,A81B,A-02-016,"Naked man, standing, phallus erect, producing a line of liquid, right arm hanging downwards, hand above the phallus, left arm hanging beside the body.","Logogram (to pour, to drain)",C
A82,kEH_HG,135E7,U+135E7,A082,,A-19-024,"Man, naked, face forwards, left leg backwards as if walking, right arm forwards, forearm horizontal at the height of the waist, left arm raised in back, hand at the height of the head.",Classifier dancing,C
A84,kEH_HG,1349B,U+1349B,HJ A084,A84,A-02-035,"Man, standing, right arm raised with hand to mouth, left arm hanging beside the body.",Classifier vocative interjection,C
A85,kEH_HG,1349D,U+1349D,HJ A085,A85,A-02-038,"Man, standing, both arms held in front, about waist height.",Classifier attacker,C
A86,kEH_HG,1349E,U+1349E,HJ A086,A86,A-02-039,"Man, standing, both arms held downwards at the front. ",Classifier lifting/carrying,C
A87,kEH_HG,134AA,U+134AA,HJ A087,A87,A-04-011,"Man, standing, bent forwards with back nearly horizontal, arms hanging downwards, extended towards the front.",Classifier bowing,C
A87A,kEH_HG,134AB,U+134AB,HJ A087A,A87A,A-04-012,"Man, standing on top of a base, bent forwards with back nearly horizontal, arms hanging downwards, extended towards the front.",Logogram (kissing the land),C
A9,kEH_HG,1300B,U+1300B,A009,A9,A-07-021,"Man, seated, right knee raised, a vessel on his head, right arm raised in front, with the hand at the vessel, left arm hanging beside the body.","Classifier to lift, to carry",C
A90,kEH_HG,134AC,U+134AC,HJ A090,A90,A-04-015,"Man, standing, back slightly bent forwards, arms twisted together at the front on a downward angle, line angling forwards from the head (braid, hairlock).",Classifier to twist,C
A91,kEH_HG,134AE,U+134AE,HJ A091,A91,A-04-021,,,
A92,kEH_HG,134B3,U+134B3,HJ A092,A92,A-05-010,"Man, prostrating, right leg extended, left leg bent and raised, both arms downwards, slightly bent, with the hands at the same level as the left knee and toes of the right leg.",Classifier bowing/lowering to the ground,C
A93,kEH_HG,134B7,U+134B7,HJ A093,A93,A-05-015,,,
A95,kEH_HG,134B9,U+134B9,HJ A095,A95,A-05-017,"Man, written horizontally, facing downwards, with knees and hips bent, with arms hanging loosely on either side beside the body (i.e., a corpse lying on the ground).",Classifier corpse,C
A96,kEH_HG,134BF,U+134BF,HJ A096,A96,A-05-023,"Man, written horizontally, facing downwards, knees and hips bent, arms raised at either side of the body, elbow bent downwards, hands upwards, facing inwards, with a round dotted line running between the hands (i.e., a man swimming).",Classifier swimming,C
A97,kEH_HG,134BA,U+134BA,HJ A097,A97,A-05-018,"Man, written horizontally, facing upwards, with knees and hips bent, with the arms bent at either side of the body, elbows downwards, hands upwards, facing outwards at either side.",Classifier to overthrow,C
A98,kEH_HG,134BC,U+134BC,HJ A098,A98,A-05-020,"Man, written horizontally, facing upwards, arms hanging on either side of the body.",Classifier to sleep/to awaken,C
A99,kEH_HG,134BE,U+134BE,HJ A099,A99,A-05-022,,,
A9B,kEH_HG,134FD,U+134FD,HJ A009B,A9B,A-08-001,"Man, standing, a vessel (W10) on his head, right arm raised in front, with the hand at the vessel, left arm hanging beside the body.","Logogram (to lift, to carry)",C
A9C,kEH_HG,134E6,U+134E6,HJ A009C,A9C,A-07-023,"Man, seated, right knee raised, a vessel on his head, right arm raised in front, with the hand at the vessel, left arm in front of the body.",Classifier work,C
B1,kEH_HG,13050,U+13050,B001,B1,B-01-003,"Woman, seated, both knees up, with covered legs and arms, with long hair.",Classifier female,C
B10,kEH_HG,136EC,U+136EC,HJ B010,B10,B-01-051,,,
B104,kEH_JSesh,13055,U+13055,B005A,B104,B-02-010,"Woman, seated, both knees down, with long hair and a band of cloth around the head, bound at the back, with two sticks forming a cross-like structure over the legs.",Logogram weaver or nurse,C
B105,kEH_HG,136F4,U+136F4,HJ B105,B105,B-02-012,"Woman, seated, both knees down, with long hair, with a spindle or spinning tool coming from her waist at 45 degree.",spindle/spinning tool,C
B11,kEH_HG,136FC,U+136FC,HJ B011,B11,B-03-014,"Woman, seated, both knees down, with long hair, right arm in front of the body, left arm extended forward, hand on the knee.",classifier divinity,C
B12,kEH_HG,136F6,U+136F6,HJ B012,B12,B-03-001,"Woman, seated, both knees down, long hair, arms extended at either side of the body, angling downwards.",Classifier barren woman,C
B13,kEH_HG,136F7,U+136F7,HJ B013,B13,B-03-002,"Woman, seated, both knees down, with long hair, arms extended forwards, towards the knees.",Classifier to mourn,C
B15,kEH_HG,136FA,U+136FA,HJ B015,B15,B-03-009,"Woman, seated, both knees down, with long hair, arms raised in front, hands vertical, hand palms outwards.",Classifier to praise,C
B16,kEH_HG,136F9,U+136F9,HJ B016,B16,B-03-005,"Woman, seated, both knees down, with long hair, arms extended forwards, towards the knees, hand palms upwards, with a ripple of water (N35) above the hands.",Classifier to welcome,C
B18A,kEH_HG,136EE,U+136EE,HJ B018A,B18A,B-01-054,"Woman, seated, both knees up, with covered legs, with long hair, arms raised in front, hands near the height of the face, hand palms outwards.",Classifier woman,C
B19,kEH_HG,136FD,U+136FD,HJ B019,B19,B-03-015,,,
B1A,kEH_HG,136D4,U+136D4,HJ B001A,B1A,B-01-005,"Woman, seated, both knees up, with covered legs and arms, with long hair, holding a stem of papyrus with a bud (M131) or flower vertically.",Phonemogram,C
B1B,kEH_HG,136D5,U+136D5,HJ B001B,B1B,B-01-007,"Woman, seated, both knees up, with covered legs and arms, with long hair, holding a club used by washermen for beating laundry (U36) vertically.",Logogram (majesty),C
B1C,kEH_HG,136EB,U+136EB,HJ B001C,B1C,B-01-049,"Woman, seated, both knees up, with covered legs and arms, with long hair, holding a stem of papyrus with a bud (M13).",Classifier divinity,C
B1D,kEH_HG,136E7,U+136E7,HJ B001D,B1D,B-01-039,"Woman, seated, both knees up, with covered legs and arms, with long hair, holding a tie or strap, used with sandals (ankh sign, S34), which angles forward.",Phonemogram,C
B1E,kEH_HG,136E2,U+136E2,HJ B001E,B1E,B-01-033,"Woman, seated, both knees up, with covered legs and arms, with long hair, holding a feather (H6) vertically.",Logogram (Maat),C
B1F,kEH_HG,136DF,U+136DF,HJ B001F,B1F,B-01-028,"Woman, seated, both knees up, with covered legs and arms, with long hair, holding a flower which curves forward, with the flower orientated downwards.",Classifier personal name,C
B1G,kEH_HG,136E0,U+136E0,HJ B001G,B1G,B-01-030,"Woman, seated, both knees up, with covered legs and arms, with long hair, holding a flower which curves towards the face, with the flower in front of the face.",Classifier personal name,C
B1I,kEH_HG,136E1,U+136E1,HJ B001I,B1I,B-01-032,"Woman, seated, both knees up, with covered legs and arms, with long hair, holding a round vessel with an upstanding rim (W24).",Phonemogram,C
B1J,kEH_HG,136E8,U+136E8,B001K,B1K,B-01-040,"Woman, seated, both knees up, with covered legs and arms, with long hair, holding a sceptre with a straight shaft, topped with the head of the Seth animal vertically.",Classifier divinity,C
B1K,kEH_HG,136E9,U+136E9,B001J,B1J,B-01-041,"Woman, seated, both knees up, with covered legs and arms, with long hair, holding a flagellum (S45).",Classifier ruler,C
B2,kEH_HG,13051,U+13051,B002,B2,B-09-002,"Woman, pregnant, seated, both knees down, with a band of cloth around the head, right arm forward, angling down towards the knee, left arm hanging beside the body.",Classifier pregnant,C
B21,kEH_HG,13703,U+13703,HJ B021,B21,B-04-006,"Woman, seated on a chair, with long hair, lower legs separated, no arms visible, with a flower on the knee, which curves towards the face, with the flower in front of the face.",Logogram (noblewoman),C
B21A,kEH_HG,13700,U+13700,HJ B021A,B21A,B-04-001,"Woman, seated on a chair, with long hair, lower legs separated, no arms visible.",Logogram (to be noble),C
B21B,kEH_HG,13701,U+13701,HJ B021B,B21B,B-04-002,"Woman, seated on a chair, with long hair, lower legs separated, no arms visible, with a flagellum (S45) on her knee.",Logogram (to be noble),C
B21D,kEH_HG,1370D,U+1370D,HJ B021D,B21D,B-04-024,"Woman, seated on nothing, arms at either side of the body, hanging beside the body.",Classifier resting,C
B22,kEH_HG,13707,U+13707,HJ B022,B22,B-04-013,,,
B23A,kEH_HG,13709,U+13709,HJ B023A,B23A,B-04-016,"Woman, seated on a block throne, with long hair, both arms forward, forearms horizontal, one above the other, holding a flagellum (S45).",Classifier personal name,C
B23B,kEH_HG,13705,U+13705,HJ B023B,B23B,B-04-011,"Woman, seated on a block throne, with long hair, no arms visible.",Logogram (noblewoman),C
B23F,kEH_HG,1370B,U+1370B,HJ B023F,B23F,B-04-018,,,
B24,kEH_HG,13715,U+13715,HJ B024,B24,B-05-013,"Woman, standing, with long hair, arms hanging at either side of the body.",Classifier divinity,C
B24A,kEH_HG,13716,U+13716,HJ B024A,B24A,B-05-015,"Woman, standing, with long hair, right arm forward, hand at the height of the waist, left arm over the body, left hand on the waist.",Classifier relationship,C
B27,kEH_HG,13710,U+13710,HJ B027,B27,B-05-003,"Woman, standing, back slightly bent forwards, arms extended forwards, hands at the height of the waist, hand palms upwards, with a ripple of water (N35) above the hands.",Classifier to welcome,C
B28,kEH_HG,13712,U+13712,B028A,,B-05-010,,,
B29,kEH_HG,136EF,U+136EF,HJ B029,B29,B-01-055,"Woman, seated, both knees up, with covered legs, with long hair, left arm forward, with the wrist on the knee, right arm forward, upper arm horizontal, forearm vertical, right hand grasping the wrist of the left arm.",Classifier divinity (title of šntꜣyt),C
B2A,kEH_HG,13737,U+13737,HJ B002A,B2A,B-09-003,"Woman, pregnant, seated, both knees down, no arms visible.",Classifier birth,C
B3,kEH_HG,13052,U+13052,B003,B3,B-09-011,"Woman, pregnant, seated, both knees down, right arm forward, angling down towards the knee, left arm hanging beside the body, with the head and arms of a child coming from the legs.",Classifier birth,C
B34,kEH_HG,13719,U+13719,HJ B034,B34,B-05-021,"Woman, standing, with long hair, right arm forward, hand at the height of the waist, holding a sedge (M23) of the height of the woman, with the tip curving forward, left arm hanging beside the body.",Phonemogram,C
B35,kEH_HG,1371A,U+1371A,HJ B035,B35,B-05-022,"Woman, standing, with long hair, right arm forward, hand at the height of the waist, holding a crook (S38) of the height of the woman, with the opening outward, left arm hanging beside the body.",Logogram (to rule),C
B36A,kEH_HG,13745,U+13745,HJ B036A,B36A,B-10-004,"Woman, standing, bent forwards, arms extended forwards, hands towards a rectangular object in front of the feet.",Phonemogram,C
B38,kEH_HG,1372A,U+1372A,HJ B038,B38,B-06-001,,,
B38A,kEH_HG,1372B,U+1372B,HJ B038A,B38A,B-06-002,"Woman, seated, both knees up, with covered arms and legs, with long hair, wearing a headdress consisting of a sun disk in horns, with two plumes on top of the sun disk (S65) and a vulture headdress, holding a stem of papyrus with a bud (M131) or flower vertically.",Classifier royal sister,C
B39,kEH_HG,1372C,U+1372C,HJ B039,B39,B-06-004,"Woman, seated, both knees up, with covered legs and arms, with long hair, with two plumes on her head, holding a flower which curves forward, with the flower orientated downwards.",Classifier royal personal name,C
B3A,kEH_HG,13738,U+13738,HJ B003A,B3A,B-09-005,"Woman, pregnant, seated, both knees down, right arm forward, angling down towards the knee, left arm hanging beside the body, with three lines coming from the legs, central one vertical, the outer two curving from the same point as the central line.",Classifier nurse,C
B3B,kEH_HG,13739,U+13739,HJ B003B,B3B,B-09-006,"Woman, pregnant, seated, both knees down, right arm forward, angling down towards the knee, left arm hanging beside the body, with four vertical lines coming from the legs.","Logogram (to birth, to bring forth)",C
B4,kEH_HG,13053,U+13053,B004,B4,B-09-004,"Woman, pregnant, seated, both knees down, right arm forward, angling down towards the knee, left arm hanging beside the body, with three vertical lines coming from the legs.",Classifier birth,C
B41,kEH_HG,1372E,U+1372E,HJ B041,B41,B-07-003,,,
B43,kEH_HG,1372F,U+1372F,HJ B043,B43,B-07-007,"Woman, standing, wearing the white crown (S1), right arm forward, hand at the height of the waist, holding a stem of papyrus with a bud (M131) or flower, of the size of the woman, vertically, left arm hanging beside the body, holding a tie or strap, used with sandals (ankh sign, S34), at the loop.",Logogram (king of Upper Egypt),C
B45,kEH_HG,13732,U+13732,HJ B045,B45,B-08-001,"Woman, standing, with long hair, both arms forward, hands at the height of the shoulder, holding a tambourine.",Logogram (rejoicing),C
B45A,kEH_HG,13734,U+13734,HJ B045A,B45A,B-08-003,"Woman, seated, both knees down, with long hair, both arms forward, holding a tambourine.",Classifier jubilation,C
B45B,kEH_HG,13733,U+13733,HJ B045B,B45B,B-08-002,"Woman, standing, with long hair, both arms forward, hands at the height of the shoulder, with a circle (tambourine?) floating above the hands.",Classifier (to rejoice),C
B47,kEH_HG,13059,U+13059,B009,B47,B-08-005,"Woman, standing, with long hair, right arm extended forward, hand at the height of the shoulder, holding a sistrum (Y18), vertically, left arm hanging beside the body.",Logogram (the musician),C
B5,kEH_HG,13054,U+13054,B005,B5,B-09-014,"Woman, seated, both knees down, nursing a child, seated on her lap, left arm forward, hand over the chest of the woman, right arm hanging beside the body; right arm forward, embracing/holding the child, left arm over the chest.","Classifier nursing, rearing",C
B51,kEH_HG,136E3,U+136E3,HJ B051,B51,B-01-034,"Woman, seated, both knees up, with covered legs and arms, with long hair, holding two sticks in a 'v' shape.",Phonemogram (in ḥw.t-ꞽr.yw (hall of records/scriptorium)),C
B52,kEH_HG,1371C,U+1371C,HJ B052,B52,B-05-025,"Woman, standing, with long hair, arms raised in front, upper arms horizontal, forearms vertical, holding a snake (or wavy stick) over their head.",Classifier mourner,C
B53,kEH_HG,136E4,U+136E4,HJ B053,B53,B-01-035,"Woman, seated, both knees up, with covered legs and arms, with long hair, with a line coming from the back of the head 45 degree upwards.",Classifier enemy,C
B54,kEH_HG,136ED,U+136ED,HJ B054,B54,B-01-053,"Woman, seated, both knees up, with covered legs, with long hair, with a cup/vessel (W10) on her head, right arm forward, supporting the cup/vessel at the front, left arm hanging beside the body.",Phonemogram,C
B56,kEH_HG,136E5,U+136E5,HJ B056,B56,B-01-036,"Woman, seated, both knees up, with covered legs and arms, with long hair, and uraeus on the forehead. ",Logogram (first person singular),C
B57,kEH_HG,13735,U+13735,HJ B057,B57,B-08-006,"Woman, seated, both knees down, wearing a diadem, right arm extended forward, held horizontally, holding a tie or strap, used with sandals (ankh sign, S34) vertically, left arm extended forwards, between the legs and the right arm, holding a bead-necklace with counterweight.",Classifier sistrum player,C
B58,kEH_HG,1371D,U+1371D,HJ B058,B58,B-05-026,"Woman, standing, with long hair, arms raised at either side of the body, hands horizontal at the height of the top of the head, hand palms upwards, holding up the sky (N1).",,C
B59,kEH_HG,136FB,U+136FB,HJ B059,B59,B-03-011,"Woman, seated, both knees down, with long hair, arm raised in front, hand at the face, hand palm inwards.",Classifier (mourner),C
B5A,kEH_HG,1373E,U+1373E,B005G,B5A,B-09-017,,,
B5B,kEH_HG,1373F,U+1373F,HJ B005B,B5B,B-09-018,"Woman, seated, both knees down wearing a red crown (S3), nursing a child, seated on her lap, left arm forward, hand over the chest of the woman, right arm hanging beside the body; right arm forward, embracing/holding the child, left arm over the chest.",Logogram (nurse),C
B5C,kEH_HG,13740,U+13740,HJ B005C,B5C,B-09-019,"Woman, seated, both knees down wearing a white crown (S1), nursing a child, seated on her lap, left arm forward, hand over the chest of the woman, right arm hanging beside the body; right arm forward, embracing/holding the child, left arm over the chest.",Logogram (nurse),C
B5D,kEH_HG,1373D,U+1373D,HJ B005D,B5D,B-09-015,"Woman, seated, both knees down, both arms forward, hands in front of the belly, holding a child, seated on the arms of the woman, facing towards her, both arms beside the body.",Classifier nurse,C
B6,kEH_HG,13056,U+13056,B006,B6,B-09-020,"Woman, seated on a block throne, with a child on her lap, facing her, both arms down; both arms forward, right arm behind the child, left arm in front of the child.","Classifier nursing, rearing",C
B64,kEH_HG,13717,U+13717,HJ B064,B64,B-05-016,"Woman, standing, with long hair, arms raised at either side of the body, hands horizontal at the height of the top of the head, hand palms upwards.",Classifier to raise/to support,C
B65,kEH_HG,136F8,U+136F8,HJ B065,B65,B-03-004,"Woman, seated, both knees down, with long hair, arm raised in front , hand at the height of the face, hand horizontal, hand palm up.",Phonemogram (to form mr.ty (the two eyes)),C
B65A,kEH_HG,13718,U+13718,HJ B065A,B65A,B-05-017,"Woman, standing, with long hair, arm in front, hand horizontal at the height of the face, hand palm upwards.",Classifier singing,C
B67,kEH_HG,13746,U+13746,HJ B067,B67,B-10-006,,,
B68,kEH_HG,13721,U+13721,HJ B068,B68,B-05-034,"Woman, standing, with long hair, right arm forward, hand at the height of the shoulder, holding a long staff or pole with a two-pronged end piece for holding down snakes (U116), left arm hanging beside the body.","Logogram (to be old, old age)",C
B6A,kEH_HG,13742,U+13742,HJ B006A,B6A,B-09-022,"Woman, seated on nothing, with a child on her lap, facing her, both arms down; both arms forward, right arm behind the child, left arm in front of the child.","Classifier nursing, rearing",C
B6B,kEH_HG,13743,U+13743,HJ B006B,B6B,B-09-023,"Woman, seated on a chair, both arms forward, holding a child, seated, both arms at either side of the body.","Classifier nursing, rearing",C
B6C,kEH_HG,13741,U+13741,HJ B006C,B6C,B-09-021,,,
B7,kEH_HG,13057,U+13057,B007,B7,B-01-022,"Woman, seated, both knees up, with covered legs and arms, with long hair, wearing a diadem, holding a flower which curves forward, with the flower orientated downwards.",Classifier female royalty,C
B70,kEH_HG,13724,U+13724,HJ B070,B70,B-05-037,"Woman, standing, with long hair, right arm forward, hand at the height of the waist, holding a palm branch, stripped of leaves, with multiple sharp notches (M4A), tip curving outwards, notches towards the body, left arm hanging beside the body, holding a tie or strap, used with sandals (ankh sign, S34), at the loop.",Phonemogram (cryptography),C
B72,kEH_HG,13720,U+13720,HJ B072,B72,B-05-032,"Woman, standing, with long hair, right arm forward, hand at the height of the waist, holding a sceptre with a straight shaft, forked bottom and head of the Seth animal (S40) of the same size as the woman, left arm hanging beside the body, holding a tie or strap, used with sandals (ankh sign, S34), at the loop.",Phonemogram,C
B73,kEH_HG,136BA,U+136BA,HJ B073,B73,A-33-004,,,
B76,kEH_HG,136E6,U+136E6,HJ B076,B76,B-01-037,"Woman, seated, both knees up, with covered legs and arms, with long hair, with a dotted line coming from the face which angles downwards.",Classifier youth,C
B77,kEH_HG,13725,U+13725,HJ B077,B77,B-05-039,"Woman, standing, back bent forward, with a line coming from the head, curving forward, arms extended forward, forearms horizontal at the height of the waist.",Classifier mourner,C
B78,kEH_HG,1370E,U+1370E,HJ B078,B78,B-04-025,"Girl, with long hair, seated on nothing, forelegs separated, right arm raised with hand to mouth, left arm hanging beside the body.",classifier youth,C
B79,kEH_HG,13727,U+13727,HJ B079,B79,B-05-042,"Woman, standing, with long hair, wearing a diadem, both arms raised at either side of the body, hands a the height of the face, holding a stick in each hands, which is angled inwards.",Classifier danceress,C
B7A,kEH_HG,136D8,U+136D8,HJ B007A,B7A,B-01-011,,,
B7C,kEH_HG,136D6,U+136D6,HJ B007C,B7C,B-01-009,"Woman, seated, both knees up, with covered legs and arms, with long hair, wearing a diadem.",Logogram (feminine first person singular),C
B7E,kEH_HG,136DB,U+136DB,HJ B007E,B7E,B-01-017,"Woman, seated, both knees up, with covered legs and arms, with long hair, wearing a diadem, holding a stem of papyrus with a bud (M131) or flower vertically.",Classifier divinity,C
B7F,kEH_HG,136DC,U+136DC,HJ B007F,B7F,B-01-019,"Woman, seated, both knees up, with covered legs and arms, with long hair, wearing a diadem, holding a flagellum (S45).",Classifier ruler,C
B7I,kEH_HG,136DD,U+136DD,HJ B007I,B7I,B-01-025,,,
B7J,kEH_HG,136DA,U+136DA,HJ B007J,B7J,B-01-015,"Woman, seated, both knees up, with covered legs and arms, with long hair, wearing a diadem, holding a sceptre with a straight shaft, topped with the head of the Seth animal vertically.",Phonemogram,C
B8,kEH_HG,13058,U+13058,B008,B8,B-02-002,"Woman, seated, both knees down, no arms visible, with a flower on the knee, which curves towards the face, with the flower in front of the face.",Classifier human being (together with A1),C
B80,kEH_HG,1390A,U+1390A,HJ B080,B80,C-47-010,"Goddess, standing, with a headdress consisting of two feathers on ram horns (S77) on her head, right arm forward, hand at the height of the waist, holding a stem of papyrus with a bud (M131) or flower, of the height of the woman, vertically, left arm hanging beside the body.",Logogram (sovereign),C
B80A,kEH_HG,1390B,U+1390B,HJ B080A,B80A,C-47-011,"Goddess, standing, with a headdress consisting of two feathers on ram horns (S77) on her head, right arm forward, hand at the height of the waist, holding stick of the height of the woman, vertically, left arm hanging beside the body.",Logogram (sovereign),C
B81,kEH_HG,13730,U+13730,HJ B081,B81,B-07-009,"Woman, standing, wearing the red crown (S3), arms hanging at either side of the body.",Phonemogram,C
B82,kEH_HG,136FE,U+136FE,HJ B082,B82,B-03-019,"Woman, seated, both knees down, with long hair, both arms forward, with a ball or other round object (tambourine?) between the two hands.",Classifier fortune,C
B83,kEH_HG,13728,U+13728,HJ B083,B83,B-05-043,"Woman standing, arms extended forwards, holding a child, with the arms and child covered in a cloth, only the head of the child visible.","Classifier nursing, rearing",C
B85,kEH_HG,13748,U+13748,HJ B085,B85,B-10-008,"Woman, seated, with both knees down, with the head and arms of a child coming from the legs, both arms raised at either side of the body, hands at the height of the top of the head, supporting a duck or goose (G38-G39) on each hand, looking outwards, with a half round loaf of bread (X1) over the shoulder of each bird.",Phonemogram (cryptography),C
B88,kEH_HG,13714,U+13714,HJ B088,B88,B-05-012,"Woman, standing, with long hair, arm raised in front, hand to mouth.","classifier (screamers, mourners)",C
B8A,kEH_HG,136F0,U+136F0,HJ B008A,B8A,B-02-001,"Woman, seated, both knees down, no arms visible.",Classifier relationship,C
B8B,kEH_HG,136F2,U+136F2,HJ B008B,B8B,B-02-006,"Woman, seated, both knees down, no arms visible, with a lotus bud and stem on the knee, which curves upwards, with the bud pointing upwards at the height of the face.",Phonemogram,C
B8C,kEH_HG,136F1,U+136F1,HJ B008C,B8C,B-02-004,,,
B8D,kEH_HG,136F3,U+136F3,HJ B008D,B8D,B-02-007,"Woman, seated, both knees down, wearing a diadem, no arms visible, with a flower on the knee, which curves towards the face, with the flower in front of the face.",Classifier name (deceased person),C
B8G,kEH_HG,136F5,U+136F5,HJ B008G,B8G,B-02-014,,,
B94,kEH_HG,13706,U+13706,HJ B094,B94,B-04-012,"Woman, seated on a block throne, with long hair, with an uraeus on the forehead, no arms visible.",Classifier name female royalty,C
C1,kEH_HG,1305A,U+1305A,C001,C1,C-24-002,"God, seated, knees up, with covered legs and arms, with a long-curved beard and long wig/hair, with N6 (The sun, encircled by a cobra (Naja haje), standing up, with expanded hood (uraeus)) on its head.",Logogram (Re),C
C10,kEH_HG,13066,U+13066,C010,C10,C-37-002,"Goddess, seated, knees up, with covered legs and arms, with a cloth band around her head, with a feather (H6) on her head.",Logogram (Maat),C
C101,kEH_JSesh,13837,U+13837,C101,C101,C-22-019,"God, in mummy form, standing upright, with a long-curved beard, wearing the Atef crown with ram horns (S8), both arms forward, holding a sceptre with a straight shaft, forked bottom and head of the Seth animal (S40) of the same size as the god, vertically.",Classifier Osiris,C
C101A,kEH_HG,13838,U+13838,HJ C101A,C101A,C-22-021,"God, in mummy form, standing upright on a platform, with a long-curved beard, wearing the Atef crown without ram horns (S8A), both arms in front of the chest, right hand holding a flagellum (S45), angled over the right shoulder, left hand holding a crook (S38), opening inward, angled over the left shoulder.",Logogram (Osiris),C
C102,kEH_HG,1383A,U+1383A,HJ C102,C102,C-23-003,"God, seated, knees up, with covered legs and arms, with a long straight beard, wearing a cap, holding a sceptre with a straight shaft, topped with the head of the Seth animal vertically. ",Classifier Ptah,C
C102A,kEH_HG,13839,U+13839,HJ C102A,C102A,C-23-001,"God, seated, knees up, with covered legs and arms, with a long straight beard, wearing a cap.",Logogram (Ptah),C
C102D,kEH_HG,1383B,U+1383B,HJ C102D,C102D,C-23-007,"God, seated, knees up, with covered legs and arms, with a long straight beard, wearing a cap, holding a tie or strap, used with sandals (ankh sign, S34), angling forward. ",Logogram (Ptah),C
C103,kEH_HG,13848,U+13848,HJ C103,C103,C-25-001,,,
C104D,kEH_HG,13795,U+13795,HJ C104D,C104D,C-08-009,"God, seated, knees up, with covered legs and arms, with a long-curved beard, with a feather (H6) on his head, holding a feather (H6), vertically.",Logogram (son/child of),C
C105C,kEH_HG,1384E,U+1384E,HJ C105C,C105C,C-26-012,"Humanoid, with the head of a donkey/ass, with a knife (T30A) at the face, blade towards the back, with hands bound to feet at the back, in front of a pole which is forked at the top, to which the humanoid is bound.",Classifier vile one,C
C105D,kEH_HG,1384D,U+1384D,HJ C105D,C105D,C-26-010,,,
C105E,kEH_HG,1384F,U+1384F,HJ C105E,C105E,C-26-015,"Humanoid, with the head of a donkey/ass, with hands bound to feet at the back, in front of a pole which is forked at the top, to which the humanoid is bound.",Classifier evil one,C
C106B,kEH_HG,1384C,U+1384C,HJ C106B,C106B,C-26-009,,,
C107,kEH_HG,13851,U+13851,HJ C107,C107,C-27-001,"God, seated, knees up, with covered legs and arms, with the head of a crocodile.",Logogram (Sobek),C
C107A,kEH_HG,13852,U+13852,HJ C107A,C107A,C-27-002,"God, seated, knees up, with covered legs and arms, with the head of a crocodile, holding a sceptre with a straight shaft, topped with the head of the Seth animal vertically. ",Classifier crocodile divinity,C
C108A,kEH_HG,13856,U+13856,HJ C108A,C108A,C-28-001,"An archaic image of a falcon, with a thorn, pointing upwards in front of it.",Logogram (Sopdu),C
C10A,kEH_HG,13067,U+13067,C010A,C10A,C-37-005,"Goddess, seated, knees up, with covered legs and arms, with a cloth band around her head, with a feather (H6) on her head, holding a tie or strap, used with sandals (ankh sign, S34), angling forward. ",Logogram (Maat),C
C10B,kEH_HG,138C8,U+138C8,HJ C010B,C10B,C-37-003,"Goddess, seated, knees up, with covered legs and arms, with a cloth band around her head, with a feather (H6) on her head, holding a stem of papyrus with a bud (M131) or flower vertically. ",Logogram (Maat),C
C10C,kEH_HG,138C9,U+138C9,HJ C010C,C10C,C-37-006,"Goddess, seated, knees up, with covered legs and arms, with a cloth band around her head, with a feather (H6) on her head, holding a crook (S38), vertically, with the opening outwards.",Logogram (ruler of truth/Maat),C
C10D,kEH_HG,138CA,U+138CA,HJ C010D,C10D,C-37-007,"Goddess, seated, knees up, with covered legs and arms, with a cloth band around her head, with a feather (H6) on her head, holding a feather (H6), vertically.",Logogram (truth),C
C10E,kEH_HG,138CD,U+138CD,HJ C010E,C10E,C-37-012,"Goddess, seated, knees up, with covered legs and arms, with a cloth band around her head, with a feather (H6) on her head, holding a sceptre with a straight shaft, topped with the head of the Seth animal vertically. ",Logogram (Maat),C
C10F,kEH_HG,138CB,U+138CB,HJ C010F,C10F,C-37-009,"Goddess, seated, knees up, with covered legs and arms, with a cloth band around her head, with a feather (H6) on her head, holding the head and neck of a canine animal (F12), vertically.",Logogram (in name Ramses IV),C
C10G,kEH_HG,138CC,U+138CC,HJ C010G,C10G,C-37-010,"Goddess, seated, knees up, with covered legs and arms, with a cloth band around her head, with a feather (H6) on her head, holding two maces (T3), both angled forward.",Classifier woman,C
C11,kEH_HG,137EB,U+137EB,C011A,,C-13-007,"Man/god, seated on heel, right knee raised, with coif/short hair, without beard, with a palm branch, stripped of leaves and notched on his head (M4), notch forward, raised arms at either side of the body, hands held vertically, with the hand palms inwards.","Logogram (million, many)",C
C111,kEH_HG,13857,U+13857,HJ C111,C111,C-29-002,"God, seated, knees up, with covered legs and arms, with the head of a baboon/monkey, holding a mace (T3) angling forward.",Classifier guardian,C
C111B,kEH_HG,13858,U+13858,HJ C111B,C111B,C-29-003,"God, seated, knees up, with covered legs and arms, with the head of a baboon/monkey, holding a knife (T30A), vertically.",Classifier guardian,C
C112,kEH_HG,1385A,U+1385A,HJ C112,C112,C-29-007,"God, in mummy form, standing upright, with the head of a baboon/monkey.",Logogram (Hapy),C
C114,kEH_HG,13867,U+13867,HJ C114,C114,C-31-010,"God, seated, knees up, with covered legs and arms, with the head of an ibis, with a crescent moon with the entire moon disk (N62) on its head, holding a sceptre with a straight shaft, topped with the head of the Seth animal vertically. ",,C
C114A,kEH_HG,13868,U+13868,HJ C114A,C114A,C-31-011,"God, seated, knees up, with covered legs and arms, with the head of an ibis, with a crescent moon with the entire moon disk (N62) on its head.",Classifier moon,C
C115A,kEH_HG,13869,U+13869,HJ C115A,C115A,C-31-014,,,
C116,kEH_HG,1386D,U+1386D,HJ C116,C116,C-31-021,"God, standing, with the head of an ibis, right arm forward, hand at the height of the waist, holding a sceptre with a straight shaft, forked bottom and head of the Seth animal (S40) of the same size as the god, vertically, left arm hanging beside the body.",Logogram/phonemogram (to be great),C
C116A,kEH_HG,1386E,U+1386E,HJ C116A,C116A,C-31-022,,,
C116B,kEH_HG,1386F,U+1386F,HJ C116B,C116B,C-31-023,"God, standing, with the head of an ibis, arms hanging at either side of the body.",Logogram (Thot),C
C117,kEH_HG,13870,U+13870,HJ C117,C117,C-31-026,,,
C118,kEH_HG,1374A,U+1374A,HJ C118,C118,C-01-003,"God, seated, both knees up, with covered legs and arms, with a long-curved beard and long hair/wig, with a crescent moon with the entire moon disk (N62) on its head.",Classifier moon,C
C118A,kEH_HG,13749,U+13749,HJ C118A,C118A,C-01-002,"God, seated, both knees up, with covered legs and arms, with a long-curved beard and long hair/wig, with a crescent moon with the entire moon disk (N62) on its head, holding a sceptre with a straight shaft, topped with the head of the Seth animal vertically.",Logogram (in combination with \C268B),C
C119,kEH_HG,1374C,U+1374C,C119X,,C-01-007,,,
C119B,kEH_HG,1374D,U+1374D,HJ C119B,C119B,C-01-008,"God, seated, both knees up, with covered legs and arms, with a long-curved beard and short hair/wig, with a uraeus on his forehead, with a star upon his head (N14).",Logogram (Geb),C
C11B,kEH_HG,137EF,U+137EF,HJ C011B,C11B,C-13-014,"Man/god, seated on heel, right knee raised, with coif/short hair, without beard, with a palm branch, stripped of leaves and notched on his head (M4), notch forward, arms extended at either side of the body, holding a palm branch, stripped of leaves with multiple notches (M4A), with the notches outwards.","Logogram (million, many)",C
C11C,kEH_HG,137F1,U+137F1,HJ C011C,C11C,C-13-017,,,
C11E,kEH_HG,137F2,U+137F2,HJ C011E,C11E,C-13-019,"Man, seated on heel, right knee raised, with coif/short hair, without beard, arms extended at either side of the body, holding a palm branch, stripped of leaves with multiple notches (M4A), with the notches outwards.","Logogram (million, many)",C
C11G,kEH_HG,137F4,U+137F4,HJ C011G,C11G,C-13-023,,,
C11J,kEH_HG,137F5,U+137F5,HJ C011J,C11J,C-13-024,"Man/god, seated on heel, right knee raised, with coif/short hair, without beard, with a palm branch, stripped of leaves and notched on his head (M4), notch forward, arms extended at either side of the body, holding a palm branch, stripped of leaves, curving inwards at the top, connecting at the top of the M4 sign on the head.","Logogram (million, many)",C
C11L,kEH_HG,137EC,U+137EC,HJ C011L,C11L,C-13-010,"Man/god, seated on heel, both knees down, with coif/short hair, without beard, with a palm branch, stripped of leaves and notched on his head (M4), notch forward, raised arms at either side of the body, hands held vertically, with the hand palms inwards.","Logogram (million, many)",C
C12,kEH_HG,13069,U+13069,C012,C12,C-03-003,"God, seated, knees up, with covered legs and arms, with a long-curved beard, wearing the double-plume headdress (S72A), with a line running from the crown down the back, holding a sceptre with a straight shaft, topped with the head of the Seth animal vertically.",Logogram (Amon),C
C121,kEH_HG,1374F,U+1374F,HJ C121,C121,C-01-011,"God, seated, both knees up, with covered legs and arms, with a long-curved beard and short hair/wig, with an eye (D4) upon his head, holding a sceptre with a straight shaft, topped with the head of the Seth animal vertically.",Logogram (the earthmaker (divinity)),C
C122,kEH_HG,13750,U+13750,HJ C122,C122,C-01-012,,,
C123,kEH_HG,13751,U+13751,HJ C123,C123,C-01-013,"God, seated, both knees up, with covered legs and arms, with a long-curved beard and short hair/wig, with an elephant tusk (F18) upon his head, holding a sceptre with a straight shaft, topped with the head of the Seth animal vertically.","Logogram (the utterance, divinity)",C
C125A,kEH_HG,13755,U+13755,HJ C125A,C125A,C-01-020,,,
C126,kEH_HG,13756,U+13756,HJ C126,C126,C-01-022,,,
C127,kEH_HG,13757,U+13757,HJ C127,C127,C-01-025,,,
C12A,kEH_HG,13763,U+13763,HJ C012A,C12A,C-03-001,"God, seated, knees up, with covered legs and arms, with a long-curved beard, wearing the double-plume headdress (S72A), with a line running from the crown down the back.",Logogram (Amon),C
C12B,kEH_HG,13765,U+13765,HJ C012B,C12B,C-03-005,"God, seated, knees up, with covered legs and arms, with a long-curved beard, wearing the double-plume headdress (S72A), with a line running from the crown down the back, holding a feather (H6).",Logogram (Maat and Amon),C
C12C,kEH_HG,13766,U+13766,HJ C012C,C12C,C-03-006,"God, seated, knees up, with covered legs and arms, with a long-curved beard, wearing the double-plume headdress (S72A), with a line running from the crown down the back, holding a tie or strap, used with sandals (ankh sign, S34), vertically.",Logogram (Amon),C
C12D,kEH_HG,13768,U+13768,HJ C012D,C12D,C-03-008,"God, seated, knees up, with covered legs and arms, with a long-curved beard, wearing the double-plume headdress (S72A), with a line running from the crown down the back, holding a sceptre (S42).",Logogram (living image of Amon),C
C12E,kEH_HG,13769,U+13769,HJ C012E,C12E,C-03-009,"God, seated, knees up, with covered legs and arms, with a long-curved beard, wearing the double-plume headdress (S72A), with a line running from the crown down the back, holding a tie or strap, used with sandals (ankh sign, S34), written over a sceptre with a straight shaft, topped with the head of the Seth animal vertically. ",Logogram divinity,C
C12F,kEH_HG,1306B,U+1306B,C014,C12F,C-03-011,"God, seated, knees up, with covered legs and arms, with a long-curved beard, wearing the double-plume headdress (S72A), with a line running from the crown down the back, holding a khopesh sword (T16A) vertically.",Logogram (Amon is his strength (sꜣ-rꜥ name Ramses VI)),C
C12I,kEH_HG,1376D,U+1376D,HJ C012I,C12I,C-03-022,"God, standing, with a long-curved beard, wearing the double plume headdress (S72A), right arm forward, hand at the height of the waist, holding a sceptre with a straight shaft, forked bottom and head of the Seth animal (S40) of the same size as the god, vertically, left arm hanging beside the body.",Logogram (Amon),C
C12K,kEH_HG,13764,U+13764,HJ C012K,C12K,C-03-002,"God, seated, knees up, with covered legs and arms, with a long-curved beard, wearing the double-plume headdress (S72A).",Classifier divinity,C
C12L,kEH_HG,13767,U+13767,HJ C012L,C12L,C-03-007,"God, seated, knees up, with covered legs and arms, with a long-curved beard, wearing the double-plume headdress (S72A), holding a tie or strap, used with sandals (ankh sign, S34), vertically.",Logogram (Amon),C
C12M,kEH_HG,1376A,U+1376A,HJ C012M,C12M,C-03-018,,,
C132,kEH_HG,13759,U+13759,HJ C132,C132,C-01-032,"God, seated, both knees up, with covered legs and arms, with a long-curved beard and short hair/wig, with a dung beetle (scarab (L1)) upon his head, holding a sceptre with a straight shaft, topped with the head of the Seth animal vertically.",Classifier Khepri (divinity),C
C133,kEH_HG,1375A,U+1375A,HJ C133,C133,C-01-033,"God, seated, both knees up, with covered legs and arms, with a long-curved beard and short hair/wig, with two arms, raised, with the palms of the hands towards each other (D28) upon his head, holding a sceptre with a straight shaft, topped with the head of the Seth animal vertically.",Logogram (spirit),C
C136,kEH_HG,1375B,U+1375B,HJ C136,C136,C-01-037,"God, seated, both knees up, with covered legs and arms, with a long-curved beard and short hair/wig, with the hindquarters of a seated lion or leopard (F22) on its head, holding a sceptre with a straight shaft, topped with the head of the Seth animal vertically.",Logogram (god),C
C138,kEH_HG,1387A,U+1387A,HJ C138,C138,C-34-006,"Goddess, seated, knees up, with covered legs and arms, with the head of a snake.",classifier (in ḥs-nb=s),C
C138B,kEH_HG,1387B,U+1387B,HJ C138B,C138B,C-34-008,"Goddess, seated, knees up, with covered legs and arms, with the head of a snake, holding a sceptre with a straight shaft, topped with the head of the Seth animal vertically. ",Logogram (Keket),C
C138C,kEH_HG,1387C,U+1387C,HJ C138C,C138C,C-34-009,"Goddess, seated, knees up, with covered legs and arms, with the head of a snake, holding a knife (T30A) at a forward angle.",Classifier divinity?,C
C140A,kEH_HG,1375E,U+1375E,HJ C140A,C140A,C-02-002,,,
C141,kEH_HG,13919,U+13919,HJ C141,C141,C-47-039,"Goddess, seated, knees up, with covered arms and legs, with the head of a frog, holding a sceptre with a straight shaft, topped with the head of the Seth animal vertically. ",Logogram (Keku),C
C148,kEH_JSesh,13876,U+13876,C148,C148,C-33-002,"Goddess, seated, knees up, with covered legs and arms, wearing a headdress of outwards waving plumes, holding a holding a stem of papyrus with a bud (M131) or flower vertically.",Classifier Anubis,C
C148A,kEH_JSesh,13877,U+13877,C148A,C148A,C-33-004,"Goddess, seated, knees up, with covered legs and arms, wearing a headdress of outwards waving plumes, holding a tie or strap, used with sandals (ankh sign, S34), angling forward. ",Classifier Anubis,C
C149,kEH_HG,13878,U+13878,HJ C149,C149,C-34-004,"Goddess, seated, knees up, with covered legs and arms, with the head of a snake, holding a stem of papyrus with a bud (M13).",Classifier Renenutet,C
C149A,kEH_HG,13879,U+13879,HJ C149A,C149A,C-34-005,,,
C151,kEH_HG,1388C,U+1388C,HJ C151,C151,C-35-028,"Goddess, seated, both knees down, with a headdress of bovine horns with a sun disk (F102), both arms forward, right hand at the height of the shoulder, holding a tambourine, left hand on the tambourine.",Logogram (rejoicing),C
C151A,kEH_HG,1388D,U+1388D,HJ C151A,C151A,C-35-029,"Goddess, standing, with a headdress of bovine horns with a sun disk (F102), both arms forward, right hand at the height of the shoulder, holding a tambourine, left hand on the tambourine.",Logogram (rejoicing),C
C153,kEH_HG,13890,U+13890,HJ C153,C153,C-35-033,"Goddess, standing, with a headdress of bovine horns with a sun disk (F102), right arm forward, hand at the height of the waist, holding a stem of papyrus with a bud (M131) or flower, of the height of the woman, vertically, left arm hanging beside the body.",Logogram (Hathor),C
C155B,kEH_HG,1389A,U+1389A,HJ C155B,C155B,C-35-053,,,
C157,kEH_HG,13898,U+13898,HJ C157,C157,C-35-049,,,
C159,kEH_HG,1389D,U+1389D,HJ C159,C159,C-35-062,"Goddess, seated, knees up, with covered legs and arms, with a seat (Q1) on her head.",Logogram (Isis),C
C159A,kEH_HG,1389E,U+1389E,HJ C159A,C159A,C-35-064,"Goddess, seated, knees up, with covered legs and arms, with a seat (Q1) on her head, holding a stem of papyrus with a bud (M131) or flower vertically. ",Classifier Isis,C
C159B,kEH_HG,1389F,U+1389F,HJ C159B,C159B,C-35-066,"Goddess, seated, knees up, with covered legs and arms, with a seat (Q1) on her head, holding a holding a tie or strap, used with sandals (ankh sign, S34), angling forward. ",Logogram (Isis),C
C159C,kEH_HG,138A5,U+138A5,HJ C159C,C159C,C-35-073,"Goddess, seated, knees up, with covered legs and arms, with a headdress of bovine horns with a sun disk (F102) with a seat (Q1) on the sun disk, holding a holding a stem of papyrus with a bud (M131) or flower vertically. ",Logogram (Isis),C
C159D,kEH_HG,138A0,U+138A0,HJ C159D,C159D,C-35-067,"Goddess, seated, knees up, with covered legs and arms, with a seat (Q1) on her head, holding a stem of papyrus with a bud (M13).",Classifier divinity,C
C159E,kEH_HG,138A1,U+138A1,HJ C159E,C159E,C-35-068,"Goddess, seated, knees up, with covered legs and arms, with a seat (Q1) on her head, holding a two-barbed arrowhead, with the point facing downwards, in the ground, with only the barbs visible (T22A).",Classifier mourner,C
C159G,kEH_HG,138A6,U+138A6,HJ C159G,C159G,C-35-074,"Goddess, seated, knees up, with covered legs and arms, with a headdress of bovine horns with a sun disk (F102) with a seat (Q1) on the sun disk, holding a stem of papyrus with a bud (M13).",Logogram (Isis),C
C159H,kEH_HG,138A2,U+138A2,HJ C159H,C159h,C-35-069,,,
C159I,kEH_HG,138A3,U+138A3,HJ C159I,C159I,C-35-070,,,
C161,kEH_HG,138A8,U+138A8,HJ C161,C161,C-35-083,"Goddess, standing, with a seat (Q3) on her head, right arm forward, hand at the height of the waist, holding a stem of papyrus with a bud (M131) or flower, of the height of the woman, vertically, left arm hanging beside the body.",Logogram (Isis),C
C163,kEH_HG,138AA,U+138AA,HJ C163,C163,C-35-087,"Goddess, standing, with a sun disk (N5) on her head, arms covered by wings, right arm raised in front, hand at the height of the shoulder, holding a feather (H6), left arm extended forward, hand at the height of the waist, holding a feather (H6).",Logogram (to protect),C
C163A,kEH_HG,138AB,U+138AB,HJ C163A,C163A,C-35-088,"Goddess, standing, with a sun disk (N5) on her head, arms covered by wings, right arm raised in front, hand at the height of the shoulder, holding a feather (H6), left arm extended forward, hand at the height of the waist, holding a flagellum (S45) outwards.",Logogram (to protect),C
C164,kEH_HG,138AE,U+138AE,HJ C164,C164,C-36-001,"Goddess, seated, knees up, with covered legs and arms, with the head of a lion/lioness.",Classifier leonid divinity (female),C
C164A,kEH_HG,138AF,U+138AF,HJ C164A,C164A,C-36-003,"Goddess, seated, knees up, with covered legs and arms, with the head of a lion/lioness, holding a stem of papyrus with a bud (M13).",Logogram (Sekhmet),C
C164B,kEH_HG,138B0,U+138B0,HJ C164B,C164B,C-36-004,"Goddess, seated, knees up, with covered legs and arms, with the head of a lion/lioness, holding a flagellum (S45).",Classifier leonid divinity (female),C
C164C,kEH_HG,138B1,U+138B1,HJ C164C,C164C,C-36-006,,,
C164D,kEH_HG,138B3,U+138B3,HJ C164D,C164D,C-36-009,,,
C164E,kEH_HG,138B5,U+138B5,HJ C164E,C164E,C-36-012,,,
C164F,kEH_HG,138B6,U+138B6,HJ C164F,C164F,C-36-014,"Goddess, seated, knees up, with covered legs and arms, with the head of a lion/lioness, holding a tie or strap, used with sandals (ankh sign, S34), angling forward. ",Classifier leonid divinity (female),C
C165,kEH_HG,13074,U+13074,C023,C165,C-36-015,"Goddess, seated, knees up, with covered legs and arms, with the head of a lion/lioness, with N6 (The sun, encircled by a cobra (Naja haje), standing up, with expanded hood (uraeus)) on her head.",Logogram (Sekhmet),C
C165A,kEH_HG,138B7,U+138B7,HJ C165A,C165A,C-36-016,"Goddess, seated, knees up, with covered legs and arms, with the head of a lion/lioness, with N6 (The sun, encircled by a cobra (Naja haje), standing up, with expanded hood (uraeus)) on her head, holding a stem of papyrus with a bud (M13).",Classifier leonid divinity (female),C
C165D,kEH_HG,138B9,U+138B9,HJ C165D,C165D,C-36-020,"Goddess, seated, knees up, with covered legs and arms, with the head of a lion/lioness, with N6 (The sun, encircled by a cobra (Naja haje), standing up, with expanded hood (uraeus)) on her head, holding a tie or strap, used with sandals (ankh sign, S34), angled forwards.",Logogram (Sekhmet),C
C166A,kEH_HG,138BD,U+138BD,HJ C166A,C166A,C-36-026,,,
C17,kEH_HG,1306E,U+1306E,C017,C17,C-09-078,"God, seated, knees up, with covered legs and arms, with the head of a falcon, wearing a headdress consisting of two plumes with a sun disk (S63A/S70), holding a tie or strap, used with sandals (ankh sign, S34), angling forward. ",Classifier Montu (divinity),C
C170,kEH_HG,138BE,U+138BE,HJ C170,C170,C-36-030,"Goddess, seated, knees up, with covered legs and arms, with the head of a lion/lioness, holding a stem of papyrus with a bud (M13); on top of a stairway (O40).",Logogram (she who is on the throne/stairs (Bastet)),C
C171,kEH_HG,138C0,U+138C0,HJ C171,C171,C-36-032,"Goddess, seated, knees up, with covered legs and arms, with the head of a lion/lioness, with two feathers (H6) on her head, forming a v shape.",Classifier hidden,C
C171A,kEH_HG,138BF,U+138BF,HJ C171A,C171A,C-36-031,"Goddess, seated, knees up, with covered legs and arms, with the head of a lion/lioness, with two feathers (H6) on her head, forming a v shape, holding a stem of papyrus with a bud (M13)",Logogram (to be hidden),C
C174,kEH_HG,138D6,U+138D6,HJ C174,C174,C-37-024,"Goddess, seated, knees up, with covered legs and arms, with two feathers (H6) on her head, in a v shape, holding a stem of papyrus with a bud (M13).",Logogram (to be hidden),C
C175,kEH_HG,138CF,U+138CF,HJ C175,C175,C-37-014,"Goddess, standing, with a cloth band around her head, with a feather (H6) on her head, right arm forward, hand at the height of the waist, holding a sceptre with a straight shaft, forked bottom and head of the Seth animal (S40) of the same size as the woman, left arm hanging beside the body, holding a tie or strap, used with sandals (ankh sign, S34).",Classifier truth,C
C175A,kEH_HG,138D0,U+138D0,HJ C175A,C175A,C-37-015,"Goddess, standing, with a cloth band around her head, with a feather (H6) on her head, right arm forward, hand at the height of the waist, holding a sceptre with a straight shaft, forked bottom and head of the Seth animal (S40) of the same size as the woman, left arm hanging beside the body, holding a tie or strap, used with sandals (ankh sign, S34); on top of a canal (N36).",Logogram/phonemogram (whom truth/Maat loves),C
C177,kEH_HG,138D3,U+138D3,HJ C177,C177,C-37-020,"Goddess, seated on a block throne, with a cloth band around her head, with a feather (H6) on her head, right arm forward, hand at the height of the waist, holding the head and neck of a canine animal (F12) of the length of the figure, vertically, left arm forward, hand on the knee, holding a tie or strap, used with sandals (ankh sign, S34), horizontally at the loop.",Logogram (in name Ramses II),C
C178A,kEH_HG,138D4,U+138D4,HJ C178A,C178A,C-37-022,"Goddess, standing, with a cloth band around her head, with a feather (H6) on her head, right arm forward, hand at the height of the waist, holding the head and neck of a canine animal (F12) of the length of the figure, left arm hanging beside the body.",Logogram (in name Ramses II),C
C179,kEH_HG,138D5,U+138D5,HJ C179,C179,C-37-023,"Goddess, seated, knees up, with covered legs and arms, with a cloth band around her head, with a feather (H6) on her head, holding a feather (H6), vertically; on top of a gateway (O32B), with a conical loaf of bread (X8) written inside.",Logogram (gate which gives truth),C
C17A,kEH_HG,137B8,U+137B8,HJ C017A,C17A,C-09-075,"God, seated, knees up, with covered legs and arms, with the head of a falcon, wearing a headdress consisting of two plumes with a sun disk (S63A/S70).",Classifier Montu (divinity),C
C17B,kEH_HG,137B9,U+137B9,HJ C017B,C17B,C-09-076,"God, seated, knees up, with covered legs and arms, with the head of a falcon, wearing a headdress consisting of two plumes with a sun disk (S63A/S70), holding a sceptre with a straight shaft, topped with the head of the Seth animal vertically.",Classifier divinity,C
C180,kEH_JSesh,138D7,U+138D7,C180,C180,C-38-003,"Goddess, seated, both knees down, with long hair, with a clump of three papyrus flowers (M16A) on her head, arms raised in front, hand horizontally at the height of the shoulder, hand palm up.",Logogram (Meret),C
C180B,kEH_HG,138DA,U+138DA,HJ C180B,C180B,C-38-008,"Goddess, seated, both knees down, with long hair, with a clump of three papyrus flowers (M16A) on her head, both arms raised in front, hand palms outwards.",Classifier divinity/musician,C
C180C,kEH_HG,138DB,U+138DB,HJ C180C,C180C,C-38-009,,,
C182,kEH_HG,138DC,U+138DC,HJ C182,C182,C-38-012,"Goddess, standing, with long hair, with a clump of three papyrus flowers (M16A) on her head, arms raised in front, hand horizontally at the height of the shoulder, hand palm up.",Logogram (Meret),C
C182A,kEH_HG,138DD,U+138DD,HJ C182A,C182A,C-38-014,"Goddess, standing, with long hair, with a clump of three papyrus flowers (M16A) on her head, arms raised in front, hand horizontally at the height of the shoulder, hand palm up; on top of a collar of beads (S12).",Classifier divinity,C
C183A,kEH_HG,138DE,U+138DE,HJ C183A,C183A,C-39-001,"Goddess, seated, knees up, with covered legs and arms, wearing the double crown (S5) and a vulture headdress.",Logogram (Mut),C
C185,kEH_HG,138E5,U+138E5,HJ C185,C185,C-40-001,"Goddess, seated, knees up, with covered legs and arms, wearing the red crown (S3).",Phonemogram,C
C185A,kEH_HG,138E7,U+138E7,HJ C185A,C185A,C-40-004,"Goddess, seated, knees up, with covered legs and arms, wearing the red crown (S3), holding a stem of papyrus with a bud (M131) or flower vertically. ",Phonemogram,C
C185B,kEH_HG,13075,U+13075,C024,C185B,C-40-006,"Goddess, seated, knees up, with covered legs and arms, wearing the red crown (S3), holding a sceptre with a straight shaft, topped with the head of the Seth animal vertically. ",Logogram (Neith),C
C185D,kEH_HG,138E6,U+138E6,HJ C185D,C185D,C-40-002,"Goddess, seated, both knees down, wearing the red crown (S3), no visible arms.",Classifier divinity,C
C188,kEH_HG,138EB,U+138EB,HJ C188,C188,C-40-014,"Goddess, standing, wearing the red crown (S3), right arm forward, hand at the height of the waist, holding a stem of papyrus with a bud (M131) or flower, of the height of the woman, vertically, left arm hanging beside the body.",Phonemogram,C
C188B,kEH_HG,138ED,U+138ED,HJ C188B,C188B,C-40-017,"Goddess, standing, wearing the red crown (S3), right arm forward, hand at the height of the waist, holding a sceptre with a straight shaft, forked bottom and head of the Seth animal (S40) of the same size as the woman, left arm hanging beside the body, holding a tie or strap, used with sandals (ankh sign, S34).",Phonemogram,C
C18A,kEH_HG,1385C,U+1385C,C018A,,C-30-005,"God, seated, knees up, with covered legs and arms, with a long-curved beard and long hair/wig, wearing a headdress consisting of two feathers on ram horns (S77), holding a sceptre with a straight shaft, topped with the head of the Seth animal vertically. ",Logogram (Tatenen),C
C18C,kEH_HG,1385E,U+1385E,HJ C018C,C18C,C-30-010,"God, seated, both knees down, with a long-curved beard and long hair/wig, wearing a headdress consisting of two feathers on ram horns (S77), both arms forward, holding a flagellum (S45).",Classifier Tatenen,C
C18D,kEH_HG,13861,U+13861,HJ C018D,C18D,C-30-014,"God, seated, both knees down, with a long-curved beard and long hair/wig, wearing a headdress consisting of two feathers on ram horns (S77), both arms forward, holding a flagellum (S45) and a crook (S38), opening inwards.",Phonemogram,C
C18E,kEH_HG,1385F,U+1385F,HJ C018E,C18E,C-30-011,"God, seated, both knees down, with a long-curved beard and long hair/wig, wearing a headdress consisting of two feathers on ram horns, with a uraeus at either side of the feathers; both arms forward, holding a flagellum (S45).",Logogram (Tatenen),C
C18F,kEH_HG,1385B,U+1385B,HJ C018F,C18F,C-30-004,"God, seated, knees up, with covered legs and arms, with a long-curved beard and long hair/wig, wearing a headdress consisting of two feathers on ram horns (S77).",Logogram (Tatenen),C
C19,kEH_HG,13070,U+13070,C019,C19,C-23-016,"God, in mummy form, standing upright on a platform, with a long straight beard, wearing a cap, both arms forward, holding a sceptre with a straight shaft, forked bottom and head of the Seth animal (S40) of the same size as the god, vertically.",Classifier Ptah,C
C190,kEH_HG,138F1,U+138F1,HJ C190,C190,C-42-001,"Goddess, seated, knees up, with covered legs and arms, with a basket (V30) on top of a plan of a rectangular enclosure, with an internal rectangle in the lower corner away from the reading direction (O6) on her head.",Logogram (Nephthys),C
C190C,kEH_HG,138F2,U+138F2,HJ C190C,C190C,C-42-004,"Goddess, seated, knees up, with covered legs and arms, with a basket (V30) on top of a plan of a rectangular enclosure, with an internal rectangle in the lower corner away from the reading direction (O6) on her head, holding a stem of papyrus with a bud (M131) or flower vertically. ",Classifier sister (together with Isis),C
C190D,kEH_HG,138F3,U+138F3,HJ C190D,C190D,C-42-005,"Goddess, seated, knees up, with covered legs and arms, with a basket (V30) on top of a plan of a rectangular enclosure, with an internal rectangle in the lower corner away from the reading direction (O6) on her head, holding a two-barbed arrowhead, with the point facing downwards, in the ground, with only the barbs visible (T22A).",Classifier mourner,C
C193,kEH_HG,138F4,U+138F4,HJ C193,C193,C-42-010,"Goddess, standing, with a basket (V30) on top of a plan of a rectangular enclosure, with an internal rectangle in the lower corner away from the reading direction (O6) on her head, arms hanging on either side of the body.",Logogram (Nephthys),C
C195,kEH_HG,138F6,U+138F6,HJ C195,C195,C-43-002,"Goddess, seated, knees up, with covered legs and arms, with round vessel with upstanding rim (W24) on her head, holding a stem of papyrus with a bud (M13). ",Logogram (the heavens/sky),C
C195A,kEH_HG,138F7,U+138F7,HJ C195A,C195A,C-43-004,"Goddess, seated, knees up, with covered legs and arms, with round vessel with upstanding rim (W24) on her head.",Phonemogram,C
C195B,kEH_HG,138F5,U+138F5,HJ C195B,C195B,C-43-001,"Goddess, seated, knees up, with covered legs and arms, with round vessel with upstanding rim (W24) on her head, holding a stem of papyrus with a bud (M131) or flower vertically. ",Logogram (the heavens/sky),C
C196,kEH_HG,138F8,U+138F8,HJ C196,C196,C-43-006,"Goddess, standing, with round vessel with upstanding rim (W24) on her head, right arm forward, hand at the height of the waist, holding a stem of papyrus with a bud (M131) or flower, of the height of the woman, vertically, left arm hanging beside the body, holding a tie or strap, used with sandals (ankh sign, S34), at the loop.",Logogram (the heavens/sky),C
C197A,kEH_HG,138FA,U+138FA,HJ C197A,C197A,C-43-010,"Goddess, seated, knees up, with covered legs and arms, with a plan of a crossroads in a village (O49) on her head, holding a sceptre with a straight shaft, topped with the head of the Seth animal vertically. ","Logogram (city, village)",C
C198,kEH_HG,13906,U+13906,HJ C198,C198,C-46-003,,,
C199,kEH_HG,138FC,U+138FC,HJ C199,C199,C-43-014,"Goddess, standing, back horizontal, arms vertical, hands at the same height as the toes, head between the two arms.",Logogram (the sky),C
C199A,kEH_HG,138FD,U+138FD,HJ C199A,C199A,C-43-015,"Goddess, standing, back horizontal, arms vertical, hands at the same height as the toes.",Logogram (the heavens/sky),C
C19A,kEH_HG,1383D,U+1383D,HJ C019A,C19A,C-23-013,"God, in mummy form, standing upright, with a long straight beard, wearing a cap, both arms forwards, holding a sceptre with a straight shaft, forked bottom, and the vertically oriented head of the Seth animal (S040), of the same size as the god, adorned with an ankh sign (S034) and a djed pillar (R011).",Logogram (Ptah),C
C19C,kEH_HG,1383E,U+1383E,HJ C019C,C19C,C-23-017,"God, in mummy form, standing upright, with a long straight beard, wearing a cap, both arms forward, holding a sceptre with a straight shaft, forked bottom and head of the Seth animal (S40) of the same size as the god, vertically.","Logogram (divine, godly)",C
C1A,kEH_HG,13844,U+13844,HJ C001A,C1A,C-24-003,"God, seated, knees up, with covered legs and arms, with a long-curved beard and long wig/hair, with N6 (The sun, encircled by a cobra (Naja haje), standing up, with expanded hood (uraeus)) on its head, holding a sceptre with a straight shaft, topped with the head of the Seth animal vertically. ",Classifier king of Upper Egypt,C
C1B,kEH_HG,13845,U+13845,HJ C001B,C1B,C-24-004,"God, seated, knees up, with covered legs and arms, with a long-curved beard and long wig/hair, with a sun disk (N5) on his head, holding a sceptre with a straight shaft, topped with the head of the Seth animal vertically. ",Logogram (Re),C
C1D,kEH_HG,13843,U+13843,HJ C001D,C1D,C-24-001,"God, seated, knees up, with covered legs and arms, with a long-curved beard and long wig/hair, with a sun disk (N5) on his head.",Logogram (Re),C
C2,kEH_HG,1305B,U+1305B,C002,C2,C-09-029,"God, seated, knees up, with covered legs and arms, with the head of a falcon, with a sun disk (N5) on its head, holding a tie or strap, used with sandals (ankh sign, S34), angling forward. ",Logogram (Re),C
C20,kEH_HG,13071,U+13071,C020,C20,C-23-023,"God, in mummy form, standing upright on a platform, with a long straight beard, wearing a cap, both arms forward, holding a sceptre with a straight shaft, forked bottom, and the vertically oriented head of the Seth animal (S040), of the same size as the god, adorned with an ankh sign (S034) and a djed pillar (R011); enclosed within a shrine supported by columns resembling papyrus stems with buds (M013).",Logogram (Ptah),C
C205,kEH_HG,138FF,U+138FF,HJ C205,C205,C-44-001,"Goddess, seated, knees up, with covered arms and legs, wearing a headdress consisting of the white crown and two bovid horns, holding a stem of papyrus with a bud (M131) or flower vertically.",Classifier divinity (Sothis),C
C206,kEH_HG,13901,U+13901,HJ C206,C206,C-45-002,,,
C207,kEH_HG,13902,U+13902,HJ C207,C207,C-45-005,"Goddess, standing, with a flower enclosed by two horns (R20) on her head, right arm forward, hand at the height of the waist, holding a stem of papyrus with a bud (M131) or flower, of the height of the woman, vertically, left arm hanging beside the body.",Logogram (Seshat),C
C208,kEH_HG,13903,U+13903,HJ C208,C208,C-45-006,"Goddess, standing, with a flower enclosed by two horns (R20) on her head, right arm forward, hand at the height of the waist, holding a club, angled forward, with the head of the club on top a vertical stick held by the left hand.",Logogram (Seshat),C
C209,kEH_HG,13904,U+13904,HJ C209,C209,C-45-007,"Goddess, standing, with a flower enclosed by two horns (R20) on her head, right arm forward, hand at the height of the waist, holding a club, angled forward, with the head of the club on top a vertical stick held by the left hand, facing a god, standing, with a long-curved beard, wearing the Atef crown with horns, right arm forward, hand at the height of the waist, holding a club, angled forward, with the head of the club on top a vertical stick held by the left hand, both sticks within an oval of rope.",Logogram (stretching the rope),C
C20A,kEH_HG,13840,U+13840,HJ C020A,C20A,C-23-021,"God, in mummy form, standing upright on a platform, with a long straight beard, wearing a cap, both arms forward, holding a sceptre with a straight shaft, forked bottom, and the vertically oriented head of the Seth animal (S040), of the same size as the god, adorned with an ankh sign (S034) and a djed pillar (R011); placed within the façade of a shrine (O021), itself located inside a larger shrine supported by columns resembling papyrus stems with buds (M013).","Logogram (divine, godly)",C
C21,kEH_HG,13772,U+13772,C021B,C21,C-04-011,"God, seated on heel, right knee raised, with the head of a jackal, right arm angled in front of the body, left arm raised, hand held vertically, hand palm inwards (hnw gesture).",Classifier jubilation,C
C211,kEH_HG,13905,U+13905,HJ C211,C211,C-46-002,"Goddess, standing, with a star (N14) on her head, both arms hanging beside the body.",Phonemogram,C
C214,kEH_HG,13909,U+13909,HJ C214,C214,C-47-005,"Goddess, seated, knees up, with covered arms and legs, with the pole of a balance, resembling a column with a base, with a tenon at the top (O28B), with a plummet resembling a heart (F34) hanging from the crossbeam (U39N) on her head.",Logogram (the throne (Edfu)),C
C216B,kEH_HG,13915,U+13915,HJ C216B,C216B,C-47-031,"Goddess, seated, knees up, with covered arms and legs, wearing the Atef crown with horns, holding a tie or strap, used with sandals (ankh sign, S34), vertically. ",Classifier divinity,C
C217,kEH_HG,1391A,U+1391A,HJ C217,C217,C-47-041,"Goddess, seated, knees up, with covered arms and legs, with a feather (H6) angled forwards and a falcon (G5) on her head, holding a feather (H6) horizontally.",Logogram (the west),C
C218,kEH_HG,13916,U+13916,HJ C218,C218,C-47-036,"Goddess, seated, knees up, with covered arms and legs, with long hair, with a fish, with its tail orientated downwards (K4A) on her head.",Logogram,C
C218A,kEH_HG,13917,U+13917,HJ C218A,C218A,C-47-037,"Goddess, seated, knees up, with covered arms and legs, with long hair, with a fish, with its tail orientated downwards (K4A) on her head, holding a stem of papyrus with a bud (M131) or flower vertically. ",Classifier divinity,C
C22,kEH_HG,13775,U+13775,C022N,C22,C-04-017,,,
C222B,kEH_HG,1391E,U+1391E,HJ C222B,C222B,C-47-054,"Goddess, seated, knees up, with covered arms and legs, with long hair, with a crescent moon with the entire moon disk (N62) on her head.",Logogram (moon)?,C
C224,kEH_HG,138E2,U+138E2,HJ C224,C224,C-39-007,"Goddess, standing, wearing the double crown (S5), right arm forward, hand at the height of the waist, holding a stem of papyrus with a bud (M131) or flower, of the height of the woman, vertically, left arm hanging beside the body, holding a tie or strap, used with sandals (ankh sign, S34), at the loop.",Logogram (Hathor),C
C228,kEH_HG,13891,U+13891,HJ C228,C228,C-35-034,"Goddess, standing, with a headdress of bovine horns with a sun disk (F102), right arm forward, hand at the height of the waist, holding a sceptre with a straight shaft, forked bottom and head of the Seth animal (S40) of the same size as the woman, left arm hanging beside the body, holding a tie or strap, used with sandals (ankh sign, S34), at the loop.",Logogram (gold),C
C229,kEH_HG,1391F,U+1391F,HJ C229,C229,C-47-057,"Woman/goddess, standing, right arm forward, hand at the height of the waist, holding a duck or goose at the wings, left arm hanging beside the body.","Classifier (Sekhet, goddess of the marshlands)",C
C22A,kEH_HG,13774,U+13774,HJ C022A,C22A,C-04-015,"God, seated on nothing, with the head of a jackal and tail, right arm forwards, holding a shield, left arm raised at the back, forearm vertical, holding a stick.",Logogram (to drive away),C
C22B,kEH_HG,13773,U+13773,HJ C022B,C22B,C-04-013,"God, seated on nothing, with the head of a jackal and tail, right arm forwards, hand at the height of the face, left arm raised at the back, forearm vertical, holding a stick.",Logogram (to drive away),C
C22C,kEH_HG,13777,U+13777,HJ C022C,C22C,C-04-019,"God, seated on nothing, with the head of a jackal and tail, right arm forwards, hand at the height of the shoulder, holding a knife (T30A) vertically, left arm raised at the back, forearm vertical, holding a stick.",Logogram (to drive away),C
C22D,kEH_HG,13782,U+13782,HJ C022D,C22D,C-04-036,,,
C22F,kEH_HG,13783,U+13783,HJ C022F,C22F,C-04-038,,,
C22H,kEH_HG,13785,U+13785,HJ C022H,C22h,C-04-043,"God, seated on nothing, with the head of a jackal and tail, right arm forwards, hand at the height of the shoulder, holding a knife (T30A) vertically, left arm raised at the back, forearm vertical, holding a knife (T30A) with the blade downwards.",Logogram,C
C23,kEH_HG,13778,U+13778,C023B,C23,C-04-021,"God, seated on nothing, with the head of a jackal and tail, right arm forwards, hand at the height of the shoulder, holding a stick vertically, running from the hand to the knee, left arm raised at the back, forearm vertical, holding a stick.",Classifier driving away,C
C231,kEH_HG,13907,U+13907,HJ C231,C231,C-47-001,"Goddess, seated, knees up, with covered arms and legs, with the head of a bovid.",Classifier bovid divinity,C
C233,kEH_HG,13910,U+13910,HJ C233,C233,C-47-020,"Goddess, seated, knees up, with covered arms and legs, with the head of a desert hare.",Phonemogram,C
C233A,kEH_HG,13911,U+13911,HJ C233A,C233A,C-47-021,"Goddess, seated, knees up, with covered arms and legs, with the head of a desert hare, holding a stem of papyrus with a bud (M131) or flower vertically. ",Phonemogram,C
C234,kEH_HG,13913,U+13913,HJ C234,C234,C-47-027,"Goddess, standing, with the head of a desert hare, right arm forward, hand at the height of the waist, holding a stem of papyrus with a bud (M131) or flower, of the height of the woman, vertically, left arm hanging beside the body.",Phonemogram,C
C235,kEH_HG,13918,U+13918,HJ C235,C235,C-47-038,"Goddess, seated, knees up, with covered arms and legs, with the head of a frog.",Classifier Hekat,C
C238,kEH_HG,13927,U+13927,HJ C238,C238,C-48-006,"Goddess, standing, with a seat (Q3) on her head, both arms forward, facing a goddess, standing, with a basket (V30) on top of a plan of a rectangular enclosure, with an internal rectangle in the lower corner away from the reading direction (O6) on her head, both arms forward; both goddesses have one hand above and one hand below a sun disk (N5).",Logogram (morning),C
C239,kEH_HG,13923,U+13923,HJ C239,C239,C-48-001,"Goddess, standing, with a seat (Q3) on her head, both arms forward, facing a goddess, standing, with a basket (V30) on top of a plan of a rectangular enclosure, with an internal rectangle in the lower corner away from the reading direction (O6) on her head, both arms forward; both goddesses have one hand above and one hand below a sun disk with rays of sunlight coming forth from it (N8), with a star written below the arms.",Logogram (morning),C
C24,kEH_HG,13779,U+13779,C024A,C24,C-04-022,"A mummy, with the head of a jackal, standing upright.",Logogram (Duamutef),C
C240,kEH_HG,13924,U+13924,HJ C240,C240,C-48-002,,,
C242,kEH_HG,1392A,U+1392A,HJ C242,C242,C-48-009,"Four women/goddesses, standing, first two looking towards the back, last two looking forwards, arms raised, supporting the sky (N1).",Logogram (the (four) supports),C
C25,kEH_HG,1377A,U+1377A,HJ C025,C25,C-04-023,"God, standing, with the head of a jackal, right arm forward, hand at the height of the waist, holding a sceptre with a straight shaft, forked bottom and head of the Seth animal (S40) of the same size as the god, vertically, left arm hanging beside the body.",Logogram (to be strong),C
C253,kEH_HG,13854,U+13854,HJ C253,C253,C-27-006,,,
C255B,kEH_HG,13920,U+13920,HJ C255B,C255B,C-47-059,"Goddess, seated, knees up, with covered arms and legs, with long hair, with N6 (The sun, encircled by a cobra (Naja haje), standing up, with expanded hood (uraeus)) on her head.",Classifier divinity,C
C255C,kEH_HG,13921,U+13921,HJ C255C,C255C,C-47-060,"Goddess, seated, knees up, with covered arms and legs, with long hair, with N6 (The sun, encircled by a cobra (Naja haje), standing up, with expanded hood (uraeus)) on her head, holding a stem of papyrus with a bud (M13).",Classifier divinity,C
C25A,kEH_HG,1377C,U+1377C,HJ C025A,C25A,C-04-025,"God, standing, with the head of a jackal, right arm forward, hand at the height of the shoulder, holding the top of a staff, which angles towards the body, left arm hanging beside the body",Logogram (Anubis),C
C26,kEH_HG,1377D,U+1377D,HJ C026,C26,C-04-026,"God, standing, with the head of a jackal, both arms forward, right hand at the height of the shoulder, left hand at the height of the waist, both holding a knife (T30A).",Classifier messenger,C
C260,kEH_HG,138A7,U+138A7,HJ C260,C260,C-35-080,"Goddess, seated, both knees down, back bent forward, with a seat (Q1) on her head, and a band of cloth around her forehead, both arms forward, hands at the height of the waist.",Logogram (the widow),C
C261,kEH_HG,13667,U+13667,HJ C261,C261,A-27-010,"God, standing, with N6 (The sun, encircled by a cobra (Naja haje), standing up, with expanded hood (uraeus)) upon his head, with long-curved beard and long wig, right arm forward, holding a sceptre with a straight shaft, a forked base, topped with the head of the Seth animal (wAs, S40); left arm hanging beside the body.","Logogram (noble, splendid)",C
C262A,kEH_HG,1375C,U+1375C,HJ C262A,C262A,C-01-038,"God, seated, both knees up, with covered legs and arms, with a long-curved beard and short hair/wig, with a cobra in repose (Naja haje (I10)) upon his head, holding a sceptre with a straight shaft, topped with the head of the Seth animal vertically.",Classifier divinity (Chay),C
C264,kEH_HG,13850,U+13850,HJ C264,C264,C-26-019,"God, in mummy form, standing upright, with the head of a donkey/ass, with a knife (T30A) at the face, blade downwards.","Classifier creation, form",C
C267,kEH_HG,13929,U+13929,HJ C267,C267,C-48-008,"Goddess, seated, knees up, with covered legs and arms, with a seat (Q1) on her head, facing a goddess, seated, knees up, with covered legs and arms, with a basket (V30) on top of a plan of a rectangular enclosure, with an internal rectangle in the lower corner away from the reading direction (O6) on her head, with a group of a sand covered mountain over the edge of the cultivated areas (N26) sign and two half round loafs of bread (X1) written above their knees.",Logogram (the two of the horizon),C
C268,kEH_HG,137A1,U+137A1,HJ C268,C268,C-09-031,"God, seated, knees up, with covered legs and arms, with the head of a falcon, with N6 (The sun, encircled by a cobra (Naja haje), standing up, with expanded hood (uraeus)) on its head, holding a tie or strap, used with sandals (ankh sign, S34), angling forward. ",Logogram (Re),C
C268A,kEH_HG,1379D,U+1379D,HJ C268A,C268A,C-09-020,"God, seated, knees up, with covered legs and arms, with the head of a falcon, with N6 (The sun, encircled by a cobra (Naja haje), standing up, with expanded hood (uraeus)) on its head.",Logogram (Re),C
C268B,kEH_HG,1379F,U+1379F,HJ C268B,C268B,C-09-024,"God, seated, knees up, with covered legs and arms, with the head of a falcon, with N6 (The sun, encircled by a cobra (Naja haje), standing up, with expanded hood (uraeus)) on its head, holding a sceptre with a straight shaft, topped with the head of the Seth animal vertically. ",Logogram (Re),C
C268C,kEH_HG,137A0,U+137A0,HJ C268C,C268C,C-09-028,"God, seated, knees up, with covered legs and arms, with the head of a falcon, with N6 (The sun, encircled by a cobra (Naja haje), standing up, with expanded hood (uraeus)) on its head, holding a harpoon head made of bone, with one curl (T19), with the curl facing forward.",Logogram (day),C
C268D,kEH_HG,137A6,U+137A6,HJ C268D,C268D,C-09-040,"God, seated, knees up, with covered legs and arms, with the head of a falcon, with N6 (The sun, encircled by a cobra (Naja haje), standing up, with expanded hood (uraeus)) on its head, holding a sceptre (S42) vertically.",Logogram (Re and image),C
C268G,kEH_HG,137A7,U+137A7,HJ C268G,C268G,C-09-043,"God, seated, knees up, with covered legs and arms, with the head of a falcon, with N6 (The sun, encircled by a cobra (Naja haje), standing up, with expanded hood (uraeus)) on its head, holding an eye, with the markings of the head of a falcon (wdꜣ.t, D10).",Logogram (the eye of Re),C
C27,kEH_HG,1378A,U+1378A,HJ C027,C27,C-04-054,"God, standing, with the head of a jackal, right arm forward, hand at the height of the waist, holding a stick, left arm raised at the back, forearm vertical, holding a stick.",Logogram (decease deamon),C
C270,kEH_HG,1375F,U+1375F,HJ C270,C270,C-02-004,"God, both knees up, with covered legs and arms, with the head of a vulture, holding a knife (T30A).",Classifier divinity,C
C272,kEH_HG,13790,U+13790,HJ C272,C272,C-05-005,"God, standing, with the head of a bovid, right arm forward, hand at the height of the shoulder, holding a knife (T30A), left arm hanging beside the body.",Classifier protector,C
C274,kEH_HG,13872,U+13872,HJ C274,C274,C-32-002,"An oval of sand, with two human heads on top, at either end, facing outwards.",Classifier earth-god,C
C274A,kEH_HG,13B27,U+13B27,HJ C274A,C274A,E-22-041,The forepart of a sphinx.,Classifier divinity Aker,C
C274B,kEH_HG,13B28,U+13B28,HJ C274B,C274B,E-22-042,"Two foreparts of sphinxes, connected back-to-back.",Classifier divinity Aker,C
C275,kEH_HG,138B2,U+138B2,HJ C275,C275,C-36-007,"God, seated, knees up, with covered legs and arms, with the head of a lion, holding a sceptre with a straight shaft, topped with the head of the Seth animal vertically. ",Classifier leonid divinity (male),C
C275A,kEH_HG,138B4,U+138B4,HJ C275A,C275A,C-36-010,"God, seated, knees up, with covered legs and arms, with the head of a lion, holding a knife (T30A), angled forwards.",Classifier leonid divinity (male),C
C276,kEH_HG,138D8,U+138D8,HJ C276,C276,C-38-004,"Goddess, seated, both knees down, with long hair, with a clump of three papyrus flowers, with two buds bent down (M15) on her head, arms raised in front, hand horizontally at the height of the shoulder, hand palm up.",Classifier divinity,C
C277,kEH_HG,1391B,U+1391B,HJ C277,C277,C-47-046,"Goddess, seated, knees up, with covered arms and legs, with a scorpion (L19) on her head, holding a stem of papyrus with a bud (M13).",Logogram (Serqet),C
C278,kEH_HG,1391C,U+1391C,HJ C278,C278,C-47-048,"Goddess, seated, knees up, with covered arms and legs, with long hair, with a sceptre with a straight shaft, a forked base, topped with the head of the Seth animal, with a fillet and feather (R19), on top of a canal (N36) on her head, holding a tie or strap, used with sandals (ankh sign, S34), angling forward.",Logogram (Thebes),C
C27A,kEH_HG,13780,U+13780,HJ C027A,C27A,C-04-031,"God, standing, with the head of a jackal, right arm forward, hand at the height of the waist, holding an oval shield, left arm raised at the back, forearm vertical, holding a stick horizontally.",Logogram (to drive away),C
C27B,kEH_HG,13786,U+13786,HJ C027B,C27B,C-04-044,"God, standing, with the head of a jackal, right arm forward, hand at the height of the waist, holding a knife (T30A), left arm raised at the back, forearm vertical, left hand as a fist.",Classifier,C
C27D,kEH_HG,13787,U+13787,HJ C027D,C27D,C-04-045,,,
C28,kEH_HG,13781,U+13781,HJ C028,C28,C-04-033,,,
C280,kEH_HG,13791,U+13791,HJ C280,C280,C-05-006,"God, standing, with the head of a bovid, right arm forward, hand at the height of the waist, holding a sceptre with a straight shaft, forked bottom and head of the Seth animal (S40) of the same size as the god, vertically, left arm hanging beside the body.",Phonemogram,C
C282,kEH_HG,13894,U+13894,HJ C282,C282,C-35-041,"Goddess, seated on a block throne, wearing a headdress of bovine horns with a sun disk (F102), without visible arms.",Classifier Hathor,C
C285,kEH_HG,13871,U+13871,HJ C285,C285,C-32-001,"God, standing, with a long sash-kilt, no beard and short hair/wig, wearing a headdress consisting of four plumes and a sun disk, right arm forward, hand at the height of the waist, holding a sceptre with a straight shaft, forked bottom and head of the Seth animal (S40) of the same size as the god, vertically, left arm hanging beside the body.",Logogram (son of Re),C
C286,kEH_HG,13873,U+13873,HJ C286,C286,C-32-003,"God/man, standing on a base, with coif/short hair, without beard, with a palm branch, stripped of leaves and notched on his head, notch and curve backwards, arms raised at either side of the body, hands above the height of the head, hand palms inwards.",Logogram (eternity),C
C289,kEH_HG,138BC,U+138BC,HJ C289,C289,C-36-023,,,
C291,kEH_HG,137B3,U+137B3,HJ C291,C291,C-09-064,"God, seated, knees up, with covered legs and arms, with the head of a falcon, wearing the double crown (S5), holding a sceptre with a straight shaft, topped with the head of the Seth animal vertically, upon a standard used for the carrying of religious symbols with the vertical stick at the far side (R92A).",Logogram (god),C
C292,kEH_HG,137B4,U+137B4,HJ C292,C292,C-09-065,"God, seated, knees up, with covered legs and arms, with the head of a falcon, wearing the double crown (S5), holding a sceptre with a straight shaft, topped with the head of the Seth animal vertically, upon a canal (N36).",Logogram (beloved of Horus),C
C293,kEH_HG,137DD,U+137DD,HJ C293,C293,C-10-030,,,
C298,kEH_HG,1391D,U+1391D,HJ C298,C298,C-47-049,"Goddess, standing, with a palm branch, stripped of leaves and notched on her head (M4), notch forward, right arm forward, hand at the height of the waist, holding a stem of papyrus with a bud (M131) or flower, of the height of the woman, vertically, left arm hanging beside the body.",Phonemogram,C
C2A,kEH_HG,1305C,U+1305C,C002A,C2A,C-09-017,"God, seated, knees up, with covered legs and arms, with the head of a falcon, with a sun disk (N5) on its head.",Logogram (Re),C
C2B,kEH_HG,1379E,U+1379E,C002L,C2B,C-09-021,"God, seated, knees up, with covered legs and arms, with the head of a falcon, with a sun disk (N5) on its head, holding a sceptre with a straight shaft, topped with the head of the Seth animal vertically. ",Logogram (Re),C
C2D,kEH_HG,137A5,U+137A5,HJ C002D,C2D,C-09-039,"God, seated, knees up, with covered legs and arms, with the head of a falcon, with a sun disk (N5) on its head, holding a sceptre (S42) vertically.",Logogram (Re and image),C
C2F,kEH_HG,137A2,U+137A2,HJ C002F,C2F,C-09-034,"God, seated, knees up, with covered legs and arms, with the head of a falcon, with a sun disk (N5) on its head, holding a crook (S38) vertically, with the opening inwards.",Logogram (Re),C
C2I,kEH_HG,137A4,U+137A4,HJ C002I,C2I,C-09-038,"God, seated, knees up, with covered legs and arms, with the head of a falcon, with a sun disk (N5) on its head, holding a feather (H6) vertically.",Logogram (Re),C
C3,kEH_HG,1305F,U+1305F,C003,C3,C-31-001,"God, seated, knees up, with covered legs and arms, with the head of an ibis.",Logogram (Thot),C
C30,kEH_HG,1378D,U+1378D,HJ C030,C30,C-05-001,"God/goddess, seated, knees up, with covered legs and arms, with the head of a bovid, holding a sceptre with a straight shaft, topped with the head of the Seth animal vertically.",Classifier protector,C
C303,kEH_HG,13855,U+13855,HJ C303,C303,C-27-007,"Goddess, seated, both knees down, with the head of a crocodile, wearing the red crown (S3), arms extended as either side of the body, angling downwards, with a crocodile (I3) under each arm.",Logogram (the one who watches her mansions),C
C304,kEH_HG,1376B,U+1376B,HJ C304,C304,C-03-019,,,
C306,kEH_HG,138EA,U+138EA,HJ C306,C306,C-40-013,"Goddess, standing, wearing the red crown, left arm forward, forearm horizontal, hand at the height of the waist, holding an eye with the markings of the head of a falcon (D10), right arm forward, hand above the eye.",(cryptography) Phonemogram,C
C307,kEH_HG,13874,U+13874,HJ C307,C307,C-32-004,"Man/god, with the legs replaced by a star, right arm forward, hand at the height of the waist, holding a sceptre with a straight shaft, forked bottom and head of the Seth animal (S40) of the same size as the god, vertically, left arm hanging beside the body.",Phonemogram,C
C308,kEH_HG,13761,U+13761,HJ C308,C308,C-02-008,"God, both knees up, with covered legs and arms, with the head replaced by a dung beetle (scarab, L1).",Logogram (Khepri),C
C309,kEH_HG,13762,U+13762,HJ C309,C309,C-02-009,"God, both knees up, with covered legs and arms, with the head replaced by a dung beetle with outstretched wings, resembling the wings of a bird (L12A).",Classifier Khepri (divinity),C
C30A,kEH_HG,1378E,U+1378E,HJ C030A,C30A,C-05-002,,,
C310,kEH_HG,138AC,U+138AC,HJ C310,C310,C-35-090,"Goddess, standing, with a headdress of bovine horns with a sun disk (F102), right arm forward, hand at the height of the waist, holding a sceptre with a straight shaft, forked bottom and head of the Seth animal (S40) of the same size as the woman, left arm hanging beside the body, holding a tie or strap, used with sandals (ankh sign, S34); on top of a collar of beads (S12).",Phonemogram,C
C312,kEH_HG,137CA,U+137CA,C312,,C-09-114,,,
C32,kEH_HG,136A0,U+136A0,HJ C032,C32,A-30-011,"God, seated, both knees up, with covered legs and arms, with a long, curved beard, wearing the double crown (S5), holding a sceptre with a straight shaft, topped with the head of the Seth animal vertically. ",Logogram (Atum),C
C32B,kEH_HG,13699,U+13699,HJ C032B,C32B,A-30-002,"God, seated, both knees up, with covered legs and arms, with a long, curved beard, wearing the double crown (S5).",Logogram (Atum),C
C33,kEH_HG,13072,U+13072,C021,C33,C-07-001,"Bes figure, seen from the front, with tail between the legs and headdress, arms downwards, hands behind the back.",Phonemogram,C
C34,kEH_HG,13792,U+13792,HJ C034,C34,C-07-005,,,
C35,kEH_HG,13816,U+13816,HJ C035,C35,C-15-026,"God, seated on a block, with the head of a ram with horizontal twisted horns, in front of a potter's wheel with a vessel on it, both arm forwards, right hand inside the vessel, left hand at the wheel.",Logogram (creator),C
C38B,kEH_HG,13820,U+13820,HJ C038B,C38B,C-17-006,"An ithyphallic god, with long, curved beard, standing, wearing a double plume headdress, arm raised in back, with a flagellum (S45) written over the arm.",Classifier divinity,C
C39,kEH_HG,13796,U+13796,HJ C039,C39,C-09-002,"God, seated, knees up, with covered legs and arms, with the head of a falcon.",Logogram (Horus),C
C39A,kEH_HG,13798,U+13798,HJ C039A,C39A,C-09-007,"God, seated, knees up, with covered legs and arms, with the head of a falcon, holding a sceptre with a straight shaft, topped with the head of the Seth animal vertically. ",Classifier falcon divinity,C
C39C,kEH_HG,13799,U+13799,HJ C039C,C39C,C-09-009,"God, seated, knees up, with covered legs and arms, with the head of a falcon, holding a mace with a pear-shaped head (T3), angled forwards.",Classifier divinity,C
C39D,kEH_HG,1379A,U+1379A,HJ C039D,C39D,C-09-010,"God, seated, knees up, with covered legs and arms, with the head of a falcon, holding a club used by washermen for beating laundry (U36) vertically.",Logogram (majesty),C
C39E,kEH_HG,1379B,U+1379B,HJ C039E,C39E,C-09-011,"God, seated, knees up, with covered legs and arms, with the head of a falcon, holding a sceptre (S42) vertically.",Phonemogram/logogram,C
C39F,kEH_HG,1379C,U+1379C,HJ C039F,C39F,C-09-012,"God, seated, knees up, with covered legs and arms, with the head of a falcon, holding a knife (T30A) vertically.",Classifier divinity,C
C3A,kEH_HG,13864,U+13864,HJ C003A,C3A,C-31-002,"God, seated, knees up, with covered legs and arms, with the head of an ibis, holding a sceptre with a straight shaft, topped with the head of the Seth animal vertically. ",Logogram (Thot),C
C4,kEH_HG,13060,U+13060,C004,C4,C-15-001,"God, seated, knees up, with covered legs and arms, with the head of a ram, with horizontal twisted horns.",Classifier Khnum,C
C40,kEH_HG,13797,U+13797,HJ C040,C40,C-09-003,"God, seated on heel, right knee raised, with the head of a falcon, right arm angled in front of the body, left arm raised, hand held vertically, hand palm inwards (hnw gesture).",Classifier joy,C
C43,kEH_HG,137AA,U+137AA,HJ C043,C43,C-09-051,"God, seated, knees up, with covered legs and arms, with the head of a falcon, wearing the double crown (S5).",Classifier statue/likeness,C
C43A,kEH_HG,137AB,U+137AB,HJ C043A,C43A,C-09-054,"God, seated, knees up, with covered legs and arms, with the head of a falcon, wearing the double crown (S5), holding a sceptre with a straight shaft, topped with the head of the Seth animal vertically. ",Classifier divinity,C
C43B,kEH_HG,137AC,U+137AC,HJ C043B,C43B,C-09-055,"God, seated, knees up, with covered legs and arms, with the head of a falcon, wearing the double crown (S5), holding a tie or strap, used with sandals (ankh sign, S34), angling forward. ",Logogram (to live),C
C43C,kEH_HG,137AD,U+137AD,HJ C043C,C43C,C-09-056,"God, seated, knees up, with covered legs and arms, with the head of a falcon, wearing the double crown (S5), holding an eye, with the markings of the head of a falcon (wdꜣ.t, D10).",Logogram (eye of Horus),C
C43D,kEH_HG,137AE,U+137AE,HJ C043D,C43D,C-09-057,"God, seated, knees up, with covered legs and arms, with the head of a falcon, wearing the double crown (S5), holding a sceptre (S38), vertically.",Phonemogram/logogram (lord),C
C43E,kEH_HG,137AF,U+137AF,HJ C043E,C43E,C-09-059,"God, seated, knees up, with covered legs and arms, with the head of a falcon, wearing the double crown (S5), holding a club used by washermen for beating laundry (U36) vertically.",Logogram (majesty),C
C43G,kEH_HG,137B0,U+137B0,HJ C043G,C43G,C-09-061,"God, seated, knees up, with covered legs and arms, with the head of a falcon, wearing the double crown (S5), holding two arms, raised, with the palms of the hands towards each other (D28).",Logogram (spirit),C
C45,kEH_HG,137B5,U+137B5,HJ C045,C45,C-09-067,"God, seated, knees up, with covered legs and arms, with the head of a falcon, wearing the white crown (S1), holding a sceptre with a straight shaft, topped with the head of the Seth animal vertically.",Classifier Sokar (divinity),C
C46,kEH_HG,137B6,U+137B6,HJ C046,C46,C-09-070,"God, seated, knees up, with covered legs and arms, with the head of a falcon, wearing the Atef crown without horns (S8A), holding a sceptre with a straight shaft, topped with the head of the Seth animal vertically.",Classifier Sokar (divinity),C
C46C,kEH_HG,137B7,U+137B7,HJ C046C,C46C,C-09-074,"God, seated, knees up, with covered legs and arms, with the head of a falcon, wearing the Atef crown without horns (S8A),",,C
C48,kEH_HG,137BB,U+137BB,HJ C048,C48,C-09-083,,,
C49,kEH_HG,137BC,U+137BC,HJ C049,C49,C-09-084,"God, seated, knees up, with covered legs and arms, with the head of a falcon, with a crescent moon with the entire moon disk (N62) on its head, holding a sceptre with a straight shaft, topped with the head of the Seth animal vertically.",Logogram (Khonsu),C
C49A,kEH_HG,137BD,U+137BD,HJ C049A,C49A,C-09-085,"God, seated, knees up, with covered legs and arms, with the head of a falcon, with a crescent moon with the entire moon disk (N62) on its head, holding a tie or strap, used with sandals (ankh sign, S34), angling forward. ",Classifier Khonsu (divinity),C
C49B,kEH_HG,13073,U+13073,C022,C49B,C-09-086,"God, seated, knees up, with covered legs and arms, with the head of a falcon, with a crescent moon with the entire moon disk (N62) on its head.",Classifier moon,C
C4A,kEH_HG,1380C,U+1380C,HJ C004A,C4A,C-15-004,"God, seated, knees up, with covered legs and arms, with the head of a ram with horizontal twisted horns, holding a sceptre with a straight shaft, topped with the head of the Seth animal vertically. ",Logogram (Khnum),C
C4B,kEH_HG,1380D,U+1380D,HJ C004B,C4B,C-15-006,"God, seated, knees up, with covered legs and arms, with the head of a ram with horizontal twisted horns, with the head of a cobra in the middle of the horns, holding a sceptre with a straight shaft, topped with the head of the Seth animal vertically. ",Logogram (Khnum),C
C4D,kEH_HG,1380E,U+1380E,HJ C004D,C4D,C-15-009,"God, seated, knees up, with covered legs and arms, with the head of a ram with horizontal twisted horns, holding a stone jug with a large handle connecting to the rim, with small handle (W9), with the large handle forward.",Phonemogram,C
C4F,kEH_HG,13812,U+13812,HJ C004F,C4F,C-15-018,"God, seated, knees up, with covered legs and arms, with the head of a ram, wearing the Atef crown (without sun disk), holding a sceptre with a straight shaft, topped with the head of the Seth animal vertically. ",Classifier Khnum,C
C4G,kEH_HG,13814,U+13814,HJ C004G,C4G,C-15-022,,,
C4I,kEH_HG,13813,U+13813,HJ C004I,C4I,C-15-021,"God, seated, knees up, with covered legs and arms, with the head of a ram with horizontal twisted horns, holding a sceptre with a straight shaft, topped with the head of the Seth animal vertically. ",Classifier Khnum,C
C4J,kEH_HG,1380B,U+1380B,HJ C004J,C4J,C-15-002,"God, seated, knees up, with covered legs and arms, with the head of a ram, with forward curling horns.",Classifier creator,C
C5,kEH_HG,13061,U+13061,C005,C5,C-15-007,"God, seated, knees up, with covered legs and arms, with the head of a ram with horizontal twisted horns, holding a tie or strap, used with sandals (ankh sign, S34), angling forward. ",Logogram/phonemogram (who joins with life),C
C50,kEH_HG,137BF,U+137BF,HJ C050,C50,C-09-088,"God, seated, knees up, with covered legs and arms, with the head of a falcon, with the sun rising over a sand covered mountain over the edge of the cultivated areas (N27) on its head, holding a sceptre with a straight shaft, topped with the head of the Seth animal vertically.",Logogram (the one of the horizon),C
C50A,kEH_HG,137BE,U+137BE,HJ C050A,C50A,C-09-087,,,
C52,kEH_HG,137C0,U+137C0,HJ C052,C52,C-09-092,,,
C52A,kEH_HG,137C1,U+137C1,HJ C052A,C52A,C-09-093,"God, seated, knees up, with covered legs and arms, with the head of a falcon, with the hindquarters of a seated lion or leopard (F22) on its head, holding a sceptre with a straight shaft, topped with the head of the Seth animal vertically.",Logogram (god),C
C52B,kEH_HG,137C2,U+137C2,HJ C052B,C52B,C-09-094,"God, seated, knees up, with covered legs and arms, with the head of a falcon, with the hindquarters of a seated lion or leopard (F22) on its head, holding a tie or strap, used with sandals (ankh sign, S34), angling forward. ",Logogram (in the ꜥnḫ-nṯr-nfr construction),C
C52D,kEH_HG,137C3,U+137C3,HJ C052D,C52D,C-09-096,"God, seated, knees up, with covered legs and arms, with the head of a falcon, with the hindquarters of a seated lion or leopard (F22) on its head, holding a cobra (Naja haje), standing up, with expanded hood (uraeus, I64).",Logogram (god and goddess),C
C53B,kEH_HG,137C5,U+137C5,HJ C053B,C53B,C-09-100,"God, seated on a block throne, with the head of a falcon, with N6 (The sun, encircled by a cobra (Naja haje), standing up, with expanded hood (uraeus)) on its head, right arm forward, holding a sceptre with a straight shaft, a forked base, topped with the head of the Seth animal (wAs, S40) of the length of the god, left arm forward, hand on the knee, holding a tie or strap, used with sandals (ankh sign, S34), angling forward.",Logogram (Re),C
C58,kEH_HG,137CC,U+137CC,HJ C058,C58,C-10-002,"God, standing, with the head of a falcon, wearing the double crown (S5), right arm forward, hand at the height of the waist, holding a sceptre with a straight shaft, forked bottom and head of the Seth animal (S40) of the same size as the god, vertically, left arm hanging beside the body, holding a tie or strap, used with sandals (ankh sign, S34) vertically at the loop.",Logogram (the one of the horizon),C
C59C,kEH_HG,137CD,U+137CD,HJ C059C,C59C,C-10-004,"God, standing, with the head of a falcon, with N6 (The sun, encircled by a cobra (Naja haje), standing up, with expanded hood (uraeus)) on its head, right arm forward, hand at the height of the waist, holding a sceptre with a straight shaft, forked bottom and head of the Seth animal (S40) of the same size as the god, vertically, left arm hanging beside the body, holding a tie or strap, used with sandals (ankh sign, S34) vertically at the loop.",Logogram (Re),C
C6,kEH_HG,13062,U+13062,C006,C6,C-04-001,"God, seated, knees up, with covered legs and arms, with the head of a jackal.",Classifier Anubis/Wepwawet (divinity),C
C61,kEH_HG,137CF,U+137CF,HJ C061,C61,C-10-010,,,
C61A,kEH_HG,137D0,U+137D0,HJ C061A,C61A,C-10-011,"God, standing, with the head of a falcon, with a headdress consisting of two plumes and a sun disk (S63A/S70) and an uraeus at the front on its head, right arm forward, hand at the height of the waist, holding a sceptre with a straight shaft, forked bottom and head of the Seth animal (S40) of the same size as the god, vertically, left arm hanging beside the body.","Logogram (strength, power)",C
C64,kEH_HG,137D1,U+137D1,HJ C064,C64,C-10-014,"God, standing, with the head of a falcon, with the sun rising over a sand covered mountain over the edge of the cultivated areas (N27) on its head, arms raised at either side of the body, hands at the height of the shoulders, holding a stick/staff topped with a sand covered mountain over the edge of the cultivated areas (N26) sign.",Logogram (eternity),C
C64A,kEH_HG,137D3,U+137D3,HJ C064A,C64A,C-10-016,"God, standing, with the head of a falcon, arms raised at either side of the body, hands at the height of the shoulders, holding a stick/staff topped with a sand covered mountain over the edge of the cultivated areas (N26) sign.",Logogram (eternity),C
C65,kEH_HG,137D6,U+137D6,HJ C065,C65,C-10-019,"God, standing, with the head of a falcon, right arm forward, hand at the height of the waist, holding a spear/harpoon of the same size as the god, vertically, point towards the top, left arm hanging beside the body.",Classifier divinity,C
C65A,kEH_HG,137D7,U+137D7,HJ C065A,C65A,C-10-020,"God, standing, with the head of a falcon, right arm forward, hand at the height of the waist, holding a sceptre with a straight shaft, forked bottom and head of the Seth animal (S40) of the same size as the god, vertically, left arm hanging beside the body.","Logogram (lord of the two lands, when used in connection with a Seth-headed figure)",C
C66,kEH_HG,137D5,U+137D5,HJ C066,C66,C-10-018,"God, standing, with the head of a falcon, wearing the double crown (S5), right arm forward, hand at the height of the waist, holding a spear/harpoon of the same size as the god, vertically, point towards the top, left arm hanging beside the body.","Logogram (the sole one, unique)",C
C67,kEH_HG,137D8,U+137D8,HJ C067,C67,C-10-021,"God, standing, with the head of a falcon, holding a harpoon with the point down, diagonally over the body, from the tip of the right foot beyond the left shoulder, right arm lowered, right hand holding the harpoon between the waist and knee, left arm raised, holding the shaft near the end.",Classifier harpooner,C
C68,kEH_HG,137D9,U+137D9,HJ C068,C68,C-10-022,,,
C69,kEH_HG,137DA,U+137DA,HJ C069,C69,C-10-025,"God, standing, with the head of a falcon, wearing the double crown (S5), right arm extended forwards, arm horizontal, holding a scimitar (khopesh), written vertically, blade curving forwards, with the head of a falcon with a sun disk (N5) on top of it, left arm forwards, hand at the height of the waist, holding a tie or strap, used with sandals (ankh sign, S34) at an downward angle at the loop.","Logogram (valour, strength)",C
C69A,kEH_HG,137DB,U+137DB,HJ C069A,C69A,C-10-026,"God, standing, with the head of a falcon, wearing the double crown (S5), right arm extended forwards, arm horizontal, holding a scimitar (khopesh), written vertically, blade curving forwards, with the head of a falcon with a sun disk (N5) on top of it, left arm hanging beside the body.","Logogram (valour, strength)",C
C6A,kEH_HG,13771,U+13771,HJ C006A,C6A,C-04-007,"God, seated, knees up, with covered legs and arms, with the head of a jackal, holding a tie or strap, used with sandals (ankh sign, S34), angling forward.",Phonemogram,C
C6B,kEH_HG,1376E,U+1376E,HJ C006B,C6B,C-04-002,"God, seated, knees up, with covered legs and arms, with the head of a jackal, holding a sceptre with a straight shaft, topped with the head of the Seth animal vertically.",Classifier Wepwawet (divinity),C
C6D,kEH_HG,1376F,U+1376F,HJ C006D,C6D,C-04-004,,,
C6E,kEH_HG,13770,U+13770,HJ C006E,C6E,C-04-005,"God, seated, knees up, with covered legs and arms, with the head of a jackal, holding a knife (T30A).",Classifier divinity,C
C7,kEH_HG,13063,U+13063,C007,C7,C-26-001,"God, seated, knees up, with covered legs and arms, with the head of a Seth animal.",Logogram (Seth),C
C70,kEH_HG,137DC,U+137DC,HJ C070,C70,C-10-028,"A mummy, with the head of a falcon, standing upright.",Logogram (Qebehsenuef),C
C71,kEH_HG,137DF,U+137DF,HJ C071,C71,C-11-001,"God, standing, with the head of a falcon, right arm forwards, holding a spear with the point downwards, left arm hanging beside the body, on top of a bovid, lying on the ground, legs folded under the body, tail down.",Logogram (Wenty),C
C71A,kEH_HG,137E1,U+137E1,HJ C071A,C71A,C-11-004,,,
C72,kEH_HG,137E0,U+137E0,HJ C072,C72,C-11-003,"God, standing, with the head of a falcon, wearing the double crown (S5), right arm forward, holding a sceptre with a straight shaft, forked bottom and head of the Seth animal (S40) of the same size as the god, vertically , left arm hanging beside the body, on top of a bovid, lying on the ground, legs folded under the body, tail down.",Logogram (Wenty),C
C73,kEH_HG,137E3,U+137E3,HJ C073,C73,C-11-006,"God, standing, with the head of a falcon, right arm forwards, holding a spear with the point downwards, left arm hanging beside the body, on top of a crocodile (I3).",Classifier divinity,C
C74,kEH_HG,137E6,U+137E6,HJ C074,C74,C-11-010,"God, standing, with the head of a falcon, wearing the double crown (S5), right arm forwards, holding a spear with the point downwards, left arm hanging beside the body, on top of a crocodile (I3).",Logogram (Wenty),C
C76,kEH_HG,137E4,U+137E4,HJ C076,C76,C-11-008,"God, standing, with the head of a falcon, wearing the double crown (S5), holding a harpoon with the point down, diagonally over the body, from the tip of the right foot beyond the left shoulder, right arm lowered, right hand holding the harpoon between the waist and knee, left arm raised, holding the shaft on top of a crocodile, head looking backwards (I3E).",Classifier harpooner,C
C76A,kEH_HG,137E5,U+137E5,HJ C076A,C76A,C-11-009,"God, standing, with the head of a falcon, wearing the double crown (S5), holding a harpoon with the point down, diagonally over the body, from the tip of the right foot beyond the left shoulder, right arm lowered, right hand holding the harpoon between the waist and knee, left arm raised, holding the shaft near the end, on top of a crocodile (I3).",Logogram (harpooner) or Logogram (Wenty),C
C77,kEH_HG,137E7,U+137E7,HJ C077,C77,C-12-001,"God, seated, both knees up, with covered legs and arms, with a long-curved beard, wearing a headdress consisting of a combination of the Atef crown and the red crown (S53vara?), holding a sceptre with a straight shaft, topped with the head of the Seth animal vertically.",Classifier divinity (Geb),C
C78,kEH_HG,137F7,U+137F7,HJ C078,C78,C-13-027,"Man/god, seated on heel, right knee raised, with coif/short hair, without beard, with a sun disk (N5) on his head, raised arms at either side of the body, hands held vertically, with the hand palms inwards.","Logogram Heh (million, many)",C
C78A,kEH_HG,137F8,U+137F8,HJ C078A,C78A,C-13-029,"Man/god, seated on heel, right knee raised, with coif/short hair, without beard, with a sun disk (N5) on his head, arms extended at either side of the body, holding a palm branch, stripped of leaves with multiple notches (M4A), with the notches outwards.","Logogram (million, many)",C
C78B,kEH_HG,137FA,U+137FA,HJ C078B,C78B,C-13-031,"Man/god, seated on heel, right knee raised, with coif/short hair, without beard, with a sun disk (N5) on his head, arms extended at either side of the body, holding a lotus bud with a long stem, with the buds orientated towards the sun disk, with a tie or strap, used with sandals (ankh sign, S34) around each elbow.","Logogram (million, many)",C
C78C,kEH_HG,137F9,U+137F9,HJ C078C,C78C,C-13-030,"Man/god, seated on heel, right knee raised, with coif/short hair, without beard, with a sun disk (N5) on his head, arms extended at either side of the body, holding a palm branch, stripped of leaves with multiple notches (M4A), with the notches outwards, on top of frogs, looking inwards.",Phonemogram,C
C78D,kEH_HG,137FF,U+137FF,HJ C078D,C78D,C-13-040,"Man/god, seated on heel, right knee raised, with coif/short hair, without beard, with a sun disk (N5) on his head, arms extended at either side of the body, holding a palm branch, stripped of leaves, curving inwards at the top, connecting at the sun disk on the head, branches on top of frogs, looking inwards.","Logogram (million, many)",C
C78E,kEH_HG,13800,U+13800,HJ C078E,C78E,C-13-041,"Man/god, seated on heel, right knee raised, with coif/short hair, without beard, with a sun disk (N5) on his head, arms extended at either side of the body, holding a palm branch, stripped of leaves, curving inwards at the top, connecting at the sun disk on the head; on top of a basket (V30).","Logogram (million, many)",C
C78G,kEH_HG,137FB,U+137FB,HJ C078G,C78G,C-13-033,,,
C79,kEH_HG,13804,U+13804,C079A,,C-14-001,"Youth, standing, right arm raised in front, with hand to mouth, with a line running from the elbow to the ankle, left arm hanging beside the body.",Classifier to wean,
C7A,kEH_HG,13849,U+13849,HJ C007A,C7A,C-26-002,"God, seated, knees up, with covered legs and arms, with the head of a Seth animal, holding a crook (S38), vertically, with the opening inwards.",Logogram (one who belongs to Seth),C
C7D,kEH_HG,1384A,U+1384A,HJ C007D,C7D,C-26-005,"God, seated, knees up, with covered legs and arms, with the head of a Seth animal, holding a tie or strap, used with sandals (ankh sign, S34), angling forward. ",Logogram (one who belongs to Seth),C
C8,kEH_HG,13064,U+13064,C008,C8,C-17-001,"An ithyphallic god, with long, curved beard, standing on a platform, wearing a double plume headdress, with a line coming from the back of the head, running down to the base, arm raised in back, with a flagellum (S45) written over the arm.",Classifier Min,C
C84,kEH_HG,1380A,U+1380A,HJ C084,C84,C-14-015,"Youth, seated, both knees up, feet on the ground, wearing the double crown (S5), right arm raised in front, with hand to mouth, left arm in front of the body, holding a flagellum (S45) which angles against the left shoulder.",Logogram (Horus the child),C
C87,kEH_HG,1381D,U+1381D,HJ C087,C87,C-16-005,"God, standing, with the head of a lion, right arm forward, forearm horizontal, holding a knife (T30A) vertically, with the blade outwards, left arm hanging beside the body, holding a stick horizontally.",Logogram (messenger),C
C88,kEH_HG,1381B,U+1381B,HJ C088,C88,C-16-002,"God, standing, with the head of a lion, holding a sceptre with a straight shaft, forked bottom and head of the Seth animal (S40) of the same size as the god, vertically, left arm hanging beside the body.",Phonemogram,C
C89,kEH_HG,13821,U+13821,HJ C089,C89,C-18-001,,,
C8A,kEH_HG,1381F,U+1381F,HJ C008A,C8A,C-17-005,,,
C9,kEH_HG,13065,U+13065,C009,,C-35-002,"Goddess, seated, knees up, with covered legs and arms, with a headdress of bovine horns with a sun disk (F102).",Logogram (Hathor),C
C91,kEH_HG,13822,U+13822,HJ C091,C91,C-19-001,,,
C91A,kEH_HG,13824,U+13824,HJ C091A,C91A,C-19-006,"God with breast, seated, both knees down, with a long-curved beard and long wig/hair, with a clump of three papyrus flowers (M16A) on its head, both arms forward, hands at the height of the chest, holding a tray or reed mat, with a tall water-pot, with spout, with line of fluid coming from the spout (W15A) on top of it, with the spout at the front.",Logogram (the flood),C
C91B,kEH_HG,13825,U+13825,HJ C091B,C91B,C-19-007,"God with breast, seated, both knees down, with a long-curved beard and long wig/hair, with a clump of three papyrus flowers (M16A) on its head, both arms forward, hands at the height of the chest, holding a tray or reed mat, with a tall water-pot, with spout, with line of fluid coming from the spout (W15A) on top of it, with the spout at the front, with a lotus flower and stem (M9/rotated M133) written over the water pot.",Logogram (the flood),C
C92,kEH_HG,13826,U+13826,HJ C092,C92,C-19-008,"God with breast, seated, both knees down, with a long-curved beard and long wig/hair, with a clump of three papyrus flowers (M16A) on its head, both arms forward, hands at the height of the waist, holding a tall waterpot (W14).",Logogram (the Nile/the flood),C
C92A,kEH_HG,13823,U+13823,HJ C092A,C92A,C-19-004,,,
C92B,kEH_HG,13827,U+13827,HJ C092B,C92B,C-19-009,"God with breast, seated, both knees down, with a long-curved beard and long wig/hair, with a clump of three papyrus flowers (M16A) on its head, both arms forward, hands at the height of the waist, holding a tall waterpot, with spout, with line of fluid coming from the spout (W15A), spout at the front.",Logogram (the Nile/the flood),C
C94,kEH_HG,13828,U+13828,HJ C094,C94,C-19-012,,,
C95,kEH_HG,1382B,U+1382B,HJ C095,C95,C-20-001,"God, seated, knees up, with covered legs and arms, with a long-curved beard, wearing a headdress consisting of four plumes on ram horns (S68), holding a sceptre with a straight shaft, topped with the head of the Seth animal vertically. ",Logogram (Onuris),C
C96,kEH_HG,1382C,U+1382C,HJ C096,C96,C-20-002,,,
C98,kEH_HG,13831,U+13831,HJ C098,C98,C-22-003,"God, seated, knees up, with covered legs and arms, with a long-curved beard, wearing the Atef crown without horns (S8A), holding a sceptre with a straight shaft, topped with the head of the Seth animal vertically. ",Logogram (Osiris),C
C98A,kEH_HG,13830,U+13830,HJ C098A,C98A,C-22-001,"God, seated, knees up, with covered legs and arms, with a long-curved beard, wearing the Atef crown without horns (S8A).",Classifier Osiris,C
C98B,kEH_HG,13833,U+13833,HJ C098B,C98B,C-22-008,"God, seated, knees up, with covered legs and arms, with a long-curved beard, wearing the Atef crown without horns (S8A), holding a flagellum (S45) and a crook (S38), opening inwards.",Logogram (one who belongs to Seth),C
C98D,kEH_HG,13834,U+13834,HJ C098D,C98D,C-22-010,,,
C99,kEH_HG,13832,U+13832,HJ C099,C99,C-22-006,,,
C9A,kEH_HG,1387F,U+1387F,HJ C009A,C9A,C-35-008,"Goddess, seated, knees up, with covered legs and arms, with a headdress of bovine horns with a sun disk (F102), holding a holding a stem of papyrus with a bud (M131) or flower vertically. ",Classifier female divinity (usually associated with Hathor),C
C9B,kEH_HG,13880,U+13880,HJ C009B,C9B,C-35-009,"Goddess, seated, knees up, with covered legs and arms, with a headdress of bovine horns with a sun disk (F102), holding a sceptre with a straight shaft, topped with the head of the Seth animal vertically. ",Logogram,C
C9C,kEH_HG,13881,U+13881,HJ C009C,C9C,C-35-010,"Goddess, seated, knees up, with covered legs and arms, with a headdress of bovine horns with a sun disk (F102), holding a holding a sceptre (S42), vertically.",Logogram (powerful one),C
C9D,kEH_HG,13882,U+13882,HJ C009D,C9D,C-35-013,"Goddess, seated, knees up, with covered legs and arms, with a headdress of bovine horns with a sun disk (F102), holding a club used by washermen for beating laundry (U36) vertically.",Logogram (majesty),C
C9E,kEH_HG,13885,U+13885,HJ C009E,C9E,C-35-017,"Goddess, seated, knees up, with covered legs and arms, with a headdress of bovine horns with a sun disk (F102), holding a tie or strap, used with sandals (ankh sign, S34), vertically at the base.",Logogram (life),C
C9G,kEH_HG,13883,U+13883,HJ C009G,C9G,C-35-015,"Goddess, seated, knees up, with covered legs and arms, with a headdress of bovine horns with a sun disk (F102), holding a knife (T30A), angling forward.",Logogram/phonemogram (lord/lady),C
C9H,kEH_HG,13884,U+13884,HJ C009H,C9h,C-35-016,"Goddess, seated, knees up, with covered legs and arms, with a headdress of bovine horns with a sun disk (F102), holding a stem of papyrus with a bud (M13).",Logogram/phonemogram (lady),C
C9J,kEH_HG,1387E,U+1387E,HJ C009J,C9J,C-35-007,"Goddess, seated, knees up, with covered legs and arms, with a headdress of bovine horns with a sun disk (F102) and the vulture headdress, holding a stem of papyrus with a bud (M131) or flower vertically. ",Logogram (Isis),C
C9K,kEH_HG,13886,U+13886,HJ C009K,C9K,C-35-018,"Goddess, seated, knees up, with covered legs and arms, with a headdress of bovine horns with a sun disk (F102), holding a chisel (U22).",Logogram/phonemogram (effective/splendid),C
C9M,kEH_HG,13887,U+13887,C009M,,C-35-020,,,
D1,kEH_HG,13076,U+13076,D001,D1,D-01-001,"The head of a human man, seen in profile, with a short straight beard.",Logogram (head),C
D10,kEH_HG,13080,U+13080,D010,D10,D-08-002,"An eye, with the markings of the head of a falcon.",Logogram (udjat eye),C
D100,kEH_HG,13950,U+13950,HJ D100,D100,D-03-030,"The head of a human male in profile, with two arms, one arm forwards, hand at the height of the shoulder, holding a feather (H6), the other arm hanging downwards.",Classifier herald,C
D101,kEH_HG,13951,U+13951,HJ D101,D101,D-03-031,"The head of a human male in profile, with two arms, one arm forwards, hand at the height of the shoulder, holding a sceptre (S42), the other arm hanging downwards, holding a basket at the handle.","Classifier to carry away, to take",C
D102,kEH_HG,13966,U+13966,HJ D102,D102,D-03-056,"The head of a human male in profile, with two arms, both arms forwards, hands touching a vertical wall with battlements (O36C) near the top and the bottom.","Classifier to climb, to fly",C
D103,kEH_HG,13957,U+13957,HJ D103,D103,D-03-038,"The head of a human male in profile, with a vessel on his head, with two arms, one arm forwards, hand at the vessel, other arm hanging downwards.","Classifier to lift, to carry",C
D104,kEH_HG,13963,U+13963,HJ D104,D104,D-03-052,"The head of a human male in profile, with two arms, extended forwards, forearms separated, holding a pestle in a mortar (U32).",Classifier breaking/destroying,C
D106,kEH_HG,1394C,U+1394C,HJ D106,D106,D-03-025,,,
D107,kEH_HG,13967,U+13967,HJ D107,D107,D-03-057,"The head of a human male in profile, with two arms, both arms forward, holding a reed pipe ending in a tuyère at his mouth.","Classifier (to melt, to cast)",C
D109,kEH_HG,13964,U+13964,HJ D109,D109,D-03-053,"The head of a human male in profile, with two arms, extended forwards, holding a stick with a bundle or a mat horizontally over his shoulders, bundle behind the back.","Classifier to expel, to drive of",C
D10A,kEH_HG,1398C,U+1398C,HJ D010A,D10A,D-08-001,"An eye, with the markings of the head of a falcon, with a vertical line at the back with a triangle at the curl.","Logogram (the """"dazzling-eye"""" (Egypt))",C
D10B,kEH_HG,1398D,U+1398D,HJ D010B,D10B,D-08-004,"An eye without a pupil, with the markings of the head of a falcon, with a vertical line at the back with a triangle at the curl.",Logogram (eye),C
D11,kEH_HG,13081,U+13081,D011,D11,D-09-001,The left part of the white of an eye.,Logogram 1/2,C
D112,kEH_HG,13953,U+13953,HJ D112,D112,D-03-034,,,
D113,kEH_HG,13954,U+13954,HJ D113,D113,D-03-035,"The head of a human male in profile, with two arms, one arm forwards, hand at the height of the shoulder, holding a staff or pole with a two-pronged end piece for holding down snakes (U116), other arm hanging downwards.",Classifier elder/official,C
D114,kEH_HG,13955,U+13955,HJ D114,D114,D-03-036,"The head of a human male in profile, with a long-curved beard an coif, one arm forwards, hand at the height of the shoulder, holding a sceptre with a straight shaft, forked bottom and head of the Seth animal (S40), other arm hanging downwards.",Classifier Orion,C
D115,kEH_HG,13948,U+13948,HJ D115,D115,D-03-020,"The head of a human male in profile, with two arms, arms raised at either side, upper arms horizontal.",Classifier to rejoice,C
D116,kEH_HG,1394A,U+1394A,HJ D116,D116,D-03-022,"The head of a human male in profile, with two arms, arms raised at either side, upper arms horizontal, upside-down.",Classifier upside-down,C
D117,kEH_HG,1395B,U+1395B,HJ D117,D117,D-03-044,"The head of a human male in profile, with two arms, one arm extended forwards, forearm horizontal, hand palm upwards, other raised in back, forearm vertical, hand palm inwards, with a dotted line between the hands.",Classifier to scatter,C
D118,kEH_HG,1395F,U+1395F,HJ D118,D118,D-03-048,"The head of a human male in profile, with one arm, extended forward, hand at the height of the shoulder, holding a vessel horizontally to the mouth.",Classifier drinking,C
D119,kEH_HG,13965,U+13965,HJ D119,D119,D-03-055,"The head of a human male in profile, with two arms, one arm forwards, upper arm horizontal, hand on top of a lump of clay on a potter's wheel, other arm forward, hand at the potter's wheel.",Classifier potter,C
D12,kEH_HG,13082,U+13082,D012,D12,D-09-002,The pupil of an eye.,Classifier pupil,C
D121,kEH_JSesh,1394B,U+1394B,D121,D121,D-03-024,"The head of a human male in profile, with two arms, one raised in front, hand at the height of the shoulder, upper arm of the other on top of an horizontal line, facing backwards.",Classifier to swim,C
D123,kEH_HG,1393F,U+1393F,HJ D123,D123,D-03-009,"The head of a human male in profile, with a sidelock, with two arms, one raised in front, hand to mouth, other arm hanging downwards, hand palm facing outwards.",Classifier child/small one,C
D124,kEH_HG,1393A,U+1393A,HJ D124,D124,D-03-004,"The head of human woman in profile, with two arms, on raised in front, hand at the height of the forehead, hand palm outwards, other arm hanging downwards.",Classifier calling,C
D125,kEH_HG,13949,U+13949,HJ D125,D125,D-03-021,"The head of a human male in profile, with beard and coif, with two arms, arms raised at either side, upper arms horizontal.","Logogram (Heh, divinity)",C
D126,kEH_HG,13968,U+13968,HJ D126,D126,D-03-058,,,
D127,kEH_HG,1396B,U+1396B,HJ D127,D127,D-04-005,"A lock of hair with three strands, with curly endings (D3A), with a knife with a triangular blade and straight handle (T30A) written over the rightmost strand.",Logogram (evil one),C
D128,kEH_HG,1396E,U+1396E,HJ D128,D128,D-04-009,A lock of hair with four wavy strands.,Classifier tresses,C
D129,kEH_HG,1396D,U+1396D,HJ D129,D129,D-04-008,"A lock of hair, resembling a half circle, with three strands of hair with a curly ending, starting in the middle, to the back.",Logogram (evil one),C
D129A,kEH_HG,13970,U+13970,HJ D129A,D129A,D-04-011,"A lock of hair, resembling a half circle, with three strands of hair with a curly ending, one left, one middle, one right.",Logogram (head covering (braid of hair?)),C
D13,kEH_HG,13083,U+13083,D013,D13,D-09-005,An eyebrow.,Classifier eyebrow,C
D130,kEH_HG,13971,U+13971,HJ D130,D130,D-04-013,An oval lock of hair with 3 strands,"Classifier scalp, temple",C
D131,kEH_HG,1396F,U+1396F,HJ D131,D131,D-04-010,"A lock of hair with three vertical strands, and multiple short horizontal strands at the front.",Classifier tresses,C
D132,kEH_HG,130C7,U+130C7,D065,D132,D-04-015,"A sidelock, usually worn by a child.","Logogram (child, son, lad)",C
D134,kEH_HG,13974,U+13974,HJ D134,D134,D-05-005,An eye without pupil.,Classifier eye-paint,C
D135,kEH_HG,1397F,U+1397F,HJ D135,D135,D-06-022,A closed/half closed eye.,Classifier (to sleep),C
D138,kEH_HG,13976,U+13976,HJ D138,D138,D-06-004,"An eye, with a rippled line of eye-paint above the eye. ",Classifier eye related actions,C
D139,kEH_HG,13979,U+13979,HJ D139,D139,D-06-014,An eye with many touches of eye paint above the eye.,Classifier eye related actions,C
D14,kEH_HG,13084,U+13084,D014,D14,D-09-009,The right part of the white of an eye.,Logogram 1/16,C
D140,kEH_HG,1397B,U+1397B,HJ D140,D140,D-06-017,"Two eyes, as seen from the front, with eyebrows above them.",Phonemogram,C
D141,kEH_HG,1397C,U+1397C,HJ D141,D141,D-06-018,A closed eye.,Classifier sleep,C
D143,kEH_HG,13987,U+13987,HJ D143,D143,D-07-003,"An eye, with a line of eye-paint above the eye, with three lines coming from the bottom.",Classifier weeping/crying,C
D143A,kEH_HG,13988,U+13988,HJ D143A,D143A,D-07-004,"An eye, with a rippled line of eye-paint above the eye, with three lines coming from the bottom.",Phonemogram,C
D143B,kEH_HG,1398A,U+1398A,HJ D143B,D143B,D-07-007,"An eye with a line of eye paint above the eye, with three vertical lines of overlapping triangles coming from the bottom.",Classifier weeping/crying,C
D144A,kEH_HG,1398E,U+1398E,HJ D144A,D144A,D-08-007,"An eye, with the markings of the head of a falcon, with a vertical line at the back with a triangle at the curl (D10A), written inside a circle.",Logogram (the eye of Re),C
D146,kEH_HG,13993,U+13993,HJ D146,D146,D-11-011,,,
D149,kEH_HG,13992,U+13992,HJ D149,D149,D-11-009,"The head of a human in profile, with a breast (D27) at the mouth.",Classifier to suckle,C
D15,kEH_HG,13085,U+13085,D015,D15,D-09-010,The right lower marking of an udjat eye.,Logogram 1/32,C
D150,kEH_HG,13994,U+13994,HJ D150,D150,D-12-008,A mouth with one vertical line at the bottom of the sign.,Logogram 1/3,C
D151B,kEH_HG,13995,U+13995,HJ D151B,D151B,D-12-010,"A mouth with two vertical lines at the bottom of the sign, the first longer than the second.",Logogram (2/3),C
D152,kEH_HG,1399B,U+1399B,HJ D152,D152,D-14-003,A mouth with a downward sloping line at the front short end.,Classifier spit,C
D153,kEH_HG,13996,U+13996,HJ D153,D153,D-12-018,"A human mouth, seen from the side.",Interpretant,C
D154,kEH_HG,13999,U+13999,HJ D154,D154,D-14-001,A mouth with a downward sloping dotted line above the front short end.,Classifier spit,C
D156,kEH_HG,1399E,U+1399E,HJ D156,D156,D-15-004,"A long beard, curling up.",Classifier beard or Classifier hair,C
D157,kEH_HG,13A32,U+13A32,HJ D157,D157,D-39-002,A trachea (windpipe).,Classifier throat,C
D158,kEH_HG,13A34,U+13A34,HJ D158,D158,D-39-010,A trachea (windpipe).,Classifier throat,C
D159,kEH_HG,1399F,U+1399F,HJ D159,D159,D-17-001,"The lower half of a human, seated on heel, both knees down.",Logogram (to sit),C
D16,kEH_HG,13086,U+13086,D016,D16,D-09-011,The left lower marking of an udjat eye.,Logogram 1/64,C
D17,kEH_HG,13087,U+13087,D017,D17,D-09-012,The left and right lower marking of an udjat eye.,"Logogram (figure, image)",C
D176,kEH_HG,139A3,U+139A3,HJ D176,D176,D-18-042,"Two arms, raised upwards, with the forearms and hands vertical, hand palms inwards, with a sedge (M23) written between the arms, upon a standard used for carrying religious symbols (R12).",Logogram (royal spirit/essence),C
D18,kEH_HG,13088,U+13088,D018,D18,D-10-001,The ear of a human.,Logogram (ear),C
D19,kEH_HG,13089,U+13089,D019,D19,D-11-001,"The nose, eye and cheek of a human.",Classifier nose,C
D194,kEH_HG,139AA,U+139AA,HJ D194,D194,D-19-019,"Two arms, lowered, with the elbows bent outwards, and the palms of the hands facing each other (D32), with a stool made out of reed matting (Q3) written between the hands.",Phono-repeater (kidney),C
D197,kEH_HG,139AC,U+139AC,HJ D197,D197,D-19-024,"Two arms, lowered, not connected at the shoulders, with the elbows bent outwards, the palms of the hands facing each other.",Logogram (to embrace),C
D2,kEH_HG,13077,U+13077,D002,D2,D-02-001,The face of a human man.,Phonemogram,C
D20,kEH_HG,1308A,U+1308A,D020,D20,D-11-002,"The nose, eye and cheek of a human, written in a semi-cursive fashion.",Classifier nose,C
D200,kEH_HG,139AD,U+139AD,HJ D200,D200,D-19-027,"Two arms, lowered, not connected at the shoulders, with the elbows bent outwards, the palms of the hands facing each other (D197), with a line of angled strokes between the arms.",Classifier (in ẖꜣm-(ꞽ)ḫ.t),C
D207,kEH_HG,139C4,U+139C4,HJ D207,D207,D-23-006,"A forearm, with the hand angled downwards.","Logogram (arm, hand)",C
D21,kEH_HG,1308B,U+1308B,D021,D21,D-12-001,A mouth.,Phonemogram,C
D210,kEH_HG,139C7,U+139C7,HJ D210,D210,D-25-006,A forearm with the hand held as a fist.,Classifier supporting/carrying,C
D211,kEH_HG,139C6,U+139C6,HJ D211,D211,D-24-006,A forearm with the hand holding an egg (H8).,Phonemogram,C
D217,kEH_HG,139CC,U+139CC,HJ D217,D217,D-25-024,"A forearm with the hand holding two arms, raised upwards, with the forearms and hands vertical, hand palms inwards (D28).",Phonemogram,C
D218,kEH_HG,139CD,U+139CD,HJ D218,D218,D-25-025,A forearm with the hand holding 3 vertical strokes.,Logogram (to receive),C
D219,kEH_HG,139CE,U+139CE,HJ D219,D219,D-25-026,A forearm with the hand holding the sun upon a butcher's block (N7).,Logogram (course (of the day); daily requirements),C
D22,kEH_HG,1308C,U+1308C,D022,D22,D-12-004,A mouth with two vertical lines at the bottom of the sign.,Logogram (2/3),C
D220,kEH_HG,139CB,U+139CB,HJ D220,D220,D-25-023,A forearm with the hand holding a wide cup (W10),"Logogram (to offer, to present) or Phonemogram",C
D221,kEH_HG,139D8,U+139D8,HJ D221,D221,D-25-041,,,
D228,kEH_HG,139C8,U+139C8,HJ D228,D228,D-25-012,A forearm with the hand holding a loop of cord with the ends upwards (V6).,Classifier enveloping,C
D229,kEH_HG,139D0,U+139D0,HJ D229,D229,D-25-029,A forearm with the hand holding a feather (H6).,"Classifier strength, power",C
D229A,kEH_HG,139D2,U+139D2,HJ D229A,D229A,D-25-031,,,
D23,kEH_HG,1308D,U+1308D,D023,D23,D-12-015,A mouth with three vertical lines at the bottom of the sign,Logogram (3/4),C
D230,kEH_HG,139D4,U+139D4,HJ D230,D230,D-25-033,,,
D231,kEH_HG,139D3,U+139D3,HJ D231,D231,D-25-032,A forearm with the hand holding a knife with a triangular blade and straight handle (T30A).,"Classifier force, effort",C
D234,kEH_HG,139DB,U+139DB,HJ D234,D234,D-26-001,"An arm, bent at the elbow, hand horizontal, hand palm upwards.",Classifier washing,C
D235,kEH_HG,139DD,U+139DD,HJ D235,D235,D-26-004,"An arm, bent at the elbow, hand horizontal, hand palm downwards.",Classifier stretching out,C
D236A,kEH_HG,139DC,U+139DC,HJ D236A,D236A,D-26-002,"An arm, bent at the elbow, hand horizontal, hand palm upwards, with a forward, downward angling dotted line coming from the hand.",Logogram (to wash),C
D237,kEH_HG,139E1,U+139E1,HJ D237,D237,D-26-008,"An arm, bent at the elbow, forearm nearly horizontal, holding a flagellum (S45).",Logogram (to protect),C
D238,kEH_HG,139E2,U+139E2,HJ D238,D238,D-26-013,"An arm, bent at the elbow, forearm nearly horizontal, holding a tall wand or brush, vertically.",Logogram (to make holy),C
D239,kEH_HG,139E3,U+139E3,HJ D239,D239,D-26-014,,,
D24,kEH_HG,1308E,U+1308E,D024,D24,D-13-001,The upper lip of a human with teeth.,"Classifier lip, border, edge",C
D240,kEH_HG,139E4,U+139E4,HJ D240,D240,D-26-015,,,
D241,kEH_HG,139E5,U+139E5,HJ D241,D241,D-26-017,,,
D242,kEH_HG,139E6,U+139E6,HJ D242,D242,D-26-018,"An arm, bent at the elbow, forearm nearly horizontal, holding a sceptre (S42).",Classifier to govern/to control,C
D243,kEH_HG,139E7,U+139E7,HJ D243,D243,D-26-019,"An arm, bent at the elbow, forearm nearly horizontal, holding a feather (H6).",Classifier messenger,C
D244,kEH_HG,139E8,U+139E8,HJ D244,D244,D-26-020,"An arm, bent at the elbow, forearm nearly horizontal, holding a wick of twisted flax, consisting of 3 loops (V28).","Logogram (to make holy, to be holy, to be splendid)",C
D245,kEH_HG,139EC,U+139EC,D245,,D-26-032,"An arm, bent at the elbow, in a V shape, hand holding a stick at the top.","Classifier to write, to inscribe",C
D246,kEH_HG,139ED,U+139ED,HJ D246,D246,D-26-033,"An arm, bent at the elbow, in a V shape, hand holding a brush.","Logogram (to write, to inscribe)",C
D25,kEH_HG,1308F,U+1308F,D025,D25,D-13-004,"The upper and lower lips of a human, with teeth.",Logogram (lips),C
D250,kEH_HG,139F1,U+139F1,HJ D250,D250,D-27-003,"Two arms, elbows bent, upper arms overlapping, forearms separated, lower forearm nearly horizontal, holding a wand or brush, resembling a loop.",Logogram (to make holy),C
D251,kEH_HG,139F2,U+139F2,HJ D251,D251,D-27-005,"Two arms, elbows bent, upper arms overlapping, forearms separated, lower forearm nearly horizontal, holding a wand or brush.",Logogram (to make holy/to be sacred),C
D253,kEH_HG,139F3,U+139F3,HJ D253,D253,D-27-007,"Two arms, elbows bent, upper arms overlapping, forearms separated, lower forearm nearly horizontal, holding a wand or brush, resembling a long fan-like object.",Phonemogram,C
D254,kEH_HG,139F4,U+139F4,HJ D254,D254,D-27-008,"Two arms, elbows bent, upper arms overlapping, forearms separated, lower forearm nearly horizontal, holding a stick.",Logogram (to repel),C
D257,kEH_HG,139F6,U+139F6,HJ D257,D257,D-27-012,"An arm, bent at the elbow, forearm horizontal, holding a stick, facing its mirror, sticks crossing.",Classifier fighting,C
D259,kEH_HG,139EE,U+139EE,HJ D259,D259,D-26-034,"An arm, bent at the elbow, in a V shape, hand on top of a wall or shrine.","Classifier to destroy, to overthrow",C
D26,kEH_HG,13090,U+13090,D026,D26,D-14-005,"A human mouth, seen from the side, with a wavy downward sloping line coming from the lips.",Classifier blood,C
D260,kEH_HG,139F0,U+139F0,HJ D260,D260,D-27-001,"Two arms, elbows bent, upper arms overlapping, in a V shape, forearms separated, hand palms outwards.",Classifier adoration,C
D261,kEH_HG,139D9,U+139D9,HJ D261,D261,D-25-044,"A forearm, with the palm of the hand downwards, with a wide cup below the hand.",,C
D262,kEH_HG,139EF,U+139EF,HJ D262,D262,D-26-035,"An arm, bent at the elbow, in a V shape, hand holding a staff or pole with a two-pronged end piece for holding down snakes (U116).",Classifier elder/official,C
D263,kEH_HG,139DF,U+139DF,HJ D263,D263,D-26-006,"An arm, bent at the elbow, upper arm horizontal, hand palm outwards.",Classifier to rejoice,C
D264,kEH_HG,139E0,U+139E0,HJ D264,D264,D-26-007,"An arm, bent at the elbow, upper arm horizontal, hand held horizontally, hand palm upwards.",Classifier to call,C
D266,kEH_HG,139FC,U+139FC,HJ D266,D266,D-28-021,"A human hand, angled downwards, with visible fingers.",Classifier cut of hand,C
D267,kEH_HG,139FE,U+139FE,HJ D267,D267,D-28-023,"A human hand with the thumb upwards and the palm curved upwards (D47), holding an egg (H8).",Phonemogram,C
D26A,kEH_HG,1399D,U+1399D,HJ D026A,D26A,D-14-006,"A human mouth, seen from the side, with a dotted downward sloping line coming from the lips.",Phonemogram,C
D26B,kEH_HG,1399C,U+1399C,HJ D026B,D26B,D-14-004,"A human mouth, seen from the side, with a downward sloping line coming from the lips.",Phonemogram,C
D27,kEH_HG,13091,U+13091,D027,D27,D-16-002,A human breast.,Classifier breast,C
D271,kEH_HG,130C6,U+130C6,D064,D271,D-28-018,A human hand with the thumb downwards and the palm curved downwards.,Logogram (hand),C
D272,kEH_HG,13A01,U+13A01,HJ D272,D272,D-29-005,"A human hand, held as a fist, with the thumb on top (D49), holding a vertical stick.",Classifier to hold fast/to seize,C
D273,kEH_HG,13A00,U+13A00,HJ D273,D273,D-29-004,"A human hand, held as a fist, with the thumb on top (D49), holding a folded piece of cloth (V60).",Classifier,C
D274,kEH_HG,13A03,U+13A03,HJ D274,D274,D-29-007,"A human hand, held as a fist, with the thumb on top (D49), holding a loop of cord with the ends upwards (V6).","Classifier to squeeze, to enclose, to tie up",C
D275A,kEH_HG,13A04,U+13A04,HJ D275A,D275A,D-29-009,"A human hand, held as a fist, with the thumb on top (D49), holding a vertical hourglass-shaped shaped document holder (R88).",Classifier,C
D279,kEH_HG,13C05,U+13C05,HJ D279,D279,F-32-001,A liver.,Classifier liver,C
D27A,kEH_HG,13092,U+13092,D027A,D27A,D-16-001,A human breast.,,L
D28,kEH_HG,13093,U+13093,D028,D28,D-18-001,"Two arms, raised upwards, with the forearms and hands vertical, hand palms inwards.","Logogram (spirit, essence)",C
D280,kEH_HG,13A07,U+13A07,HJ D280,D280,D-31-004,"A phallus with a scrotum, written with the tip in a vulva (N41).",Classifier copulating,C
D283,kEH_HG,13A0A,U+13A0A,HJ D283,D283,D-31-020,A human scrotum with two testicles.,Logogram (the two testicles),C
D284,kEH_HG,13A0B,U+13A0B,HJ D284,D284,D-31-022,A testicle.,Classifier testicles,C
D286,kEH_HG,13A12,U+13A12,HJ D286,D286,D-34-004,"Legs in a walking posture, feet orientated towards the reading direction, back foot only touches the baseline with the toes.",Classifier to run,C
D287,kEH_HG,13A13,U+13A13,HJ D287,D287,D-34-005,"Legs in a walking posture, rotated roughly 90 degree forward, feet towards the bottom.",Classifier to fall,C
D288,kEH_HG,13A17,U+13A17,HJ D288,D288,D-34-009,"Legs in a walking posture, feet orientated towards the reading direction (D54), with a mouth (D21) on top of it.",Interpretant r and classifier movement,C
D289,kEH_HG,13A18,U+13A18,HJ D289,D289,D-34-011,"Legs in a walking posture, feet orientated towards the reading direction (D54), with a half round loaf of bread (X1) on top of it.",Phonemogram (dental) and classifier movement,C
D28A,kEH_HG,139A1,U+139A1,HJ D028A,D28A,D-18-007,"Two arms, unconnected, raised upwards, with the forearms and hands vertical, hand palms inwards.",,C
D29,kEH_HG,13094,U+13094,D029,D29,D-18-008,"Two arms, raised upwards, with the forearms and hands vertical, hand palms inwards, on top of a standard used for carrying religious symbols (R12).","Logogram (spirit, essence)",C
D291,kEH_HG,13A15,U+13A15,HJ D291,D291,D-34-007,"Two legs, spread out, knees bent, toes orientated away from each other.",Classifier to spread,C
D292,kEH_HG,13A16,U+13A16,HJ D292,D292,D-34-008,"Legs in a walking posture, upside-down, toes towards the reading direction.",Classifier to be upside-down,C
D3,kEH_HG,13078,U+13078,D003,D3,D-04-004,A lock of hair with three strands.,Classifier hair,C
D30,kEH_HG,13095,U+13095,D030,D30,D-18-009,"Two arms, raised, with the palms of the hands towards each other, written on it side, with a downward curving line at the back.",Classifier Nehebkau,C
D300,kEH_HG,13A1D,U+13A1D,HJ D300,D300,D-35-015,"A human foot and lower leg (D58), with a forward, downward dotted line coming from the top.","Logogram (to be pure, to be clean)",C
D31,kEH_HG,13096,U+13096,D031,D31,D-19-012,"Two arms, lowered, with the elbows bent outwards, and the palms of the hands facing each other (D32), with a club used by washermen for beating laundry (U36) written between the arms.",Logogram (mortuary priest),C
D319,kEH_HG,13A2A,U+13A2A,HJ D319,D319,D-36-025,"A stylized set of two toes, resembling a harpoon-head with two horizontal strokes and a single curl on top of the point (HG T19), on top of base resembling a standard used for the carrying of religious symbols with the vertical stick at the far side (R92A).",Phonemogram,C
D31A,kEH_JSesh,13097,U+13097,D031A,D31A,D-18-072,"Two arms, raised upwards, with the forearms and hands vertical, hand palms inwards, with a club used by washermen for beating laundry (U36), written between the arms.",Logogram (mortuary priest),L
D32,kEH_HG,13098,U+13098,D032,D32,D-19-001,"Two arms, lowered, with the elbows bent outwards, and the palms of the hands facing each other.","Classifier enveloping, embracing, uniting",C
D322B,kEH_HG,13A29,U+13A29,HJ D322B,D322B,D-36-024," stylized set of two toes, resembling a harpoon-head with two horizontal strokes and a two angled strokes as point (T19A), on top of base resembling the sky (N1), with a star (N14) written between the two harpoon-heads.",Logogram (Orion),C
D323,kEH_HG,13A2C,U+13A2C,HJ D323,D323,D-36-027,,,
D323A,kEH_HG,13A2B,U+13A2B,HJ D323A,D323A,D-36-026,"A stylized set of three toes, resembling a harpoon-head with two horizontal strokes on top, and triangular point (T79), on top of base resembling the right side of the sky (N44).",Phonemogram/logogram (annals),C
D326A,kEH_HG,13A2D,U+13A2D,HJ D326A,D326A,D-36-036,"Two harpoon-heads with two horizontal strokes on top and a single curl on top of the point (HG T19), on top of a wickerwork basket with a handle, orientated with the handle to the back (V31).",Phonemogram,C
D326B,kEH_HG,13A2E,U+13A2E,HJ D326B,D326B,D-36-037,,,
D327,kEH_HG,13A30,U+13A30,HJ D327,D327,D-37-001,,,
D329,kEH_HG,13A31,U+13A31,HJ D329,D329,D-37-004,,,
D32A,kEH_HG,139A8,U+139A8,HJ D032A,D32A,D-19-008,,,
D32B,kEH_HG,139A6,U+139A6,HJ D032B,D32B,D-19-003,"Two arms, lowered, arms straight, hand palms facing each other.",Logogram (negative relative adjective),C
D32C,kEH_HG,139A9,U+139A9,HJ D032C,D32C,D-19-009,"Two arms, lowered, arms straight, hand palm oriented outwards.",Phono-repeater,C
D32D,kEH_HG,139A7,U+139A7,HJ D032D,D32D,D-19-007,"Two arms, lowered, with the elbows bent inwards, palms of the hands oriented outwards.",Phonemogram,C
D33,kEH_HG,13099,U+13099,D033,D33,D-20-002,"Two arms, holding an oar, in a rowing motion, below a cover.",Phonemogram,C
D333,kEH_HG,139B2,U+139B2,HJ D333,D333,D-20-009,"Two arms, elbows bent, upper arms overlapping, forearms separated, lower forearm nearly horizontal, holding an oar which tapers out towards the bottom.","Logogram (to row, to convey by water)",C
D334A,kEH_HG,13978,U+13978,HJ D334A,D334A,D-06-011,"An eye with three touches of eye paint above the eye, without pupil.",Classifier eye related actions,C
D336A,kEH_HG,139EB,U+139EB,HJ D336A,D336A,D-26-030,"An arm, bent at the elbow, forearm nearly horizontal, holding a knife with a triangular blade and straight handle.",Phonemogram,C
D33B,kEH_HG,139B1,U+139B1,HJ D033B,D33B,D-20-008,"Two arms, holding an oar, in a rowing motion, with the upper arms overlapping.",Classifier movement by boat,C
D33C,kEH_HG,139B0,U+139B0,HJ D033C,D33C,D-20-007,"Two arms, holding an oar, in a rowing motion, below a cover resembling the mouth (D21).","Logogram (to row, to convey by water)",C
D34,kEH_HG,1309A,U+1309A,D034,,D-21-007,"Two arms, connected at the shoulders, one arm forwards, with a horizontal forearm, holding a shield as seen in profile, top curving inwards, the other arm downwards, forearm vertical, holding a mace (T3) horizontally.",Logogram (to fight),C
D346,kEH_HG,139BD,U+139BD,HJ D346,D346,D-21-015,,,
D34A,kEH_HG,1309B,U+1309B,D034A,D34A,D-21-002,"Two arms, connected at the shoulders, one arm forwards, with a horizontal forearm, holding a rectangular shield with inward curving sides, the other arm downwards, forearm vertical, holding a mace (T3) horizontally.",Logogram (to fight),C
D34B,kEH_HG,139BB,U+139BB,HJ D034B,D34B,D-21-009,,,
D34C,kEH_HG,139B8,U+139B8,HJ D034C,D34C,D-21-003,"Two arms, connected at the shoulders, one arm forwards, with a horizontal forearm, holding a triangular shield with rounded top, the other arm downwards, forearm angled slightly forwards, holding a mace (T3) at an upward angle.",Logogram (to fight),C
D35,kEH_HG,1309C,U+1309C,D035,D35,D-22-002,"Two arms, connected at the shoulders, spread sideways, forearms horizontal, with the palms of the hands facing upwards",Logogram (negative particle),C
D358,kEH_HG,139F5,U+139F5,HJ D358,D358,D-27-011,"Two arms, elbows bent, upper arms overlapping, forearms separated, lower forearm nearly horizontal, holding a wick of twisted flax, consisting of 3 loops (V28).",Logogram (to make holy/to be sacred),C
D35A,kEH_HG,139C2,U+139C2,HJ D035A,D35A,D-22-001,"Two arms, connected at the shoulders, spread sideways, forearms horizontal, with the palms of the hands facing downwards.",Logogram (negative particle),C
D36,kEH_HG,1309D,U+1309D,D036,D36,D-23-001,"A forearm, with the palm of the hand facing upwards.",Phonemogram,C
D369,kEH_HG,139BE,U+139BE,HJ D369,D369,D-21-018,"Two arms, connected at the shoulder, one arm forwards, forearm straight, holding a mace (T3), the other arm downwards, forearm at 90 degree of the upper arm, holding a stick.",Logogram (to fight) (in ꜥḥꜣ.t (fighter (female)),C
D37,kEH_HG,1309E,U+1309E,D037,D37,D-24-002,A forearm with the hand holding a conical loaf of bread (X8).,Phonemogram,C
D371,kEH_HG,139BF,U+139BF,HJ D371,D371,D-21-019,"Two arms, connected at the shoulder, one arm forwards, forearm horizontal, holding a wand or brush, the other arm downwards, forearm at 90 degree of the upper arm, holding a sceptre (S42).",Logogram (to fight),C
D372,kEH_HG,139C0,U+139C0,HJ D372,D372,D-21-020,"Two arms, connected at the shoulder, one arm forwards, holding a round shield, seen in profile, other arm downwards, forearm 90 degree of the upper arm, holding a mace (T3) vertically.",Logogram (to fight),C
D373,kEH_HG,13A2F,U+13A2F,HJ D373,D373,D-36-038,"Two harpoon-heads with two horizontal strokes on top and a single curl on top of the point (HG T19), on top of a forward bent feather (H27)/a wide tongue (F20A), or a wide band of string or fabric (V12A).",Phonemogram,C
D38,kEH_HG,1309F,U+1309F,D038,D38,D-24-004,"A forearm with the hand holding a loaf of bread, without internal detail (X3).",Phonemogram,C
D382,kEH_HG,139DA,U+139DA,HJ D382,D382,D-25-048,A forearm with the hand holding the leaf stem and root of a lotus plant (M12).,Phonemogram,C
D39,kEH_HG,130A0,U+130A0,D039,D39,D-24-007,A forearm with the hand holding a round vessel with an upstanding rim (W24).,"Logogram (to offer, to present)",C
D392,kEH_HG,13935,U+13935,HJ D392,D392,D-02-006,"The face of a human female, with the ears of an ox.",Logogram (face),C
D394,kEH_HG,13952,U+13952,HJ D394,D394,D-03-033,"The head of a human male in profile, with two arms, one arm forwards, hand at the height of the shoulder, holding a feather (H6) three triangles of skin with a tail (F27A), the other arm hanging downwards.",Classifier herald,C
D3A,kEH_HG,1396A,U+1396A,HJ D003A,D3A,D-04-001,"A lock of hair with three strands, with curly endings.",Logogram (lifetime),C
D3B,kEH_HG,1396C,U+1396C,HJ D003B,D3B,D-04-006,,,
D4,kEH_HG,13079,U+13079,D004,D4,D-05-001,An eye.,Phonemogram,C
D40,kEH_HG,130A1,U+130A1,D040,D40,D-25-001,A forearm with the hand holding a stick.,"Classifier force, effort",C
D405,kEH_HG,139AE,U+139AE,HJ D405,D405,D-19-031,"Two arms, lowered, not connected at the shoulders, with the elbows bent outwards, the palms of the hands facing each other (D197), with a club used by washermen for beating laundry (U36) written between the arms. ",Logogram (mortuary priest),C
D41,kEH_HG,130A2,U+130A2,D041,D41,D-25-014,"A forearm, with the palm of the hand downwards, with the upper arm bent forwards.",Classifier arm related movements or actions,C
D412,kEH_HG,13A0F,U+13A0F,HJ D412,D412,D-32-009,A well with three lines coming from the top.,Phonemogram,C
D413,kEH_HG,13A20,U+13A20,HJ D413,D413,D-35-057,"A fire-drill in a piece of wood (U28), written on top of a human foot and lower leg (D58).",Phonemogram,C
D42,kEH_HG,130A3,U+130A3,D042,D42,D-25-017,"A forearm, with the palm of the hand downwards, upper arm vertical.",Logogram (cubit),C
D43,kEH_HG,130A4,U+130A4,D043,D43,D-25-021,A forearm with the hand holding a flagellum (S45).,Logogram (to protect),C
D44,kEH_HG,130A5,U+130A5,D044,D44,D-25-007,A forearm with the hand holding a sceptre (S42).,Classifier governing/controlling,C
D45,kEH_HG,130A6,U+130A6,D045,D45,D-26-011,"An arm, bent at the elbow, forearm nearly horizontal, holding a wand or brush.",Logogram (to make holy),C
D46,kEH_HG,130A7,U+130A7,D046,D46,D-28-001,A human hand.,Phonemogram,C
D46A,kEH_HG,139F8,U+139F8,D046F,D46A,D-28-005,A human hand with a forward downward line of dots coming from the thumb.,"Logogram (scent, perfume, dew)",C
D46C,kEH_HG,130A8,U+130A8,D046A,D46C,D-28-009,A human hand with a forward downward line coming from the thumb.,"Logogram (scent, perfume, dew)",C
D46D,kEH_HG,139F7,U+139F7,HJ D046D,D46D,D-28-003,A human hand with depicted fingers.,Phonemogram,C
D47,kEH_HG,130A9,U+130A9,D047,D47,D-28-016,A human hand with the thumb upwards and the palm curved upwards.,Classifier hand,C
D47A,kEH_HG,139FB,U+139FB,HJ D047A,D47A,D-28-020,"A human hand with the thumb upwards and the palm curved upwards, with a forward, downward line of dots coming from the hand palm.","Logogram (scent, perfume, dew)",C
D48,kEH_HG,130AA,U+130AA,D048,D48,D-28-028,A human hand without a thumb.,Logogram (palm),C
D48A,kEH_JSesh,130AB,U+130AB,D048A,D48A,D-28-027,"A human hand, holding an oval.",Phono-repeater,C
D49,kEH_HG,130AC,U+130AC,D049,D49,D-29-001,"A human hand, held as a fist, with the thumb on top.",Classifier grasping/holding,C
D5,kEH_HG,1307A,U+1307A,D005,D5,D-06-007,An eye with two touches of eye paint above the eye.,Classifier eye related actions,C
D50,kEH_HG,130AD,U+130AD,D050,D50,D-30-001,A vertical human finger.,Logogram (finger),C
D50A,kEH_HG,13A05,U+13A05,D050L,D50A,D-30-004,"A distal and intermediate phalanges of a finger, written horizontally.",Phono-repeater,C
D51,kEH_HG,130B7,U+130B7,D051,D51,D-30-006,A horizontal human finger.,Classifier taking,C
D52,kEH_HG,130B8,U+130B8,D052,D52,D-31-001,A phallus with a scrotum.,Phonemogram,C
D53,kEH_HG,130BA,U+130BA,D053,D53,D-31-007,"A phallus with a scrotum, with a line of liquid issuing from it.",Phonemogram,C
D54,kEH_HG,130BB,U+130BB,D054,D54,D-34-001,"Legs in a walking posture, feet orientated towards the reading direction.",Classifier movement,C
D54A,kEH_JSesh,130BC,U+130BC,D054A,D54A,D-34-013,"Legs in a walking posture, feet orientated towards the reading direction, with a hook added to the front leg.",Logogram (to come),C
D55,kEH_HG,130BD,U+130BD,D055,D55,D-34-002,"Legs in a walking posture, feet orientated away from the reading direction.",Classifier reverse movement,C
D56,kEH_HG,130BE,U+130BE,D056,D56,D-35-001,A leg with a bent knee.,Classifier leg/foot,C
D57,kEH_HG,130BF,U+130BF,D057,D57,D-35-005,"A leg with a bent knee (D56), with a knife with a rounded blade and rounded handle (T30) written over it.","Classifier damage, injury",C
D57C,kEH_HG,13A1B,U+13A1B,HJ D057C,D57C,D-35-009,"A leg with a bent knee (D56), written with the upper leg over a knife with a triangular blade and straight handle, orientated with the blade upwards and the handle forwards, at a slight angle.",Classifier to disappear,C
D57D,kEH_HG,13A1C,U+13A1C,HJ D057D,D57D,D-35-010,"A leg with a bent knee (D56), written with the upper leg over a knife with a triangular blade and straight handle, orientated with the blade downwards and the handle forwards, at a slight angle.",Logogram (transgression),C
D58,kEH_HG,130C0,U+130C0,D058,D58,D-35-012,A human foot and lower leg.,Phonemogram,C
D59,kEH_HG,130C1,U+130C1,D059,D59,D-35-031,"A forearm, with the palm of the hand facing upwards (D36) written over a human foot and lower leg (D58).",Phonemogram,L
D6,kEH_HG,1307B,U+1307B,D006,D6,D-06-001,"An eye, with a line of eye-paint above the eye.",Classifier eye related actions,C
D60,kEH_HG,130C2,U+130C2,D060,D60,D-35-017,"A human foot and lower leg (D58), with a vase on its side, with liquid issuing from it (W54) on top of it.","Logogram (to be pure, to be clean)",C
D61,kEH_HG,130C3,U+130C3,D061,D61,D-36-001,"A stylized row of three toes, with the ovals at the left side.",Phono-repeater,C
D62,kEH_HG,130C4,U+130C4,D062,D62,D-36-002,"A stylized row of three toes, with the ovals at the right side.",Phonemogram,C
D63,kEH_HG,130C5,U+130C5,D063,D63,D-36-007,"A stylized set of two toes, resembling a cloth wound on a pole, an emblem of divinity (R8), on top of a base with a loop at the far end.",Phonemogram,C
D63A,kEH_HG,13A23,U+13A23,HJ D063A,D63A,D-36-010,"A stylized set of two toes, resembling a harpoon-head with two horizontal strokes and a single curl on top of the point (HG T19), on top of base resembling the right side of the sky (N44).",Phonemogram,C
D63B,kEH_HG,13A27,U+13A27,HJ D063B,D63B,D-36-014,"A stylized set of two toes, resembling a harpoon-head with two horizontal strokes on top, and triangular point (T79), on top of base resembling the right side of the sky (N44).",Phonemogram,C
D63C,kEH_HG,13A22,U+13A22,HJ D063C,D63C,D-36-009,"A stylized set of two toes, resembling a harpoon-head with two horizontal strokes and a single curl on top of the point (HG T19), on top of base resembling the left side of the sky (mirror N44).",Phonemogram (Orion),C
D63E,kEH_HG,13A28,U+13A28,HJ D063E,D63E,D-36-020,"A stylized set of two toes, resembling a harpoon-head with two horizontal strokes and two angled strokes on top of the point (T19C), on top of base resembling the right side of the sky (N44).",Phonemogram,C
D63F,kEH_HG,13A24,U+13A24,HJ D063F,D63F,D-36-011," stylized set of two toes, resembling a harpoon-head with two horizontal strokes and a two angled strokes as point (T19A), on top of base resembling the right side of the sky (N44).",Phonemogram,C
D63G,kEH_HG,13A25,U+13A25,HJ D063G,D63G,D-36-012,"A stylized set of two toes, resembling a harpoon-head with two horizontal strokes and a single curl on top of the point (HG T19), on top of a base with a loop at the back end.",,
D65,kEH_HG,13930,U+13930,D065A,D65,D-01-011,"The head of a human man, seen in profile, with a line coming from the mouth, angling downwards.",Classifier spit,C
D66 D245,kEH_JSesh,130C8,U+130C8,D066,D66 D245,D-26-022,"An arm, bent at the elbow, forearm nearly horizontal, hand held like a fist, with a stylus angled over the tip of the fist.",Classifier to engrave,C
D67,kEH_HG,13932,U+13932,D067K,D67,D-01-017,"The head of a goddess, seen in profile, wearing a headdress of bovine horns with a sun disk (F102), wearing the vulture headdress, on top of a staff with a forked end.",Logogram (Hathor),C
D68,kEH_HG,13931,U+13931,HJ D068,D68,D-01-012,"The head of a human man, seen in profile, with the uterus of a cow (F45) on his head.",Classifier birthplace,C
D7,kEH_HG,1307C,U+1307C,D007,D7,D-06-020,An eye with a painted lower lid.,Phonemogram,C
D72,kEH_HG,1392F,U+1392F,HJ D072,D72,D-01-008,"The head of a human man, seen in profile, with the mouth open.",Classifier to laugh,C
D76,kEH_HG,13990,U+13990,HJ D076,D76,D-10-002,The earpiece of a human.,Classifier backside,C
D77,kEH_HG,13937,U+13937,HJ D077,D77,D-03-001,"The head of human male in profile, with two arms, on raised in front, forearm 45 degree, hand at the height of the face, hand palm outwards, other arm with the hand below the head.",Classifier human being,C
D79,kEH_HG,13945,U+13945,HJ D079,D79,D-03-017,"The head on a human male in profile, with one arm, raised at the back, forearm vertical, hand palm inwards.",Classifier to rejoice,C
D7A,kEH_HG,1397A,U+1397A,HJ D007A,D7A,D-06-016,An eye with an eyebrow above it.,"Logogram (to see, to behold)",C
D7B,kEH_HG,1397D,U+1397D,D007G,,D-06-019,"An eye with an eyebrow above it, upside-down.",Phonemogram,C
D7C,kEH_HG,13980,U+13980,HJ D007C,D7C,D-06-023,"An eye, with a line of eye-paint above the eye, and a painted lower lid.",Classifier eye related actions,C
D8,kEH_HG,1307D,U+1307D,D008,D8,D-06-026,"An eye, written inside an oval.",Phonemogram,C
D80,kEH_HG,13946,U+13946,HJ D080,D80,D-03-018,"The head on a human male in profile, with two arms, raised at the back, forearm vertical, hand palm inwards.",classifier turning around,C
D81,kEH_HG,13941,U+13941,HJ D081,D81,D-03-011,"The head of a human male in profile, with two arms, both arms hanging downwards.",Classifier dwarf/pigmy,C
D82,kEH_HG,1393B,U+1393B,D082C,,D-03-005,,,
D83,kEH_HG,13947,U+13947,HJ D083,D83,D-03-019,,,
D84,kEH_HG,13942,U+13942,HJ D084,D84,D-03-012,"The head of a human male in profile, with two arms, both arms forward, hands horizontal at the height of the face, hand palms inwards.","Classifier (to bow, to attack)",C
D85,kEH_HG,13943,U+13943,HJ D085,D85,D-03-014,"The head of a human male in profile, with two arms, both arms extended forwards, at a downward angle.",Classifier to fall,C
D86,kEH_HG,13940,U+13940,HJ D086,D86,D-03-010,"The head of a human male in profile, with two arms, one hanging downwards in front, hand palm inwards, other arm with the hand below the head, hand palm upwards.",Classifier nursing,C
D87,kEH_HG,13956,U+13956,HJ D087,D87,D-03-037,"The head of a human male in profile, with two arms, one arm forwards, hand to mouth, with a dotted line coming from the mouth, angling downwards, other arm hanging downwards, hand palm outwards.","Classifier to spit, to spew",C
D88,kEH_HG,13959,U+13959,HJ D088,D88,D-03-041,"The head of a human male in profile, with two arms, one arm forwards, forearm backwards, hand under the head, other arm raised at the back, forearm vertical, holding a stick.","Classifier to oppose, to rebel",C
D89,kEH_HG,13958,U+13958,HJ D089,D89,D-03-040,"The head of a human male in profile, with two arms, one arm forwards, hanging downwards, other arm raised at the back, forearm vertical, holding a stick.",Classifier to drive away,C
D8A,kEH_HG,1307E,U+1307E,D008A,D8A,D-06-030,An eye with a painted lower lid inside an oval.,Phonemogram,C
D8B,kEH_HG,13982,U+13982,HJ D008B,D8B,D-06-029,"An eye, with a wavy line of eye-paint above the eye, inside an oval.",Phonemogram,C
D8C,kEH_HG,13983,U+13983,D008E,,D-06-031,,,
D9,kEH_HG,1307F,U+1307F,D009,D9,D-07-001,"An eye, with three lines coming from the bottom.",Logogram (to weep),C
D90,kEH_HG,13969,U+13969,HJ D090,D90,D-03-059,"The head of a human male in profile, with two arms, both hands below the head, holding a stick angling over the back shoulder.",Classifier to drive away,C
D91,kEH_HG,1395C,U+1395C,HJ D091,D91,D-03-045,,,
D92,kEH_HG,1395D,U+1395D,HJ D092,D92,D-03-046,"The head of a human male in profile, with two arms, one arm extended forwards, forearm horizontal, holding a stick, other raised in back, forearm vertical, holding a stick.",Classifier dancing,C
D93,kEH_HG,1395E,U+1395E,HJ D093,D93,D-03-047,"The head of a human male in profile, with one arm, extended forward, hand at the height of the shoulder, holding some type of weapon/mace/stick.","Classifier guarding, protecting",C
D94,kEH_HG,13961,U+13961,HJ D094,D94,D-03-050,,,
D95,kEH_HG,13962,U+13962,HJ D095,D95,D-03-051,"The head of a human male in profile, with two arms, extended forwards, forearms separated, holding a stick.",Classifier to churn up,C
D96,kEH_HG,1394F,U+1394F,HJ D096,D96,D-03-029,"The head of a human male in profile, with two arms, one arm forwards, forearm horizontal, holding a stick, other arm hanging downwards.",Logogram (to be great),C
D97,kEH_HG,1395A,U+1395A,HJ D097,D97,D-03-042,"The head of a human male in profile, with two arms, one arm forwards, angling downwards, holding a phallus with a scrotum (D52) horizontally, other arm extended towards the back, forearm upwards.",Classifier to extend,C
D98,kEH_HG,1394E,U+1394E,HJ D098,D98,D-03-028,,,
D99,kEH_HG,13960,U+13960,HJ D099,D99,D-03-049,"The head of a human male in profile, with one arm, forward, forearm horizontal, holding a bundle of three papyrus flowers.",Classifier to uproot,C
D9A,kEH_HG,13986,U+13986,HJ D009A,D9A,D-07-002,"An eye with two touches of eye paint above the eye, with three lines coming from the bottom.",Logogram (to weep),C
E1,kEH_JSesh,130D2,U+130D2,E001,E1,E-23-002,"A bovid (bull), standing, with outwards curving horns.",Logogram (bull),C
E10,kEH_HG,130DD,U+130DD,E010,E10,E-04-001,"A ram (Ovis longipes palaeo-aegyptiacus), standing, with a beard.",Classifier ram,C
E100,kEH_HG,130DC,U+130DC,E009A,E100,E-23-062,"A bovid (cow), lying down, legs folded beneath the body.",Classifier cow (cow of the sky),C
E100A,kEH_HG,13B4E,U+13B4E,HJ E100A,E100A,E-23-084,"A bovid (cow), lying down, legs folded beneath the body, with a flagellum (S45) on its back.",Classifier cow divinity,C
E101,kEH_HG,13B46,U+13B46,HJ E101,E101,E-23-065,"A cult image of a bovid (cow), lying down.",Classifier cow divinity,C
E101A,kEH_HG,13B50,U+13B50,HJ E101A,E101A,E-23-089,"A cult image of a bovid (cow), lying down, with a flagellum (S45) on its back.",Classifier cow divinity,C
E102A,kEH_HG,13B51,U+13B51,HJ E102A,E102A,E-23-090,"A cult image of a bovid (cow), lying down, with a sun disk (N5) between the horns, with a flagellum (S45) on its back.",Classifier cow divinity,C
E103,kEH_HG,13A76,U+13A76,HJ E103,E103,E-05-002,"A bubalis antelope, standing, head looking forwards.",Phonemogram,C
E103A,kEH_HG,13A75,U+13A75,HJ E103A,E103A,E-05-001,"A bubalis antelope, standing, head looking backwards.",Phonemogram,C
E104,kEH_HG,13A77,U+13A77,HJ E104,E104,E-05-004,"A bubalis antelope, standing, head looking forwards (E103), with a cobra in repose (Naja haje), with its tail coiled up, in a single coil (I80A).",Phonemogram,C
E105,kEH_HG,13A78,U+13A78,HJ E105,E105,E-05-005,"A bubalis antelope, standing, head looking backwards (E103A), with an African sacred ibis (Threskiornis aethiopicus) (G26A) on its back.","Logogram/Phonemogram (to make glad, to be glad)",C
E107,kEH_HG,13AC9,U+13AC9,HJ E107,E107,E-17-018,,,
E108,kEH_HG,13AC7,U+13AC7,HJ E108,E108,E-17-015,"A lion, standing, tail upwards (E22A), with a platform on its back, with a falcon with its wings spread out on top of it.",Logogram (throne dais),C
E108A,kEH_HG,13AC6,U+13AC6,HJ E108A,E108A,E-17-014,,,
E109,kEH_HG,13ACF,U+13ACF,HJ E109,E109,E-17-026,"A lion, standing, tail downwards (E22), on top of a shepherd's crook with a package lashed to it, with a tie above and below the package (T18), written horizontally. ",Logogram (to present),C
E11,kEH_HG,130DE,U+130DE,E011,E11,E-04-002,"A ram (Ovis longipes palaeo-aegyptiacus), standing, without a beard.",Phonemogram,C
E110,kEH_HG,13ACA,U+13ACA,HJ E110,E110,E-17-019,"A lion, standing, tail downwards, right front leg raised, holding a tie or strap, used with sandals (ankh sign, S34).",Logogram (living lion),C
E110A,kEH_HG,13ACB,U+13ACB,HJ E110A,E110A,E-17-020,"A lion, standing, tail downwards, with a tie or strap, used with sandals (ankh sign, S34) on its front paw.",Logogram (living lion),C
E111,kEH_HG,13ACC,U+13ACC,HJ E111,E111,E-17-021,"A lion, standing, tail downwards, right front leg raised, holding a knife with a triangular blade and straight handle (T30A).",Phonemogram,C
E112,kEH_HG,13ACD,U+13ACD,HJ E112,E112,E-17-022,"A lion, standing, tail downwards, right front leg raised, holding a tall water pot (W14).",Phonemogram,C
E114,kEH_HG,13ACE,U+13ACE,HJ E114,E114,E-17-025,"A lion, standing, tail downwards (E22), with the headpiece of a sistrum resembling a shrine on top of a Hathorian face, on top of its back.",Phonemogram,C
E116,kEH_HG,13AD0,U+13AD0,HJ E116,E116,E-17-027,"A lion, standing, tail downwards (E22), wearing the double crown (S5).","Logogram/phonemogram (king of Upper Egypt and Lower Egypt, lord)",C
E117,kEH_HG,13AD4,U+13AD4,HJ E117,E117,E-17-039,"A lion, lying down, tail curled over the body towards the back, with a forward, downward line of liquid coming from the mouth.",Phonemogram tf and phonemogram r,C
E11A,kEH_HG,13A67,U+13A67,HJ E011A,E11A,E-04-003,"A ram (Ovis longipes palaeo-aegyptiacus), standing, with a flagellum (S45) on its back.",Phonemogram,C
E11B,kEH_HG,13A71,U+13A71,HJ E011B,E11B,E-04-020,"A ram, standing, without horns, without beard.",Phonemogram,C
E12,kEH_JSesh,130DF,U+130DF,E012,E12,E-19-002,A pig.,Classifier pig,C
E120,kEH_HG,13AD7,U+13AD7,HJ E120,E120,E-17-044,"A lion, lying down, tail curled over the body towards the back, with a wide cup (W10) on the front paw.","Logogram (to give, to place)",C
E120A,kEH_HG,13ADB,U+13ADB,HJ E120A,E120A,E-17-052,"A lion, lying down, tail curled over the body towards the back, with N6 (The sun, encircled by a cobra (Naja haje), standing up, with expanded hood (uraeus)) on its head, with a wide cup (W10) on the front paw.",Logogram (Re),C
E121,kEH_HG,13AD8,U+13AD8,HJ E121,E121,E-17-047,"A lion, lying down, tail curled over the body towards the back, with a knife with a triangular blade and straight handle (T30A) on the front paw.",Phonemogram,C
E122,kEH_HG,13AD9,U+13AD9,HJ E122,E122,E-17-048,"A lion, lying down, tail curled over the body towards the back, with a feather (H6) on the front paw.",Phonemogram,C
E124,kEH_HG,13ADC,U+13ADC,HJ E124,E124,E-17-054,,,
E125,kEH_HG,13ADE,U+13ADE,HJ E125,E125,E-17-058,"A lion, lying down, tail curled over the body towards the back, rear half enclosed in a rectangle which is open at the front.",Logogram (door bolt),C
E127,kEH_HG,13ADD,U+13ADD,HJ E127,E127,E-17-055,"A lion, lying down, tail curled over the body towards the back, on top of a standard used for the carrying of religious symbols (R12).","Logogram (Matit, goddess of 12th nome of Upper Egypt)",C
E128,kEH_HG,13B93,U+13B93,HJ E128,E128,F-08-014,"Two foreparts of lions, lying down, connected back-to-back.",Classifier Haker festival,C
E129,kEH_HG,13B94,U+13B94,HJ E129,E129,F-08-015,"Two foreparts of lions, lying down, connected back-to-back, with a sun disk (N5) on their back.",Logogram (Khonsu),C
E13,kEH_HG,130E0,U+130E0,E013,E13,E-08-002,"A cat, seated, tail curled over the body towards the back.",Phonemogram,C
E130,kEH_HG,13B14,U+13B14,HJ E130,E130,E-21-001,A mouse.,Classifier mouse,C
E131,kEH_HG,13B5B,U+13B5B,HJ E131,E131,E-26-003,A rhinoceros.,Classifier rhinoceros,C
E132,kEH_HG,13AB2,U+13AB2,HJ E132,E132,E-14-007,,,
E132A,kEH_HG,13AB3,U+13AB3,HJ E132A,E132A,E-14-008,"A hippopotamus (Hippopotamus amphibius), with a forward, downward line of liquid coming from the mouth, with a knife with a triangular blade and straight handle (T30A) vertically on its back, blade forwards.",Classifier hippopotamus,C
E133,kEH_HG,13AB4,U+13AB4,HJ E133,E133,E-14-009,"A hippopotamus (Hippopotamus amphibius), with a knife with a triangular blade and straight handle (T30A) on its head, blade towards the back.",Classifier animal in water,C
E134,kEH_HG,13AB5,U+13AB5,HJ E134,E134,E-14-015,"A hippopotamus, with the limbs of a feline, head and tail of a crocodile, standing on its hind legs, front leg extended forwards.",Logogram/phonemogram (Ipet),C
E134A,kEH_HG,13AB6,U+13AB6,HJ E134A,E134A,E-14-016,"A hippopotamus, with the limbs of a feline, head and tail of a crocodile, standing on its hind legs, front leg extended forwards (E134), upon a rolled-up herdsman's shelter of papyrus (V17).",Phonemogram/logogram (in ꞽp.t-sw.t),C
E137,kEH_HG,13AB7,U+13AB7,HJ E137,E137,E-14-021,"A hippopotamus, with the limbs of a feline, head and tail of a crocodile, standing on its hind legs, front leg extended forwards (E134), with a headdress consisting of two plumes and a sun disk (S63A), paw upon a rolled-up herdsman's shelter of papyrus (V17).",Logogram/Phonemogram (great one (female)),C
E139,kEH_HG,13A7E,U+13A7E,HJ E139,E139,E-06-009,"A jackal, standing, tail down, with a feather (H6) angled forwards at its front paw.",Phonemogram,C
E13A,kEH_HG,13A9E,U+13A9E,HJ E013A,E13A,E-08-013," A cat, seated, tail curled over the body towards the back, with a flagellum on its back.",Logogram (young lioness),C
E14,kEH_HG,130E1,U+130E1,E014,E14,E-06-003,"A hunting hound, standing, tail curling upwards.",Classifier dog/hound,C
E141,kEH_HG,130E6,U+130E6,E017A,E141,E-06-015,"A jackal, standing, tail down, head looking backwards.",Phonemogram,C
E141A,kEH_HG,13A82,U+13A82,HJ E141A,E141A,E-06-016,"A jackal, standing, tail down, head looking backwards, with a band of string or fabric around its neck, ties towards the front.",,C
E143,kEH_HG,13A8C,U+13A8C,HJ E143,E143,E-07-014,"A jackal, lying down, tail downwards, with a feather (H6) angled backwards on its back.",Logogram (Anubis),C
E143A,kEH_HG,13A94,U+13A94,HJ E143A,E143A,E-07-028,"A jackal, lying down, tail downwards, with a feather (H6) angled backwards on its back (E143); on top of a standard used for the carrying of religious symbols (R12) on top of a parcel of land with irrigation ditches (N24).",Logogram (Anubis nome (17th nome of Upper Egypt)),C
E143B,kEH_HG,13A95,U+13A95,HJ E143B,E143B,E-07-031,"A jackal, lying down, tail downwards, with a feather (H6) angled backwards on its back (E143); on top of a standard used for the carrying of religious symbols with the vertical stick at the far side (R92A) on top of a parcel of land with irrigation ditches (N24).",Logogram (Anubis nome (17th nome of Upper Egypt)),C
E145,kEH_HG,13A96,U+13A96,HJ E145,E145,E-07-033,,,
E145A,kEH_HG,13A90,U+13A90,HJ E145A,E145A,E-07-022,,,
E146,kEH_HG,13A4C,U+13A4C,HJ E146,E146,E-02-001,"The animal of Seth, standing, tail up.",Logogram (Seth),C
E147,kEH_HG,130EA,U+130EA,E020A,E147,E-02-004,,,C
E147A,kEH_HG,13A4F,U+13A4F,HJ E147A,E147A,E-02-018,"The animal of Seth, seated, tail up (E20), on top of a wickerwork basket (V30), with a knife with a triangular blade and straight handle (T30A) angled at the nose, blade downwards.","Logogram/Phonemogram (lord, in nb.wy, the two lords Horus and Seth)",C
E148,kEH_HG,13A50,U+13A50,HJ E148,E148,E-02-021,"The animal of Seth, lying down, tail up (E21), with a knife with a triangular blade and straight handle (T30A) angled at the nose, blade downwards.",Logogram (Seth),C
E148A,kEH_HG,13A51,U+13A51,HJ E148A,E148A,E-02-022,,,
E148D,kEH_JSesh,13A52,U+13A52,E148D,E148D,E-02-024,,,
E148I,kEH_HG,13A53,U+13A53,HJ E148I,E148I,E-02-025,,,
E149,kEH_HG,13A55,U+13A55,HJ E149,E149,E-02-042,"The animal of Seth, lying down, tail up (E21), with a wavy line of liquid running upwards and backwards over the head of the animal, ending above the head.",Classifier storm,C
E149A,kEH_HG,13A56,U+13A56,HJ E149A,E149A,E-02-043,"The animal of Seth, lying down, tail up (E21), with a wavy line of liquid running from the tail to the front paw.",Classifier storm,C
E14B,kEH_HG,13A86,U+13A86,HJ E014B,E14B,E-07-004,"A dog or hound, seated, tail up.",Phonemogram,C
E15,kEH_HG,130E2,U+130E2,E015,E15,E-07-001,"A jackal, lying down, tail downwards.",Logogram (Anubis),C
E151,kEH_HG,13B16,U+13B16,HJ E151,E151,E-22-003," A lion, lying down, with the face of a man, with a long, curved beard and coif, with an uraeus on its forehead.",Logogram (lord),C
E151A,kEH_HG,13B15,U+13B15,HJ E151A,E151A,E-22-001," A lion, lying down, with the face of a man, with a long, curved beard and coif.",Logogram (lord),C
E152,kEH_HG,13B25,U+13B25,HJ E152,E152,E-22-033," A lion, lying down, with the face of a man, with a long, curved beard and coif, with an uraeus on its forehead (E151), on top of a shrine.",Logogram (image),C
E153,kEH_HG,13B17,U+13B17,HJ E153,E153,E-22-006," A lion, lying down, with the face of a man, with a long, curved beard and coif, with N6 (The sun, encircled by a cobra (Naja haje), standing up, with expanded hood (uraeus)) on its head. ",Logogram rꜥ and nb (in sꜣ-rꜥ nb ḫꜥ.w),C
E154,kEH_HG,13B19,U+13B19,HJ E154,E154,E-22-009,"A lion, lying down, with the face of a man, with a long, curved beard and coif, wearing the double crown (S6) and with uraeus on the forehead.",Logogram (lord of the two lands),C
E154A,kEH_HG,13B23,U+13B23,HJ E154A,E154A,E-22-030,"A cult image of a lion, lying down, on a base, with the head of a man, with a long-curved beard and coif, with an uraeus on its forehead, wearing the double crown (S5).","Logogram (image, referring to the king)",C
E156,kEH_HG,13B18,U+13B18,HJ E156,E156,E-22-008,"A lion, lying down, with the face of a man, with a long, curved beard and coif, with the sun, with a cobra (Naja haje), standing up, with expanded hood (uraeus) at either side (N6B), on its head.","Logogram (king of Upper Egypt and Lower Egypt, lord)",C
E157,kEH_HG,13B1B,U+13B1B,HJ E157,E157,E-22-013," A lion, lying down, with the face of a man, with a long, curved beard and coif, with an uraeus on its forehead (E151), with a tie or strap, used with sandals (ankh sign, S34) on its front paw.",Logogram (living image),C
E157A,kEH_HG,13B1A,U+13B1A,HJ E157A,E157A,E-22-012," A lion, lying down, with the face of a man, with a long, curved beard and coif (E151A), with a tie or strap, used with sandals (ankh sign, S34) on its front paw.",Logogram (living image),C
E158,kEH_HG,13B1D,U+13B1D,HJ E158,E158,E-22-016," A lion, lying down, with the face of a man, with a long, curved beard and coif, with an uraeus on its forehead (E151), with a two-barbed harpoon, with a handle on the shaft (T21A), vertically on its front paw, handle outwards.",Logogram (the sole/unique lord),C
E159,kEH_HG,13B1F,U+13B1F,HJ E159,E159,E-22-019,,,
E159B,kEH_HG,13B22,U+13B22,HJ E159B,E159B,E-22-029," A lion, lying down, with the face of a man, with a long, curved beard and coif, with an uraeus on its forehead, on top of a base, front paw holding a sealed ointment jar, without ties (W2) in its front paw, with the jar resting on the base.",Logogram (presenting myrrh),C
E15A,kEH_HG,13A87,U+13A87,HJ E015A,E15A,E-07-005,"A jackal, lying down, tail downwards, on top of a platform.",Logogram ((secret) image (of a god)),C
E15B,kEH_HG,13A8A,U+13A8A,HJ E015B,E15B,E-07-009,"A jackal, lying down, tail downwards, with a flagellum (S45) on its back.",Logogram ((secret) image (of a god)),C
E15C,kEH_HG,13A88,U+13A88,HJ E015C,E15C,E-07-007,"A jackal, lying down, tail downwards, with a flagellum (S45) on its back, on top of a platform.",Logogram (to make secret),C
E16,kEH_HG,130E3,U+130E3,E016,E16,E-07-017,"A jackal, lying down, tail downwards, on top of a shrine.",Logogram (privy to the secrets),C
E162,kEH_HG,13B24,U+13B24,HJ E162,E162,E-22-032,,,
E164,kEH_HG,13B29,U+13B29,HJ E164,E164,E-23-003,,,
E165,kEH_HG,13B3C,U+13B3C,HJ E165,E165,E-23-036,"A bull, standing, head lowered, tail down, left front leg bent, with a line running from the left front leg hoof over the head of the bull.",Classifier prepare to attack,C
E167,kEH_HG,13B2D,U+13B2D,HJ E167,E167,E-23-013,"Two bovids (oxen), standing, overlapping each other, in front of a plough (U13).",Logogram (yoke of oxen),C
E169,kEH_HG,13B2E,U+13B2E,HJ E169,E169,E-23-016,"A bovid (bull), standing, with the red crown (S3) between the horns.",Phonemogram,C
E16A,kEH_HG,13A8E,U+13A8E,E016D,E16A,E-07-018,"A jackal, lying down, tail downwards, on top of a vessel with a small base and a wide rim (W77).",Logogram (Anubis),C
E16AEXTU,kEH_JSesh,130E4,U+130E4,E016A,E16AEXTU,E-07-020,"A jackal, lying down, tail downwards, with a flagellum (S45) on its back, on top of a shrine.",Classifier Anubis,C
E17,kEH_HG,130E5,U+130E5,E017,E17,E-06-004,"A jackal, standing, tail down.",Phonemogram,C
E170,kEH_HG,13B2A,U+13B2A,HJ E170,E170,E-23-004,,,
E171,kEH_HG,13B2F,U+13B2F,HJ E171,E171,E-23-018,"A bovid (bull), standing, with a folded piece of cloth around its neck (V60), with a headdress consisting of a sun disk with two feathers (S76) between its horns.",Classifier bull (specifically in kꜣ-ḥḏ (the (sacred) white bull),C
E173,kEH_HG,13B43,U+13B43,HJ E173,E173,E-23-054,"A bovid (bull), standing (E1), on top of a sledge (U15).",Classifier divinity,C
E174,kEH_HG,13B32,U+13B32,HJ E174,E174,E-23-024,"A bovid (bull), lying down, legs folded beneath the body, tail downwards.","Classifier bovid (steer, ox, cattle, male animal)",C
E174A,kEH_HG,13B36,U+13B36,HJ E174A,E174A,E-23-028,"A bovid (bull), lying down, legs folded beneath the body, tail downwards, with a knife with a triangular blade and straight handle (T30A) vertically on its back, blade forwards.",Logogram (sacrificial steer),C
E174C,kEH_HG,13B3A,U+13B3A,HJ E174C,E174C,E-23-033,,,
E174D,kEH_HG,13B37,U+13B37,HJ E174D,E174D,E-23-029,"A bovid (bull), lying down, legs folded beneath the body, tail downwards, with a knife with a triangular blade and straight handle (T30A) vertically on its back, blade backwards.",Classifier (Seth),C
E174E,kEH_HG,13B33,U+13B33,HJ E174E,E174E,E-23-025,"A bovid (cow), lying down, legs folded beneath the body, right front leg extended forwards.",Logogram (cow),C
E175,kEH_HG,13B38,U+13B38,HJ E175,E175,E-23-030,"A bovid (bull), lying down, legs folded beneath the body, tail upwards, head looking backwards, with a knife with a triangular blade and straight handle (T30A) vertically on its back, blade forwards. ",Logogram (sacrificial steer),C
E176,kEH_HG,13B39,U+13B39,HJ E176,E176,E-23-032,"A bovid (bull), legs bound together, tail downwards.",Classifier (to fall),C
E177,kEH_HG,13B74,U+13B74,HJ E177,E177,F-03-019,"The foreparts of a bovid, connected at the back, standing.",Classifier double doors,C
E178,kEH_HG,13B5A,U+13B5A,HJ E178,E178,E-26-002,"A mythological animal with the head of a crocodile, the foreparts of a lion, and the hindquarters of a hippopotamus.",Classifier Ammet,C
E179,kEH_HG,13A68,U+13A68,HJ E179,E179,E-04-004,"Three rams (Ovis longipes palaeo-aegyptiacus), standing, overlapping each other.",Logogram (rams),C
E18,kEH_HG,130E7,U+130E7,E018,E18,E-06-018,"A jackal, standing, tail down (E17), on top of a standard used for the carrying of religious symbols, with an uraeus at the front of the standard.",Logogram (Wepwawet),C
E181,kEH_HG,13A6A,U+13A6A,HJ E181,E181,E-04-008,"A ram (Ovis longipes palaeo-aegyptiacus), standing, with a beard, with a headdress consisting of two feathers and a sun disk (S76) on top of the horns.",Logogram (he of Edfu),C
E183,kEH_HG,13A6F,U+13A6F,HJ E183,E183,E-04-017,,,
E184,kEH_HG,13A70,U+13A70,HJ E184,E184,E-04-019,"A cult image of a ram (Ovis longipes palaeo-aegyptiacus), lying down, with a beard.",Classifier ram divinity,C
E186,kEH_HG,13AAA,U+13AAA,HJ E186,E186,E-10-001,"A goat, standing.",Classifier cattle,C
E187,kEH_HG,130F6,U+130F6,E031,E187,E-10-007,"A goat, standing, with a seal, attached to a neck string (S20) around its neck.","Logogram (rank, diginity)",C
E19,kEH_JSesh,130E8,U+130E8,E019,E19,E-06-022,"A jackal, standing, tail down (E17), on top of a standard used for the carrying of religious symbols, with an uraeus and šdšd-protuberance at the front of the standard, with a mace (T3) written horizontally over the vertical pole of the standard.",Classifier Wepwawet,C
E191,kEH_HG,13A6B,U+13A6B,HJ E191,E191,E-04-011,"A ram (Ovis longipes palaeo-aegyptiacus), standing, with a beard, with a cobra (Naja haje), standing up, with expanded hood (uraeus, I64) on its horns.",Phonemogram (in bꜣ-n-rꜥ-mr.y-ꞽmn),C
E194,kEH_HG,13AFE,U+13AFE,HJ E194,E194,E-20-042,"A hamadryas baboon (Papio hamadryas), seated, with a cobra (Naja haje), standing up, with expanded hood (uraeus) (I64) on its head.",Logogram (lady of writing),C
E195,kEH_HG,13A7F,U+13A7F,HJ E195,E195,E-06-011,"A jackal, standing, tail down, with a feather (H6) angled backwards on its rear.",Phonemogram/logogram (many-coloured of plumage),C
E196,kEH_HG,13AF5,U+13AF5,HJ E196,E196,E-20-025,"A hamadryas baboon (Papio hamadryas), seated, arms forward, holding a round vessel with an upstanding rim (W24).",Phonemogram,C
E198,kEH_HG,13A5D,U+13A5D,HJ E198,E198,E-03-008,"An oryx, standing, on top of a standard used for the carrying of religious symbols on top of a parcel of land with irrigation ditches.","Logogram (Oryx nome, 16th nome of Upper Egypt)",C
E199A,kEH_HG,13B3D,U+13B3D,HJ E199A,E199A,E-23-038,,,
E1A,kEH_HG,13B57,U+13B57,HJ E001A,E1A,E-25-002,"A bovid (bull), standing, without horns.",Classifier (bull),C
E1C,kEH_HG,13B2B,U+13B2B,HJ E001C,E1C,E-23-007,"A bovid (bull), running.",Classifier Hapy,C
E2,kEH_HG,130D3,U+130D3,E002,E2,E-23-006,"A bovid (bull), standing, with its head lowered as if to attack.",Classifier rage/aggression,C
E20,kEH_HG,130E9,U+130E9,E020,E20,E-02-003,"The animal of Seth, seated, tail up.",Logogram (Seth),C
E200A,kEH_HG,13AC3,U+13AC3,HJ E200A,E200A,E-17-007,"A lion, seated, tail curled over the body towards the back.",Logogram (lion),C
E201,kEH_HG,13B3E,U+13B3E,HJ E201,E201,E-23-040,"A pustule or gland, or a packet of mummy bandages (Aa2), in front of a bovid (bull), standing (E1); on top of a standard used for the carrying of religious symbols (R12).",Logogram (11th nome of Lower Egypt),C
E204,kEH_HG,13A89,U+13A89,HJ E204,E204,E-07-008,"A jackal, lying down, tail downwards, on top of a platform, with a dagger with a rounded tip (T8) angled forwards on its front paw.",Logogram (the primary (secret) image (of a god)),C
E205,kEH_HG,13A5B,U+13A5B,HJ E205,E205,E-03-004,"An oryx, standing (E28), with a falcon (G5) on its back, on top of a standard used for the carrying of religious symbols (R12) on top of a parcel of land with irrigation ditches (N24).","Logogram (Oryx nome, 16th nome of Upper Egypt)",C
E206,kEH_HG,13A97,U+13A97,HJ E206,E206,E-07-034,"A jackal, lying down, tail downwards (E15), on top of the sky (N1).",Logogram (privy to the secrets),C
E207,kEH_HG,13B40,U+13B40,HJ E207,E207,E-23-043,"The hill country over the edge of the cultivated areas (N25) in front of a bovid (bull), standing (E1), on top of a standard used for the carrying of religious symbols (R12) on top of a parcel of land with irrigation ditches (N24).",Logogram (6th nome of Lower Egypt),C
E209,kEH_HG,13B41,U+13B41,HJ E209,E209,E-23-044,"A cover of a quiver, with a vertical loop on top (Aa18A), in front of a bovid (bull), standing (E1), on top of a standard used for the carrying of religious symbols (R12).",Logogram (Cynopolis nome),C
E20A,kEH_HG,13A38,U+13A38,E020B,E20A,E-01-005,"A donkey/ass, seated as a Sethian animal, ears in a V shape, tail up.",Classifier enemy,C
E21,kEH_HG,130EB,U+130EB,E021,E21,E-02-009,"The animal of Seth, lying down, tail up.",Logogram (Seth),C
E210,kEH_HG,13B42,U+13B42,HJ E210,E210,E-23-045,"The head of a human man, seen in profile, with a short straight beard, in front of a bovid (bull), standing (E1), on top of a standard used for the carrying of religious symbols (R12).",Logogram (12th nome of Lower Egypt),C
E214,kEH_HG,13A3A,U+13A3A,HJ E214,E214,E-01-008,,,
E214A,kEH_HG,13A39,U+13A39,HJ E214A,E214A,E-01-007,"A donkey/ass, lying down, legs folded beneath the body, ears in a V shape, tail down.","Classifier rage, anger",C
E214C,kEH_HG,13A3B,U+13A3B,HJ E214C,E214C,E-01-010,"A donkey/ass, legs bound together, ears in a V shape, tail up.",Logogram (Seth),C
E215,kEH_HG,13A49,U+13A49,HJ E215,E215,E-01-035,"A donkey/ass, lying on its back, legs bound together, tail upwards, with a knife with a triangular blade and straight handle (T30A) vertically on top of the hooves, blade towards the back.",Logogram (Seth),C
E215A,kEH_HG,13A48,U+13A48,HJ E215A,E215A,E-01-034,,,
E215B,kEH_HG,13A4A,U+13A4A,HJ E215B,E215B,E-01-036,,,
E215D,kEH_HG,13A4B,U+13A4B,HJ E215D,E215D,E-01-038,,,
E216,kEH_HG,13A3D,U+13A3D,HJ E216,E216,E-01-017,"A donkey/ass, lying down, with the ears in a V shape, tail up, with a knife with a triangular blade and straight handle (T30A), angled on the nose, blade downwards.",Classifier fighting,C
E216A,kEH_HG,13A3F,U+13A3F,HJ E216A,E216A,E-01-020,"A donkey/ass, lying down, with the ears in a V shape, tail up, with a knife with a triangular blade and straight handle (T30A) vertically on the back, blade towards the front, and a knife angled on the nose, blade downwards.",Classifier Seth,C
E216C,kEH_HG,13A3C,U+13A3C,HJ E216C,E216C,E-01-016,"A donkey/ass, lying down, with the ears in a V shape, tail up, with a knife with a triangular blade and straight handle (T30A) vertically on the back, blade towards the front.",Classifier Seth,C
E216D,kEH_HG,13A42,U+13A42,HJ E216D,E216D,E-01-023,"A donkey/ass, lying down, legs folded under the body, ears in a V shape, tail up, with a knife with a triangular blade and straight handle (T30A), vertically on the back, blade towards the front.",Classifier Seth,C
E216F,kEH_HG,13A3E,U+13A3E,HJ E216F,E216F,E-01-018,"A donkey/ass, lying down, with the ears in a V shape, tail up, with a knife with a triangular blade and straight handle (T30A) vertically on the back, blade towards the back.",Logogram (Seth),C
E216G,kEH_HG,13A45,U+13A45,HJ E216G,E216G,E-01-030,"A donkey/ass, legs bound together, ears in a V shape, tail up, with a knife with a triangular blade and straight handle (T30A) vertically on its back, blade forwards, and a knife angled on its nose, blade upwards.",Classifier Seth,C
E216H,kEH_HG,13A46,U+13A46,HJ E216H,E216h,E-01-031,,,
E216I,kEH_HG,13A43,U+13A43,HJ E216I,E216I,E-01-024,"A donkey/ass, lying down, legs folded under the body, ears in a V shape, tail up, with a knife with a triangular blade and straight handle (T30A), vertically on the back, blade towards the back.",Classifier Seth,C
E216J,kEH_HG,13A47,U+13A47,HJ E216J,E216J,E-01-032,"A donkey/ass, legs bound together, ears in a V shape, tail up, with a knife with a triangular blade and straight handle (T30A) vertically on its back, blade towards the back.",Logogram (Seth),C
E216L,kEH_HG,13A40,U+13A40,HJ E216L,E216L,E-01-021,"A donkey/ass, lying down, legs folded under the body, ears in a V shape, tail up, with a knife with a triangular blade and straight handle (T30A), angled on the nose, blade upwards.",Classifier Seth,C
E219,kEH_HG,13B2C,U+13B2C,HJ E219,E219,E-23-009,"A bovid (bull), standing, right front leg raised.",Phonemogram,C
E21A,kEH_HG,13A4D,U+13A4D,HJ E021A,E21A,E-02-006,,,
E21D,kEH_HG,13A54,U+13A54,HJ E021D,E21D,E-02-041,"The animal of Seth, lying down, tail up (E21), on top of a standard used for the carrying of religious symbols (R12).",Logogram (Seth),C
E21E,kEH_HG,13A4E,U+13A4E,HJ E021E,E21E,E-02-010,"The animal of Seth, lying down, tail up (E21), on top of a wickerwork basket (V30).","Logogram/Phonemogram (lord, in nb.ty, the two lords Horus and Seth)",C
E22,kEH_HG,130EC,U+130EC,E022,E22,E-17-001,"A lion, standing, tail downwards.",Classifier (lion),C
E221,kEH_HG,13A36,U+13A36,HJ E221,E221,E-01-002,"A donkey/ass, standing, carrying a load on its back, consisting of a round bag with bound bundle with ears of corn on top of the bag.",Classifier taking/carrying,C
E223,kEH_HG,13A6C,U+13A6C,HJ E223,E223,E-04-012,"A ram (Ovis longipes palaeo-aegyptiacus), standing, with a beard, with the white crown (S1) on its horns.",Phonemogram,C
E224,kEH_HG,13A6D,U+13A6D,HJ E224,E224,E-04-013,"A ram (Ovis longipes palaeo-aegyptiacus), standing, with a beard, with the red crown (S3) on its horns.",Phonemogram,C
E226,kEH_HG,13A6E,U+13A6E,HJ E226,E226,E-04-015,"A ram (Ovis longipes palaeo-aegyptiacus), standing, without a beard, with a cobra (Naja haje), standing up, with expanded hood (uraeus)(I64) on its head, with the wings of a bird on its back, spread in a V-shape.",Logogram (to the north of),C
E227,kEH_HG,13A7D,U+13A7D,HJ E227,E227,E-06-006,"Two jackals, standing, tail down, overlapping each other.",Phonemogram/logogram (those that conduct),C
E228,kEH_HG,13A85,U+13A85,HJ E228,E228,E-06-024,"Three jackals, standing, tail down, overlapping each other, bound with rope to a boat/ship with a prow and stern resembling the handle of a sickle (U1), on top of a rectangle resembling water, with an oar/rudder at the back (P28); with a god, seated, knees up, with covered legs and arms, with the head of a falcon, with a sun disk (N5) on its head, holding a tie or strap, used with sandals (ankh sign, S34), angling forward (C2) within it.",Logogram (those who conduct the bark of Re),C
E22A,kEH_HG,13AC2,U+13AC2,HJ E022A,E22A,E-17-004,"A lion, standing, tail upwards.",Classifier (lion),C
E23,kEH_HG,130ED,U+130ED,E023,E23,E-17-011,"A lion, lying down, tail curled over the body towards the back.",Phonemogram,C
E231,kEH_HG,13A98,U+13A98,HJ E231,E231,E-07-036,A cult image of a jackal.,Logogram (Anubis),C
E232,kEH_HG,13A9C,U+13A9C,HJ E232,E232,E-08-010,"A cat, seated, tail curled over the body towards the back, with N6 (The sun, encircled by a cobra (Naja haje), standing up, with expanded hood (uraeus)) on top of its head, with a tie or strap, used with sandals (ankh sign, S34), angling forward on top of its front paw.",Logogram (given life like Re),C
E233,kEH_HG,13AA9,U+13AA9,HJ E233,E233,E-09-009,,,
E235,kEH_HG,13AB0,U+13AB0,HJ E235,E235,E-14-005,"A hippopotamus (Hippopotamus amphibius) (E25), with a griffon vulture (Gyps fulvus) (G4) on its back.",Logogram (triomphator),C
E236,kEH_HG,13AB1,U+13AB1,HJ E236,E236,E-14-006,"A hippopotamus (Hippopotamus amphibius) (E25), in front of a stem of papyrus with a bud (M13), on top of a base.",Classifier hippopotamus goddess,C
E238,kEH_HG,13AC8,U+13AC8,HJ E238,E238,E-17-016,"A lion, standing, tail upwards (E22A), with a sun disk on its head.",Logogram (lion),C
E239,kEH_HG,13A72,U+13A72,HJ E239,E239,E-04-022,"A ram, standing, without horns, without beard, wearing the red crown (S3).",Phonemogram,C
E23A,kEH_HG,13AC4,U+13AC4,HJ E023A,E23A,E-17-008,"A lion, lying down, tail upwards.",Phonemogram,C
E24,kEH_HG,130EE,U+130EE,E024,E24,E-18-001,"A panther or leopard, standing.",Classifier leopard,C
E240,kEH_HG,13AD2,U+13AD2,HJ E240,E240,E-17-032,"A lioness, lying down, with a stick with a circular inset (P11A) on its back.","Logogram (Mehyt, divinity)",C
E241,kEH_HG,13AD3,U+13AD3,HJ E241,E241,E-17-036,"A lioness, lying down, tail raised, on top of a shrine which widens near the top.",Logogram (Pachet),C
E242,kEH_HG,13ADF,U+13ADF,HJ E242,E242,E-17-060,"A lion, lying down, tail curled over the body towards the back, with the sun disk (N5) on its back.",Logogram (every day),C
E243,kEH_HG,13A57,U+13A57,HJ E243,E243,E-02-044,"The animal of Seth, seated, tail up, wearing the double crown (S5).","Logogram/Phonemogram (lord, in nb.wy, the two lords Horus and Seth)",C
E244,kEH_HG,13A58,U+13A58,HJ E244,E244,E-02-045,"The animal of Seth, lying down, tail up (E21), on top of the sky, with lines of moisture coming from it (N4).","Classifier storm, storm cloud",C
E247,kEH_HG,13AF6,U+13AF6,HJ E247,E247,E-20-026,,,
E248,kEH_HG,13B13,U+13B13,HJ E248,E248,E-20-078,"A baboon, seated on a block, tail down, arms extended forward.",?,C
E24A,kEH_HG,13AE5,U+13AE5,HJ E024A,E24A,E-18-002,"A panther or leopard, in a running posture.",Classifier leopard,C
E25,kEH_HG,130EF,U+130EF,E025,E25,E-14-003,A hippopotamus (Hippopotamus amphibius).,Classifier hippopotamus,C
E254,kEH_HG,13B56,U+13B56,HJ E254,E254,E-23-097,"A newborn bubalis antelope, lying down, legs folded beneath the body, long tail downwards (E9), in front of a bovid (bull), standing (E1); on top of a standard used for the carrying of religious symbols (R12).",Logogram (12th nome of Lower Egypt),C
E255,kEH_HG,13B4C,U+13B4C,HJ E255,E255,E-23-081,"A bovid (bull?), standing, with a headdress consisting of a base with multiple plumes coming from it between the horns.",Logogram (cattle),C
E258,kEH_HG,13ABC,U+13ABC,HJ E258,E258,E-15-002,,,
E26,kEH_HG,130F0,U+130F0,E026,E26,E-11-001,An elephant.,Classifier elephant,C
E266,kEH_HG,13AE0,U+13AE0,HJ E266,E266,E-17-062,"A lion, lying down, tail curled over the body towards the back, on top of a shrine which widens towards the top, with a cloth wound on a pole, an emblem of divinity (R8) behind the lion, angling slightly backwards.",Logogram (Pachet),C
E27,kEH_HG,130F1,U+130F1,E027,E27,E-12-002,A giraffe.,Classifier to fortell,C
E270,kEH_HG,13AF4,U+13AF4,HJ E270,E270,E-20-024,"A hamadryas baboon (Papio hamadryas), seated, arms forward, holding a piece of flesh, point down, curving backwards (F51B).",Phonemogram,C
E278,kEH_HG,13AC1,U+13AC1,HJ E278,E278,E-17-002,"A lion, standing, tail downwards (E22), written within an dotted oval.",Logogram (lord of the two lands),C
E28,kEH_HG,130F2,U+130F2,E028,E28,E-03-001,"An oryx, standing.",Classifier oryx,C
E283,kEH_HG,13ABA,U+13ABA,HJ E283,E283,E-14-030,"A hippopotamus, with the limbs of a feline, head and tail of a crocodile, standing on its hind legs, front leg extended forwards, holding a knife with a triangular blade and straight handle (T30A), blade forwards.","Logogram (first person singular, referring to Nut)",C
E29,kEH_HG,130F4,U+130F4,E029,E29,E-03-028,"A gazelle, standing, with one horn visible.",Classifier gazelle,C
E290,kEH_HG,13B54,U+13B54,HJ E290,E290,E-23-095,"A piece of crocodile skin with horizontal spines, or tail of a crocodile (I6), in front of a bovid (bull), standing (E1); on top of a standard used for the carrying of religious symbols (R12).",Logogram (10th nome of Lower Egypt),C
E291,kEH_HG,13B55,U+13B55,HJ E291,E291,E-23-096,,,
E294,kEH_HG,13A80,U+13A80,HJ E294,E294,E-06-012,"A desert plant with two branches, with a downward hanging flower at the top, written over a jackal, standing, tail down (E17).",Logogram (jackal of Upper Egypt),C
E295,kEH_HG,13AE1,U+13AE1,E295,,E-17-063,"A lion, lying down, tail curled over the body towards the back, with a pole/staff with the head of a falcon with the sun disk on the head; on the front paw of the lion.",Phonemogram,C
E3,kEH_HG,130D4,U+130D4,E003,E3,E-25-001,"A calf, standing.",Classifier calf,C
E30,kEH_HG,130F5,U+130F5,E030,E30,E-10-013,A Nubian ibex (Capra nubiana).,Classifier ibex,C
E31,kEH_JSesh,13AAD,U+13AAD,E031B,E31,E-10-016,,,
E32,kEH_HG,130F7,U+130F7,E032,E32,E-20-003,A hamadryas baboon (Papio hamadryas).,"Classifier rage, fury",C
E33,kEH_HG,130F8,U+130F8,E033,E33,E-20-004,A monkey.,Classifier monkey,C
E34,kEH_HG,13ABE,U+13ABE,E034H,,E-16-001,"A desert hare, lying down.",Phonemogram,C
E34A,kEH_JSesh,13ABF,U+13ABF,E034C,E34A,E-16-009,"A desert hare, lying down (E34), on top of a standard used for the carrying of religious symbols (R12)","Logogram (Hermopolis magna, 15th nome of Upper Egypt)",C
E34B,kEH_HG,13246,U+13246,NU015,E34B,E-16-010,"A desert hare, lying down (E34), on top of a standard used for the carrying of religious symbols (R12), on top of a parcel of land with irrigation ditches (N24).","Logogram (Hermopolis magna, 15th nome of Upper Egypt)",C
E35,kEH_HG,13AE8,U+13AE8,E035A,E35,E-20-006,"A hamadryas baboon (Papio hamadryas), seated, hands on knees, tail folded under the rear.",Classifier monkey (divinity),C
E36,kEH_HG,13AEA,U+13AEA,E036B,E36,E-20-011,"A hamadryas baboon (Papio hamadryas), seated, arms forward, holding an eye, with the markings of the head of a falcon (D10).",Logogram (king (of Upper Egypt)),C
E37,kEH_HG,13AEB,U+13AEB,E037B,E37,E-20-013,"A hamadryas baboon (Papio hamadryas), seated, arms forward, holding a bowl for incense with smoke rising from the bowl (R7).",Phonemogram,C
E37A,kEH_HG,13AEC,U+13AEC,HJ E037A,E37A,E-20-014,"A hamadryas baboon (Papio hamadryas), seated, arms forward, holding a bowl for incense, with two pellets of incense, with smoke rising from the bowl (R7C).",Phonemogram,C
E38,kEH_HG,13AED,U+13AED,E038A,E38,E-20-015,"A hamadryas baboon (Papio hamadryas), seated, arms forward, holding a vertical stick which is forked at the top.",Logogram (scribe),C
E39,kEH_HG,13AEE,U+13AEE,HJ E039,E39,E-20-016,"A hamadryas baboon (Papio hamadryas), seated, arms forward, holding a stick, angled towards the face.","Logogram (to write, to inscribe)",C
E4,kEH_HG,13B52,U+13B52,E004B,,E-23-092,,,
E42,kEH_HG,13AF0,U+13AF0,HJ E042,E42,E-20-020,"A hamadryas baboon (Papio hamadryas), seated, arms forward, holding a staff (S43).","Logogram (to speak words, to recite)",C
E43,kEH_HG,13AF2,U+13AF2,HJ E043,E43,E-20-022,,,
E44,kEH_HG,13AF3,U+13AF3,HJ E044,E44,E-20-023,,,
E45,kEH_HG,130FC,U+130FC,E037,E45,E-20-033,"A hamadryas baboon (Papio hamadryas), seated, hands on knees, tail upwards, in front of a sheath or receptacle with V shaped indentation at the top, bound at the top with a loop at the backside (V36G); on top of an alabaster basin with a diamond shaped inner marking (W3).",Logogram (symbol of the cycle of time),C
E46,kEH_HG,13AF8,U+13AF8,HJ E046,E46,E-20-036,"A hamadryas baboon (Papio hamadryas), seated, hands on knees, tail folded under the rear (E35), in front of a sheath or receptacle with V shaped indentation at the top (V98), on top of a rectangular base.",Logogram (symbol of the cycle of time),C
E46A,kEH_HG,13AF9,U+13AF9,HJ E046A,E46A,E-20-037,"A hamadryas baboon (Papio hamadryas), seated, hands on knees, tail folded under the rear (E35), in front of a long, cup-shaped object with a vertical line of dots inside it, on top of a rectangular base. ",Logogram (symbol of the cycle of time),C
E47,kEH_HG,13AFA,U+13AFA,HJ E047,E47,E-20-038,"A hamadryas baboon (Papio hamadryas), seated, wearing the red crown (S3), arms forward, hand palm upwards.",Phonemogram,C
E48,kEH_HG,13AF1,U+13AF1,HJ E048,E48,E-20-021,"A hamadryas baboon (Papio hamadryas), seated, wearing the red crown (S3), arms forward, holding a staff (S43).",Logogram (recitation by),C
E49,kEH_HG,13AFC,U+13AFC,HJ E049,E49,E-20-040,,,
E5,kEH_HG,130D6,U+130D6,E005,E5,E-23-066,"A bovid (cow), standing, head facing backwards over its body, with a calf below the cow, suckling.",Classifier concern,C
E50,kEH_HG,13AFD,U+13AFD,HJ E050,E50,E-20-041,,,
E51,kEH_HG,13B00,U+13B00,HJ E051,E51,E-20-046,"A baboon, standing on it hind legs, tail down, arms raised in front, forearms nearly vertical, hand palms outwards.",Logogram (to be good),C
E51A,kEH_HG,13B02,U+13B02,HJ E051A,E51A,E-20-048,"A hamadryas baboon (Papio hamadryas), standing on its hind legs, tail down, arms raised in front, forearms nearly vertical, hand palms outwards.",Classifier baboon,C
E53,kEH_HG,13B03,U+13B03,HJ E053,E53,E-20-050,"A baboon, standing on its hind legs, tail down, arms downwards, hands at the height of the waist, hand palms downwards.",Phonemogram,C
E54,kEH_HG,13B04,U+13B04,HJ E054,E54,E-20-052,,,
E57,kEH_HG,13B05,U+13B05,HJ E057,E57,E-20-054,"A baboon, standing on its hind legs, tail down, arms extended forwards, holding a knife with a triangular blade and straight handle (T30A), blade facing outwards.",Classifier monkey,C
E58,kEH_HG,13B07,U+13B07,HJ E058,E58,E-20-057,"A baboon, standing on its hind legs, tail down, arms extended forwards, left forearm horizontal, holding the face of a human man (D2), with the right arm angling over it.",Logogram/phonemogram (beautiful of face),C
E58A,kEH_HG,13B06,U+13B06,HJ E058A,E58A,E-20-056,,,
E5B,kEH_HG,13B47,U+13B47,HJ E005B,E5B,E-23-068,"A bovid (cow), standing, head facing backwards, looking over its back, with a calf below the cow, suckling.",Phonemogram (in ꜣms-ꞽb),C
E6,kEH_HG,13AA7,U+13AA7,E006E,,E-09-006,"A horse, rearing, front legs nearly horizontal.",Logogram (span (of horses)/horse),C
E60,kEH_HG,13B08,U+13B08,HJ E060,E60,E-20-059,"A baboon, standing on its hind legs, tail down, arms extended forwards, left forearm horizontal, holding a palm branch, stripped of leaves and notched with a sharp notch (M4B), with the notch inwards, right hand between the head and the palm branch, hand palm outwards.",Logogram (good year),C
E61,kEH_HG,13B09,U+13B09,HJ E061,E61,E-20-060,,,
E63,kEH_HG,13B0B,U+13B0B,HJ E063,E63,E-20-063,"A baboon, standing on its hind legs, tail down, arms extended forwards, left forearm horizontal, holding a windpipe and heart, with a single horizontal stroke at the top (F35), with the right arm angled upwards with the hand near the tops stroke.",Phonemogram,
E63A,kEH_HG,13B0D,U+13B0D,HJ E063A,E63A,E-20-065,"A baboon, wearing the white crown (S1), standing on its hind legs, tail down, arms extended forwards, left forearm horizontal, holding a windpipe and heart, with a single horizontal stroke at the top (F35), with the right arm angled upwards with the hand near the tops stroke.",Phonemogram,C
E66,kEH_HG,13B0F,U+13B0F,HJ E066,E66,E-20-069,"A baboon, standing on its hind legs, tail down, arms extended forwards, left forearm horizontal, holding a lotus flower with a bud at either side, with a long vertical stem, with the right hand above the flower.",Logogram/phonemogram (the beautiful lotus flower),C
E67,kEH_HG,13B10,U+13B10,HJ E067,E67,E-20-070,,,
E68,kEH_HG,13B11,U+13B11,HJ E068,E68,E-20-072,"A baboon, standing on its hind legs, tail down, right arm extended forwards, forearm horizontal, hand palm upwards, holding a column imitating a bundle of stalks tied together (R11), with a folded piece of cloth, short section outwards below the right hand; left arm extended backwards, hand at the height of the shoulder, hand palm upwards, supporting a quail chick (G43).",Phonemogram,C
E6A,kEH_HG,13AA6,U+13AA6,HJ E006A,E6A,E-09-004,"A horse, standing.",Classifier horse,C
E6B,kEH_HG,13AA8,U+13AA8,HJ E006B,E6B,E-09-007,"A horse, rearing, front legs nearly horizontal, with a plume on its head.",Logogram (span (of horses)/horse),C
E6C,kEH_HG,13AA5,U+13AA5,HJ E006C,E6C,E-09-001,"A horse, standing, right front leg raised.",Classifier horse,C
E7,kEH_HG,130D8,U+130D8,E007,E7,E-01-001,"A donkey/ass, standing.",Classifier donkey/ass,C
E72A,kEH_HG,13A5C,U+13A5C,HJ E072A,E72A,E-03-007,"A basket with four pieces of grain or fruit (M39) in front of an oryx, standing (E28), on top of a standard used for the carrying of religious symbols with the vertical stick at the far side (R92A).","Logogram (Oryx nome, 16th nome of Upper Egypt)",C
E73,kEH_HG,13A5E,U+13A5E,HJ E073,E73,E-03-010,"An oryx, lying down, legs folded under the body.",Classifier oryx,C
E73C,kEH_HG,13A62,U+13A62,HJ E073C,E73C,E-03-024,"An oryx, lying down, legs folded under the body, head looking backwards.",Classifier (Oryx),C
E74B,kEH_HG,13A61,U+13A61,HJ E074B,E74B,E-03-021,,,
E76,kEH_HG,13A64,U+13A64,HJ E076,E76,E-03-027,"A gazelle, standing, with two horns visible.","Logogram (herd, flock)",C
E76A,kEH_HG,13A65,U+13A65,HJ E076A,E76A,E-03-029,"A gazelle, standing, with two horns visible, with a loop of cord with the ends downwards (V7) around its neck.",Classifier noble/dignity/rank,C
E77,kEH_HG,13A5A,U+13A5A,HJ E077,E77,E-03-002,"An oryx, standing (E28), with a falcon (G5) on its back.","Logogram/Phonemogram (Hebenu, capital of the 16th nome of Upper Egypt)",C
E78,kEH_HG,13A5F,U+13A5F,HJ E078,E78,E-03-011,"A gazelle, lying down, legs folded under the body.",Phonemogram,C
E78A,kEH_HG,13A60,U+13A60,HJ E078A,E78A,E-03-016,"A gazelle, lying down, three legs folded under the body, right front leg extended forwards.",Phonemogram,C
E8,kEH_HG,130D9,U+130D9,E008,E8,E-10-008,A immature goat (kid).,Logogram (kid),C
E80,kEH_HG,13AAF,U+13AAF,HJ E080,E80,E-13-002,A griffin  with the head of a jackal. ,Logogram (griffin),C
E80A,kEH_HG,13AAE,U+13AAE,HJ E080A,E80A,E-13-001,A griffin.,Classifier griffin,C
E81,kEH_HG,13AC0,U+13AC0,HJ E081,E81,E-16-012,,,
E82,kEH_HG,13ABB,U+13ABB,HJ E082,E82,E-15-001,A hyena.,Classifier jackal,C
E83,kEH_HG,13B59,U+13B59,HJ E083,E83,E-26-001,Some type of mouse-like animal.,classifier divinity (Ash-spitter),C
E86A,kEH_HG,13A9A,U+13A9A,HJ E086A,E86A,E-08-006,"A cat, seated, tail curled over the body towards the back, with N6 (The sun, encircled by a cobra (Naja haje), standing up, with expanded hood (uraeus)) on top of its head.",Logogram (like Re),C
E88,kEH_HG,13A9B,U+13A9B,HJ E088,E88,E-08-009,"A cat, seated, tail curled over the body towards the back, with its right paw on top of a triangle.",Phonemogram,C
E8A,kEH_HG,130DA,U+130DA,E008A,E8A,E-10-009,"A immature goat (kid), rearing.",Phono-repeater,C
E8B,kEH_HG,13AAB,U+13AAB,HJ E008B,E8B,E-10-005,"A goat, standing, without horns, without a beard, with a seal, attached to a neck string (S20), around its neck","Logogram (rank, diginity)",C
E9,kEH_HG,130DB,U+130DB,E009,E9,E-05-009,"A newborn bubalis antelope, lying down, legs folded beneath the body, long tail downwards.",Phonemogram,C
E90,kEH_HG,13AA2,U+13AA2,HJ E090,E90,E-08-020,"A cat, standing, tail down.",Phonemogram,C
E91,kEH_HG,13AA3,U+13AA3,HJ E091,E91,E-08-024,"A cat, standing, tail down, on top of a shepherd's crook with a package lashed to it, with a tie above and below the package (T18), written horizontally.",,C
E92,kEH_HG,130FD,U+130FD,E038,E92,E-23-055,,,C
E92A,kEH_HG,13B44,U+13B44,HJ E092A,E92A,E-23-056,"A cow, looking backwards.",Phonemogram (in ꜣms-ꞽb (to rejoice)),C
E94,kEH_HG,13B48,U+13B48,HJ E094,E94,E-23-069,"A bovid (cow), standing, tail raised with the head and front legs of a calf protruding from the cow.",Phonemogram,C
E94A,kEH_HG,13B45,U+13B45,HJ E094A,E94A,E-23-063,"A bovid (cow), lying down, legs folded beneath the body, tail down, with the head and front legs of a calf protruding from the cow.",Phonemogram,C
E95,kEH_HG,13B49,U+13B49,HJ E095,E95,E-23-073,"A bovid, standing, tail down, with the sun disk (N5) between the horns.",Logogram (lady),C
E97,kEH_HG,13B4B,U+13B4B,HJ E097,E97,E-23-079,,,
E9A,kEH_HG,13A7A,U+13A7A,E009D,E9A,E-05-008,"A newborn bubalis antelope, lying down, three legs folded beneath the body, right front leg extended forwards.",Phonemogram,C
E9B,kEH_HG,13A79,U+13A79,HJ E009B,E9B,E-05-007,,,
E9C,kEH_HG,13A7B,U+13A7B,HJ E009C,E9C,E-05-010,"A newborn bubalis antelope, lying down, legs folded beneath the body, short tail upwards.",Phonemogram,C
F1,kEH_JSesh,130FE,U+130FE,F001,F1,F-03-002,The head of a bovid (ox) with outwards curving horns.,"Classifier bull, ox, cattle",C
F10,kEH_HG,13108,U+13108,F010,F10,F-05-004,"The head and neck of a long-necked horned animal, with a forked end to the neck with a horizontal line over the forked end.",Classifier throat associated action,C
F100,kEH_HG,13BA1,U+13BA1,HJ F100,F100,F-10-001,The head of an elephant.,Phonemogram,C
F102,kEH_HG,13BA6,U+13BA6,HJ F102,F102,F-11-011,"A large sun disk (N5), written within the horns of a bovid (F13). ",Phonemogram (commonly in wp-rnp.t),C
F107,kEH_HG,13BAA,U+13BAA,HJ F107,F107,F-12-001,The horns of a goat.,Phonemogram,C
F107A,kEH_HG,13BAB,U+13BAB,HJ F107A,F107A,F-12-002,"The horns of a goat, on a base resembling a half round loaf of bread (X1).",Phonemogram,C
F11,kEH_HG,13109,U+13109,F011,F11,F-05-003,The head and neck of a long-necked horned animal.,Classifier throat associated action,C
F112,kEH_HG,13BAF,U+13BAF,HJ F112,F112,F-14-008,,,
F113,kEH_HG,13BFB,U+13BFB,HJ F113,F113,F-27-015,"A piece of meat, angled backwards, tapering of near the top.",Phonemogram,C
F114,kEH_HG,13BBC,U+13BBC,HJ F114,F114,F-19-017,"The leg and hoof of a bovid (ox), bent at the ankle.",Phonemogram,C
F115,kEH_HG,13BBA,U+13BBA,HJ F115,F115,F-19-011,,,
F116,kEH_HG,13B70,U+13B70,HJ F116,F116,F-03-011,"The head of a bovid (ox), connected to a foreleg of a bovid (ox), hoof orientated away from the reading direction (F24).",Classifier Ursa Major constellation,C
F118,kEH_HG,13BBE,U+13BBE,HJ F118,F118,F-19-019,The paw and foreleg of a lion.,Phonemogram,C
F118A,kEH_HG,13BC3,U+13BC3,HJ F118A,F118A,F-19-026,A lion's paw.,Phonemogram,C
F118B,kEH_HG,13BC1,U+13BC1,HJ F118B,F118B,F-19-024,,,
F118C,kEH_HG,13BC2,U+13BC2,HJ F118C,F118C,F-19-025,"A lion's paw and foreleg, horizontally.",Phonemogram,C
F119,kEH_HG,13BBB,U+13BBB,HJ F119,F119,F-19-012,The thigh of a bovid (ox).,,
F11A,kEH_HG,13B82,U+13B82,HJ F011A,F11A,F-05-005,"The head and neck of a long-necked horned animal, with a forked end to the neck.",Logogram (throat),C
F12,kEH_HG,1310A,U+1310A,F012,F12,F-05-001,The head and neck of a canine animal.,Phonemogram,C
F121,kEH_HG,13BB0,U+13BB0,HJ F121,F121,F-14-009,,,
F122,kEH_HG,13BB1,U+13BB1,HJ F122,F122,F-14-010,,,
F123,kEH_HG,13BCB,U+13BCB,HJ F123,F123,F-20-014,A hoof.,Classifier hoof,C
F124,kEH_HG,13BC5,U+13BC5,HJ F124,F124,F-20-002,"A gray heron (Ardea cinerea) (G31), on top of the skin of a goat (F26).",Phonemogram,C
F125,kEH_HG,13BCA,U+13BCA,HJ F125,F125,F-20-013,The skin of a leopard.,Classifier leopard skin,C
F127,kEH_HG,13BCF,U+13BCF,HJ F127,F127,F-20-029,"The skin of a goat, wrapped around a pole.",Phonemogram,C
F128,kEH_HG,13BD4,U+13BD4,HJ F128,F128,F-21-001,"The udder of a cow, seen from the side.",Classifier back/end,C
F12A,kEH_HG,13B81,U+13B81,HJ F012A,F12A,F-05-002,"The head and neck of a canine animal, with a forked end to the neck.",Phonemogram,C
F13,kEH_HG,1310B,U+1310B,F013,F13,F-11-001,The horns of a bovid (ox).,Phonemogram,C
F130,kEH_HG,13C07,U+13C07,HJ F130,F130,F-32-005,A talon or fang.,Classifier (talons or fangs),C
F131,kEH_HG,13BD7,U+13BD7,HJ F131,F131,F-23-005,"A heart (F34), written inside a circle/oval.",Phonemogram,C
F131B,kEH_HG,13BDB,U+13BDB,HJ F131B,F131B,F-23-013,"A heart (F34), written inside a brazier (Q7E).",Phonemogram,C
F132,kEH_HG,13BD8,U+13BD8,HJ F132,F132,F-23-007,A heart with downward hanging loops on either side.,Phonemogram,C
F132A,kEH_HG,13BDC,U+13BDC,HJ F132A,F132A,F-23-014,"A heart, with two downward hanging bands coming from the top.",Phonemogram,C
F132B,kEH_HG,13BDA,U+13BDA,HJ F132B,F132B,F-23-012,"An oval, enclosed by a band which curves outwards at the ends.",Phonemogram,C
F132C,kEH_HG,13BD9,U+13BD9,HJ F132C,F132C,F-23-009,,,
F139,kEH_HG,13C08,U+13C08,HJ F139,F139,F-32-006,"A vertebra, seen lengthwise.",Classifier spine,C
F14,kEH_HG,1310D,U+1310D,F014,F14,F-11-006,"A palm branch, stripped of leaves and notched with a round notch (M4), written within the horns of a bovid (F13).",Logogram (New Year's Day),C
F140,kEH_HG,13BF7,U+13BF7,HJ F140,F140,F-27-007,"A leg-bone with meat, with sections of meat missing at the back.",Phono-repeater,C
F141,kEH_HG,13BF9,U+13BF9,HJ F141,F141,F-27-009,"A leg bone with meat, angled with the bone forward, with a piece of meat missing at the front.",,C
F142,kEH_HG,13BFA,U+13BFA,HJ F142,F142,F-27-010,A leg-bone with meat (F44) on top of a wide cup (W10).,Classifier offering meat,C
F143,kEH_HG,14352,U+14352,HJ F143,F143,V-15-005,"A basket-shaped bag with a tied off end at the front / A uterus of a cow, tied off at the front.",Phonemogram,C
F143A,kEH_HG,133AA,U+133AA,V037A,F143A,V-15-006,"A basket-shaped bag with a tied off end at the front, resembling a loop / A uterus of a cow, tied off at the front.",Phonemogram,C
F143C,kEH_HG,14354,U+14354,HJ F143C,F143C,V-15-012,"A basket-shaped bag with a tied off end at the front, resembling a loop, with an upwards stroke at the back / A uterus of a cow, tied off at the front, with an upward stroke at the back.",Phonemogram,C
F144,kEH_HG,13BFE,U+13BFE,HJ F144,F144,F-28-009,"An intestine, with the opening to the top left (F46A), written on top of legs in a walking posture, feet orientated towards the reading direction (D54).",Phonemogram (in m-pẖr),C
F144A,kEH_HG,13BFF,U+13BFF,HJ F144A,F144A,F-28-010,"An intestine, with the opening to the top right (F47A), written on top of legs in a walking posture, feet orientated towards the reading direction (D54).","Logogram (to go round, to turn round)",C
F144B,kEH_HG,13C00,U+13C00,HJ F144B,F144B,F-28-011,"An intestine, with the opening to the bottom left (F47), written on top of legs in a walking posture, feet orientated towards the reading direction (D54).","Logogram (to go round, to turn round)",C
F146,kEH_HG,13C06,U+13C06,HJ F146,F146,F-32-002,,,
F147,kEH_HG,13BFC,U+13BFC,HJ F147,F147,F-27-016,"A piece of meat, with a tapered end on either side.",Logogram (limb),C
F14A,kEH_HG,13BA5,U+13BA5,HJ F014A,F14A,F-11-009,"A palm branch, stripped of leaves, with multiple sharp notches (M4A), written within the horns of a bovid (F13). ",Logogram (New Year's Day),C
F15,kEH_HG,1310E,U+1310E,F015,F15,F-11-010,"A palm branch, stripped of leaves and notched with a round notch (M4), on top of a sun disk (N5), written within the horns of a bovid (F13). ",Logogram (New Year's Day),C
F154,kEH_HG,13B90,U+13B90,HJ F154,F154,F-08-002,Head of a lion/lioness,Phonemogram,C
F158A,kEH_HG,13BC4,U+13BC4,HJ F158A,F158A,F-19-028,"The thigh of a bovid (ox), on top of a standard used for the carrying of religious symbols (R12).",Logogram (Letopolis),C
F16,kEH_HG,1310F,U+1310F,F016,F16,F-13-001,A horn of a bovid,Logogram (horn),C
F161,kEH_HG,13BF8,U+13BF8,HJ F161,F161,F-27-008,A haunch of meat with an indentation at either side of the back.,Classifier meat,C
F164,kEH_HG,13B64,U+13B64,HJ F164,F164,F-02-007,"The head of a ram (Ovis longipes palaeo-aegyptiacus), with beard, with two feather-like plumes (S78) on top of the horns.","Logogram (worth, dignity, renown)",C
F17,kEH_HG,13110,U+13110,F017,F17,F-13-009,"A vase on its side, with liquid issuing from it (W54), written over the horn of a bovid (F16).",Logogram purification,C
F170,kEH_HG,13B66,U+13B66,HJ F170,F170,F-02-010,"The forepart of a ram (Ovis longipes palaeo-aegyptiacus), with beard, with a second head looking backwards.","Logogram (worth, dignity, renown)",C
F172,kEH_HG,13BE3,U+13BE3,HJ F172,F172,F-25-001,"A vertebra with a tall spine on top, seen lengthwise.",Classifier (backbone),C
F173,kEH_HG,13BA4,U+13BA4,HJ F173,F173,F-11-007,"A palm branch, stripped of leaves and notched with a round notch (M4), written within the horns of a bovid (F13), on top of an alabaster basin with a diamond shaped inner marking (W3).",Logogram (New Year's Day),C
F177,kEH_HG,13BA8,U+13BA8,HJ F177,F177,F-11-035,,,
F178,kEH_HG,13BB7,U+13BB7,HJ F178,F178,F-18-002,"The hindquarters of a seated lion or leopard, on top of a standard used for carrying religious symbols (R12).",Logogram (magic),C
F18,kEH_HG,13111,U+13111,F018,F18,F-14-001,A tusk of an elephant.,Phonemogram,C
F181,kEH_HG,13A0C,U+13A0C,HJ F181,F181,D-31-024,A scrotum with two testicles.,Classifier testicles,C
F182,kEH_HG,13A10,U+13A10,HJ F182,F182,D-32-010,"The uterus of a cow, represented as two separate vertical lines with a curl on the top.",Phonemogram,C
F18A,kEH_HG,13BAD,U+13BAD,HJ F018A,F18A,F-14-005,,,
F18B,kEH_HG,13BAC,U+13BAC,HJ F018B,F18B,F-14-004,,,
F19,kEH_HG,13112,U+13112,F019,F19,F-15-004,The lower jawbone of a bovid (ox).,Classifier jaw,C
F19B,kEH_HG,13BB2,U+13BB2,HJ F019B,F19B,F-15-002,A lower jawbone of an animal with pointed teeth.,Classifier jaw,C
F1A,kEH_HG,13B6B,U+13B6B,F001C,F1A,F-03-005,"A head of a bovid (ox), as seen from the front.",Phonemogram,C
F2,kEH_HG,13100,U+13100,F002,F2,F-03-004,"The head of a bovid (bull), angled forward as if to attack.",Classifier rage/aggression,C
F20,kEH_HG,13113,U+13113,F020,F20,F-16-001,A tongue.,Logogram (tongue),C
F20A,kEH_HG,13BB5,U+13BB5,HJ F020A,F20A,F-16-009,A wide tongue.,Phonemogram,C
F20B,kEH_HG,13BB3,U+13BB3,HJ F020B,F20B,F-16-003,"A tongue, with the stroke at the back pointing upwards.",Phonemogram,C
F21,kEH_HG,13114,U+13114,F021,F21,F-17-005,"The ear of a bovid (ox), without internal detail.",Logogram (ear),C
F21A,kEH_HG,13BB6,U+13BB6,F021F,F21A,F-17-006,"The ear of a bovid (ox), with internal detail.","Logogram to hear, to listen",C
F22,kEH_HG,13116,U+13116,F022,F22,F-18-001,The hindquarters of a seated lion or leopard.,Phonemogram,C
F23,kEH_HG,13117,U+13117,F023,F23,F-19-010,"A foreleg of a bovid (ox), hoof orientated towards the reading direction.",Classifier foreleg/arm,C
F24,kEH_HG,13118,U+13118,F024,F24,F-19-009,"A foreleg of a bovid (ox), hoof orientated away from the reading direction.",Classifier foreleg/arm,L
F25,kEH_HG,13119,U+13119,F025,F25,F-19-006,The leg and hoof of a bovid (ox).,Phonemogram,C
F25A,kEH_HG,13BB8,U+13BB8,HJ F025A,F25A,F-19-001,"The leg and hoof of a bovid (ox), bent at the top.",Phonemogram,C
F26,kEH_HG,1311A,U+1311A,F026,F26,F-20-001,The skin of a goat.,Phonemogram,C
F27,kEH_HG,1311B,U+1311B,F027,F27,F-20-005,"The skin of a cow, with the tail curved backwards.",Classifier animal,C
F27A,kEH_HG,13BC7,U+13BC7,HJ F027A,F27A,F-20-007,Three triangles of skin with a tail.,Classifier animal,C
F27B,kEH_HG,13BC8,U+13BC8,HJ F027B,F27B,F-20-008,"The skin of a cow, with the top of the skin a lot wider than the bottom, with the tail curved backwards.",Phonemogram,C
F28,kEH_HG,1311C,U+1311C,F028,F28,F-20-015,"The skin of a cow, with the tail hanging straight down.","Logogram (dappled, many-coloured)",C
F29,kEH_HG,1311D,U+1311D,F029,F29,F-20-016,"The skin of a cow, with the tail hanging straight down, pierced by an arrow with rounded fletching (T11).",Phonemogram,C
F29C,kEH_HG,13BCC,U+13BCC,HJ F029C,F29C,F-20-017,"The skin of a cow, with the tail hanging straight down, about to be pierced by an arrow (T11A).",Phonemogram,C
F2A,kEH_HG,13B6C,U+13B6C,HJ F002A,F2A,F-03-006,"The head of a bovid (bull), angled forward as if to attack with a cobra (Naja haje), standing up, with expanded hood (uraeus), between its horns.",Classifier rage/aggression,C
F2B,kEH_HG,13B6F,U+13B6F,HJ F002B,F2B,F-03-009,The forepart of a bovid (ox).,Classifier,C
F3,kEH_HG,13101,U+13101,F003,F3,F-07-001,The head of a hippopotamus.,Phonemogram,C
F30,kEH_HG,1311E,U+1311E,F030,F30,F-20-031,A water skin.,Phonemogram,C
F30A,kEH_HG,13BD0,U+13BD0,HJ F030A,F30A,F-20-032,A water skin without ties at the opening.,Phonemogram,C
F30B,kEH_HG,13BD1,U+13BD1,HJ F030B,F30B,F-20-033,"A water skin without ties at the opening, and a loop at the back.",Phonemogram,C
F31,kEH_HG,1311F,U+1311F,F031,F31,F-20-037,"Three skins of foxes, tied together at the top.",Phonemogram,C
F32,kEH_HG,13121,U+13121,F032,F32,F-21-006,"The udder and tail of an animal, seen from below.","Logogram (belly, body)",C
F33,kEH_HG,13122,U+13122,F033,F33,F-22-004,The tail of an animal.,Phonemogram,C
F33B,kEH_HG,13BD6,U+13BD6,HJ F033B,F33B,F-22-002,A simplified form of the tail of an animal.,Phono-repeater,C
F34,kEH_JSesh,13123,U+13123,F034,F34,F-23-001,A heart without internal detail.,"Logogram (heart, mind, wish)",C
F35,kEH_HG,13124,U+13124,F035,F35,F-24-004,"A windpipe and heart, with a single horizontal stroke at the top.",Phonemogram,C
F35A,kEH_HG,13BDE,U+13BDE,HJ F035A,F35A,F-24-005,"A windpipe and heart, without a horizontal stroke at the top.",Phonemogram,C
F36,kEH_HG,13125,U+13125,F036,F36,F-24-008,A windpipe and lungs.,Phonemogram,C
F37,kEH_HG,13126,U+13126,F037,F37,F-25-030,"A spine with four ribs, with a downward curving loop at the end of the spine.","Classifier spine, vertebrae",C
F37B,kEH_HG,13127,U+13127,F037A,F37B,F-25-016,"A spine with four ribs, written at an angle.",Logogram (to cut),C
F37C,kEH_HG,13BE6,U+13BE6,HJ F037C,F37C,F-25-007,"A spine with three ribs, connected to each other.",Classifier cutting/slaughter,
F37F,kEH_HG,13BE9,U+13BE9,HJ F037F,F37F,F-25-020,"A spine with five ribs, written at an angle.","Classifier shreds, pieces",C
F37L,kEH_HG,13BEB,U+13BEB,HJ F037L,F37L,F-25-027,"A spine with four ribs, connected to each other.",Phonemogram,
F37M,kEH_HG,13BE7,U+13BE7,HJ F037M,F37M,F-25-010,"A spine with four ribs, written at an angle, with a circle at either end of the spine.",Phono-repeater,C
F38,kEH_JSesh,13128,U+13128,F038,F38,F-25-005,"A piece of spine with three vertebrae, angling forwards.","Classifier back, backbone",C
F38B,kEH_HG,13BE5,U+13BE5,HJ F038B,F38B,F-25-004,"A piece of spine with four vertebrae, angling forwards, with a horizontal line over the spines. ","Classifier back, backbone",C
F38C,kEH_JSesh,13129,U+13129,F038A,F38C,F-25-038,,,C
F39,kEH_HG,1312A,U+1312A,F039,F39,F-25-033,"A spine, with the spinal cord hanging out at the backside, with two blocks at the bottom.",Phonemogram,C
F39A,kEH_JSesh,13BEC,U+13BEC,F039A,F39A,F-25-035,"A spine, with the spinal cord hanging out at the backside, with three blocks at the bottom.",Phonemogram,C
F3A,kEH_HG,13B8F,U+13B8F,HJ F003A,F3A,F-07-004,A simplified head of a hippopotamus.,Phonemogram,C
F4,kEH_HG,13102,U+13102,F004,F4,F-08-006,"The forepart of a lion, lying down.","Logogram (beginning, front)",C
F40,kEH_HG,1312B,U+1312B,F040,F40,F-25-045,"A spine, with the spinal cord hanging out at either side.","Logogram (to be long, to stretch out)",C
F40A,kEH_HG,13BED,U+13BED,HJ F040A,F40A,F-25-044,,,
F40B,kEH_HG,13BEF,U+13BEF,HJ F040B,F40B,F-25-053,"A spine, with the spinal cord hanging out at either side, from the middle of the vertebrae.","Logogram (to be long, to stretch out)",C
F40E,kEH_HG,13BEE,U+13BEE,HJ F040E,F40E,F-25-049,"A spine with the spinal cord hanging out at either side, the vertebrae represented as a rectangle.","Logogram (to be long, to stretch out)",C
F41,kEH_HG,1312C,U+1312C,F041,F41,F-26-001,"A section of vertebrae, written vertically, with a small dot on top.",Classifier slaughter/evil,C
F41A,kEH_HG,13BF2,U+13BF2,HJ F041A,F41A,F-26-005,"A stack of ribs, written behind an upside-down cone.","Logogram (slaughter, evil)",C
F41B,kEH_HG,13BF1,U+13BF1,HJ F041B,F41B,F-26-004,"A stack of ribs, written over an upside-down cone.","Logogram (slaughter, evil)",C
F41C,kEH_HG,13BF0,U+13BF0,HJ F041C,F41C,F-26-003,"A stack of ribs, on top of an upside-down cone.",Classifier rib (offering),C
F42,kEH_HG,1312D,U+1312D,F042,F42,F-26-006,A rib.,Classifier rib,C
F42B,kEH_HG,13BF3,U+13BF3,HJ F042B,F42B,F-26-008,A stack of ribs.,Classifier rib (offering),C
F43,kEH_HG,1312E,U+1312E,F043,F43,F-26-010,Ribs of beef.,Classifier ribs (meat of ribs),C
F44,kEH_HG,1312F,U+1312F,F044,F44,F-27-001,A leg-bone with meat.,Phono-repeater,C
F45,kEH_HG,13130,U+13130,F045,F45,D-32-011,The uterus of a cow.,"Logogram (uterus, womb)",C
F46,kEH_HG,13132,U+13132,F046,F46,F-28-004,"An intestine, with the opening to the bottom right.","Logogram (to go round, to turn round)",C
F46A,kEH_HG,13133,U+13133,F046A,F46A,F-28-001,"An intestine, with the opening to the top left.","Logogram (to go round, to turn round)",L
F46B,kEH_HG,13BFD,U+13BFD,HJ F046B,F46B,F-28-008,"An intestine, in a rectangular form, opening at the front, with the internal line running from the left bottom corner to the top right corner.",Phonemogram,C
F47,kEH_HG,13134,U+13134,F047,F47,F-28-003,"An intestine, with the opening to the bottom left.","Classifier winding, intestine",L
F47A,kEH_HG,13135,U+13135,F047A,F47A,F-28-005,"An intestine, with the opening to the top right.","Logogram (to go round, to turn round)",L
F48,kEH_HG,13136,U+13136,F048,F48,F-28-006,"An intestine, with the openings top left and bottom right.","Logogram (to go round, to turn round)",C
F49,kEH_HG,13137,U+13137,F049,F49,F-28-007,"An intestine, with the openings top right and bottom left.",Phono-repeater,L
F4A,kEH_HG,13B92,U+13B92,HJ F004A,F4A,F-08-011,"The forepart of a lion, standing.","Logogram (beginning, front)",C
F5,kEH_HG,13103,U+13103,F005,F5,F-06-011,The head of a bubalis antelope.,Phonemogram,C
F50,kEH_HG,13138,U+13138,F050,F50,F-28-013,"A folded piece of cloth (S29), written over an intestine, with the opening to the bottom right (F46).",Phonemogram,L
F51,kEH_HG,13139,U+13139,F051,F51,F-29-003,"A piece of flesh, point towards the back, curving downwards.",Phonemogram,C
F51A,kEH_HG,1313C,U+1313C,F051C,F51A,F-29-011,,,L
F52,kEH_HG,1313D,U+1313D,F052,F52,F-30-001,A pile of excrement.,Classifier excrement,C
F53,kEH_HG,13B5C,U+13B5C,F053C,F53,F-01-002,"The head of a donkey/ass, with the ears in a v shape.",Phonemogram,C
F54,kEH_HG,13B5F,U+13B5F,HJ F054,F54,F-01-007,"The forepart of a donkey, ears in a V-shape, lower leg bent backwards.",Phonemogram,C
F55,kEH_HG,13B5E,U+13B5E,HJ F055,F55,F-01-005,,,
F58,kEH_HG,13B69,U+13B69,HJ F058,F58,F-02-017,"Four heads of rams (Ovis longipes palaeo-aegyptiacus) with necks, connected two-by-two to each other, forming a cross-shape.",Logogram (the eight primordial gods),C
F59,kEH_HG,1313E,U+1313E,F053,F59,F-02-021,"The head of a ram (Ovis longipes palaeo-aegyptiacus), with beard, on top of a staff with a forked end.",Phonemogram,C
F6,kEH_HG,13104,U+13104,F006,F6,F-06-009,The forepart of a bubalis antelope.,Phonemogram,C
F61,kEH_HG,13B6D,U+13B6D,HJ F061,F61,F-03-007,"The head of a bovid (ox), with a forward, downward line coming from the mouth.",Phonemogram,C
F63,kEH_HG,130FF,U+130FF,F001A,F63,F-03-014,"The head of a bovid (cow), without horns, with an ear.",Phonemogram,C
F63A,kEH_HG,13B72,U+13B72,HJ F063A,F63A,F-03-016,"The head of a bovid (cow), without horns, without an ear.",Classifier nose,C
F66,kEH_HG,13B84,U+13B84,HJ F066,F66,F-05-007,,,
F67A,kEH_HG,13B76,U+13B76,HJ F067A,F67A,F-04-001,"The head of a jackal, with a loop of rope around the neck, ties at the front.",Phonemogram,C
F67B,kEH_HG,13B78,U+13B78,HJ F067B,F67B,F-04-006,"The head of a jackal, neck curving forwards, with line of string around the neck, with a loop above ties at the back.",Phonemogram,C
F67D,kEH_HG,13B79,U+13B79,HJ F067D,F67D,F-04-008,"The head of a jackal, looking backwards, with the neck curving towards the back, written over a band of string or fabric (V12).",Phonemogram,C
F68A,kEH_HG,13B7A,U+13B7A,HJ F068A,F68A,F-04-010,,,
F68B,kEH_HG,13B7C,U+13B7C,HJ F068B,F68B,F-04-012,"A mace (T3), written over the neck of a head of a jackal, neck curving forwards, mace head towards the back.",Phonemogram,C
F69,kEH_HG,13B7D,U+13B7D,HJ F069,F69,F-04-013,The head of a jackal.,Logogram (jackal),C
F7,kEH_HG,13105,U+13105,F007,F7,F-02-004,"The head of a ram (Ovis longipes palaeo-aegyptiacus), with beard.","Classifier worth, dignity, renown",C
F70,kEH_HG,13B7F,U+13B7F,HJ F070,F70,F-04-015,"The head of a jackal on a cup-like base, with two arms, raised in front, hand palms forwards.",Logogram (Ennead),C
F70C,kEH_HG,13B80,U+13B80,HJ F070C,F70C,F-04-019,,,
F71,kEH_HG,13B7E,U+13B7E,HJ F071,F71,F-04-014,,,
F78,kEH_HG,13B86,U+13B86,HJ F078,F78,F-05-032,"The head of a canine, on top of legs in a walking posture, feet orientated towards the reading direction (D54).",Phonemogram,C
F7A,kEH_HG,13B63,U+13B63,HJ F007A,F7A,F-02-006,"The head of a ram (Ovis longipes palaeo-aegyptiacus), with beard, with a sun disk (N5) on top of the horns.","Classifier worth, dignity, renown",C
F7B,kEH_HG,13B60,U+13B60,HJ F007B,F7B,F-02-001,"The head of a ram, without horns or forward curving horns.","Logogram (worth, dignity, renown)",C
F7C,kEH_HG,13B62,U+13B62,HJ F007C,F7C,F-02-003,"The head of a ram (Ovis longipes palaeo-aegyptiacus), without beard.","Classifier worth, dignity, renown",C
F8,kEH_HG,13106,U+13106,F008,F8,F-02-009,"The forepart of a ram (Ovis longipes palaeo-aegyptiacus), with beard.","Logogram (worth, dignity, renown)",C
F80,kEH_HG,13BA2,U+13BA2,HJ F080,F80,F-10-002,Head of a hyena.,Classifier hyena,C
F81,kEH_HG,13B87,U+13B87,HJ F081,F81,F-06-001,The head of an antelope.,Logogram (gazelle),C
F82,kEH_HG,13B88,U+13B88,HJ F082,F82,F-06-002,"A mouth (D21), written over the neck of the head of an antelope (F81).",Phonemogram,C
F83,kEH_HG,13B89,U+13B89,HJ F083,F83,F-06-003,"A representation of two ribs, written parallel (Aa15), written over the neck of the head of an antelope (F81).",Phonemogram,C
F84,kEH_HG,13B8E,U+13B8E,HJ F084,F84,F-06-015,The head of a gazelle.,Phonemogram,C
F85,kEH_HG,13B8A,U+13B8A,HJ F085,F85,F-06-006,The head of an oryx.,Logogram (antilope),C
F86,kEH_HG,13B8B,U+13B8B,HJ F086,F86,F-06-010,"A mouth (D21), written over the neck of the head of a bubalis antelope.",Phonemogram,C
F88,kEH_HG,13B8C,U+13B8C,HJ F088,F88,F-06-012,The head of a Nubian ibex (Capra nubiana).,Logogram (ibex),C
F89,kEH_HG,13B8D,U+13B8D,HJ F089,F89,F-06-014,,,
F8A,kEH_HG,13B67,U+13B67,HJ F008A,F8A,F-02-011,"The forepart of a lion with the head of a ram (Ovis longipes palaeo-aegyptiacus), with beard.","Logogram (worth, dignity, renown)",C
F8B,kEH_HG,13B68,U+13B68,HJ F008B,F8B,F-02-012,"The forepart of a ram (Ovis longipes palaeo-aegyptiacus), with beard, with a uraeus on top of the horns.","Classifier worth, dignity, renown",C
F9,kEH_HG,13107,U+13107,F009,F9,F-08-001,The head of a leopard.,Logogram (strength),C
F90,kEH_HG,13B95,U+13B95,HJ F090,F90,F-08-016,The head of a leopard with a uraeus on top of it.,Classifier strength,C
F92,kEH_HG,13B91,U+13B91,HJ F092,F92,F-08-010,"The forepart of a lion, lying down (F4), wearing a headdress consisting of two feathers on top of the horns of a ram, with a cobra (Naja haje), standing up, with expanded hood (uraeus), with sun disks its head on either side of the feathers, orientated outwards (S74).","Logogram (to distinguish) and (beginning, front)",C
F93B,kEH_HG,13B96,U+13B96,HJ F093B,F93B,F-08-017,,,
F97,kEH_HG,13B97,U+13B97,HJ F097,F97,F-09-001,"A sledge with the forepart of a donkey/ass, with one leg.",Phonemogram,C
F97B,kEH_HG,13B9C,U+13B9C,HJ F097B,F97B,F-09-006,"A sledge with the forepart of a donkey/ass, with two legs, one raised, one bent backwards.",Phonemogram,C
F98,kEH_HG,13B99,U+13B99,HJ F098,F98,F-09-003,,,
F98A,kEH_HG,13B9A,U+13B9A,HJ F098A,F98A,F-09-004,"A sledge with the forepart of a horse, with one leg, with a rectangular block on the sledge.",Phonemogram,C
F98B,kEH_HG,13B9D,U+13B9D,HJ F098B,F98B,F-09-009,A sledge with the head of a horse.,Phonemogram,C
F98C,kEH_HG,13BA0,U+13BA0,HJ F098C,F98C,F-09-014,"A sledge with the head of a horse, with the vertical lines of the sledge extending beyond the top line.",Phono-repeater,C
F98D,kEH_HG,13B9B,U+13B9B,HJ F098D,F98D,F-09-005,"A sledge with the forepart of a horse, with two legs.",Phonemogram,C
F98E,kEH_HG,13B9E,U+13B9E,F098E,,F-09-010,,,
Ff1,kEH_JSesh,133F9,U+133F9,Z014,Ff1,Z-01-019,A curved diagonal stroke.,Classifier semogram,C
Ff100,kEH_JSesh,143F3,U+143F3,Z049,Ff100,Z-07-008,An oval dot.,,C
Ff101,kEH_JSesh,143F4,U+143F4,Z050,Ff101,Z-07-009,An horizontal line with a small downwards line at the front.,,C
Ff110,kEH_JSesh,143F5,U+143F5,Z051,Ff110,Z-07-010,"An horizontal line with a small downwards line at the front, followed by a short horizontal line with an upwards curving half-circle line on the back of the line after a small bit of space",,C
Ff4,kEH_JSesh,13115,U+13115,F021A,Ff4,F-17-007,"The ear of a bovid (ox), without internal detail, with two strokes on the base.","Logogram to hear, to listen",C
Ff6,kEH_JSesh,1336D,U+1336D,V002A,Ff6,V-01-052,"Hieroglyphic representation of the Hieratic form of a horizontal line, intersected in the middle by a coil of rope (V2).",Phonemogram,C
Ff8,kEH_JSesh,13298,U+13298,O050A,Ff8,O-24-052,,,L
Ff8A,kEH_JSesh,13299,U+13299,O050B,Ff8A,O-24-051,"A circle, with two lines at 45 degree coming from the front of the circle.","Phono-repeater/classifier (time, occasion)",C
G1,kEH_HG,1313F,U+1313F,G001,G1,G-26-001,An Egyptian vulture (Neophron percnopterus).,Phonemogram,C
G10,kEH_HG,1314B,U+1314B,G010,G10,G-12-151,"A falcon (G5), on top of a moon-sickle shaped boat with a higher prow than stern, with a rudder, with the head of an antelope (F81) on top of the prow, facing inwards, with a downward line with multiple horizontal lines written over it coming from the head, on top of a sledge (P60B).",Classifier bark of Sokar,C
G105,kEH_HG,13C6F,U+13C6F,HJ G105,G105,G-12-022,"A falcon (G5) with the sun, encircled by a cobra (Naja haje), standing up, with expanded hood (uraeus) (N6) on its head, with a tie or strap, used with sandals (ankh sign, S34) angled forwards, on its toe.",Logogram (Re-Hor (usually in rꜥ-ḥr-ꜣḫ.ty),C
G106,kEH_HG,13C70,U+13C70,HJ G106,G106,G-12-026,"A falcon (G5), wearing the double crown (S5).",Logogram (Horus),C
G106A,kEH_HG,13C71,U+13C71,HJ G106A,G106A,G-12-027,"A falcon (G5), wearing the double crown (S5), with an uraeus on its toe.",Logogram (Horus),C
G107,kEH_HG,13C74,U+13C74,HJ G107,G107,G-12-033,"A falcon (G5), wearing the red crown (S3).",Phonemogram,C
G108,kEH_HG,13C78,U+13C78,HJ G108,G108,G-12-038,"A falcon (G5), wearing a headdress consisting of a sun disk between the horns of a bovid, with two plumes on top of the sun disk (S65/S65A).",Logogram (the female Horus),C
G109,kEH_HG,13C79,U+13C79,HJ G109,G109,G-12-041,"A falcon (G5), wearing a headdress consisting of the horns of a ram with two plumes on top of it (S62).",Logogram (Horus),C
G11,kEH_HG,1314C,U+1314C,G011,G11,G-15-001,An archaic image of a falcon/cult image of a falcon.,Classifier cult image,C
G112,kEH_HG,13C7A,U+13C7A,HJ G112,G112,G-12-045,"A falcon (G5), wearing a headdress consisting of a sun disk between the horns of a bovid (F102).",Logogram (the female falcon),C
G113,kEH_HG,13C81,U+13C81,HJ G113,G113,G-12-056,"A falcon (G5), on top of a standard used for carrying religious symbols (R12), with a band of string or fabric (V12) written over the pole of the standard.",Logogram (high quality (red) linen),C
G114,kEH_HG,13C83,U+13C83,HJ G114,G114,G-12-064,"A falcon (G5), wearing a headdress consisting of a sun disk between the horns of a bovid (F102); on top of a standard used for the carrying of religious symbols with the vertical stick at the far side (R92A). ",Logogram (goddess),C
G115A,kEH_HG,13C85,U+13C85,HJ G115A,G115A,G-12-067,"A falcon (G5), with a headdress consisting of two plumes (S9), on top of a standard used for carrying religious symbols (R12).",Classifier divinity (Min),C
G11A,kEH_JSesh,1314D,U+1314D,G011A,G11A,G-15-002,,,C
G12,kEH_HG,1314E,U+1314E,G012,G12,G-15-003,"An archaic image of a falcon/cult image of a falcon, with a flagellum (S45) on its back.",Classifier cult image,C
G120,kEH_HG,13C86,U+13C86,HJ G120,G120,G-12-074,"A tie or strap, used with sandals (ankh sign, S34), written vertically, in front of a falcon (G5); on top of a standard used for the carrying of religious symbols with the vertical stick at the far side (R92A). ","Logogram (may he live, the god)",C
G121,kEH_HG,13C87,U+13C87,HJ G121,G121,G-12-075,"A club used by washermen for beating laundry (U36), in front of a falcon (G5); on top of a standard used for the carrying of religious symbols with the vertical stick at the far side (R92A). ",Logogram (majesty),C
G121A,kEH_HG,13C88,U+13C88,HJ G121A,G121A,G-12-076,"A club used by washermen for beating laundry (U36), in front of a falcon (G5), with a flagellum (S45) on its shoulder, on top of a standard used for the carrying of religious symbols with the vertical stick at the far side (R92A). ",Logogram (majesty),C
G123,kEH_HG,13C89,U+13C89,HJ G123,G123,G-12-078,,,
G125,kEH_HG,13C8A,U+13C8A,HJ G125,G125,G-12-081,"A falcon (G5), on top of a windpipe and lungs (F36), with a stem of papyrus with a flowering bud (M127) left of the windpipe and a stem of papyrus with a bud (M13) right of the windpipe, both beneath the horizontal bar.",Logogram (Harsomtus),C
G125A,kEH_HG,13C8B,U+13C8B,HJ G125A,G125A,G-12-083,"A falcon (G5), with a flagellum (S45) on its shoulder, on top of a windpipe and lungs (F36), with a stem of papyrus with a flowering bud (M127) left of the windpipe and a stem of papyrus with a bud (M13) right of the windpipe, both beneath the horizontal bar.",Logogram (Harsomtus),C
G127,kEH_HG,13C8D,U+13C8D,HJ G127,G127,G-12-090,"A pole of a balance, with the pole resembling a seat (U39A), in front of a falcon (G5), on top of a standard used for carrying religious symbols, with a loop under the horizontal beam, running over the vertical pole (R12A).",Logogram (Throne of Horus (Edfu)),C
G127C,kEH_HG,13C90,U+13C90,HJ G127C,G127C,G-12-104,"A pole of a balance, with the pole resembling a seat (U39A), in front of a falcon (G5), on top of a standard used for carrying religious symbols, with a loop under the horizontal beam, running over the vertical pole (R12A), on top of a parcel of land with irrigation ditches (N24).","Logogram (Throne of Horus (Edfu, 2nd nome of Upper Egypt))",C
G127F,kEH_HG,13C8F,U+13C8F,G127F,,G-12-101,"A pole of a balance, with the pole resembling a seat (U39A), in front of a falcon (G5), with a flagellum (S45) on its shoulder, on top of a standard used for carrying religious symbols, with a loop under the horizontal beam, running over the vertical pole (R12A).",Logogram (Throne of Horus (Edfu)),C
G129,kEH_HG,13C91,U+13C91,HJ G129,G129,G-12-107,"A falcon (G5), on top of a façade of a palace or tomb, with a doorway (O33A).",Logogram (Horus who is on the palace façade),C
G13,kEH_HG,1314F,U+1314F,G013,G13,G-15-012,"An archaic image of a falcon/cult image of a falcon, wearing a headdress consisting of two plumes (S9).",Classifier falcon divinity,C
G130,kEH_HG,13C96,U+13C96,HJ G130,G130,G-12-115,"A falcon (G5), with a feather (H6), angled forward, on its toe.","Logogram (west, right side)",C
G131,kEH_HG,13C98,U+13C98,HJ G131,G131,G-12-120,"A falcon (G5), on top of a standard used for carrying religious symbols (R12), on top of a base with a butcher's block (T28) at the front and a sandy hill slope (N29) at the back.",Logogram (necropolis),C
G131B,kEH_HG,13C99,U+13C99,HJ G131B,G131B,G-12-121,"A falcon (G5), on top of a standard used for carrying religious symbols (R12), on top of a butcher's block (T28).",Logogram (necropolis),C
G132,kEH_HG,13C9B,U+13C9B,HJ G132,G132,G-12-123,"A falcon (G5), on top of the head of a bovid (ox) with outwards curving horns (F1).",Logogram (Nemty (divinity)),C
G132A,kEH_HG,13C9A,U+13C9A,HJ G132A,G132A,G-12-122,,,
G132B,kEH_HG,13C9C,U+13C9C,HJ G132B,G132B,G-12-125,"A falcon (G5), with a flagellum (S45) on its shoulder, on top of a head of a bovid (ox), as seen from the front (F1A).",Logogram (Nemty (divinity)),C
G133,kEH_HG,13C9E,U+13C9E,HJ G133,G133,G-12-128,"A falcon (G5), on top of a piece of flesh, point down, curving forwards.",Logogram (lord),C
G136,kEH_HG,13CA0,U+13CA0,HJ G136,G136,G-12-135,"A falcon (G5), standing on top of a rectangle.",Classifier (Sokar),C
G139,kEH_HG,13145,U+13145,G006A,G139,G-12-144,A falcon (G5) on top of a wickerwork basket (V30).,Logogram (lord),C
G139A,kEH_HG,13CA4,U+13CA4,HJ G139A,G139A,G-12-145,"A falcon (G5), with a flagellum (S45) on its shoulder, on top of a wickerwork basket (V30).",Logogram (lord),C
G13A,kEH_HG,13CC9,U+13CC9,HJ G013A,G13A,G-15-013,"An archaic image of a falcon/cult image of a falcon, wearing a headdress consisting of two plumes (S9), with a flagellum (S45) on its back.",Logogram (Sopdu (divinity)),C
G14,kEH_HG,13150,U+13150,G014,G14,G-24-001,A griffon vulture (Gyps fulvus).,Logogram (mother),C
G141,kEH_HG,13CA9,U+13CA9,HJ G141,G141,G-12-159,,,
G142,kEH_HG,13CAA,U+13CAA,HJ G142,G142,G-12-160,"A falcon (G5), on top of a standard used for carrying religious symbols (R12), with a rectangular piece of cloth with fringes on the top long side, resembling a game board (of Senet) with game pieces (Y5), attached to the back of the pole.",Classifier high quality (red) linen,C
G143,kEH_HG,13CAB,U+13CAB,HJ G143,G143,G-12-161,"A falcon (G5), on top of a standard used for carrying religious symbols (R12), with a horizontal strip of cloth with four fringes (S116) attached to the back of the pole.",Logogram (high quality (red) linen),C
G144,kEH_HG,13CAD,U+13CAD,HJ G144,G144,G-13-001,"A falcon, standing, with extended wings at either side of the body, at 45 degree.",Logogram (the one who spreads out his wings ((Dewen-anwy) divinity)),C
G144B,kEH_HG,13CAE,U+13CAE,HJ G144B,G144B,G-13-003,,,
G145,kEH_HG,13CAF,U+13CAF,HJ G145,G145,G-13-007,"A falcon, legs drawn towards the body, with its wings extended at either side of the body.",Phonemogram,C
G147,kEH_HG,13CB0,U+13CB0,HJ G147,G147,G-13-009,"A falcon, standing, with extended wings at either side of the body, at 45 degree, A block-throne with a rectangle in the far bottom corner, on top of a base (Q12).",Phonemogram and classifier throne (in ṯnṯꜣ.t),C
G148,kEH_HG,13CBC,U+13CBC,HJ G148,G148,G-13-026,"A falcon, standing, with extended wings at either side of the body, at 45 degree; on top of a standard used for carrying religious symbols (R12).",Logogram (the one who spreads out his wings ((Dewen-anwy) divinity)),C
G14A,kEH_HG,13CFC,U+13CFC,HJ G014A,G14A,G-24-004,"A griffon vulture (Gyps fulvus), without internal detail or visible wings, without a lappet.",Phonemogram,C
G15,kEH_HG,13151,U+13151,G015,G15,G-24-018,"A griffon vulture (Gyps fulvus), with a flagellum (S45) on its back.",Logogram (mother),C
G151,kEH_HG,13CB2,U+13CB2,HJ G151,G151,G-13-015,"A falcon, with horizontally spread wings and spread legs, head looking towards the reading direction; claws on top of cartouches in a round form (V9), with a sceptres with a straight shaft and the head of the Seth animal going from the claw over the wing, vertically, the head of the staff above the wings, facing outwards.",Logogram (many-coloured of plumage),C
G152,kEH_HG,13CB5,U+13CB5,HJ G152,G152,G-13-018,"A falcon, with horizontally spread wings and spread legs, head looking towards the reading direction; claws on top of cartouches in a round form (V9), with one handed fans (S37) going from the claw over the wing, at an outwards angle, the head of the fan above the wing, fan curving outwards.",Logogram (many-coloured of plumage),C
G152A,kEH_HG,13CB4,U+13CB4,HJ G152A,G152A,G-13-017,"A falcon, with spread wings that angle downwards and spread legs, head looking towards the reading direction, with the sun, encircled by a cobra (Naja haje), standing up, with expanded hood (uraeus) (N6) on its head; claws on top of cartouches in a round form (V9), with one handed fans (S37) going from the claw over the wing, at an outwards angle, the head of the fan above the wing, fan curving outwards.",Logogram (many-coloured of plumage),C
G152B,kEH_HG,13CB1,U+13CB1,HJ G152B,G152B,G-13-013,,,
G153,kEH_HG,13CB6,U+13CB6,HJ G153,G153,G-13-019,"A falcon, with horizontally spread wings and spread legs, head looking towards the reading direction, with the sun, encircled by a cobra (Naja haje), standing up, with expanded hood (uraeus) (N6) on its head; claws on top of cartouches in a round form (V9), with one handed fans (S37) going from the claw over the wing, at an outwards angle, the head of the fan above the wing, fan curving outwards; on top of a sand covered mountain over the edge of the cultivated areas (N26).","Logogram (many-coloured of plumage, who goes forth in/from the horizon)",C
G153A,kEH_HG,13CB7,U+13CB7,HJ G153A,G153A,G-13-020,"A falcon, with spread wings that angle downwards and spread legs, head looking towards the reading direction, with the sun, encircled by a cobra (Naja haje), standing up, with expanded hood (uraeus) (N6) on its head; claws on top of cartouches in a round form (V9), with one handed fans (S37) going from the claw over the wing, at an outwards angle, the head of the fan above the wing, fan curving outwards; written inside the sun disk of the sun rising over a sand covered mountain over the edge of the cultivated areas (N27). ","Logogram (many-coloured of plumage, who goes forth in/from the horizon)",C
G154,kEH_HG,13CBB,U+13CBB,HJ G154,G154,G-13-025,,,
G155,kEH_HG,13CB9,U+13CB9,HJ G155,G155,G-13-022,,,
G158,kEH_HG,13CBF,U+13CBF,HJ G158,G158,G-14-001,"A falcon, legs drawn towards the body, body nearly horizontal.",Classifier falcon,C
G158A,kEH_HG,13CC0,U+13CC0,HJ G158A,G158A,G-14-002,"A falcon, legs drawn towards the body, body nearly horizontal (G158), with a flagellum (S45) on its back.",Classifier falcon/bird of prey,C
G158B,kEH_HG,13CC1,U+13CC1,HJ G158B,G158B,G-14-007,"A falcon, legs drawn towards the body, body nearly horizontal (G158), with a flagellum (S45) on its back; on top of a standard used for the carrying of religious symbols with the vertical stick at the far side (R92A). ",Logogram (god),C
G158C,kEH_HG,13CC2,U+13CC2,HJ G158C,G158C,G-14-008,"A falcon, legs drawn towards the body, body nearly horizontal (G158), on top of a standard used for the carrying of religious symbols with the vertical stick at the far side (R92A). ",Logogram (god),C
G16,kEH_HG,13152,U+13152,G016,G16,G-24-029,"A griffon vulture (Gyps fulvus), on top of a wickerwork basket (V30), in front of a cobra (Naja haje), standing up, with expanded hood (uraeus), with a coiled tail (I12), upon a wickerwork basket (V30).",Logogram (the two ladies (i.e. Nekhbet and Wadjet),L
G161,kEH_HG,13CC3,U+13CC3,HJ G161,G161,G-15-005,"An archaic image of a falcon/cult image of a falcon, with a counterweight of a necklace (S18A) on its back.",Logogram (Horus),C
G161A,kEH_HG,13CC4,U+13CC4,HJ G161A,G161A,G-15-006,"An archaic image of a falcon/cult image of a falcon, with a counterweight of a necklace (S18A) and a flagellum (S45) on its back.",Classifier cult image,C
G162,kEH_HG,13CC5,U+13CC5,HJ G162,G162,G-15-007,"An archaic image of a falcon/cult image of a falcon, wearing the white crown (S1).",Logogram (Horus),C
G162B,kEH_HG,13CCD,U+13CCD,HJ G162B,G162B,G-15-019,,,
G164,kEH_HG,13CCB,U+13CCB,HJ G164,G164,G-15-017,,,
G165,kEH_HG,13CCC,U+13CCC,HJ G165,G165,G-15-018,"A falcon, lying down on a bed, with a leonid head, legs and tail (Q19).",Logogram,C
G166,kEH_HG,13C32,U+13C32,HJ G166,G166,G-11-004,,,
G167,kEH_HG,13C26,U+13C26,HJ G167,G167,G-08-004,,,
G168,kEH_HG,13C27,U+13C27,HJ G168,G168,G-08-007,"Three ducks or geese, overlapping each other, front duck or goose looking forwards, back ducks or geese looking backwards.",Phonemogram,C
G16A,kEH_HG,13D04,U+13D04,HJ G016A,G16A,G-24-028,"A griffon vulture (Gyps fulvus), on top of a wickerwork basket (V30).",Classifier divinity (Nekhbet),C
G16B,kEH_HG,13D05,U+13D05,HJ G016B,G16B,G-24-030,"A griffon vulture (Gyps fulvus), with a flagellum (S45) on its back; on top of a wickerwork basket (V30).",Logogram (Mut (divinity)),C
G17,kEH_HG,13153,U+13153,G017,G17,G-09-001,An owl.,Phonemogram,C
G172,kEH_JSesh,13C25,U+13C25,G172,G172,G-08-003,"A greater white-fronted goose (Anser albifrons), with a protruding feather at the back of the bird.",Phonemogram,C
G173,kEH_HG,13C28,U+13C28,HJ G173,G173,G-08-012,"A greater white-fronted goose (Anser albifrons), head angled downwards, with open beak.",Phono-repeater,C
G174,kEH_HG,13C29,U+13C29,HJ G174,G174,G-08-013,"A greater white-fronted goose (Anser albifrons), with a protruding feather on top of the head.",Phonemogram,C
G175,kEH_HG,13C2A,U+13C2A,HJ G175,G175,G-08-014,"A duck or goose, seated upon a bed with leonine legs and tail.","Classifier lying, sleeping, spending the night",C
G176,kEH_HG,13CFD,U+13CFD,HJ G176,G176,G-24-005,,,
G176A,kEH_HG,13CFE,U+13CFE,HJ G176A,G176A,G-24-006,"A griffon vulture (Gyps fulvus), without internal detail or visible wings, with a lappet.",Phonemogram,C
G177,kEH_HG,13CFF,U+13CFF,HJ G177,G177,G-24-007,,,
G179,kEH_HG,13D00,U+13D00,HJ G179,G179,G-24-011,"A griffon vulture (Gyps fulvus), wearing the Atef crown (S8A).",Phonemogram,C
G17A,kEH_HG,13C2E,U+13C2E,HJ G017A,G17A,G-09-030,"A schematic representation of an owl, legs drawn towards the body, with the head replaced by two upward lines.",Phonemogram,C
G17B,kEH_HG,13C2F,U+13C2F,HJ G017B,G17B,G-09-031,"A schematic representation of an owl, legs drawn towards the body, with the head replaced by an upwards line and one forward line.",Phonemogram,C
G17C,kEH_HG,13C2C,U+13C2C,HJ G017C,G17C,G-09-002,,,
G17D,kEH_HG,13C2D,U+13C2D,HJ G017D,G17D,G-09-003,"An owl, legs drawn towards the body, with a human face.",Phonemogram,C
G18,kEH_HG,13154,U+13154,G018,G18,G-09-006,"Two owls, overlapping each other.",Phonemogram,C
G182,kEH_HG,13D03,U+13D03,HJ G182,G182,G-24-026,"A griffon vulture (Gyps fulvus), with a flagellum (S45) on its back, right claw extended forwards, holding a sceptre with a straight shaft, a forked base, topped with the head of the Seth animal (S40), angling forwards, with a cartouche in a round form (V9) with the loop around the staff.",Logogram (Nekhbet (divinity)),C
G185,kEH_HG,13D07,U+13D07,HJ G185,G185,G-24-032,"A griffon vulture (Gyps fulvus), wearing the white crown (S1), with a flagellum (S45) on its back; on top of a wickerwork basket (V30).",Logogram (lady (in nb.ty)),C
G186,kEH_HG,13D09,U+13D09,HJ G186,G186,G-25-002,"A griffon vulture (Gyps fulvus), with the wings extended forward, as if to envelop someone or something.",Logogram/phonemogram (to protect),C
G186B,kEH_HG,13D0C,U+13D0C,HJ G186B,G186B,G-25-008,,,
G186D,kEH_HG,13D0A,U+13D0A,HJ G186D,G186D,G-25-004,"A griffon vulture (Gyps fulvus), with the wings extended forward, as if to envelop someone or something, without internal detail.",Logogram/phonemogram (to protect),C
G19,kEH_HG,13155,U+13155,G019,G19,G-09-023,,,L
G190,kEH_HG,13C5B,U+13C5B,HJ G190,G190,G-11-082,"A crested ibis (Ibis comata), with a spiral, winding counterclockwise away from its central point, ending at the right lower corner after about one and a half turns (Z7) on its claws.",Phonemogram,C
G191,kEH_HG,13C5F,U+13C5F,HJ G191,G191,G-11-096,"A feather (H6), in front of an African sacred ibis (Threskiornis aethiopicus) (G26A), on top of a standard used for the carrying of religious symbols with the vertical stick at the far side (R92A). ",Logogram (Thot),C
G191A,kEH_HG,13C60,U+13C60,HJ G191A,G191A,G-11-097,"A feather (H6), in front of an African sacred ibis (Threskiornis aethiopicus) (G26A), with a flagellum (S45) on its back; on top of a standard used for the carrying of religious symbols with the vertical stick at the far side (R92A). ",Logogram (god),C
G192,kEH_HG,13C61,U+13C61,HJ G192,G192,G-11-106,,,
G195,kEH_HG,13C62,U+13C62,HJ G195,G195,G-11-108,"An African sacred ibis (Threskiornis aethiopicus), legs drawn towards the body.",Logogram (Thot),C
G195A,kEH_HG,13C63,U+13C63,HJ G195A,G195A,G-11-109,"An African sacred ibis (Threskiornis aethiopicus), legs drawn towards the body (G195), with a flagellum (S45) on its back.",Logogram (Thot),C
G196,kEH_HG,13C64,U+13C64,HJ G196,G196,G-11-110,"An African sacred ibis (Threskiornis aethiopicus), legs drawn towards the body, with a flagellum on its back (G195A), with a feather (H6), angled forwards, on its toe.",Logogram (god),C
G196A,kEH_HG,13C65,U+13C65,HJ G196A,G196A,G-11-111,"An African sacred ibis (Threskiornis aethiopicus), legs drawn towards the body (G195), with a feather (H6), angled forwards, on its toe.",Logogram (Thot),C
G197,kEH_HG,13C66,U+13C66,HJ G197,G197,G-11-112,"An African sacred ibis (Threskiornis aethiopicus), legs drawn towards the body, with the wings extended on either side of the body.",Phonemogram,C
G198,kEH_HG,13C67,U+13C67,HJ G198,G198,G-11-113,"An African sacred ibis (Threskiornis aethiopicus), legs drawn towards the body (G195), on top of a standard used for the carrying of religious symbols with the vertical stick at the far side (R92A). ",Logogram (god),C
G198A,kEH_HG,13C68,U+13C68,HJ G198A,G198A,G-11-114,"An African sacred ibis (Threskiornis aethiopicus), legs drawn towards the body, with a flagellum on its back (G195A); on top of a standard used for the carrying of religious symbols with the vertical stick at the far side (R92A). ",Logogram (god),C
G199,kEH_HG,13C69,U+13C69,HJ G199,G199,G-11-116,"An African sacred ibis (Threskiornis aethiopicus), legs drawn towards the body (G195), with a feather (H6), angled forwards, on its toe; on top of a standard used for the carrying of religious symbols with the vertical stick at the far side (R92A). ",Classifier Thot,C
G199A,kEH_HG,13C6A,U+13C6A,HJ G199A,G199A,G-11-117,"An African sacred ibis (Threskiornis aethiopicus), legs drawn towards the body (G195), with a flagellum (S45) on its back, with a feather (H6), angled forwards, on its toe; on top of a standard used for the carrying of religious symbols with the vertical stick at the far side (R92A). ",Logogram (god),C
G2,kEH_HG,13140,U+13140,G002,G2,G-26-004,"Two Egyptian vultures (Neophron percnopterus), overlapping each other.",Phonemogram,C
G20,kEH_HG,13156,U+13156,G020,G20,G-09-008,"A forearm, with the palm of the hand facing upwards (D36), written over an owl (G17).",Phonemogram,L
G200,kEH_HG,13CF8,U+13CF8,HJ G200,G200,G-23-003,"Three lapwings (Vanellus cristatus), overlapping each other.","Logogram (common folk, subjects, people)",C
G201,kEH_HG,13CD8,U+13CD8,HJ G201,G201,G-18-005,,,
G202,kEH_HG,13CD9,U+13CD9,HJ G202,G202,G-18-008,"A human headed bird (G53A), wearing a headdress consisting of two feathers on top of the horns of a ram (S77).",Phonemogram,C
G204,kEH_HG,13CDB,U+13CDB,HJ G204,G204,G-18-012,,,
G204A,kEH_HG,13CDC,U+13CDC,HJ G204A,G204A,G-18-013,"A human headed bird (G53A), wearing a headdress consisting of a sun disk between the horns of a bovid (F102), with a flagellum (S45) on its shoulder.",Logogram (the female falcon),C
G207,kEH_HG,13CF0,U+13CF0,HJ G207,G207,G-21-001,A pelican.,Classifier pelican,C
G21,kEH_HG,13158,U+13158,G021,G21,G-22-002,"A saharan helmeted guinea fowl (Numida m. meleagris), with a lappet.",Phonemogram,C
G210,kEH_HG,13CF5,U+13CF5,HJ G210,G210,G-22-010,"A vulturine guineafowl (Acryllium vulturinum), without lappet.",Phonemogram,C
G210A,kEH_HG,13CF6,U+13CF6,HJ G210A,G210A,G-22-011,"A vulturine guineafowl (Acryllium vulturinum), with lappet.",Phonemogram,C
G211,kEH_HG,13C4B,U+13C4B,HJ G211,G211,G-11-052,"Three gray herons (Ardea cinerea), overlapping each other.","Logogram (might, power)",C
G211A,kEH_HG,13C4C,U+13C4C,HJ G211A,G211A,G-11-053,"Three gray herons (Ardea cinerea) with lappets, overlapping each other.",Logogram/phonemogram (in ḥw.t-bꜣ.w (room in the Esna temple)),C
G212,kEH_HG,13C44,U+13C44,HJ G212,G212,G-11-040,,,
G213,kEH_HG,13C47,U+13C47,HJ G213,G213,G-11-045,"A cattle egret (Bubulcus ibis), with a bent neck, with the head facing towards the body.",Classifier bird offering,C
G213A,kEH_HG,13C48,U+13C48,HJ G213A,G213A,G-11-046,"A cattle egret (Bubulcus ibis), with a bent neck, with the head facing towards the body, with a line over its neck (mutilation).","Classifier destroy, to destroy (in this case specifically in ḥtm.yt, place of execution)",C
G213B,kEH_HG,13C49,U+13C49,HJ G213B,G213B,G-11-047,"A cattle egret (Bubulcus ibis), with a bent neck, with the head facing towards the body, and legs drawn towards the body.","Logogram (bird, fowl)",C
G215,kEH_HG,13C51,U+13C51,HJ G215,G215,G-11-060,"A gray heron (Ardea cinerea), legs drawn towards the body.",Logogram (to inundate),C
G216,kEH_HG,13C53,U+13C53,HJ G216,G216,G-11-063,,,
G216A,kEH_HG,13C55,U+13C55,HJ G216A,G216A,G-11-066,"A gray heron (Ardea cinerea), legs drawn towards the body (G215), with the claws on top of a sand covered mountain over the edge of the cultivated areas (N26).",Logogram (to inundate),C
G216B,kEH_HG,13C54,U+13C54,HJ G216B,G216B,G-11-065,"A gray heron (Ardea cinerea), legs drawn towards the body (G215), with the claws on top of the hill country over the edge of the cultivated areas (N25).",Logogram (to inundate),C
G217,kEH_HG,13C57,U+13C57,HJ G217,G217,G-11-069,"A gray heron (Ardea cinerea), legs drawn towards the body (G215), on top of a standard used for the carrying of religious symbols with the vertical stick at the far side (R92A). ",Logogram (god),C
G217A,kEH_HG,13C52,U+13C52,HJ G217A,G217A,G-11-062,"A gray heron (Ardea cinerea), legs drawn towards the body, with a flagellum (S45) on its back; on top of a standard used for the carrying of religious symbols with the vertical stick at the far side (R92A). ",Logogram (soul),C
G21A,kEH_HG,13CF1,U+13CF1,HJ G021A,G21A,G-22-001,"A saharan helmeted guinea fowl (Numida m. meleagris), without a lappet.",Phonemogram,C
G21B,kEH_HG,13CF2,U+13CF2,HJ G021B,G21B,G-22-004,"A saharan helmeted guinea fowl (Numida m. meleagris), with a lappet, without the two protruding feathers on its head.",Phonemogram,C
G21C,kEH_HG,13CF4,U+13CF4,HJ G021C,G21C,G-22-006,"A saharan helmeted guinea fowl (Numida m. meleagris), without a lappet, without the two protruding feathers on its head.",Phonemogram,C
G22,kEH_HG,13CD2,U+13CD2,G022X,G22,G-17-002,,,
G220,kEH_HG,13CD0,U+13CD0,HJ G220,G220,G-16-010,"A swallow (Hirundo rustica savignii) (G36), on top of a mouth (D21).",Phonemogram,C
G222,kEH_HG,13C41,U+13C41,HJ G222,G222,G-11-032,,,
G224,kEH_HG,13C42,U+13C42,HJ G224,G224,G-11-035,,,
G225,kEH_HG,13C3B,U+13C3B,HJ G225,G225,G-11-020,,,
G225A,kEH_HG,13C3C,U+13C3C,HJ G225A,G225A,G-11-021,"A saddle-billed stork (Ephippiorhynchus senegalensis), without lappet (G29A), on top of a hoe with a rope connecting the two pieces, written horizontally (U7).","Logogram (to hack up, to open up (the earth))",C
G227,kEH_HG,13C39,U+13C39,HJ G227,G227,G-11-017,,,
G228,kEH_HG,13C0C,U+13C0C,HJ G228,G228,G-01-003,,,
G229,kEH_HG,13CCF,U+13CCF,HJ G229,G229,G-16-001,A bird with a small tail.,"Classifier (some type of bird) or (Dedwen, divinity)",C
G22A,kEH_HG,13CD3,U+13CD3,HJ G022A,G22A,G-17-003,"A hoopoe (Upupa epops), without distinctive crest.",Phonemogram,C
G23,kEH_HG,1315A,U+1315A,G023,G23,G-23-001,A lapwing (Vanellus cristatus).,"Logogram (common folk, subjects, people)",C
G230,kEH_HG,13CE1,U+13CE1,HJ G230,G230,G-20-007,"A duckling, with open beak, outstretched wings above the body, and the legs drawn towards the body.",Phonemogram,C
G232,kEH_HG,13CEA,U+13CEA,HJ G232,G232,G-20-024,Three heads and upper bodies of ducks protruding from a nest with netting as internal detail.,Phonemogram,C
G232A,kEH_HG,13CE9,U+13CE9,HJ G232A,G232A,G-20-022,Three heads and upper bodies of ducks protruding from a nest without internal detail.,Phonemogram,C
G235,kEH_HG,13CE4,U+13CE4,HJ G235,G235,G-20-015,,,
G237,kEH_HG,13CE5,U+13CE5,HJ G237,G237,G-20-017,"Two heads of a pintail duck (Anas acuta) (H1), protruding from an oval pool or nest.",Classifier nest,C
G237A,kEH_HG,13CE6,U+13CE6,HJ G237A,G237A,G-20-018,"Two heads of a pintail duck (Anas acuta) (H1), protruding from a pool or nest resembling the sky (N1).",Phonemogram,C
G238,kEH_HG,13CEF,U+13CEF,HJ G238,G238,G-20-035,"Four heads of a pintail duck (Anas acuta) (H1), protruding from an oval pool or nest","Logogram (bird-pool, nest, marshland)",C
G24,kEH_HG,1315B,U+1315B,G024,G24,G-23-005,"A lapwing (Vanellus cristatus), legs drawn towards the body, wings extended above the body.","Logogram (common folk, subjects, people)",C
G247,kEH_HG,13175,U+13175,G045A,G247,G-03-007,"A forearm with the hand holding a conical loaf of bread (D37), written over a quail chick (G43).",Phonemogram,L
G24A,kEH_HG,13CFA,U+13CFA,HJ G024A,G24A,G-23-007,"A lapwing (Vanellus cristatus), legs drawn towards the body, wings extended above the body, with two human arms, extending from the breast, raised, with hand palms outwards.","Logogram (common folk, subjects, people)",C
G24B,kEH_HG,13CFB,U+13CFB,HJ G024B,G24B,G-23-009,"A lapwing (Vanellus cristatus), standing, wings extended above the body, with two human arms, extending from the breast, raised, with hand palms outwards.","Logogram (common folk, subjects, people)",C
G25,kEH_HG,1315C,U+1315C,G025,G25,G-11-081,A crested ibis (Ibis comata).,Phonemogram,C
G250,kEH_HG,13CDE,U+13CDE,HJ G250,G250,G-19-003,A bird with the head of a ram.,Logogram (soul),C
G254,kEH_HG,13C2B,U+13C2B,HJ G254,G254,G-08-021,"A greater white-fronted goose (Anser albifrons), head angled downwards, with the neck making a loop, with open beak.",Phonemogram,C
G255,kEH_HG,13C35,U+13C35,HJ G255,G255,G-11-010,,,
G25A,kEH_HG,13C4D,U+13C4D,HJ G025A,G25A,G-11-054,"A crested ibis (Ibis comata), with a crest of two long feathers on the head.",Phonemogram,C
G26,kEH_HG,1315D,U+1315D,G026,G26,G-11-089,"An African sacred ibis (Threskiornis aethiopicus) (G26A), on top of a standard used for carrying religious symbols (R12).",Logogram (Thot),C
G260,kEH_HG,13CBD,U+13CBD,HJ G260,G260,G-13-029,,,
G264A,kEH_HG,13C80,U+13C80,HJ G264A,G264A,G-12-055,"A feather (H6), in front of a falcon (G5), on top of a standard used for carrying religious symbols, with a loop under the horizontal beam, running over the vertical pole (R12A).","Logogram (West, 3rd nome of Lower Egypt)",C
G265,kEH_HG,13CA3,U+13CA3,HJ G265,G265,G-12-140,"A falcon (G5), on top of a shrine resembling a rectangular coffin with a rounded lid, and upstanding sides, without legs (Q6A).",Logogram (sanctuary of Sokar),C
G26A,kEH_HG,1315E,U+1315E,G026A,G26A,G-11-085,An African sacred ibis (Threskiornis aethiopicus).,Classifier ibis,C
G26C,kEH_HG,13C5C,U+13C5C,HJ G026C,G26C,G-11-087,"An African sacred ibis (Threskiornis aethiopicus) (G26A), with a flagellum (S45) on its shoulder, on top of a standard used for the carrying of religious symbols with the vertical stick at the far side (R92A). ",Logogram (god),C
G27,kEH_HG,1315F,U+1315F,G027,G27,G-11-001,A greater flamingo (Phoenicopterus roseus).,Logogram (to be red),C
G274,kEH_HG,13C7D,U+13C7D,HJ G274,G274,G-12-050,"A loop of cord with the ends upwards (V6), in front of a falcon (G5), on top of a standard used for the carrying of religious symbols with the vertical stick at the far side (R92A). ",Logogram (high quality (red) linen),C
G276,kEH_HG,13C12,U+13C12,HJ G276,G276,G-04-014,,,
G278,kEH_HG,13C5E,U+13C5E,HJ G278,G278,G-11-094,"An African sacred ibis (Threskiornis aethiopicus) (G26A), with a feather (H6), angled forward, on its toe.",Logogram (to be excellent),C
G28,kEH_HG,13160,U+13160,G028,G28,G-11-008,A black ibis (Plegadis falcinellus).,Phonemogram,C
G282,kEH_HG,13D08,U+13D08,HJ G282,G282,G-24-038,"A griffon vulture (Gyps fulvus), with the horns of a bovid (F13) on its head; on top of an alabaster basin with a diamond shaped inner marking (W3).",Logogram (new year festival),C
G283,kEH_HG,13D02,U+13D02,HJ G283,G283,G-24-021,"A griffon vulture (Gyps fulvus), with a flagellum (S45) on its back; on top of a standard used for the carrying of religious symbols with the vertical stick at the far side (R92A). ",Logogram (goddess),C
G284,kEH_HG,13D01,U+13D01,HJ G284,G284,G-24-013,,,
G285,kEH_HG,13C6C,U+13C6C,HJ G285,G285,G-12-009,"A falcon (G5), with a cobra (Naja haje), standing up, with expanded hood (uraeus), wearing the white crown (I55) at its toe.",Logogram (Horus),C
G286,kEH_HG,13C6E,U+13C6E,HJ G286,G286,G-12-018,"A falcon (G5) with the sun, encircled by a cobra (Naja haje), standing up, with expanded hood (uraeus) (N6) on its head, with a flagellum (S45) on its shoulder.",Logogram (Re-Hor (usually in rꜥ-ḥr-ꜣḫ.ty),C
G287,kEH_HG,13C6B,U+13C6B,HJ G287,G287,G-12-008,,,
G289,kEH_HG,13C7E,U+13C7E,HJ G289,G289,G-12-051,,,
G29,kEH_HG,13161,U+13161,G029,G29,G-11-011,"A saddle-billed stork (Ephippiorhynchus senegalensis), with lappet.",Phonemogram,C
G290,kEH_HG,13C92,U+13C92,HJ G290,G290,G-12-108,"An obelisk, with base (O25), in front of a falcon (G5), on top of a façade of a palace or tomb, with a doorway (O33A).","Logogram/phonemogram (Horus, who endures on the palace façade)",C
G291,kEH_HG,13CAC,U+13CAC,HJ G291,G291,G-12-164,"A falcon (G5), on top of a standard used for carrying religious symbols (R12), on top of a horizontal object resembling a mace or wooden column (O29). ",Logogram (high quality (red) linen),C
G293,kEH_HG,13CBE,U+13CBE,HJ G293,G293,G-13-031,"A falcon, seen from the side, one wing forwards, horizontal, other wing forwards, at 45 degree downward angle, one claw visible below the lower wing.",Logogram (to protect),C
G296,kEH_HG,13CDF,U+13CDF,HJ G296,G296,G-19-004,,,
G298,kEH_HG,13C3D,U+13C3D,HJ G298,G298,G-11-023,,,
G299,kEH_HG,13C3E,U+13C3E,HJ G299,G299,G-11-025,,,
G29A,kEH_HG,13C34,U+13C34,HJ G029A,G29A,G-11-009,"A saddle-billed stork (Ephippiorhynchus senegalensis), without lappet.",Phonemogram,C
G29B,kEH_HG,13C37,U+13C37,HJ G029B,G29B,G-11-014,"A saddle-billed stork (Ephippiorhynchus senegalensis), without lappet (G29A), with a flagellum (S45) on its back.",Logogram (soul),C
G3,kEH_HG,13141,U+13141,G003,G3,G-26-022,"An Egyptian vulture (Neophron percnopterus) (G1), written over a sickle (U1), with the handle towards the back.",Phonemogram,L
G30,kEH_HG,13162,U+13162,G030,G30,G-11-018,"Three saddle-billed storks (Ephippiorhynchus senegalensis), overlapping each other, the first bird having a lappet.",Logogram (souls),C
G300,kEH_HG,13C33,U+13C33,HJ G300,G300,G-11-005,"A black ibis (Plegadis falcinellus), head down, tip of the beak at the level of the toes.",Phonemogram,C
G305,kEH_HG,13C16,U+13C16,HJ G305,G305,G-05-004,"A greater white-fronted goose (Anser albifrons), standing, with a wing at either side of its body.",Phonemogram,C
G306,kEH_HG,13CE2,U+13CE2,HJ G306,G306,G-20-008,"A duck, beak closed, outstretched wings above the body, legs drawn towards the body.",Logogram (water fowl),C
G307,kEH_HG,13C31,U+13C31,HJ G307,G307,G-10-003,"A great cormorant (Phalacrocorax carbo), with two ticks on its head.",Phonemogram,C
G309,kEH_HG,13CE7,U+13CE7,HJ G309,G309,G-20-019,"Two ducklings, with open beak, outstretched wings on either side of the body, and the legs drawn towards the body (G47), above a sickle moon shaped nest.",Phonemogram,C
G30A,kEH_HG,13C3A,U+13C3A,HJ G030A,G30A,G-11-019,"Three saddle-billed storks (Ephippiorhynchus senegalensis), overlapping each other, without lappets.","Logogram (might, power)",C
G31,kEH_HG,13163,U+13163,G031,G31,G-11-050,A gray heron (Ardea cinerea).,Classifier heron,C
G310,kEH_HG,13CE8,U+13CE8,HJ G310,G310,G-20-020,,,
G31A,kEH_HG,13C4A,U+13C4A,HJ G031A,G31A,G-11-051,A gray heron (Ardea cinerea) with a lappet.,Phonemogram,C
G31B,kEH_HG,13C59,U+13C59,HJ G031B,G31B,G-11-076,A gray heron (Ardea cinerea) with a single feather on its head.,Classifier heron,C
G31D,kEH_HG,13C58,U+13C58,HJ G031D,G31D,G-11-074,A gray heron (Ardea cinerea) with a single straight feather on its head and a lappet.,Phonemogram,C
G31E,kEH_HG,13C50,U+13C50,HJ G031E,G31E,G-11-058,"A gray heron (Ardea cinerea) (G31), with a flagellum (S45) on its back; on top of a standard used for the carrying of religious symbols with the vertical stick at the far side (R92A). ",Logogram (god),C
G32,kEH_HG,13164,U+13164,G032,G32,G-11-061,"A gray heron (Ardea cinerea), legs drawn towards the body, seated on a pole, held upright through ropes (R91).",Logogram (to inundate),C
G33,kEH_HG,13165,U+13165,G033,G33,G-11-028,A cattle egret (Bubulcus ibis).,Phonemogram,C
G33A,kEH_HG,13C40,U+13C40,HJ G033A,G33A,G-11-029,A cattle egret (Bubulcus ibis) with a lappet.,Phonemogram,C
G34,kEH_HG,13166,U+13166,G034,G34,G-01-001,"An ostrich (Struthio camelus), with both wings upwards.",Classifier ostrich,C
G34A,kEH_HG,13C0B,U+13C0B,HJ G034A,G34A,G-01-002,"An ostrich (Struthio camelus), with one wing downwards and one wing upwards.",Logogram (ostrich),C
G35,kEH_HG,13167,U+13167,G035,G35,G-10-001,A great cormorant (Phalacrocorax carbo).,Phonemogram,C
G36,kEH_HG,13168,U+13168,G036,G36,G-16-002,A swallow (Hirundo rustica savignii).,Phonemogram,C
G37,kEH_HG,1316A,U+1316A,G037,G37,G-16-013,A house sparrow (Passer domesticus niloticus).,"Classifier negative, bad",C
G38,kEH_HG,1316C,U+1316C,G038,G38,G-08-001,A greater white-fronted goose (Anser albifrons).,Phonemogram,C
G39,kEH_HG,1316D,U+1316D,G039,G39,G-04-001,A pintail duck (Anas acuta).,Logogram (son),C
G39A,kEH_HG,13C10,U+13C10,HJ G039A,G39A,G-04-012,"A pintail duck (Anas acuta), with a lappet.",Phonemogram (like in ḫsbd lapis-lazuli),C
G4,kEH_HG,13142,U+13142,G004,G4,G-02-003,A long-legged buzzard (Buteo rufinus).,Phonemogram,C
G40,kEH_HG,1316E,U+1316E,G040,G40,G-05-001,"A greater white-fronted goose (Anser albifrons), flying, with a wing at either side of its body.",Phonemogram,C
G40A,kEH_HG,13C15,U+13C15,HJ G040A,G40A,G-05-002,"A greater white-fronted goose (Anser albifrons), flying, with a wing at either side of its body (G40), on top of a standard used for the carrying of religious symbols with the vertical stick at the far side (R92A).",Logogram (Sepa),C
G41,kEH_HG,1316F,U+1316F,G041,G41,G-05-010,"A greater white-fronted goose (Anser albifrons), alighting or flying up, with both wings behind the body.",Phonemogram,C
G41A,kEH_HG,13C19,U+13C19,HJ G041A,G41A,G-05-012,"A greater white-fronted goose (Anser albifrons), head looking downwards, legs extended, both wings behind the body.",Logogram (to destroy),C
G42,kEH_HG,13170,U+13170,G042,G42,G-07-003,A widgeon (Mareca penelope).,Phonemogram,C
G43,kEH_HG,13171,U+13171,G043,G43,G-03-001,A quail chick (Coturnix coturnix).,Phonemogram,C
G44,kEH_HG,13173,U+13173,G044,G44,G-03-003,"Two quail chicks (Coturnix coturnix), overlapping each other.",Phonemogram,C
G45,kEH_HG,13174,U+13174,G045,G45,G-03-005,"A forearm, with the palm of the hand facing upwards (D36), written over a quail chick (G43).",Phonemogram,L
G46,kEH_HG,13176,U+13176,G046,G46,G-03-025,"A quail chick (G43), written over a sickle (U1).",Phonemogram,L
G47,kEH_HG,13177,U+13177,G047,G47,G-20-006,"A duckling, with open beak, outstretched wings on either side of the body, and the legs drawn towards the body.",Phonemogram,C
G48,kEH_HG,13178,U+13178,G048,G48,G-20-023,"Three ducklings, with open beaks, outstretched wings on either side of the body, and the legs drawn towards the body (G47), inside a nest.",Classifier nest,C
G48A,kEH_HG,13CE3,U+13CE3,HJ G048A,G48A,G-20-010,"A duckling, with open beak, outstretched wings on either side of the body, and the legs drawn towards the body (G47), above a sickle moon shaped nest.",Classifier nest,C
G49B,kEH_HG,13CEC,U+13CEC,HJ G049B,G49B,G-20-027,Three heads and upper bodies of ducks protruding from a nest resembling a wickerwork basket (V30).,Phonemogram,C
G49C,kEH_HG,13CEB,U+13CEB,HJ G049C,G49C,G-20-026,"Three heads of a pintail duck (Anas acuta) (H1), protruding from a pool or nest resembling a wickerwork basket (V30).",Logogram (nest),C
G49E,kEH_HG,13CED,U+13CED,HJ G049E,G49E,G-20-028,"Three heads of a pintail duck (Anas acuta) (H1), protruding from an oval pool or nest.","Logogram (bird-pool, nest)",C
G4A,kEH_HG,13C0D,U+13C0D,HJ G004A,G4A,G-02-004,"A long-legged buzzard (Buteo rufinus), with a lappet.",,C
G5,kEH_HG,13143,U+13143,G005,G5,G-12-002,A falcon.,Logogram (Horus),C
G50,kEH_HG,1317A,U+1317A,G050,G50,G-04-011,"Two plovers, overlapping each other.",Phonemogram,C
G51,kEH_HG,1317B,U+1317B,G051,G51,G-11-043,"A cattle egret (Bubulcus ibis), pecking and standing upon a fish with a long broad fin on its back, and two small fins on its belly.",Classifier catching fish,C
G51A,kEH_HG,13C45,U+13C45,HJ G051A,G51A,G-11-042,"A cattle egret (Bubulcus ibis), standing, with a fish in its beak.",Phonemogram,C
G52,kEH_HG,1317C,U+1317C,G052,G52,G-08-020,"A goose, standing, with its head downwards, as if it is picking up food","Classifier feeding, eating",C
G53,kEH_HG,1317D,U+1317D,G053,G53,G-18-004,"A bowl for incense with smoke rising from the bowl (R7), written in front of the legs of a human headed bird (G53A).",Logogram (soul),C
G53A,kEH_HG,13CD5,U+13CD5,HJ G053A,G53A,G-18-001,A human headed bird.,Logogram (soul),C
G53B,kEH_HG,13CD7,U+13CD7,HJ G053B,G53B,G-18-003,,,
G53C,kEH_HG,13CD6,U+13CD6,HJ G053C,G53C,G-18-002,"A human headed bird, with a flagellum (S45) on its shoulder.",Logogram (soul),C
G54,kEH_HG,1317E,U+1317E,G054,G54,G-08-016,"A trussed and plucked goose or duck, with the head backwards below its body.",Phonemogram,C
G6,kEH_HG,13144,U+13144,G006,G6,G-12-005,A falcon (G5) with a flagellum (S45) on its back.,Classifier falcon,C
G64,kEH_HG,13D0D,U+13D0D,HJ G064,G64,G-26-006,,,
G66,kEH_HG,13D0E,U+13D0E,HJ G066,G66,G-26-020,"An Egyptian vulture (Neophron percnopterus), with two strokes (feathers?) in a V shape on top of its head.",Phonemogram,C
G68,kEH_HG,13C0E,U+13C0E,HJ G068,G68,G-04-002,"A pintail duck (Anas acuta), with a dotted circle around its head.",Logogram (to tremble),C
G68A,kEH_HG,13C0F,U+13C0F,HJ G068A,G68A,G-04-010,"A pintail duck (Anas acuta), written within a dotted oval/circle.",Classifier to tremble,C
G7,kEH_HG,13146,U+13146,G007,G7,G-12-047,"A falcon (G5), on top of a standard used for carrying religious symbols (R12).",Classifier divine beings/divine things,C
G72,kEH_HG,13C17,U+13C17,HJ G072,G72,G-05-005,"A greater white-fronted goose (Anser albifrons), flying, with a wing at either side of its body (G40), written within a dotted oval/circle.",Logogram (to tremble),C
G73,kEH_HG,13C18,U+13C18,HJ G073,G73,G-05-009,"A greater white-fronted goose (Anser albifrons), standing, with an open beak, with a wing at either side of its body, seen from behind.",Phonemogram,C
G74,kEH_HG,13C1B,U+13C1B,HJ G074,G74,G-05-015,"A greater white-fronted goose (Anser albifrons), standing, wings behind the body.",Phonemogram,C
G75A,kEH_HG,13C1C,U+13C1C,HJ G075A,G75A,G-05-018," A feather (H6), in front of a greater white-fronted goose (Anser albifrons), alighting or flying up, with both wings behind the body (G41), on top of a strip of land, with three grains of sand written beneath it (N16).",Phonemogram,C
G76,kEH_HG,13C1E,U+13C1E,HJ G076,G76,G-05-020,,,
G76A,kEH_HG,13C1F,U+13C1F,HJ G076A,G76A,G-05-021,"Three ducks or geese, without wings, standing, overlapping each other vertically, rotated 90 degree.",Phonemogram,C
G78,kEH_HG,13C20,U+13C20,HJ G078,G78,G-05-023,"Three ducks or geese, both wings above the body, standing, overlapping each other vertically, rotated 90 degree.",Phonemogram,C
G7A,kEH_HG,13147,U+13147,G007A,G7A,G-12-132,"A falcon (G5), on top of a moon sickle shaped boat.",Logogram (Nemty (divinity)),C
G7B,kEH_HG,13148,U+13148,G007B,G7B,G-12-133,"A falcon (G5), on top of a moon sickle shaped boat, which rests upon a pedestal (P15).",Logogram nmty (Nemty (divinity)),C
G7C,kEH_HG,13C7C,U+13C7C,HJ G007C,G7C,G-12-049,"A falcon (G5), on top of a standard used for the carrying of religious symbols with the vertical stick at the far side (R92A). ",Logogram (god),C
G7D,kEH_HG,13C82,U+13C82,HJ G007D,G7D,G-12-062,"A falcon (G5) with a flagellum (S45) on its shoulder, on top of a standard used for the carrying of religious symbols with the vertical stick at the far side (R92A).",Classifier divine beings/divine things,C
G7E,kEH_HG,13CA7,U+13CA7,HJ G007E,G7E,G-12-152,"A falcon (G5), on top of a moon sickle shaped boat, on top of a sledge that resembles a parcel of land with irrigation ditches (N24).",Logogram (Nemty (divinity)),C
G8,kEH_HG,13149,U+13149,G008,G8,G-12-148,"A falcon (G5), on top of a collar of beads (S12).",Logogram (golden Horus),C
G81,kEH_HG,13C21,U+13C21,HJ G081,G81,G-06-001,"A greater white-fronted goose (Anser albifrons), alighting or flying up, with both wings behind the body (G41), with a downward angling rope around the neck, connected to a pole resembling a throwing-stick, or a club used by foreign people (T14).",Phonemogram,C
G82,kEH_HG,13C22,U+13C22,HJ G082,G82,G-06-002,"A greater white-fronted goose (Anser albifrons), standing, wings behind the body (G74), with a downward angling rope around the neck, connected to a pole resembling a throwing-stick, or a club used by foreign people (T14).",Phonemogram,C
G83,kEH_HG,13C23,U+13C23,HJ G083,G83,G-06-004,"A greater white-fronted goose (Anser albifrons), standing (G38), with a downward angling rope around the neck, connected to a pole resembling a throwing-stick, or a club used by foreign people (T14).",Phonemogram,C
G84,kEH_HG,13C24,U+13C24,HJ G084,G84,G-06-007,,,
G8A,kEH_HG,13CA5,U+13CA5,HJ G008A,G8A,G-12-149,"A falcon (G5), on top of a collar of beads, without detail (S12A).","Logogram (in bꞽk-n-nbw.t, falcon of the golden ones)",C
G8B,kEH_HG,13CA6,U+13CA6,HJ G008B,G8B,G-12-150,"A falcon (G5), with a flagellum (S45) on its shoulder, on top of a collar of beads, without detail (S12A).",Logogram (golden Horus),C
G9,kEH_HG,1314A,U+1314A,G009,G9,G-12-015,A falcon (G5) with a sun disk (N5) on its head.,Logogram (Re-Hor (usually in rꜥ-ḥr-ꜣḫ.ty),C
G90,kEH_HG,13157,U+13157,G020A,G90,G-09-013,"A mouth (D21), written over an owl (G17).",Phonemogram,L
G9A,kEH_HG,13C6D,U+13C6D,HJ G009A,G9A,G-12-017,"A falcon (G5) with the sun, encircled by a cobra (Naja haje), standing up, with expanded hood (uraeus) (N6) on its head.",Logogram (Re-Hor (usually in rꜥ-ḥr-ꜣḫ.ty),C
H1,kEH_HG,1317F,U+1317F,H001,H1,H-03-001,The head of a pintail duck (Anas acuta).,"Logogram (bird, fowl)",C
H13,kEH_HG,13D10,U+13D10,HJ H013,H13,H-01-005,"A staff, with a straight shaft, topped with the head of a falcon, with the sun, encircled by a cobra (Naja haje), standing up, with expanded hood (uraeus) (N6) on top of the head.",Logogram (staff),C
H14,kEH_HG,13D14,U+13D14,HJ H014,H14,H-01-010,"A spear, with a straight shaft and forked end, topped with the head of a falcon, with a cobra (Naja haje), standing up, with expanded hood (uraeus) on top of the head, tail descending behind the head; with a triangular spearhead above the snake.",Phonemogram,C
H14A,kEH_HG,13D15,U+13D15,HJ H014A,H14A,H-01-011,"A spear, with a straight shaft and forked end, topped with the head of a falcon, with a triangular spearhead above the head.",Logogram (staff),C
H15,kEH_HG,13D16,U+13D16,HJ H015,H15,H-01-013,"A tiller of a ship, topped with the head of a falcon, angled forwards.",Phonemogram/logogram (end),C
H16,kEH_HG,13D17,U+13D17,HJ H016,H16,H-02-002,The eye of a falcon with the markings of the head of a falcon.,Logogram (to see),C
H16A,kEH_HG,13D18,U+13D18,HJ H016A,H16A,H-02-003,"The markings of the head of a falcon, without the eye / a very schematic representation of a spine, with the spinal cord hanging out at the backside.",Phono-repeater,C
H17,kEH_HG,13D1A,U+13D1A,HJ H017,H17,H-03-004,The head of a common crane (Grus grus).,Classifier common crane,C
H18,kEH_HG,13D1B,U+13D1B,HJ H018,H18,H-03-005,"The head of a bird, with its mouth open, neck straight.","Logogram (to speak, to say)",C
H18A,kEH_HG,13D19,U+13D19,HJ H018A,H18A,H-03-002,"The head of a bird, with its mouth open, neck curling backwards.","Logogram (to speak, to say)",C
H19,kEH_HG,13D1C,U+13D1C,HJ H019,H19,H-03-006,"The head of a bird, with its mouth open, neck straight, with a loop of cord with the ends forwards around its neck.",Phonemogram,C
H2,kEH_HG,13180,U+13180,H002,H2,H-04-005,The head of a gray heron (Ardea cinerea).,Phono-repeater,C
H20,kEH_HG,13D1D,U+13D1D,HJ H020,H20,H-04-001,"The head of a crested ibis (Ibis comata), neck curving backwards.",Phonemogram,C
H25,kEH_HG,13D28,U+13D28,HJ H025,H25,H-09-008,The schematic representation of the claw of a bird.,"Logogram (claw, talon)",C
H26,kEH_HG,13D23,U+13D23,HJ H026,H26,H-08-012,"A feather (H6), angled forwards, on top of a wide cup (W10).",Phonemogram,C
H27,kEH_HG,1337D,U+1337D,V012A,H27,H-08-007,A feather bent forward.,Phonemogram,C
H2A,kEH_HG,13D1E,U+13D1E,HJ H002A,H2A,H-04-002,"The head of a crested ibis (Ibis comata), with a beak with a downward angled tip, with a crest of two long feathers on the head, neck curving backwards,",Phonemogram/logogram (spirits),C
H3,kEH_HG,13181,U+13181,H003,H3,H-05-001,The head of a spoonbill (Platalea leucorodia).,Phonemogram,C
H30,kEH_HG,13D22,U+13D22,HJ H030,H30,H-08-011,,,
H31,kEH_HG,13D26,U+13D26,HJ H031,H31,H-09-001,"The leg of a bird, as if drawn towards the body.",Phonemogram,C
H32,kEH_HG,13D27,U+13D27,HJ H032,H32,H-09-007,,,
H34,kEH_HG,13D29,U+13D29,HJ H034,H34,H-10-005,"A duckling, with open beak, outstretched wings on either side of the body, and the legs drawn towards the body (G47), inside an egg (H8).",Logogram (one who is within an egg),C
H38,kEH_HG,13D2B,U+13D2B,HJ H038,H38,H-11-003,The head and upper body of an owl.,Phonemogram,C
H39,kEH_HG,13D2C,U+13D2C,HJ H039,H39,H-11-004,The head and upper body of a quail chick (Coturnix coturnix).,Phonemogram,C
H4,kEH_HG,13182,U+13182,H004,H4,H-06-003,"The head of a griffon vulture (Gyps fulvus), with a backwards curved neck.",Classifier people,C
H40,kEH_HG,13D2D,U+13D2D,HJ H040,H40,H-11-005,The head and upper body of an Egyptian vulture (Neophron percnopterus).,Phonemogram,C
H41,kEH_HG,13D25,U+13D25,HJ H041,H41,H-08-017,"Two feathers, connected back-to-back.",Classifier double feather,C
H42,kEH_HG,13D2E,U+13D2E,HJ H042,H42,H-11-006,The head and upper body of a greater white-fronted goose (Anser albifrons). ,Phonemogram,C
H44,kEH_HG,13D1F,U+13D1F,HJ H044,H44,H-06-006,"The head of a griffon vulture (Gyps fulvus), with a straight neck.",Phono-repeater,C
H45,kEH_HG,13D24,U+13D24,HJ H045,H45,H-08-016,"A feather (H6), angled forwards, on top of strip of land, with three grains of sand written beneath it (N16).",Phonemogram,C
H46,kEH_HG,13D2A,U+13D2A,HJ H046,H46,H-10-006,"An egg (H8), on top of a standard used for carrying religious symbols (R12).",Logogram (Duau (divinity)),C
H5,kEH_HG,13183,U+13183,H005,H5,H-07-005,The fully extended wing of a bird.,Classifier wing,C
H5A,kEH_HG,13D20,U+13D20,HJ H005A,H5A,H-07-007,,,
H5B,kEH_HG,13D21,U+13D21,HJ H005B,H5B,H-07-010,,,
H6,kEH_HG,13184,U+13184,H006,H6,H-08-001,A feather.,Phonemogram,C
H6A,kEH_HG,13185,U+13185,H006A,H6A,H-08-003,A feather with tow upwards angled ticks on the front.,Phonemogram,C
H7,kEH_HG,13186,U+13186,H007,H7,H-09-004,"The claw of a bird, with two frontal digits visible.",Classifier claw,C
H8,kEH_HG,13187,U+13187,H008,H8,H-10-001,An egg.,Logogram (son),C
I1,kEH_HG,13188,U+13188,I001,I1,I-01-001,A lizard or gecko.,Phonemogram,C
I10,kEH_HG,13193,U+13193,I010,I10,I-09-001,A cobra in repose (Naja haje).,Phonemogram,C
I105,kEH_HG,13D83,U+13D83,HJ I105,I105,I-11-017,"A cobra (Naja haje), standing up, with expanded hood (uraeus) (I64), in front of a half round loaf of bread (X1) above an egg (H8); on top of a standard used for the carrying of religious symbols with the vertical stick at the far side (R92A). ",Logogram (goddess),C
I106,kEH_HG,13D38,U+13D38,HJ I106,I106,I-03-015,"A Nile crocodile (Crocodylus niloticus), with a feather (H6), angled backwards, on its head, and a knife with triangular blade and straight handle (T30A) vertically on its back, blade towards the front; on top of a standard used for carrying religious symbols (R12), on top of a parcel of land with irrigation ditches (N24).","Logogram (Iqer, 6th nome of Upper Egypt)",C
I107,kEH_HG,13DA0,U+13DA0,HJ I107,I107,I-11-086,"A cobra, with the head of a bovid.",Logogram (lady of Dendera),C
I107A,kEH_HG,13DA1,U+13DA1,HJ I107A,I107A,I-11-087,"A cobra, with the head of a bovid, with a sun disk between the horns.",Logogram (lady of Dendera),C
I109,kEH_HG,13DCA,U+13DCA,HJ I109,I109,I-15-001,"Two cobras (Naja haje), standing up, with expanded hood (uraeus), facing outwards, tails coiled together, with a child, seated on nothing, forelegs separated, right arm raised with hand to mouth, left arm hanging beside the body (A17) written between the two heads.",Logogram (the north wind),C
I10B,kEH_HG,13D66,U+13D66,HJ I010B,I10B,I-09-004,,,
I11,kEH_HG,13195,U+13195,I011,I11,I-09-005,"Two cobras in repose (Naja haje), overlapping each other.",Phonemogram,C
I110,kEH_HG,13DCB,U+13DCB,HJ I110,I110,I-15-002,"Two snakes, standing up, facing outwards, tails coiled together, with a plan of a crossroads in a village written between the two heads.",Phonemogram rr and classifier geographical location,C
I112,kEH_HG,13D5C,U+13D5C,HJ I112,I112,I-07-003,"A horned desert viper (Cerastes cerastes) (I9), written inside an oval with a rippled line (water).",Phonemogram,C
I114,kEH_HG,13D5A,U+13D5A,HJ I114,I114,I-06-010,"A snake with a coiled tail, written vertically",Logogram (lifetime),C
I117,kEH_HG,13D62,U+13D62,HJ I117,I117,I-07-017,"A horned desert viper (Cerastes cerastes) (I9), coming out of a house or enclosure (O1), written on its side.",Logogram (to go forth),C
I118,kEH_HG,13D5E,U+13D5E,HJ I118,I118,I-07-008,"A horned desert viper (Cerastes cerastes) (I9), with a round loaf of bread in a wide cup (X2D) on its back.",Logogram (father),C
I119,kEH_HG,13D6C,U+13D6C,HJ I119,I119,I-09-020,"A cobra in repose (Naja haje) (I10), upon a standard resembling a folded piece of cloth (S29), with a feather (H6) vertically on its back, in line with the standard.",Classifier divinity,C
I12,kEH_HG,13197,U+13197,I012,I12,I-11-049,"A cobra (Naja haje), standing up, with expanded hood (uraeus), with a coiled tail.",Classifier female divinity,C
I120,kEH_HG,13D71,U+13D71,HJ I120,I120,I-09-043,"A house or enclosure (O1), with two long vertical lines on top of it, with a cobra in repose (Naja haje) (I10) written over the two vertical lines.",Phonemogram,C
I121,kEH_HG,13D6B,U+13D6B,HJ I121,I121,I-09-019,"A cobra in repose (Naja haje) (I10), upon a rounded stick and a ?stela?, with a feather (H6) on its back, angled backwards.","Logogram (boundry, cliff)",C
I122,kEH_HG,13D6D,U+13D6D,HJ I122,I122,I-09-028,"A cobra in repose (Naja haje) (I10), written below a cobra in repose (Naja haje) (I10); on top of standard used for carrying religious symbols, with a loop under the horizontal beam, running over the vertical pole (R12A).",Logogram (the two mountain ranges of the Nile valley),C
I123,kEH_HG,13D67,U+13D67,HJ I123,I123,I-09-011,"A cobra in repose (Naja haje), with its tail curved forward below the body.",Phonemogram/logogram (eternity),C
I124,kEH_HG,13D6E,U+13D6E,HJ I124,I124,I-09-029,"A cobra in repose (Naja haje) (I10), written below a cobra in repose (Naja haje) (I10) with a feather (H6) on its back, angling backwards (I31); on top of standard used for carrying religious symbols, with a loop under the horizontal beam, running over the vertical pole (R12A).",Logogram (the two mountain ranges of the Nile valley),C
I126,kEH_HG,13D58,U+13D58,HJ I126,I126,I-06-008,"A snake with a coiled tail, coming out of an open oval.",Logogram (to go forth),C
I127,kEH_HG,13DB6,U+13DB6,HJ I127,I127,I-13-013,"A snake, with a coiled tail, with it head in a hole.",Phonemogram,C
I13,kEH_HG,13198,U+13198,I013,I13,I-11-053,"A cobra (Naja haje), standing up, with expanded hood (uraeus), with a coiled tail (I12), upon a wickerwork basket (V30).",Classifier female divinity (Wadjet),C
I130,kEH_HG,13DA9,U+13DA9,HJ I130,I130,I-11-100,"Two bows, strung together as a package, with the four tips of the bow represented as uraei.",Phonemogram,C
I134,kEH_HG,13D49,U+13D49,HJ I134,I134,I-03-054,"Two Nile crocodiles (Crocodylus niloticus), crossed over each other at an angle, facing outwards.",Classifier the two crocodiles,C
I13A,kEH_HG,13D7A,U+13D7A,HJ I013A,I13A,I-11-003,"A cobra (Naja haje), standing up, with expanded hood (uraeus) (I64), on top of a wickerwork basket (V30).",Logogram (lady (in nb.ty)),C
I14,kEH_HG,13199,U+13199,I014,I14,I-13-004,"A snake with a coiled tail, consisting of two coils.","Classifier coiling, winding",C
I14A,kEH_HG,13DC4,U+13DC4,HJ I014A,I14A,I-13-031,"A snake with a coiled tail, consisting of four coils.",Classifier snake/divinity,C
I14C,kEH_HG,13DB8,U+13DB8,HJ I014C,I14C,I-13-016,"A snake with a coiled tail, consisting of three coils.","Classifier snake, serpent",C
I15,kEH_HG,1319A,U+1319A,I015,I15,I-13-003,"A cobra (Naja haje), standing up, with expanded hood (uraeus), with a coiled tail, consisting of two coils.",Classifier snake/uraeus,C
I15B,kEH_HG,13DB7,U+13DB7,HJ I015B,I15B,I-13-014,"A cobra (Naja haje), standing up, with expanded hood (uraeus), with a coiled tail, consisting of three coils.",Logogram (Shai (divinity)),C
I15C,kEH_HG,13DC6,U+13DC6,HJ I015C,I15C,I-13-033,,,
I18,kEH_HG,13D40,U+13D40,HJ I018,I18,I-03-039,"A Nile crocodile (Crocodylus niloticus) with its tail curved forward, below the body (I5), wearing a headdress consisting of two feathers on top of the horns of a ram (S77). ",Logogram (Sobek (divinity)),C
I18C,kEH_HG,13D45,U+13D45,HJ I018C,I18C,I-03-047,"A Nile crocodile (Crocodylus niloticus), wearing a headdress consisting of two feathers on top of the horns of a ram, with a cobra (Naja haje), standing up, with expanded hood (uraeus), with sun disks its head on either side of the feathers, orientated outwards.",Logogram (Sobek (divinity)),C
I19,kEH_HG,13D4A,U+13D4A,HJ I019,I19,I-04-001,The head of a crocodile.,Logogram (moment of attack),C
I2,kEH_HG,13189,U+13189,I002,I2,I-02-001,A freshwater turtle.,Classifier turtle,C
I20,kEH_HG,13D4B,U+13D4B,HJ I020,I20,I-04-005,"A piece of crocodile skin with horizontal spines, or tail of a crocodile (I6), written inside a plan of a crossroads in a village (O49).",Logogram (Egypt),C
I21,kEH_HG,13D51,U+13D51,HJ I021,I21,I-05-002,"A frog or toad (I7), on top of a cartouche in a round form (V9).",Logogram Hfn (one hundred thousand),C
I24,kEH_HG,13192,U+13192,I009A,I24,I-07-009,"A horned desert viper (Cerastes cerastes) (I9), coming out of an open rectangle, with the top line shorter than the bottom line.",Logogram (to go forth),C
I24A,kEH_HG,13D57,U+13D57,HJ I024A,I24A,I-06-006,A snake coming out of a open rectangle.,Logogram (to go forth),C
I24B,kEH_HG,13D5F,U+13D5F,HJ I024B,I24B,I-07-010,"A horned desert viper (Cerastes cerastes) (I9), coming out of something resembling a representation of two ribs, written parallel (Aa15).",Phonemogram,C
I25,kEH_HG,13D60,U+13D60,HJ I025,I25,I-07-013,,,
I25A,kEH_HG,13D56,U+13D56,I025C,I25C,I-06-005,"A snake entering into an open rectangle, with the top line shorter than the bottom line.",Logogram (to enter),C
I25C,kEH_HG,13D55,U+13D55,I025A,I25A,I-06-004,"A snake entering into an open rectangle, with the long sides of equal length.",Logogram (to enter),C
I27,kEH_HG,13D65,U+13D65,HJ I027,I27,I-08-001,A snake with the head of a ram with horizontal horns.,Logogram (divinity),C
I28,kEH_HG,13D2F,U+13D2F,HJ I028,I28,I-01-002,"A snake with human arms, extended at the sides, with the forearms angling forward.",Logogram (Nehebkau (divinity)),C
I3,kEH_HG,1318A,U+1318A,I003,I3,I-03-001,A Nile crocodile (Crocodylus niloticus).,Classifier aggression,C
I30,kEH_HG,13D68,U+13D68,HJ I030,I30,I-09-012,"A cobra in repose (Naja haje), with human arms, extended forwards, one arm horizontal, holding a vessel with something in it, other arm above the vessel.",Logogram (eternity),C
I31,kEH_HG,13194,U+13194,I010A,I31,I-09-013,"A cobra in repose (Naja haje) (I10), with a feather (H6) on its back, angling backwards.",Phonemogram,C
I31A,kEH_HG,13D6A,U+13D6A,HJ I031A,I31A,I-09-017,"A cobra in repose (Naja haje) (I10), with a feather (H6) on its back, angling backwards; on top of a standard used for carrying religious symbols (R12).","Logogram/phonemogram (boundry, cliff)",C
I31C,kEH_HG,13D69,U+13D69,HJ I031C,I31C,I-09-016,"A cobra in repose (Naja haje) (I10), with a feather (H6) on its back, angling backwards; on top of a standard used for the carrying of religious symbols with the vertical stick at the far side (R92A). ",Classifier divinity,C
I33,kEH_HG,13D6F,U+13D6F,HJ I033,I33,I-09-033,"A mummy with a long-curved beard, standing upright (A53), encircled by a cobra in repose (Naja haje), with its head above the head of the mummy, with the tip of the tail in front of the mummy.",Logogram (eternity),C
I3A,kEH_HG,13D34,U+13D34,HJ I003A,I3A,I-03-009,"A Nile crocodile (Crocodylus niloticus), with a feather (H6), angled forwards, on its head.","Logogram (Iqer, 6th nome of Upper Egypt)",C
I3B,kEH_HG,13D3A,U+13D3A,HJ I003B,I3B,I-03-021,"A Nile crocodile (Crocodylus niloticus), with a two-barbed harpoon, with a handle on the shaft, written vertically (T21A), on its nose.",Classifier enemy in crocodile form,C
I3C,kEH_HG,13D39,U+13D39,HJ I003C,I3C,I-03-019,"A Nile crocodile (Crocodylus niloticus), with a two-barbed harpoon, with a handle on the shaft, written vertically (T21A), on its nose and on its back, near the hip.",Classifier water animal,C
I3E,kEH_HG,13D3E,U+13D3E,HJ I003E,I3E,I-03-032,"A Nile crocodile (Crocodylus niloticus), with its head facing backwards.",Classifier crocodile,C
I3G,kEH_HG,13D3B,U+13D3B,HJ I003G,I3G,I-03-022,"A Nile crocodile (Crocodylus niloticus), with a knife with a triangular blade and straight handle (T30A) on its nose, blade outwards.",Logogram (crocodile),C
I3J,kEH_HG,13D3F,U+13D3F,HJ I003J,I3J,I-03-033,"A Nile crocodile (Crocodylus niloticus), with its head facing backwards, with a two-barbed harpoon, with a handle on the shaft, written vertically (T21A), on its head. ",Logogram (crocodile),C
I3K,kEH_HG,13D3C,U+13D3C,HJ I003K,I3K,I-03-025,"A Nile crocodile (Crocodylus niloticus), with a two-barbed harpoon, with a handle on the shaft, written vertically (T21A), on its back.",Classifier enemy in crocodile form,C
I4,kEH_HG,1318B,U+1318B,I004,I4,I-03-043,A Nile crocodile (Crocodylus niloticus) on top of a shrine.,Classifier Sobek,C
I40,kEH_HG,13D73,U+13D73,HJ I040,I40,I-10-001,"A cobra in repose (Naja haje), with its tail curved forwards below the body, with a forward downward line of liquid coming from the mouth, which ends in a vessel in front of the tip of the tail.",Logogram (cavern),C
I40C,kEH_HG,13D76,U+13D76,HJ I040C,I40C,I-10-008,"A cobra in repose (Naja haje), tail facing forwards, with a forward, downward line of liquid issuing from the mouth, on top of the right side of the sky (N44).",Logogram (cavern),C
I40D,kEH_HG,13D77,U+13D77,HJ I040D,I40D,I-10-009,"A cobra in repose (Naja haje), tail facing forward, with a forward, downward line of liquid issuing from the mouth, on top of the left side of the sky (N44-mirror).",Logogram (cavern),C
I40F,kEH_HG,13D75,U+13D75,HJ I040F,I40F,I-10-004,"A cobra in repose (Naja haje), with its tail curved forwards below the body, with a vessel in front of the tip of its tail.",Logogram (cavern),C
I41,kEH_HG,13D78,U+13D78,HJ I041,I41,I-10-014,"A cobra in repose (Naja haje), tail facing forwards, with a forward, downward line of liquid issuing from the mouth, on top of the right side of the sky (N44), facing its mirror, with the two lines of liquid ending in a vessel which sits between the two signs.","Logogram (the two holes, the two caverns)",C
I43,kEH_HG,13D7B,U+13D7B,HJ I043,I43,I-11-006,"A cobra (Naja haje), standing up, with expanded hood (uraeus) (I64), with a forward, downward dotted line coming from the mouth.","Logogram (fire, flame)",C
I44,kEH_HG,13D7D,U+13D7D,HJ I044,I44,I-11-008,"Two cobras (Naja haje), standing up, with expanded hood (uraeus) (I64), overlapping each other.",Classifier the two udjat eyes,C
I45,kEH_HG,13D7E,U+13D7E,HJ I045,I45,I-11-009,"Three cobras (Naja haje), standing up, with expanded hood (uraeus) (I64), overlapping each other.",Logogram (goddesses),C
I46,kEH_HG,13D7F,U+13D7F,HJ I046,I46,I-11-011,"Nine cobras (Naja haje), standing up, with expanded hood (uraeus), in a row, with overlapping bodies.",Classifier Ennead,C
I47,kEH_HG,13D80,U+13D80,HJ I047,I47,I-11-012,,,
I47A,kEH_HG,13D81,U+13D81,HJ I047A,I47A,I-11-013,,,
I5,kEH_HG,1318C,U+1318C,I005,I5,I-03-038,"A Nile crocodile (Crocodylus niloticus) with its tail curved forward, below the body.",Logogram (to gather),C
I50,kEH_HG,13D82,U+13D82,HJ I050,I50,I-11-016,"A cobra (Naja haje), standing up, with expanded hood (uraeus) (I64), on top of a standard used for the carrying of religious symbols with the vertical stick at the far side (R92A). ",Logogram (goddess),C
I50A,kEH_HG,13D84,U+13D84,HJ I050A,I50A,I-11-018,"A cobra (Naja haje), standing up, with expanded hood (uraeus) (I64), on top of standard used for carrying religious symbols, with a loop under the horizontal beam, running over the vertical pole (R12A).",Logogram (goddess),C
I51,kEH_HG,13D85,U+13D85,HJ I051,I51,I-11-019,,,
I54,kEH_HG,13D86,U+13D86,HJ I054,I54,I-11-026,,,
I55,kEH_HG,13D88,U+13D88,HJ I055,I55,I-11-029," A cobra (Naja haje), standing up, with expanded hood (uraeus) (I64), wearing the white crown (S1).",Classifier uraeus snake,C
I56,kEH_HG,13D89,U+13D89,HJ I056,I56,I-11-030," A cobra (Naja haje), standing up, with expanded hood (uraeus) (I64), wearing the white crown (S1), on top of a wickerwork basket (V30).",Logogram (lady (in nb.ty)),C
I58,kEH_HG,13D8A,U+13D8A,HJ I058,I58,I-11-033," A cobra (Naja haje), standing up, with expanded hood (uraeus) (I64), wearing the red crown (S3).",Phonemogram,C
I59,kEH_HG,13D8B,U+13D8B,HJ I059,I59,I-11-034," A cobra (Naja haje), standing up, with expanded hood (uraeus) (I64), wearing the red crown (S3), on top of a wickerwork basket (V30).",Logogram (lady (in nb.ty)),C
I5A,kEH_HG,1318D,U+1318D,I005A,I5A,I-03-003,A cult image of a crocodile.,Classifier Sobek,C
I5B,kEH_HG,13D41,U+13D41,HJ I005B,I5B,I-03-041,"A Nile crocodile (Crocodylus niloticus) with its tail curved forward, below the body, with a two-barbed harpoon, with a handle on the shaft, written vertically (T21A), on its head and its back, near the hip.",Logogram (to gather),C
I6,kEH_JSesh,1318E,U+1318E,I006,I6,I-04-008,"A piece of crocodile skin with horizontal spines, or tail of a crocodile.",Phonemogram,C
I60,kEH_HG,13D8C,U+13D8C,HJ I060,I60,I-11-035,"Two cobras (Naja haje), standing up, with expanded hood (uraeus) (I64), overlapping each other, the first cobra wearing the white crown (S1), the second cobra wearing the red crown (S3).",Classifier the two uraeus snakes,C
I62,kEH_HG,13D8D,U+13D8D,HJ I062,I62,I-11-042,"A cobra (Naja haje), standing up, with expanded hood (uraeus) (I64), wearing a headdress consisting of a sun disk between the horns of a bovid (F102).",Logogram (Hathor),C
I63,kEH_HG,13D8F,U+13D8F,HJ I063,I63,I-11-045,"A cobra (Naja haje), standing up, with expanded hood (uraeus) (I64), wearing a headdress consisting of two plumes (S9).",Logogram (Renenutet),C
I64,kEH_HG,13D79,U+13D79,HJ I064,I64,I-11-001,"A cobra (Naja haje), standing up, with expanded hood (uraeus).",Classifier female divinity,C
I65,kEH_HG,13D92,U+13D92,HJ I065,I65,I-11-054,"A cobra (Naja haje), standing up, with expanded hood (uraeus), with a coiled tail (I12), written over a sceptre with a straight shaft, a forked base, topped with the head of the Seth animal (S40), angling forwards, with a cartouche in a round form (V9) with the loop around the staff.",Logogram (Wadjet (divinity),C
I67,kEH_HG,13D93,U+13D93,HJ I067,I67,I-11-057,"A cobra (Naja haje), standing up, with expanded hood (uraeus), with a coiled tail (I12), wearing the red crown (S3), upon a wickerwork basket (V30).",Logogram (lady (in nb.ty)),C
I68,kEH_HG,13D95,U+13D95,HJ I068,I68,I-11-060,"A cobra (Naja haje), standing up, with expanded hood (uraeus), with a coiled tail (I12), wearing the white crown (S1), upon a wickerwork basket (V30).",Logogram (lady (in nb.ty)),C
I6A,kEH_HG,13D4D,U+13D4D,HJ I006A,I6A,I-04-013,A round piece of crocodile skin with spines.,Phonemogram,C
I6B,kEH_HG,13D4F,U+13D4F,HJ I006B,I6B,I-04-016,,,
I6C,kEH_HG,13D50,U+13D50,HJ I006C,I6C,I-04-018,A curved piece of crocodile skin with horizontal spines.,,
I6D,kEH_HG,13D4C,U+13D4C,HJ I006D,I6D,I-04-012,A piece of crocodile skin with vertical spines.,Phonemogram,C
I7,kEH_HG,1318F,U+1318F,I007,I7,I-05-001,A frog or toad.,Classifier divinity,C
I70,kEH_HG,13D97,U+13D97,HJ I070,I70,I-11-064,"A cobra (Naja haje), standing up, with expanded hood (uraeus), with its tail going forwards, over its head.",Logogram (uraeus),C
I70A,kEH_JSesh,13D99,U+13D99,I070A,I70A,I-11-070,"A cobra (Naja haje), standing up, with expanded hood (uraeus), with its tail coiled, one coil horizontally, with the tail going forwards, over the head after this coil.",Logogram (uraeus),C
I70B,kEH_HG,13D9A,U+13D9A,I070B,,I-11-071,"A cobra (Naja haje), standing up, with expanded hood (uraeus), with its tail coiled, with two coils, with the tail going forwards, over the head after the second coil.",Logogram (uraeus),C
I71,kEH_HG,13D9B,U+13D9B,HJ I071,I71,I-11-073,"A cobra (Naja haje), standing up, with expanded hood (uraeus), with its tail going backwards, over its head.",Logogram (uraeus),C
I73,kEH_HG,13D9C,U+13D9C,HJ I073,I73,I-11-078,,,
I74,kEH_HG,13D9D,U+13D9D,HJ I074,I74,I-11-081,"A cobra (Naja haje), standing up, with expanded hood (uraeus), with a coiled tail, consisting of three horizontal coils, arranged vertically.",Logogram (uraeus),C
I75,kEH_HG,13D9E,U+13D9E,HJ I075,I75,I-11-084,,,
I76,kEH_HG,13D9F,U+13D9F,HJ I076,I76,I-11-085,,,
I77,kEH_HG,13DA2,U+13DA2,HJ I077,I77,I-11-088,A cobra with the head of a leonid.,Phonemogram/logogram (to not know),C
I78,kEH_HG,13DA3,U+13DA3,HJ I078,I78,I-11-091,A cobra with the head of a female.,Phonemogram/logogram (to not know),C
I78A,kEH_HG,13DA4,U+13DA4,HJ I078A,I78A,I-11-092,"A cobra with the head of a female, with a coiled tail.",Phono-repeater,C
I79,kEH_HG,13DA6,U+13DA6,HJ I079,I79,I-11-094,,,
I79A,kEH_HG,13DA5,U+13DA5,HJ I079A,I79A,I-11-093,"A cobra with the head of a female, with a coiled tail, wearing a headdress consisting of the horns of a ram with two plumes on top of it (S62).",Phonemogram/logogram (to not know),C
I8,kEH_HG,13190,U+13190,I008,I8,I-05-004,A tadpole.,Logogram (one hundred thousand),C
I80,kEH_HG,13DAB,U+13DAB,HJ I080,I80,I-12-001,"A cobra in repose (Naja haje), standing up.",Classifier snake,C
I80A,kEH_HG,13DAD,U+13DAD,HJ I080A,I80A,I-12-004,"A cobra in repose (Naja haje), with its tail coiled up, in a single coil.",Classifier snake,C
I81,kEH_HG,13DAC,U+13DAC,HJ I081,I81,I-12-002,,,
I85,kEH_HG,13DB0,U+13DB0,I085,I85,I-12-013,,,
I86,kEH_HG,13DB4,U+13DB4,I086X,,I-13-008,"A snake with a coiled tail, consisting of two coils, head down, with a knife with a triangular blade and straight handle (T30A), written vertically on its head, blade inwards.",Classifier snake,C
I86A,kEH_HG,13DBB,U+13DBB,HJ I086A,I86A,I-13-021,"A snake with a coiled tail, consisting of three coils, with a knife with a triangular blade and straight handle (T30A), written vertically on each coil, blade forwards.",Classifier snake,C
I86B,kEH_HG,13DBC,U+13DBC,HJ I086B,I86B,I-13-022,"A snake with a coiled tail, consisting of three coils, with the tail towards the front, below the body after the third coil, head down.",Classifier snake,C
I86D,kEH_HG,13DC3,U+13DC3,HJ I086D,I86D,I-13-030,"A snake with a coiled tail, with three coils, head vertically down, with the tail towards the front, below the body after the third coil, head down, with a knife with a triangular blade and straight handle (T30A) written vertically on each coil, blade towards the back.",Classifier snake/enemy (Apophis),C
I86E,kEH_HG,13DC0,U+13DC0,HJ I086E,I86E,I-13-027,"A snake with a coiled tail, consisting of three coils, head down, with a knife with a triangular blade and straight handle (T30A) written vertically on the head of the snake, blade inwards.",Classifier snake,C
I86F,kEH_HG,13DC1,U+13DC1,HJ I086F,I86F,I-13-028,"A snake with a coiled tail, consisting of three coils, head down, with a knife with a triangular blade and straight handle (T30A) written vertically on the head of the snake and the tip of the tail, blade towards the back.",Classifier snake/enemy (Apophis),C
I86G,kEH_HG,13DC2,U+13DC2,HJ I086G,I86G,I-13-029,,,
I86H,kEH_HG,13DC7,U+13DC7,HJ I086H,I86h,I-13-037,,,
I87,kEH_HG,13DC8,U+13DC8,HJ I087,I87,I-13-038,,,
I88,kEH_HG,13DB9,U+13DB9,HJ I088,I88,I-13-019,"A snake with the head of a bird, with its tail coiled around itself, with the tip of the tail below the neck.","Classifier snake, serpent",C
I89,kEH_HG,13DBA,U+13DBA,HJ I089,I89,I-13-020,,,
I8A,kEH_HG,13D53,U+13D53,HJ I008A,I8A,I-05-005,"A tadpole (I8), on top of a cartouche in a round form (V9).",Logogram (one hundred thousand),C
I9,kEH_HG,13191,U+13191,I009,I9,I-07-002,A horned desert viper (Cerastes cerastes).,Phonemogram,C
I92,kEH_HG,13DC5,U+13DC5,HJ I092,I92,I-13-032,,,
I93,kEH_HG,13DC9,U+13DC9,HJ I093,I93,I-14-001,,,
I96,kEH_HG,13D63,U+13D63,HJ I096,I96,I-07-019,"A horned desert viper (Cerastes cerastes) (I9), upon two sets of legs in a walking posture, feet orientated towards the reading direction (D54).",Phonemogram,C
I96A,kEH_HG,13D5B,U+13D5B,I096A,I96VARA,I-06-011,"A snake, upon two sets of legs in a walking posture, feet orientated towards the reading direction (D54).",Phonemogram,C
I99,kEH_HG,13D70,U+13D70,HJ I099,I99,I-09-034,"A cobra in repose (Naja haje) (I10), wearing the red crown (S3).",Phonemogram,C
I9A,kEH_HG,13D54,U+13D54,I009D,I9A,I-06-001,A snake.,Classifier snake,C
I9B,kEH_HG,13D5D,U+13D5D,HJ I009B,I9B,I-07-004,"A horned desert viper (Cerastes cerastes), written vertically.",Phonemogram,C
I9C,kEH_HG,13D59,U+13D59,HJ I009C,I9C,I-06-009,"A snake, written vertically.",Classifier snake,C
K1,kEH_HG,1319B,U+1319B,K001,K1,K-01-001,A Nile tilapia (Oreochromis niloticus).,Phonemogram,C
K13,kEH_HG,131A2,U+131A2,K008,K13,K-01-011,An electric catfish (Malapterurus electricus).,Classifier catfish,C
K14,kEH_HG,13DDA,U+13DDA,HJ K014,K14,K-01-044,A fish with a small fin on the top and a small and long fin on the bottom.,Phonemogram,C
K15,kEH_HG,13DD1,U+13DD1,HJ K015,K15,K-01-027,"A fish with a small fin on the top and a small and long fin on the bottom (K14), written inside an oval consisting of a wavy line.",Logogram (Re),C
K17,kEH_HG,13DD4,U+13DD4,HJ K017,K17,K-01-033,"A fish, with its tail orientated downwards (K4A), on top of standard used for carrying religious symbols, with a loop under the horizontal beam, running over the vertical pole (R12A).",Logogram (First-of-fishes nome (16th nome of Lower Egypt)),C
K18,kEH_HG,13DD6,U+13DD6,HJ K018,K18,K-01-040,"A fish with two small fins above the body, written horizontally, on top of legs in a walking posture, feet orientated towards the reading direction (D54).","Logogram/phonemogram (to flood out, to emerge)",C
K18A,kEH_HG,13DD9,U+13DD9,HJ K018A,K18A,K-01-043,"A fish with a small fin on top, angled upwards, on top of legs in a walking posture, feet orientated towards the reading direction (D54).","Logogram/phonemogram (to flood out, to emerge)",C
K18B,kEH_HG,13DD7,U+13DD7,HJ K018B,K18B,K-01-041,"A fish, with its tail orientated downwards (K4A), on top of legs in a walking posture, feet orientated towards the reading direction (D54).","Logogram/phonemogram (to flood out, to emerge)",C
K2,kEH_HG,1319C,U+1319C,K002,K2,K-01-006,A fish (Labeobarbus bynni),Phono-repeater,C
K23,kEH_HG,13DDB,U+13DDB,HJ K023,K23,K-02-001,,,
K23A,kEH_HG,13DDC,U+13DDC,HJ K023A,K23A,K-02-002,"A fish without a head, with a tail-fin with a deep V like shape.","Logogram (anger, discontent)",C
K24,kEH_HG,13DDE,U+13DDE,HJ K024,K24,K-02-004,,,
K26,kEH_HG,13DE0,U+13DE0,HJ K026,K26,K-02-007,,,
K3,kEH_HG,1319D,U+1319D,K003,K3,K-01-015,A mullet (Mugil cephalus).,Logogram (fish),C
K4,kEH_HG,1319E,U+1319E,K004,K4,K-01-029,A freshwater elephant fish (Mormyrus kannume).,Phonemogram,C
K4A,kEH_HG,13DD3,U+13DD3,HJ K004A,K4A,K-01-032,"A fish, with its tail orientated downwards.",Phonemogram,C
K4B,kEH_HG,13DD5,U+13DD5,HJ K004B,K4B,K-01-035,"A fish, with its tail orientated downwards, with two small fins on either side of its body.",Phonemogram,C
K5,kEH_HG,1319F,U+1319F,K005,K5,K-01-004,"A fish with a long broad fin on its back, and two small fins on its belly.",Phono-repeater,C
K6,kEH_HG,131A0,U+131A0,K006,K6,K-02-008,The scale of a fish.,Logogram (scale),C
K7,kEH_HG,131A1,U+131A1,K007,K7,K-01-008,A fahaka puffer fish (Tetrodon fahaka).,"Classifier rage, anger",C
L1,kEH_HG,131A3,U+131A3,L001,L1,L-01-001,"A dung beetle, scarab (scarabaeus sacer).",Logogram (to become),C
L11,kEH_HG,13DE6,U+13DE6,HJ L011,L11,L-01-014,"A dung beetle, scarab (scarabaeus sacer) (L1), with outstretched wings.",Logogram (to go forth),C
L12,kEH_HG,13DE5,U+13DE5,HJ L012,L12,L-01-013,"A dung beetle, scarab (scarabaeus sacer) (L1), with the fully extended wing of a bird (H5) on one side of the body.",Logogram (to go forth),C
L12A,kEH_HG,13DE4,U+13DE4,HJ L012A,L12A,L-01-012,"A dung beetle, scarab (scarabaeus sacer) (L1), with the fully extended wing of a bird (H5) on either side of the body.",Classifier winged scarab,C
L14,kEH_HG,13DE8,U+13DE8,HJ L014,L14,L-01-018,,,
L15,kEH_HG,13DE9,U+13DE9,HJ L015,L15,L-01-019,"A dung beetle, scarab (scarabaeus sacer), with outstretched wings (L11), on top of the sun rising over a sand covered mountain over the edge of the cultivated areas (N27).",Logogram (who goes forth from the horizon),C
L16,kEH_HG,13DEF,U+13DEF,HJ L016,L16,L-02-003,A wasp.,Classifier wasp,C
L17,kEH_HG,13DF1,U+13DF1,HJ L017,L17,L-04-001,A praying mantis.,Logogram (mantis),C
L19,kEH_HG,13DF2,U+13DF2,HJ L019,L19,L-06-001,A scorpion.,Classifier scorpion,C
L2,kEH_HG,131A4,U+131A4,L002,L2,L-02-002,A bee.,Logogram (king of Lower Egypt),C
L25,kEH_HG,13DF4,U+13DF4,HJ L025,L25,L-06-011,"A scorpion (L19), on top of an arrowhead, point facing downwards, in the ground, resembling a cartouche in the round form (T22D).",Classifier Serket/Selkis,C
L28,kEH_HG,13DF3,U+13DF3,HJ L028,L28,L-06-010,,,
L29,kEH_HG,13DEB,U+13DEB,HJ L029,L29,L-01-022,"A dung beetle, scarab (scarabaeus sacer), with the head of a falcon.",Logogram (scarab (amulet)),C
L3,kEH_HG,131A6,U+131A6,L003,L3,L-02-007,,,C
L32,kEH_HG,13DEC,U+13DEC,HJ L032,L32,L-01-023,"A dung beetle, scarab (scarabaeus sacer) with the head of a ram, wearing the red crown (S3).",Phonemogram,C
L33,kEH_HG,13DED,U+13DED,HJ L033,L33,L-01-024,"The head and forelegs of a dung beetle, scarab, (scarabaeus sacer).",Logogram (beginning),C
L34,kEH_HG,13DF8,U+13DF8,HJ L034,L34,L-07-003,A butterfly.,Classifier to open,C
L3A,kEH_HG,13DEE,U+13DEE,HJ L003A,L3A,L-02-001,A fly.,Classifier fly/insect,C
L4,kEH_HG,131A7,U+131A7,L004,L4,L-03-001,A common locust.,Classifier locust,C
L5,kEH_HG,131A8,U+131A8,L005,L5,L-05-001,A centipede.,Classifier centipede,C
L6,kEH_HG,131A9,U+131A9,L006,L6,L-07-006,A bivalve shell.,Phonemogram,C
L7,kEH_HG,131AB,U+131AB,L007,L7,L-06-005,A water scorpion (nep cinerea).,Classifier scorpion,C
L8,kEH_JSesh,131AC,U+131AC,L008,L8,L-07-004,"A click beetle (Lanelater Notodonta), without legs.",Logogram/phonemogram (type of beetle),C
L9,kEH_HG,13DE3,U+13DE3,HJ L009,L9,L-01-009,"A dung beetle, scarab (scarabaeus sacer) (L1), holding a cartouche in the round form (V9) in its hind legs.",Logogram (to illuminate),C
M1,kEH_HG,131AD,U+131AD,M001,M1,M-01-001,A tree.,"Classifier tree, product of a tree",C
M10,kEH_HG,131B9,U+131B9,M010,M10,M-07-001,"A lotus bud, with the bud facing forward, and the stem facing downward.",Classifier lotus bud,C
M102,kEH_HG,13E5D,U+13E5D,HJ M102,M102,M-11-017,"A leaf, stem and root of a lotus plant, with a forward, downward line coming from the leaf.","Phonemogram ḫꜣ? (in the verb ḫꜣḫꜣ, to winnow, to scatter)",C
M104,kEH_HG,13E5F,U+13E5F,HJ M104,M104,M-11-024,"A leaf, stem and root of a lotus plant, with the root simplified to a horizontal line.",Phonemogram,C
M105,kEH_HG,13E60,U+13E60,HJ M105,M105,M-11-026,"A leaf and stem of a lotus plant, with two branches on either side of the stem.",Logogram (\1000),C
M106,kEH_HG,13E5E,U+13E5E,HJ M106,M106,M-11-021,"A leaf, stem and root of a lotus plant, with the stem before the leaf bent forwards, with the root resembling a cartouche in a round form (V9), with two angled strokes on either side of the stem.",Phonemogram,C
M107,kEH_HG,13E61,U+13E61,HJ M107,M107,M-11-027,"A leaf, stem and root of a lotus plant, with the leaf written vertically, and with the root resembling a cartouche in a round form (V9).",Phonemogram,C
M109,kEH_HG,13E62,U+13E62,HJ M109,M109,M-11-028,"A leaf, stem and root of a lotus plant, with the leaf written vertically.",Logogram (\1000),C
M11,kEH_HG,131BB,U+131BB,M011,M11,M-10-001,"A lotus flower, facing forwards, with a long-twisted stalk, which is folded under itself.",Logogram (to offer),C
M111,kEH_HG,13E63,U+13E63,HJ M111,M111,M-11-036,"The leaf and stem of a lotus, with the stem curving downwards.",Classifier lotus leaf,C
M112,kEH_HG,13E64,U+13E64,HJ M112,M112,M-11-040,The leaf of a lotus.,Phonemogram,C
M113,kEH_HG,13E6A,U+13E6A,HJ M113,M113,M-12-009,"A stem of papyrus with a bud (M13), on top of a plan of a crossroads in a village (O49).",Logogram (Lower Egypt),C
M116,kEH_HG,13E6B,U+13E6B,HJ M116,M116,M-12-012,"A round vessel with an upstanding rim (W24), on top of a stem of papyrus with a bud (M13).",Phonemogram,C
M117,kEH_HG,13E6C,U+13E6C,HJ M117,M117,M-12-014,"A cobra (Naja haje), standing up, with expanded hood (uraeus) (I64), on top of a stem of papyrus with a bud (M13), with the tail curling around the stem.",Logogram (uraeus),C
M118,kEH_HG,13E6D,U+13E6D,HJ M118,M118,M-12-015,"A cobra (Naja haje), standing up, with expanded hood (uraeus) (I64), wearing the white crown (S1), on top of a stem of papyrus with a bud (M13), with the tail curling around the stem.",Logogram (uraeus),C
M119,kEH_HG,13E6E,U+13E6E,HJ M119,M119,M-12-017,"A cobra (Naja haje), standing up, with expanded hood (uraeus) (I64), wearing the red crown (S3), on top of a stem of papyrus with a bud (M13), with the tail curling around the stem.",Logogram (uraeus),C
M11A,kEH_HG,13E59,U+13E59,HJ M011A,M11A,M-10-002,"A plant with a bud, facing forwards, with a crossbar behind the bud, with a long-twisted stalk, which is folded under itself.",Logogram (to offer),C
M11D,kEH_HG,13E5B,U+13E5B,HJ M011D,M11D,M-10-009,"A lotus flower, facing forwards, with a long stalk, folded under itself.",Phonemogram,C
M12,kEH_HG,131BC,U+131BC,M012,M12,M-11-002,"A leaf, stem and root of a lotus plant.",Phonemogram,C
M125,kEH_HG,13E6F,U+13E6F,HJ M125,M125,M-12-026,"A pectoral in the form of three stems of papyrus with a bud (M13), written over the sky (N1).","Logogram (to gleam, to be bright, to dazzle)",C
M127,kEH_HG,131D5,U+131D5,M024A,M127,M-12-030,A stem of papyrus with a flowering bud.,Logogram (land),C
M129,kEH_HG,13E70,U+13E70,HJ M129,M129,M-12-033,"A stem of papyrus with a flowering bud (M127), on top of a plan of a crossroads in a village (O49).",Logogram (Upper Egypt),C
M12B,kEH_HG,13E5C,U+13E5C,M012K,M12B,M-11-001,"A leaf, stem and root of a lotus plant, with the stem before the leaf bent forwards.",Phonemogram,C
M13,kEH_HG,131C5,U+131C5,M013,M13,M-12-006,A stem of papyrus with a bud.,Phonemogram,C
M131,kEH_HG,13E69,U+13E69,HJ M131,M131,M-12-005,,,
M131A,kEH_HG,13E68,U+13E68,HJ M131A,M131A,M-12-004,,,
M133,kEH_HG,13E71,U+13E71,HJ M133,M133,M-12-036,,,
M134,kEH_HG,13E3E,U+13E3E,HJ M134,M134,M-08-006,,,
M135,kEH_HG,13E7A,U+13E7A,HJ M135,M135,M-13-017,"A rounded clump of three papyrus flowers, with two buds bent down.",Radicogram (grain of Lower Egypt),C
M137,kEH_HG,13E7B,U+13E7B,HJ M137,M137,M-13-019,"A clump of three stems of papyrus with flowering buds, with the two flowers at the side angled outwards, with two buds bent down.",Logogram (Upper Egypt),C
M138,kEH_HG,13E7D,U+13E7D,HJ M138,M138,M-13-027,"A clump of three stems of papyrus with flowering buds, with two buds bent down.",Logogram (Upper Egypt),C
M138A,kEH_HG,13E79,U+13E79,HJ M138A,M138A,M-13-016,"A clump with stem of papyrus with a flowering bud, with two buds bent down.",Phonemogram,C
M138B,kEH_HG,13E7E,U+13E7E,HJ M138B,M138B,M-13-028,A clump of three stems of papyrus with flowering buds.,Logogram (Upper Egypt),C
M139,kEH_HG,131C8,U+131C8,M015A,M139,M-13-021,"Three thin stems of papyrus with a bud, with two buds bent down; on top of a plan of a crossroads in a village (O49).",Logogram (Lower Egypt),C
M139A,kEH_HG,13E75,U+13E75,HJ M139A,M139A,M-13-012,"A stem of papyrus with a bud (M13), with a bud bent down on either side of the stem, on top of a plan of a crossroads in a village (O49).",Logogram (Lower Egypt),C
M139B,kEH_HG,131CA,U+131CA,M016A,M139B,M-13-009,"Three thin stems of papyrus with a bud, on top of a plan of a crossroads in a village (O49).",Logogram (Lower Egypt),C
M13A,kEH_HG,13E66,U+13E66,HJ M013A,M13A,M-12-001,"A stem of papyrus with a bud, with two shoots at the bottom.",Phonemogram,C
M13B,kEH_HG,13E67,U+13E67,HJ M013B,M13B,M-12-003,"A thin stem of papyrus with a bud, with two shoots at the bottom.",Phonemogram,C
M14,kEH_HG,131C6,U+131C6,M014,M14,M-12-021,"A cobra in repose (Naja haje, I10), written over a stem of papyrus with a bud (M13).",Phonemogram,L
M140,kEH_HG,13E7C,U+13E7C,HJ M140,M140,M-13-026,"Three thin stems of papyrus with a flowering bud, with two buds bent down; on top of a plan of a crossroads in a village (O49).",Logogram (Upper Egypt),C
M140A,kEH_HG,13E78,U+13E78,HJ M140A,M140A,M-13-015,"A stem of papyrus with a flowering bud (M129), with a bud bent down on either side of the stem, on top of a plan of a crossroads in a village (O49).",Logogram (Upper Egypt),C
M140B,kEH_HG,131DA,U+131DA,M028A,M140B,M-13-010,"Three thin stems of papyrus with a flowering bud, on top of a plan of a crossroads in a village (O49).",Logogram (Upper Egypt),C
M142,kEH_HG,13E7F,U+13E7F,HJ M142,M142,M-13-030,,,
M148,kEH_HG,13E87,U+13E87,HJ M148,M148,M-14-018,"A club used by washermen for beating laundry as part of the cleaning process (U36) and a flowering reed (M17), connected by a network consisting of four horizontal lines and three lines going from top corner to bottom corner.",Logogram offering,C
M149,kEH_HG,13E88,U+13E88,HJ M149,M149,M-14-020,"A flowering reed (M17) and a mace with a pear-shaped head (T3), connected by a network consisting of four horizontal lines and three lines going from bottom corner to top corner.",Logogram offering,C
M15,kEH_HG,131C7,U+131C7,M015,M15,M-13-018,"A clump of three papyrus flowers, with two buds bent down.",Logogram (Lower Egypt),C
M150,kEH_HG,13E89,U+13E89,HJ M150,M150,M-14-022,"A mace with a pear-shaped head (T3) and a flowering reed (M17), connected by a network consisting of four horizontal lines and three lines going from top corner to bottom corner.",Logogram offering,C
M152,kEH_HG,13E8D,U+13E8D,HJ M152,M152,M-16-010,,,
M153,kEH_HG,13E8E,U+13E8E,HJ M153,M153,M-16-013,"A rush with two shoots, with split ends.",Phonemogram,C
M154,kEH_HG,13E90,U+13E90,HJ M154,M154,M-16-015,"A desert plant, with two branches, with flowers on every branch, on top of a mouth (D21).",Logogram (Upper Egypt),C
M155,kEH_HG,13E92,U+13E92,HJ M155,M155,M-16-022,A sedge on a horizontal base.,Logogram (Upper Egypt),C
M156,kEH_HG,13E93,U+13E93,HJ M156,M156,M-16-023,"A sedge (M23), on top of a half round loaf of bread (X1).",Phonemogram,C
M157,kEH_HG,13E94,U+13E94,HJ M157,M157,M-16-025,"A sedge, written on top of a hobble for cattle without a crossbar.",,C
M15A,kEH_HG,13E74,U+13E74,M015D,M15A,M-13-011,"A clump with one papyrus flower, with two buds bent down.",Classifier marsh/swamp,C
M16,kEH_HG,131C9,U+131C9,M016,M16,M-13-003,A clump of three papyrus flowers.,Phonemogram,C
M162,kEH_HG,13E95,U+13E95,HJ M162,M162,M-16-040,"A sedge (M23), written on top of a plan of a crossroads in a village (O49).",Logogram (Upper Egypt),C
M163,kEH_HG,13E96,U+13E96,HJ M163,M163,M-16-041,"A sedge (M23), written on top of a human placenta (a circle with lines written within horizontally) (Aa1).",Logogram (custodian of the property of the king),C
M165,kEH_HG,13E9A,U+13E9A,HJ M165,M165,M-16-047,"A flowering sedge (M23A), on top of a half round loaf of bread (X1).",Logogram (king of Upper Egypt),C
M167,kEH_HG,13E9C,U+13E9C,HJ M167,M167,M-16-059,,,
M16A,kEH_HG,13E73,U+13E73,M016C,M16A,M-13-001,A rounded clump of three papyrus flowers.,Phonemogram,C
M17,kEH_HG,131CB,U+131CB,M017,M17,M-14-001,A flowering reed.,Phonemogram,C
M170,kEH_HG,13E9E,U+13E9E,HJ M170,M170,M-17-009,"A pod of a carob (Ceratonia siliqua) tree, with a leaf at the top.",Classifier braided lock of hair,C
M171,kEH_HG,13EA0,U+13EA0,HJ M171,M171,M-18-007,"A root, with the point curving backwards, with a loop vertically at the top.","Logogram (succesful, fortunate)",C
M171A,kEH_HG,13E9F,U+13E9F,HJ M171A,M171A,M-18-006,"A root, with the point curving backwards, with a loop horizontally at the front.","Classifier succesful, fortunate",C
M173,kEH_HG,13EBD,U+13EBD,HJ M173,M173,M-28-013,,,
M174,kEH_HG,13EA7,U+13EA7,HJ M174,M174,M-21-006,,,
M175,kEH_HG,13EA6,U+13EA6,HJ M175,M175,M-21-005,An ear of corn with two long sprouts at the top.,Logogram (emmer),C
M177,kEH_HG,13EA8,U+13EA8,M036A,M36A,M-22-002,"A bundle of flax, bound together by string with the loop and tie at the back, with a pointy bottom, angled forwards, with the bolls visible on top.",Phonemogram,C
M177A,kEH_HG,13EA9,U+13EA9,HJ M177A,M177A,M-22-008,"A bundle of flax, bound together by string with the loop and tie at the front, with a pointy bottom, angled forwards, with the bolls visible on top.",Phonemogram,C
M17A,kEH_HG,13E84,U+13E84,M017D,M17A,M-14-002,A flowering reed without the vertical line at the front.,Phonemogram,C
M18,kEH_HG,131CD,U+131CD,M018,M18,M-14-012,"A flowering reed (M17), on top of legs in a walking posture, feet orientated towards the reading direction (D54).",Phonemogram/logogram (to come),C
M181,kEH_HG,13EBC,U+13EBC,HJ M181,M181,M-28-010,A head of lettuce.,Classifier plants,C
M182,kEH_HG,13EAE,U+13EAE,HJ M182,M182,M-22-021,,,
M185,kEH_HG,13EB5,U+13EB5,HJ M185,M185,M-24-011,"A vertical bundle of reeds, with a sloped top towards the back; tied together, with the ties at the back, with the tops of the reeds visible.",Phonemogram,C
M185A,kEH_HG,13EB6,U+13EB6,HJ M185A,M185A,M-24-012,,,
M19,kEH_HG,131CE,U+131CE,M019,M19,M-14-017,"A flowering reed (M17) and a club used by washermen for beating laundry as part of the cleaning process (U36), connected by a network consisting of four horizontal lines and three lines going from bottom corner to top corner.",Phonemogram,C
M190,kEH_HG,13EBE,U+13EBE,HJ M190,M190,M-28-015,"A head of lettuce, without internal detail, bottom curving backwards.",Classifier lettuce,C
M191,kEH_HG,13EBA,U+13EBA,HJ M191,M191,M-28-007,A vertical head of lettuce.,Classifier Min (mnw) or logogram ꜥbw (lettuce),C
M192,kEH_HG,13EBF,U+13EBF,HJ M192,M192,M-28-016,,,
M194,kEH_HG,13EB9,U+13EB9,HJ M194,M194,M-28-005,A fig.,Classifier fig,C
M195,kEH_HG,13EC1,U+13EC1,HJ M195,M195,M-28-018,,,
M198,kEH_HG,13E3D,U+13E3D,HJ M198,M198,M-08-004,,,
M1A,kEH_HG,131AE,U+131AE,M001A,M1A,M-01-008,"A branch, horizontally written (M3), written over a tree (M1).",Classifier product of a tree,L
M1B,kEH_HG,13E04,U+13E04,M001I,M1B,M-01-026,,,
M1C,kEH_HG,13DFA,U+13DFA,HJ M001C,M1C,M-01-004,"A tree, with the trunk and foliage separated.",Phonemogram,C
M1D,kEH_HG,13E01,U+13E01,HJ M001D,M1D,M-01-021,"A tree (M1), on top of a standard used for carrying religious symbols (R12).",Logogram (20th and 21st nomes of Upper Egypt),C
M2,kEH_HG,131B0,U+131B0,M002,M2,M-03-001,"A herb, with three flowers or leaves, curving upwards, with the middle flower/leaf higher than the other two.",Phonemogram,C
M20,kEH_HG,131CF,U+131CF,M020,M20,M-15-001,A field of reeds with three flowering reeds and three stumps.,"Logogram (marshland, country)",C
M201,kEH_HG,13EBB,U+13EBB,HJ M201,M201,M-28-009,"A bundle of unions, on top of a wide cup (W10).",Classifier unions,C
M21,kEH_HG,131D0,U+131D0,M021,M21,M-15-007,A field of reeds with three flowering reeds and a downward loop at the far end.,"Logogram (herb, plant)",C
M210,kEH_HG,13E18,U+13E18,HJ M210,M210,M-05-003,,,
M211,kEH_HG,13FA3,U+13FA3,HJ M211,M211,O-09-045,"The façade of a shrine with a flat roof, with oblique sides, with a large doorway, with a long horizontal line coming from the front of the base, the front tip connected with a curved line going to the front tip of the roof, resembling a representation of two ribs, written parallel (Aa15).",Logogram (sanctuary of Upper Egypt),C
M215,kEH_HG,13E80,U+13E80,HJ M215,M215,M-13-032,"A clump with three papyrus flowers, with two buds bent down.",Phonemogram,C
M217,kEH_HG,13DFD,U+13DFD,HJ M217,M217,M-01-016,"A tree, with a rippled line of water coming from both sides of the top, angling downwards.",Logogram (rain (divinity)),C
M22,kEH_HG,131D1,U+131D1,M022,M22,M-16-002,A rush with two shoots.,Phonemogram,C
M223,kEH_HG,13BCE,U+13BCE,HJ M223,M223,F-20-027,"The body of a bird with the head replaced with a flower and stem, the stem curling backwards around a flower and long stem in a vase.",Phonemogram,C
M224,kEH_HG,13E50,U+13E50,HJ M224,M224,M-09-002,,,
M224A,kEH_HG,13E4F,U+13E4F,HJ M224A,M224A,M-09-001,"A lotus flower, facing upwards, with a short stalk, and a bud at either side.",Logogram (lotus),C
M22A,kEH_HG,13E8C,U+13E8C,M022E,M22A,M-16-009,"A rush with two shoots, on top of a horizontal line.",Phonemogram,C
M23,kEH_HG,131D3,U+131D3,M023,M23,M-16-016,A sedge.,Logogram (king of Upper Egypt),C
M230,kEH_HG,13E65,U+13E65,HJ M230,M230,M-11-045,"The root of a lotus, with four stems with leaves, with the leaf written vertically.",\4000,C
M232,kEH_HG,13E82,U+13E82,HJ M232,M232,M-13-036,"A flower with a long stem, making a curve turning the flower upside-down, between two stems of papyrus with a bud (M13) on top of a circle.",Logogram (Lower Egypt),C
M233,kEH_HG,13E85,U+13E85,HJ M233,M233,M-14-013,"A flowering reed, with two shoots at the bottom, at 45 degree forwards.",Phonemogram,C
M235,kEH_HG,13E4D,U+13E4D,HJ M235,M235,M-08-043,,"Logogram (Wennefer, title of Osiris)",
M236,kEH_HG,13EA4,U+13EA4,HJ M236,M236,M-19-007,,,
M237,kEH_HG,13E43,U+13E43,HJ M237,M237,M-08-022,"A flower with seven petals, on top of a long stalk.",Classifier plant/phono-repeater,C
M23A,kEH_HG,13E97,U+13E97,HJ M023A,M23A,M-16-043,A flowering sedge.,classifier plants,C
M24,kEH_HG,131D4,U+131D4,M024,M24,M-16-026,"A sedge (M23), written on top of a mouth (D21).",Phonemogram,C
M240,kEH_HG,13E54,U+13E54,HJ M240,M240,M-09-014,"A bouquet of four lotus flowers, stacked on top of each other, with a vertical stem.",Classifier floral offering,C
M240A,kEH_HG,13E55,U+13E55,HJ M240A,M240A,M-09-016,"A bouquet of three lotus flowers, stacked on top of each other, with a vertical stem.",Classifier floral offering,C
M244,kEH_HG,13E9D,U+13E9D,HJ M244,M244,M-16-062,"A sedge (M23), written on top of legs in a walking posture, feet orientated towards the reading direction (D54).","Logogram (to follow, to accompany)",C
M245,kEH_HG,13E91,U+13E91,HJ M245,M245,M-16-021,"A forearm, with the palm of the hand facing upwards (D36), written over a rush with two shoots (M22).",Phonemogram,C
M24A,kEH_HG,13E8F,U+13E8F,M024B,M24A,M-16-014,"A flowering sedge (M23A), on top of a mouth (D21).",Phonemogram,C
M25,kEH_HG,131D6,U+131D6,M025,M25,M-16-058,"A desert plant, with four branches, with flowers on every branch (M26A), written on top of a mouth (D21).",Logogram (Upper Egypt),C
M26,kEH_HG,131D7,U+131D7,M026,M26,M-16-046,"A desert plant, with four branches, with flowers on every branch, on a horizontal base.",Logogram (Upper Egypt),C
M26A,kEH_HG,13E98,U+13E98,HJ M026A,M26A,M-16-044,"A desert plant, with four branches, with flowers on every branch.",Logogram (Upper Egypt),C
M27,kEH_HG,131D8,U+131D8,M027,M27,M-16-053,"A forearm, with the palm of the hand facing upwards (D36), written over a desert plant, with four branches, with flowers on every branch, on a horizontal base. (M26).",Logogram (Upper Egypt),L
M28,kEH_HG,131D9,U+131D9,M028,,M-16-056,"A desert plant, with four branches, with flowers on every branch (M26A), written on top of a hobble for cattle without a crossbar (V20).",Logogram (the 10 of Upper Egypt),C
M29,kEH_HG,131DB,U+131DB,M029,M29,M-17-003,A pod of a carob (Ceratonia siliqua) tree.,Logogram (to be sweet),C
M2A,kEH_HG,13E0C,U+13E0C,HJ M002A,M2A,M-03-003,,,
M2B,kEH_HG,13E0D,U+13E0D,HJ M002B,M2B,M-03-007,"A bundle of three flowers, with one flower between two buds, written horizontally.",Logogram (to be justified),C
M3,kEH_HG,131B1,U+131B1,M003,M3,M-04-001,"A branch, horizontally written.",Phonemogram,C
M30,kEH_HG,131DC,U+131DC,M030,M30,M-18-001,A root.,Logogram (to be sweet),C
M31,kEH_HG,131DD,U+131DD,M031,M31,M-19-001,"A rhizome of a lotus, resembling vertical lines coming from a vessel.",Classifier growing,C
M31A,kEH_HG,13EA3,U+13EA3,M031F,M31A,M-19-002,A round rhizome of a lotus.,Classifier plants,C
M32,kEH_HG,131DF,U+131DF,M032,M32,M-18-012,"A rhizome of a lotus, with two shoots at the bottom.",Classifier growing,C
M32A,kEH_HG,13EA1,U+13EA1,HJ M032A,M32A,M-18-009,"A rhizome of a lotus, with one shoot at the bottom, curved forwards, and three lines at the top.",Logogram (to be sweet),C
M33,kEH_HG,131E0,U+131E0,M033,M33,M-20-004,"Three grains of corn, arranged horizontally.","Logogram (grain, barley, corn)",C
M33A,kEH_HG,131E1,U+131E1,M033A,M33A,M-20-005,"Three grains of corn, arranged vertically.","Classifier grain, barley, corn",L
M33B,kEH_HG,13EA5,U+13EA5,M033D,M33B,M-20-001,A grain of corn.,"Classifier grain, barley, corn",C
M34,kEH_HG,131E3,U+131E3,M034,M34,M-21-001,An ear of corn.,Logogram (emmer),C
M35,kEH_HG,131E4,U+131E4,M035,M35,M-20-007,A heap of corn.,"Classifier heap, quantity",C
M36,kEH_HG,131E5,U+131E5,M036,M36,M-22-016,"A bundle of flax stems, bound together with string, loop and tie at the back, with the bolls visible on the top, squared at the bottom.",Phonemogram,C
M37,kEH_HG,131E6,U+131E6,M037,M37,M-22-012,"A bundle of flax stems, bound together with string near the top of the bundle.",Phonemogram,C
M37A,kEH_HG,13EAD,U+13EAD,M037D,M37A,M-22-020,,,
M37B,kEH_HG,13EAF,U+13EAF,HJ M037B,M37B,M-22-029,"A bundle of flax stems, bound together by string, loop and tie at the back, with a widened base resembling the mirror of the letter L.",Phonemogram,C
M37C,kEH_HG,13EAB,U+13EAB,HJ M037C,M37C,M-22-014,"A bundle of flax, bound together with string near the bottom of the bundle, without internal detail.",Phonemogram,C
M38,kEH_HG,131E7,U+131E7,M038,M38,M-22-013,"A bundle of flax stems, bound together with string near the bottom of the bundle.",Classifier flax,C
M38A,kEH_HG,13EAA,U+13EAA,HJ M038A,M38A,M-22-011,"A bundle of flax stems, bound together with string near the top of the bundle, with the bolls visible on the top.","Classifier tying, binding",C
M38B,kEH_HG,13EAC,U+13EAC,HJ M038B,M38B,M-22-017,"A wide bundle of flax stems, bound together with string, loop and tie at the back, with bolls visible on the top, squared at the bottom.",Phonemogram,C
M39,kEH_HG,131E8,U+131E8,M039,M39,M-23-001,A basket with four pieces of grain or fruit.,Classifier granular product,C
M39B,kEH_HG,13EB2,U+13EB2,HJ M039B,M39B,M-23-005,A basket with two roes of four pieces of grain or fruit.,Logogram ((a vessel) with faience),C
M3A,kEH_JSesh,131B2,U+131B2,M003A,M3A,G-09-025,"A branch, horizontally written (M3), over an owl (G17).",Phonemogram,L
M3B,kEH_HG,13E0F,U+13E0F,HJ M003B,M3B,M-04-003,"A branch, vertically written.",Phono-repeater,C
M3E,kEH_HG,13E11,U+13E11,M003J,,M-04-007,"A branch, horizontally written, with two branches in a V shape at the far end.",Phonemogram,C
M3F,kEH_HG,13E13,U+13E13,HJ M003F,M3F,M-04-009,"A branch, horizontally written, with only one side-branch near the tip.",Phonemogram,C
M4,kEH_HG,131B3,U+131B3,M004,M4,M-05-001,"A palm branch, stripped of leaves and notched with a round notch.",Logogram (year),C
M40,kEH_HG,131E9,U+131E9,M040,M40,M-24-001,"A vertical bundle of reeds, tied together, with the ties at the front",Phonemogram,C
M40A,kEH_HG,13EB3,U+13EB3,M040E,M40A,M-24-006,"A vertical bundle of reeds, with a sloped top towards the front; tied together, with the ties at the back.",Phonemogram,C
M40C,kEH_HG,13EB4,U+13EB4,HJ M040C,M40C,M-24-007,"A vertical bundle of reeds, with a sloped top towards the back; tied together, with the ties at the back.",Phonemogram,C
M41,kEH_HG,131EB,U+131EB,M041,M41,M-25-001,A log of wood.,Classifier wood/timber,C
M42,kEH_HG,131EC,U+131EC,M042,M42,M-08-038,A flower with four petals.,Phonemogram,C
M43,kEH_HG,131ED,U+131ED,M043,M43,M-26-005,"A vine with fruits on two forked supports, with the back of the vine descending down, into a basket or vessel.",Logogram (wine),C
M43A,kEH_HG,13EB7,U+13EB7,HJ M043A,M43A,M-26-001,A vine on two forked supports.,"Logogram (gardiner, vinter)",C
M44,kEH_HG,131EE,U+131EE,M044,M44,M-27-002,A thorn.,Phonemogram,C
M46,kEH_HG,13E03,U+13E03,HJ M046,M46,M-01-024,A tree without foliage.,Classifier tamarisk wood,C
M46B,kEH_HG,13E05,U+13E05,HJ M046B,M46B,M-01-027,A coniferous tree.,Phono-repeater,C
M48,kEH_HG,131AF,U+131AF,M001B,M1E M48,M-01-006,"A horned desert viper (Cerastes cerastes), written over a tree (M1).",Phonemogram,L
M4A,kEH_HG,13E1A,U+13E1A,HJ M004A,M4A,M-05-006,"A palm branch, stripped of leaves, with multiple sharp notches.",Logogram (year),C
M4B,kEH_HG,13E1B,U+13E1B,HJ M004B,M4B,M-05-009,"A palm branch, stripped of leaves and notched with a sharp notch.",Logogram (year),C
M5,kEH_HG,131B4,U+131B4,M005,M5,M-05-024,"A palm branch, stripped of leaves and notched with a round notch (M4), on top of a half round loaf of bread (X1).",Logogram (time/season),C
M50A,kEH_HG,13DFB,U+13DFB,HJ M050A,M50A,M-01-005,A tree upon a wide base with upstanding edges.,Logogram (sycamore),C
M51,kEH_HG,13DFC,U+13DFC,HJ M051,M51,M-01-015,,,
M54,kEH_HG,13E08,U+13E08,HJ M054,M54,M-02-001,A palm tree.,Classifier costly wood,C
M54A,kEH_HG,13E0A,U+13E0A,HJ M054A,M54A,M-02-007,"A doum palm tree (Hyphaene thebaica) with sprouts a the bottom, with two trunks.",Classifier doum palm,C
M57,kEH_HG,13E16,U+13E16,HJ M057,M57,M-04-020,A clump of three reed-stalks with florets.,Classifier plant?,C
M5A,kEH_HG,13E1E,U+13E1E,HJ M005A,M5A,M-05-012,"A palm branch, stripped of leaves, with multiple sharp notches (M4A), on top of a half round loaf of bread (X1).",Logogram (year),C
M5B,kEH_HG,13E1D,U+13E1D,HJ M005B,M5B,M-05-011,"A palm branch, stripped of leaves and notched with a sharp notch (M4B), on top of a half round loaf of bread (X1).",Logogram (year),C
M6,kEH_HG,131B5,U+131B5,M006,M6,M-05-015,"A palm branch, stripped of leaves and notched with a round notch (M4), on top of a mouth (D21).",Logogram (time/season),C
M60,kEH_HG,13E17,U+13E17,HJ M060,M60,M-04-021,"A flower or herb, with a side branch on either side, flowers resemble a fork.",Classifier plant,C
M62,kEH_HG,13E14,U+13E14,HJ M062,M62,M-04-013,A branch of laurel leaves.,Classifier plant,C
M64,kEH_HG,13E24,U+13E24,HJ M064,M64,M-05-022,,,
M64A,kEH_HG,13E23,U+13E23,HJ M064A,M64A,M-05-021,"A palm branch, stripped of leaves and notched with a sharp notch (M4B), on top of a circle.",Logogram (time/season),C
M65,kEH_HG,13E25,U+13E25,HJ M065,M65,M-05-023,,,
M66,kEH_HG,13E28,U+13E28,HJ M066,M66,M-05-030,,,
M67,kEH_HG,13E26,U+13E26,HJ M067,M67,M-05-026,"A palm branch, stripped of leaves and notched with a round notch (M4), on top of a horizontal line.",Logogram (year),C
M69,kEH_HG,13E29,U+13E29,HJ M069,M69,M-06-001,,,
M69A,kEH_HG,13E2A,U+13E2A,HJ M069A,M69A,M-06-002,"A strip of land or pond, with a lotus-bud and a lotus flower.",?,C
M7,kEH_HG,131B6,U+131B6,M007,M7,M-05-025,"A palm branch, stripped of leaves and notched with a round notch (M4), on top of a stool made of reed matting (Q3).","Classifier youth, vigour, fresh",C
M70,kEH_HG,13E2B,U+13E2B,HJ M070,M70,M-06-003,,,
M71,kEH_HG,13E51,U+13E51,HJ M071,M71,M-09-006,"A lotus flower, facing upwards, with a long stalk, with a bud at either side, on top of a canal (M36).",Logogram (lotus),C
M72,kEH_HG,131BA,U+131BA,M010A,M72,M-07-005,"A lotus bud with a long stalk, folded under itself.",Classifier offering,C
M72A,kEH_HG,13E39,U+13E39,HJ M072A,M72A,M-07-010,"A lotus bud with a long-twisted stalk, which is folded under itself.",Classifier offering,C
M73,kEH_HG,13E3A,U+13E3A,HJ M073,M73,M-07-013,"A lotus bud, with the bud facing upwards, and the stem facing backwards.",Classifier lettuce,C
M75,kEH_HG,13E3B,U+13E3B,HJ M075,M75,M-07-016,,,
M76,kEH_HG,13E3C,U+13E3C,HJ M076,M76,M-08-001,A lotus flower.,Classifier growing,C
M76A,kEH_HG,13E40,U+13E40,HJ M076A,M76A,M-08-012,"A lotus flower, facing upwards, with a short stalk.",Classifier flower,C
M77A,kEH_HG,13E42,U+13E42,HJ M077A,M77A,M-08-018,"A lotus flower with internal detail, facing upwards, with a long stalk.",Classifier joy,
M7A,kEH_HG,13E20,U+13E20,HJ M007A,M7A,M-05-016,"A palm branch, stripped of leaves and notched with a sharp notch (M4B), on top of a stool made of reed matting (Q3).","Logogram (to be young, to rejuvenate)",C
M7B,kEH_HG,13E21,U+13E21,HJ M007B,M7B,M-05-017,"A palm branch, stripped of leaves, with multiple sharp notches (M4A), on top of a stool made of reed matting (Q3).","Logogram (to be young, to rejuvenate)",C
M8,kEH_HG,131B7,U+131B7,M008,M8,M-06-023,"A pool with lotus flowers, consisting of three flowers and two buds.",Phonemogram,C
M82,kEH_HG,13E46,U+13E46,HJ M082,M82,M-08-027,,,
M83,kEH_HG,13E72,U+13E72,HJ M083,M83,M-12-037,,,
M85,kEH_HG,13E0E,U+13E0E,HJ M085,M85,M-03-008,,,
M86,kEH_HG,13E4E,U+13E4E,HJ M086,M86,M-08-046,A flower with eight petals.,"Classifier plants, vegetables",C
M86B,kEH_HG,13E48,U+13E48,HJ M086B,M86B,M-08-031,"A flower, seen from above, with seven distinct petals visible inside a wavy circle.",Classifier flower,C
M86C,kEH_HG,13E49,U+13E49,HJ M086C,M86C,M-08-033,,,
M8A,kEH_HG,13E30,U+13E30,HJ M008A,M8A,M-06-012,"A pool with papyrus flowers, consisting of three vertical flowers and two buds.",Classifier flower,C
M8B,kEH_HG,13E31,U+13E31,HJ M008B,M8B,M-06-018,"A pool with papyrus flowers, consisting of three vertical flowers and two buds, with a ripple of water written inside the oval pool.",Phonemogram,C
M8C,kEH_HG,13E37,U+13E37,HJ M008C,M8C,M-06-034,,,
M8E,kEH_HG,13E2D,U+13E2D,HJ M008E,M8E,M-06-005,"A pool with lotus flowers, consisting of three vertical flowers.",Phonemogram,C
M8F,kEH_HG,13E2C,U+13E2C,HJ M008F,M8F,M-06-004,,,
M8G,kEH_HG,13E32,U+13E32,HJ M008G,M8G,M-06-019,"A strip of land or pool, with lotus flowers, with three vertical flowers resembling a forked pole for supporting a roof (O30) and two buds.",Phonemogram,C
M8H,kEH_HG,13E2F,U+13E2F,HJ M008H,M8h,M-06-009,"A pool with papyrus flowers, consisting of three vertical flowers.","Logogram (marsh, meadow)",C
M8I,kEH_HG,13E35,U+13E35,HJ M008I,M8i,M-06-028,"A pool with papyrus flowers, consisting of three vertical flowers and four buds.",Phonemogram,C
M9,kEH_HG,131B8,U+131B8,M009,M9,M-08-025,"A lotus flower, with the flower facing forward, and the stem facing downward.",Classifier lotus flower,C
M90,kEH_HG,13E52,U+13E52,HJ M090,M90,M-09-009,"A rush or reed with two side branches, all tipped by flowers.",Classifier reed/rush,C
M91,kEH_HG,13E53,U+13E53,HJ M091,M91,M-09-010,"A flowering rush or reed with a long backwards curving stem, with a leaf on each side of the stem.",Classifier reed/rush,C
M94,kEH_HG,13E56,U+13E56,HJ M094,M94,M-09-017,,,
M95,kEH_HG,13E57,U+13E57,HJ M095,M95,M-09-019,,,
M96,kEH_HG,13E58,U+13E58,HJ M096,M96,M-09-020,"A bouquet of two lotus flowers, stacked on top each other, with a forward curving stem.",Phonemogram,C
M97,kEH_HG,13E76,U+13E76,HJ M097,M97,M-13-013,"A stem of papyrus with a bud (M13), with a downward hanging flower coming from the bottom of the bud, on either side of the stem.",Phonemogram,C
M9A,kEH_HG,13E47,U+13E47,HJ M009A,M9A,M-08-030,"A lotus flower with an extended central point/a papyrus flower, facing forwards, with a long stalk, folded under itself.",Classifier joy,C
M9B,kEH_HG,13E41,U+13E41,HJ M009B,M9B,M-08-014,"A lotus flower with internal detail, facing upwards, with a long stalk.",Classifier plants/flowers,C
N1,kEH_HG,131EF,U+131EF,N001,N1,N-01-001,The sky.,Logogram (sky),C
N10,kEH_HG,131F8,U+131F8,N010,N10,N-07-006,"The moon, partly obscured to form a crescent at the top of the circle.",Phonemogram,C
N100,kEH_HG,13F38,U+13F38,HJ N100,N100,N-20-013,A wavy canal.,"Classifier waters, rivers, lakes",C
N101,kEH_HG,13F39,U+13F39,HJ N101,N101,N-20-014,A canal with a rectangular block on the top and the bottom.,"Classifier to dam, to revet",C
N102A,kEH_HG,13F31,U+13F31,HJ N102A,N102A,N-19-009,"A ripple of water (N35), written within a rectangle.",Phonemogram,C
N103A,kEH_HG,13F3A,U+13F3A,HJ N103A,N103A,N-20-015,"A canal (M36), written over legs in a walking posture, feet orientated towards the reading direction (D54).",Logogram (to wade),C
N104,kEH_HG,13A0E,U+13A0E,D446,,D-32-005,A vulva with the top line formed by two half circles.,,C
N106,kEH_HG,13F01,U+13F01,HJ N106,N106,N-10-017,"A tongue of land with a vertical line at the front, and the horizontal lines extending beyond the vertical line.",Classifier great water/basin,C
N107,kEH_HG,13F4B,U+13F4B,HJ N107,N107,N-22-010,,,
N108,kEH_HG,13EDC,U+13EDC,HJ N108,N108,N-04-005,,,
N11,kEH_HG,131F9,U+131F9,N011,N11,N-06-001,A crescent moon.,Logogram (month),C
N111,kEH_HG,13F0E,U+13F0E,HJ N111,N111,N-11-028,"A forearm, with the palm of the hand facing upwards (D36), holding a loop of cord with the ends downwards (V7); written over a tree (M1); on top of a standard used for carrying religious symbols (R12), written on top of a parcel of land with irrigation ditches (N24).",Logogram (20th and 21st nomes of Upper Egypt),C
N113,kEH_HG,13F0F,U+13F0F,HJ N113,N113,N-11-030,"A tree (M1), in front of a piece of flesh, point down, curving forwards (F51), in front of hindquarters of a seated lion or leopard (F22); arranged horizontally; on top of a standard used for carrying religious symbols (R12), written on top of a parcel of land with irrigation ditches (N24).",Logogram (14th nome of Upper Egypt),C
N113A,kEH_HG,13DFF,U+13DFF,HJ N113A,N113A,M-01-019,"A tree (M1), written over a horned desert viper (Cerastes cerastes) (I9), in front of the hindquarters of a seated lion or leopard (F22); on top of a standard used for carrying religious symbols (R12).",Logogram (14th nome of Upper Egypt),C
N113B,kEH_HG,13F10,U+13F10,HJ N113B,N113B,N-11-031,"A tree (M1), in front of hindquarters of a seated lion or leopard (F22); arranged horizontally; on top of a standard used for carrying religious symbols (R12), written on top of a parcel of land with irrigation ditches (N24).",Logogram (21th nome of Upper Egypt),C
N113C,kEH_HG,13F11,U+13F11,HJ N113C,N113C,N-11-032,"A horned desert viper (Cerastes cerastes) (I9), written over a tree (M1), in front of hindquarters of a seated lion or leopard (F22); on top of a standard used for carrying religious symbols (R12), written on top of a parcel of land with irrigation ditches (N24).",Logogram (14th nome of Upper Egypt),C
N115,kEH_HG,13F1D,U+13F1D,HJ N115,N115,N-13-028,"A sand covered mountain over the edge of the cultivated areas (N26), on top of a standard used for carrying religious symbols, with a loop under the horizontal beam, running over the vertical pole (R12A).",Logogram (12th nome of Upper Egypt),C
N117,kEH_HG,13F18,U+13F18,HJ N117,N117,N-13-013,"A tie or strap, used with sandals (ankh sign) (S34), written on top of the middle hill of the hill country over the edge of the cultivated areas (N25).","Logogram (place of life (i.e., the west))",C
N118,kEH_HG,13F1C,U+13F1C,HJ N118,N118,N-13-026,"A horned desert viper (Cerastes cerastes) (I9), above a sand covered mountain over the edge of the cultivated areas (N26); on top of a standard used for carrying religious symbols (R12), written on top of a parcel of land with irrigation ditches (N24).",Logogram (12th nome of Upper Egypt),C
N119,kEH_HG,13F12,U+13F12,HJ N119,N119,N-11-035,"A schematic representation of three sealed water pots in a rack (W17A), in front of a spear made into a standard, resembling a fire-drill in a piece of wood (R15A); on top of a standard used for carrying religious symbols (R12), written on top of a parcel of land with irrigation ditches (N24).",Logogram (14th nome of Upper Egypt),C
N12,kEH_HG,131FA,U+131FA,N012,N12,N-06-005, A crescent moon with a part of the moon disc.,Classifier moon,C
N120,kEH_HG,13F09,U+13F09,HJ N120,N120,N-11-020,,,
N122,kEH_HG,13ED2,U+13ED2,HJ N122,N122,N-02-011,"The sun, with a cobra (Naja haje), standing up, with expanded hood (uraeus), written inside it, with a tie or strap, used with sandals (ankh sign) (S34) written below the sun.",Classifier time,
N124,kEH_HG,13F48,U+13F48,HJ N124,N124,N-22-007,"A metal T shaped basin, with shapes on the short side resembling trees.",Phonemogram,C
N124A,kEH_HG,13F49,U+13F49,HJ N124A,N124A,N-22-008,,,
N13,kEH_JSesh,131FB,U+131FB,N013,N13,N-08-008,"The back half of a crescent moon (N63A), written over a star (N14).",Logogram (half-month (festival)),C
N132,kEH_HG,13EED,U+13EED,HJ N132,N132,N-05-019,"A sun disk with wings, angled downwards.",Logogram (king of Upper Egypt and Lower Egypt),C
N132A,kEH_HG,13EF0,U+13EF0,HJ N132A,N132A,N-05-023,"The sun, with a broad beam of light coming from below (N8B), with wings, angled downwards.",Classifier winged sun disk,C
N132B,kEH_HG,13EEF,U+13EEF,HJ N132B,N132B,N-05-022,"The sun, with three beams of sunlight coming from it, resembling lines of triangles (N8A), with wings, angled downwards.","Logogram (to rise, to shine)",C
N133,kEH_HG,13EEE,U+13EEE,HJ N133,N133,N-05-020,"The sun, with a cobra (Naja haje), standing up, with expanded hood (uraeus) at either side, heads below the sun disk (N6D), with wings, angled downwards.",Logogram (king of Upper Egypt and Lower Egypt),C
N133B,kEH_HG,13EF1,U+13EF1,HJ N133B,N133B,N-05-024,"The sun, with a cobra (Naja haje), standing up, with expanded hood (uraeus) at either side, heads below the sun disk (N6D), with a broad beam of light coming from below, between the cobras; with wings, angled downwards.","Logogram (to rise, to shine)",C
N135,kEH_HG,13F3F,U+13F3F,HJ N135,N135,N-20-029,"A row of dots, written inside an oval.",Logogram (Hierakonpolis),C
N137,kEH_HG,13F23,U+13F23,HJ N137,N137,N-15-016,"The sun rising over a sand covered mountain over the edge of the cultivated areas, with three beams of sunlight coming from it, resembling lines of triangles.",Logogram (eternity),C
N138,kEH_HG,13F22,U+13F22,HJ N138,N138,N-15-015,,,
N139,kEH_HG,13F3E,U+13F3E,HJ N139,N139,N-20-028,"A row of dots, written inside a horizontal rectangle.",Phonemogram,C
N14,kEH_HG,131FC,U+131FC,N014,N14,N-08-001,A star.,Logogram (star),C
N140,kEH_HG,13F32,U+13F32,HJ N140,N140,N-19-012,A horizontal line written within an oval.,Logogram (island (in ꞽw-ḏsḏs (El-Bahriya oasis))),C
N141,kEH_HG,13F40,U+13F40,HJ N141,N141,N-20-030,"An oval of sand, with a vertical line in the middle.",Logogram (island),C
N142,kEH_HG,13EDA,U+13EDA,HJ N142,N142,N-03-017,"The sun, with a cobra (Naja haje), standing up, with expanded hood (uraeus) at either side, heads below the sun disk, with the left cobra wearing the red crown (S3) and the right cobra wearing the white crown (S1).",Logogram (king of Upper Egypt and Lower Egypt),C
N15,kEH_HG,131FD,U+131FD,N015,N15,N-08-005,"A star, within a circle.",Classifier (netherworld),C
N16,kEH_HG,131FE,U+131FE,N016,N16,N-09-027,"A strip of land, with three grains of sand written beneath it.",Logogram (land),C
N16A,kEH_HG,13EFD,U+13EFD,HJ N016A,N16A,N-09-030,"A strip of land, with three grains of sand written beneath it, arranged horizontally, and a tongue of land (N21) written on either side of the grains of sand.",Logogram (land),C
N16B,kEH_HG,13EFE,U+13EFE,HJ N016B,N16B,N-09-032,"A strip of land, with three grains of sand written beneath it, arranged as a triangle, with one grain at the top, and a tongue of land (N21) written on either side of the grains of sand.",Logogram (land),C
N16C,kEH_HG,13EFF,U+13EFF,HJ N016C,N16C,N-09-033,"A strip of land, with three grains of sand written beneath it, arranged as a triangle, with one grain at the bottom, and a tongue of land (N21) written on either side of the grains of sand.",Logogram (land),C
N17,kEH_HG,131FF,U+131FF,N017,N17,N-09-002,A strip of land.,Logogram (land),C
N18,kEH_HG,13200,U+13200,N018,N18,N-09-011,An oval of sand.,Logogram (island),C
N18A,kEH_HG,13EF7,U+13EF7,N018D,N18A,N-09-013,,,
N19,kEH_HG,13203,U+13203,N019,N19,N-09-012,"Two ovals of sand, arranged vertically.",Logogram (horizon-dweller),C
N1A,kEH_HG,13EC4,U+13EC4,N001A,US685N1VARA,N-01-004,The sky with a curved line running from the tips of the top.,Classifier affliction,C
N2,kEH_HG,131F0,U+131F0,N002,N2,N-01-022,The sky with a sceptre with a forked end hanging from it.,Classifier night,C
N20,kEH_HG,13204,U+13204,N020,N20,N-10-011,A long tongue of land.,Classifier riverbank,C
N21,kEH_HG,13205,U+13205,N021,N21,N-10-001,A tongue of land.,Logogram (riverbank),C
N22,kEH_HG,13206,U+13206,N022,N22,N-10-015,A tongue of land with a vertical line at the front.,Logogram (riverbank),C
N23,kEH_HG,13207,U+13207,N023,N23,N-11-002,An irrigation canal.,Classifier geographical location,C
N24,kEH_HG,13208,U+13208,N024,N24,N-11-007,A parcel of land with irrigation ditches.,"Logogram (nome, district)",C
N24A,kEH_HG,13F07,U+13F07,HJ N024A,N24A,N-11-014,,,
N24B,kEH_HG,13F03,U+13F03,HJ N024B,N24B,N-11-008,"A parcel of land with irrigation ditches, consisting of three horizontal lines.",Classifier garden,C
N24C,kEH_HG,13F0B,U+13F0B,HJ N024C,N24C,N-11-023,,,
N24D,kEH_HG,13F06,U+13F06,HJ N024D,N24D,N-11-013,"A parcel of land with irrigation ditches, consisting of three-by-three lines, extending beyond each other.","Logogram (nome, district)",C
N24E,kEH_HG,13F0A,U+13F0A,HJ N024E,N24E,N-11-022,"A parcel of land with irrigation ditches, consisting of four horizontal lines of blocks.",Classifier garden,C
N24F,kEH_HG,13F05,U+13F05,HJ N024F,N24F,N-11-010,"A parcel of land with irrigation ditches, vertical lines at an angle, extending beyond the top and bottom horizontal line.","Logogram (nome, district)",C
N24H,kEH_HG,13F04,U+13F04,HJ N024H,N24h,N-11-009,"A parcel of land with irrigation ditches, vertical lines at an angle.","Logogram (nome, district)",C
N25,kEH_HG,13209,U+13209,N025,N25,N-13-001,The hill country over the edge of the cultivated areas.,"Classifier foreign land, desert",C
N26,kEH_HG,1320B,U+1320B,N026,N26,N-13-014,A sand covered mountain over the edge of the cultivated areas.,Phonemogram,C
N27,kEH_HG,1320C,U+1320C,N027,N27,N-15-002,The sun rising over a sand covered mountain over the edge of the cultivated areas.,Logogram (horizon),C
N28,kEH_HG,1320D,U+1320D,N028,N28,N-16-001,A hill with a halo of sun rays behind it.,Phonemogram,C
N28C,kEH_HG,13D4E,U+13D4E,HJ N028C,N28C,I-04-015,A round piece of crocodile skin with spines.,Phonemogram,C
N29,kEH_HG,1320E,U+1320E,N029,N29,N-17-001, A sandy hill slope.,Phonemogram,C
N3,kEH_HG,131F1,U+131F1,N003,N3,N-01-023,The sky with a sceptre with a cone at the end hanging from it.,Classifier night,C
N30,kEH_HG,1320F,U+1320F,N030,N30,N-17-004,A hill with shrubs.,"Logogram hill, mound",C
N30A,kEH_HG,13F25,U+13F25,HJ N030A,N30A,N-17-005,"An enclosed hill, with a shrub at the top.","Logogram hill, mound",C
N31,kEH_HG,13210,U+13210,N031,N31,N-18-003,"A road with two shrubs at the top, and one at the bottom.",Logogram (road),C
N31A,kEH_HG,13F2E,U+13F2E,HJ N031A,N31A,N-18-012,A road with three shrubs at both sides.,"Classifier road, path",C
N31E,kEH_HG,13F2B,U+13F2B,HJ N031E,N31E,N-18-007,,,
N31F,kEH_HG,13F2C,U+13F2C,HJ N031F,N31F,N-18-009,"A curving path in a V shape, with three shrubs resembling flowers written over it, with the middle flower oriented with the flower downwards.",Classifier window,C
N31G,kEH_HG,13F2D,U+13F2D,HJ N031G,N31G,N-18-010,"A curving path in a V shape, with three shrubs resembling flowers written over it, with the middle flower oriented with the flower downwards, with a loop and tie at the right side.",Logogram (road),C
N31H,kEH_HG,13F29,U+13F29,HJ N031H,N31h,N-18-002,"an oval road, with three shrubs resembling flowers written over it, with the middle flower oriented with the flower downwards.",Phonemogram,C
N32,kEH_HG,13211,U+13211,N032,N32,N-22-001,A lump of clay.,Classifier clay,C
N33,kEH_HG,13212,U+13212,N033,N33,N-14-006,A grain of sand.,"Classifier medicaments, incense, oil",C
N33A,kEH_HG,13213,U+13213,N033A,N33A,N-14-002,Three grains of sand that are horizontally aligned to each other.,"Classifier medicaments, incense, oil",C
N34,kEH_HG,13214,U+13214,N034,N34,N-22-002,An ingot of metal.,Classifier metal objects,C
N34A,kEH_HG,13F46,U+13F46,N034D,N34A,N-22-005,"An ingot of metal, with a wide round bottom.",Logogram (copper),C
N35,kEH_HG,13216,U+13216,N035,N35,N-19-001,A ripple of water.,Phonemogram,C
N35A,kEH_HG,13217,U+13217,N035A,N35A,N-19-002,"Three ripples of water, vertically aligned above one another.",Logogram (water),C
N36,kEH_HG,13218,U+13218,N036,N36,N-20-001,A canal.,Phonemogram,C
N36A,kEH_HG,13F36,U+13F36,HJ N036A,N36A,N-20-009,"A canal, with vertical ripples of water written within it.",Classifier time,C
N36B,kEH_HG,13F35,U+13F35,HJ N036B,N36B,N-20-007,,,
N36C,kEH_HG,13F34,U+13F34,N036D,N36D,N-20-002,"A ripple of water (N35), written inside a canal (N36).",Phonemogram,C
N36D,kEH_HG,13F3D,U+13F3D,N036C,,N-20-025,,,
N37,kEH_HG,13219,U+13219,N037,N37,N-20-018,A rectangular pool.,Phonemogram,C
N37A,kEH_HG,13F3C,U+13F3C,N037D,,N-20-021,"A rectangular pool, with three diagonal strokes written inside.",Phonemogram,C
N38,kEH_HG,1321B,U+1321B,N038,N38,N-20-019,A rectangular pool with sloping sides.,Phonemogram,C
N39,kEH_HG,1321C,U+1321C,N039,N39,N-20-031,"A rectangular pool, with vertical ripples of water written within it.",Phonemogram,C
N3A,kEH_HG,13EC8,U+13EC8,HJ N003A,N3A,N-01-013,"A circle with two horizontal lines at either side, attached to a line which curves over and back down over the sky (N1).",Classifier darkness (in divinity Keket (kk.t)),C
N3B,kEH_HG,13ECC,U+13ECC,HJ N003B,N3B,N-01-017,"A circle with two horizontal lines at either side, attached with a vertical line to the sky, with a second shorter vertical line beside it.",Classifier night,C
N4,kEH_HG,131F2,U+131F2,N004,N4,N-01-028,"The sky, with lines of moisture coming from it.",Classifier storm,C
N40,kEH_HG,1321D,U+1321D,N040,N40,N-20-033,"A rectangular pool (N37), on top of legs in a walking posture, feet orientated towards the reading direction (D54).",Logogram (to go),C
N40A,kEH_HG,13F41,U+13F41,N040B,,N-20-035,"A rectangular pool, with three diagonal strokes written inside (HG N37A), on top of legs in a walking posture, feet orientated towards the reading direction (D54).",Logogram (to go),C
N41,kEH_HG,1321E,U+1321E,N041,N41,N-21-001,A well with a ripple of water.,Phonemogram,C
N42,kEH_HG,1321F,U+1321F,N042,N42,N-21-004,A well with a straight line of water.,Phonemogram,C
N44,kEH_HG,13EC5,U+13EC5,HJ N044,N44,N-01-005,Right side of the sky (or a cavern in profile).,Classifier cavern,C
N45,kEH_HG,13EC6,U+13EC6,HJ N045,N45,N-01-010,"Three round vases with upstanding rim (W24), on top of the sky (N1).",Logogram (primeval waters),C
N46,kEH_HG,13EC7,U+13EC7,HJ N046,N46,N-01-011,"The sky with a star below it, connected with a vertical line.",Classifier dark/darkness,C
N46A,kEH_HG,13EC9,U+13EC9,HJ N046A,N46A,N-01-014,"A star, attached to a line which curves over and back down over the sky (N1).",Classifier darkness,C
N46B,kEH_HG,13ECA,U+13ECA,HJ N046B,N46B,N-01-015,"A star, attached with a vertical line to the sky, with a second shorter vertical line beside it.",Classifier darkness,C
N49,kEH_HG,13ECE,U+13ECE,HJ N049,N49,N-01-025,The sun disk (N5) on top of the sky.,Classifier dawn,C
N4A,kEH_HG,1419B,U+1419B,HJ N004A,N4A,S-11-059,,,
N4B,kEH_HG,13ED0,U+13ED0,HJ N004B,N4B,N-01-030,"The sky, with three lines coming from it resembling a wick of twisted flax, consisting of three loops (V28).",Classifier cloud/storm/moisture/rain,C
N4D,kEH_HG,1419C,U+1419C,HJ N004D,N4D,S-11-060,A pectoral consisting of a big rectangle with six strands of glass or faience beads.,Logogram (to be bright),C
N4E,kEH_HG,13ED1,U+13ED1,HJ N004E,N4E,N-01-032,"The sky, with three lines coming from it, resembling triangles.",Classifier cloudiness,C
N4F,kEH_HG,14197,U+14197,HJ N004F,N4F,S-11-051,"The sky (N1) / a pectoral resembling the sky; with three vertical lines consisting of short horizontal strokes, with upwards arrows at the bottom of the vertical lines, with three triangular shapes on top of the sky.",Logogram (to be bright) or Classifier dew/scent/rain,C
N4G,kEH_HG,13ECF,U+13ECF,HJ N004G,N4G,N-01-029,"The sky, with rippled lines of water coming from it.","Logogram (dew, scent, rain)",C
N5,kEH_HG,131F3,U+131F3,N005,N5,N-02-001,"The sun, within a halo.","Logogram (the sun, Re)",C
N50,kEH_HG,13EC2,U+13EC2,HJ N050,N50,N-01-002,"The sky, upside-down.",Classifier lower sky,C
N51,kEH_HG,13ED5,U+13ED5,HJ N051,N51,N-03-010,"The sun, with a cobra (Naja haje), standing up, with expanded hood (uraeus) at either side, with the left cobra wearing the red crown (S3) and the right cobra wearing the white crown (S1).",Logogram (king of Upper Egypt and Lower Egypt),C
N51A,kEH_HG,13ED7,U+13ED7,HJ N051A,N51A,N-03-012,"The sun, with a cobra (Naja haje), standing up, with expanded hood (uraeus) at either side, with a tie or strap, used with sandals (ankh sign, S34) with the loop around the body of the cobras, with the left cobra wearing the white crown (S1), and the right cobra wearing the red crown (S3).",Logogram (king of Upper Egypt and Lower Egypt),C
N52,kEH_HG,13ED9,U+13ED9,HJ N052,N52,N-03-016,"The sun with three straight lines of sunlight coming from it (N8), with a cobra (Naja haje), standing up, with expanded hood (uraeus) at either side, heads below the sun disk, with the left cobra wearing the red crown (S3) and the right cobra wearing the white crown (S1).",Logogram (king of Upper Egypt and Lower Egypt),C
N55,kEH_HG,13EDB,U+13EDB,HJ N055,N55,N-04-001,"The sun, encircled by a circle of dots.","Classifier to scatter light, to illuminate",C
N55A,kEH_HG,13EE3,U+13EE3,HJ N055A,N55A,N-04-023,A dotted oval.,"Classifier to scatter light, to illuminate",C
N56,kEH_HG,13EE2,U+13EE2,HJ N056,N56,N-04-017,"The sun, within a halo, with two sets of three beams of light coming from it, ending in hands.","Classifier light, shining, rising",C
N57,kEH_HG,13F4A,U+13F4A,HJ N057,N57,N-22-009,"A lightning bolt, represented by a horizontal line with arrows at each end.",Classifier (lightning bolt),C
N58,kEH_HG,13EE7,U+13EE7,HJ N058,N58,N-05-002,"The sun, with the fully extended wing of a bird (H5) on either side, arranged horizontally.",Classifier to spread out,C
N58A,kEH_HG,13EE8,U+13EE8,HJ N058A,N58A,N-05-004,"The sun, with a cobra (Naja haje), standing up, with expanded hood (uraeus) at either side (N6B), with the fully extended wing of a bird (H5) on either side, arranged horizontally.",Logogram (the winged scarab or sun disk),C
N59,kEH_HG,13EEA,U+13EEA,HJ N059,N59,N-05-011,"The sun, with the fully extended wing of a bird (H5) on the front side, arranged horizontally.",Logogram (to go forth),C
N6,kEH_HG,131F4,U+131F4,N006,N6,N-03-003,"The sun within a halo, encircled by a cobra (Naja haje), standing up, with expanded hood (uraeus).","Logogram (the sun, Re)",C
N60,kEH_HG,13EEB,U+13EEB,HJ N060,N60,N-05-015,A sun disk with wings at 90 degree.,Classifier divinity,C
N60A,kEH_HG,13EEC,U+13EEC,HJ N060A,N60A,N-05-018,"A sun disk with wings at 90 degree, with an uraeus coming from the sun disk, filling the space between the two wings.",Classifier divinity,C
N62,kEH_HG,13EF3,U+13EF3,HJ N062,N62,N-06-007,"A crescent moon, upside-down, with the full moon disk upon it.",Logogram (in rꜥ-nb),C
N62B,kEH_HG,13EF4,U+13EF4,HJ N062B,N62B,N-06-013,,,
N63,kEH_HG,13EF5,U+13EF5,HJ N063,N63,N-06-018,The front half of a crescent moon.,Logogram (half-month (festival)),C
N64,kEH_HG,13EF6,U+13EF6,HJ N064,N64,N-08-006,"A crescent moon (N11), written over a star (N14).",Logogram (month),C
N67A,kEH_HG,13EF9,U+13EF9,HJ N067A,N67A,N-09-017,"The white crown (S1), on top of a plan of a crossroads in a village (O49), written over a strip of land, with three grains of sand written beneath it (N16).",Logogram (Upper Egypt),C
N6A,kEH_HG,13ED3,U+13ED3,HJ N006A,N6A,N-03-004,"The sun, encircled by a cobra (Naja haje), standing up, with expanded hood (uraeus), head below the sun disk, with a tie or strap, used with sandals (ankh sign, S34) with the loop around the body of the cobra, in front of the sun disk.",Classifier divinity,C
N6B,kEH_HG,13ED4,U+13ED4,HJ N006B,N6B,N-03-008,"The sun, with a cobra (Naja haje), standing up, with expanded hood (uraeus) at either side.",Logogram (king of Upper Egypt and Lower Egypt),C
N6C,kEH_HG,13ED6,U+13ED6,HJ N006C,N6C,N-03-011,"The sun, with a cobra (Naja haje), standing up, with expanded hood (uraeus) at either side, with a tie or strap, used with sandals (ankh sign, S34) with the loop around the body of the cobras.",Logogram (king of Upper Egypt and Lower Egypt),C
N6D,kEH_HG,13ED8,U+13ED8,HJ N006D,N6D,N-03-013,"The sun, with a cobra (Naja haje), standing up, with expanded hood (uraeus) at either side, heads below the sun disk.",Logogram (king of Upper Egypt and Lower Egypt),C
N7,kEH_HG,131F5,U+131F5,N007,N7,N-04-015,The sun disk upon a butcher's block.,"Logogram (course (of the day), daily requirements)",C
N70A,kEH_HG,13EFA,U+13EFA,HJ N070A,N70A,N-09-025,"The red crown (S3), on top of a plan of a crossroads in a village (O49), written over a strip of land, with three grains of sand written beneath it (N16).",Logogram (Lower Egypt),C
N71,kEH_HG,13F08,U+13F08,HJ N071,N71,N-11-017,"A standard used for carrying religious symbols, with a short vertical pole, with a loop under the horizontal beam, running over the vertical pole (R56), written on top of a parcel of land with irrigation ditches (N24).",Logogram (9th nome of Lower Egypt),C
N73,kEH_HG,13F0C,U+13F0C,HJ N073,N73,N-11-025,"Two vertical human fingers on top of a standard used for carrying religious symbols (R12), written on top of a parcel of land with irrigation ditches (N24).",Logogram (Prosopite Nome),C
N74,kEH_HG,13F0D,U+13F0D,HJ N074,N74,N-11-026,"The head of a man on a stick, wearing a double feather headdress (S78), with a band of string around its head, with the ties at the back, with arms coming from the head, right arm forwards, holding a crook (S38) vertically, left arm hanging beside the stick, holding a flagellum (S45) horizontally; on top of a standard used for carrying religious symbols (R12), written on top of a parcel of land with irrigation ditches (N24).",Logogram (9th nome of Lower Egypt),C
N76,kEH_HG,13F14,U+13F14,HJ N076,N76,N-13-005,"The hill country over the edge of the cultivated areas (N25), on top of a standard used for carrying religious symbols, with a loop under the horizontal beam, running over the vertical pole (R12A).",Logogram (12th nome of Upper Egypt),C
N76A,kEH_HG,13F15,U+13F15,HJ N076A,N76A,N-13-006,"The hill country over the edge of the cultivated areas (N25), on top of a standard used for carrying religious symbols (R12).",Logogram (Ha (divinity)),C
N77,kEH_HG,13F16,U+13F16,HJ N077,N77,N-13-007,"The hill country over the edge of the cultivated areas (N25), with a throwing-stick, or a club used by foreign people (T14), written on top of the middle hill.",Logogram (foreign land/desert),C
N78,kEH_HG,1427C,U+1427C,HJ N078,N78,T-18-026,"A knife with a triangular blade and a straight handle (T30A), on top of a butcher's block, with the base of the block resembling the hill country over the edge of the cultivated areas (N25).",Logogram (place of slaughter),C
N8,kEH_HG,13EDE,U+13EDE,N008G,N8,N-04-009,"The sun, within a halo, with three beams of sunlight coming from it.","Classifier light, shining, rising",C
N82,kEH_HG,13F17,U+13F17,HJ N082,N82,N-13-012,"The hill country over the edge of the cultivated areas, with a reed or plant on each hill.",Classifier location,C
N83,kEH_HG,13F1A,U+13F1A,HJ N083,N83,N-13-019,"A throwing-stick, or a club used by foreign people (T14), written on top of a sand covered mountain over the edge of the cultivated areas (N26).",Classifier foreign land,C
N85,kEH_HG,13F1B,U+13F1B,HJ N085,N85,N-13-021,"A knife with a triangular blade and a straight handle (T30A), written vertically, blade forwards, on top of a sand covered mountain over the edge of the cultivated areas (N26).",Logogram (the evil one),C
N88,kEH_HG,13F1E,U+13F1E,HJ N088,N88,N-13-029,"A sand covered mountain over the edge of the cultivated areas (N26), on top of a standard used for carrying religious symbols (R12)",Logogram (Ha (divinity)),C
N8A,kEH_HG,13EE0,U+13EE0,HJ N008A,N8A,N-04-012,"The sun, with three beams of sunlight coming from it, resembling lines of triangles.",classifier sunfolk,C
N8B,kEH_HG,13EE1,U+13EE1,HJ N008B,N8B,N-04-014,"The sun, with a broad beam of light coming from below.",Classifier to shine,C
N8D,kEH_JSesh,13EDF,U+13EDF,N008D,N8D,N-04-011,"The sun, within a halo, with three beams of sunlight coming from it, resembling lines of triangles.","Classifier light, shining, rising",C
N9,kEH_HG,131F7,U+131F7,N009,N9,N-07-001,"The moon, with one half obscured.",Phonemogram,C
N92,kEH_HG,13F20,U+13F20,HJ N092,N92,N-15-006,"A falcon (G5), written inside the sun disk of the sun rising over a sand covered mountain over the edge of the cultivated areas (N27).",Logogram (eternity),C
N95,kEH_HG,13F21,U+13F21,HJ N095,N95,N-15-013,"A knife with a triangular blade and straight handle (T30A), on top of the sun rising over a sand covered mountain over the edge of the cultivated areas (N27).",Logogram (place of execution/slaughter),C
N97,kEH_HG,13F28,U+13F28,N097E,,N-17-009,"An enclosed hill, with a shrub at the top (N30A), on top of a conical loaf of bread (X8).",Logogram (Dendera),C
N99,kEH_HG,13F37,U+13F37,HJ N099,N99,N-20-012,"A canal, with multiple rectangles resembling battlements written on top of the sign.","Classifier bank (river, fortress)",C
NL1,kEH_JSesh,13220,U+13220,NL001,NL1,O-05-121,"A wall, written vertically, with battlements on the corners, and one in the middle of the long sides (O36), in front of a mace with a pear-shaped head, written vertically (T3); on top of a standard used for carrying religious symbols (R12), written on top of a parcel of land with irrigation ditches (N24).",Logogram (Memphis (the white wall; first nome of Lower Egypt)),C
NL10,kEH_JSesh,1322A,U+1322A,NL010,NL10,E-23-049,"A piece of crocodile skin with horizontal spines, or tail of a crocodile (I6), in front of a bovid (bull), standing; on top of a standard used for the carrying of religious symbols (R12), on top of a parcel of land with irrigation ditches (N24).",Logogram (10th nome of Lower Egypt),C
NL11,kEH_JSesh,1322B,U+1322B,NL011,NL11,E-23-050,"A pustule or gland, or a packet of mummy bandages (Aa2), in front of a bovid (bull), standing (E1); on top of a standard used for the carrying of religious symbols (R12), on top of a parcel of land with irrigation ditches (N24).",Logogram (11th nome of Lower Egypt),C
NL12,kEH_JSesh,1322C,U+1322C,NL012,NL12,E-23-051,"A newborn bubalis antelope, lying down, legs folded beneath the body, long tail downwards (E9), in front of a bovid (bull), standing (E1); on top of a standard used for the carrying of religious symbols (R12), on top of a parcel of land with irrigation ditches (N24).",Logogram (12th nome of Lower Egypt),C
NL13,kEH_JSesh,1322D,U+1322D,NL013,NL13,N-11-044,"A double forked tool for the mending of nets, with a broad middle section (V26), written vertically, in front of a crook (S38); on top of a standard used for carrying religious symbols (R12), written on top of a parcel of land with irrigation ditches (N24).",Logogram (13th nome of Lower Egypt),C
NL14,kEH_JSesh,1322E,U+1322E,NL014,NL14,N-11-036,"A schematic representation of three sealed water pots in a rack, without horizontal line at the bottom, with the downward lines descending to the bottom (W017A), in front of a spear made into a standard, with a circle on either side of the spear tip, with a loop over the standard (Jsesh R15); on top of a standard used for carrying religious symbols (R12), written on top of a parcel of land with irrigation ditches (N24).",Logogram (14th nome of Upper Egypt),C
NL15,kEH_JSesh,1322F,U+1322F,NL015,NL15,G-11-107,"An African sacred ibis (Threskiornis aethiopicus) (G26A), on top of a standard used for carrying religious symbols (R12), on top of a parcel of land with irrigation ditches (N24).","Logogram (Thot nome, 15th nome of Lower Egypt)",C
NL16,kEH_JSesh,13230,U+13230,NL016,NL16,K-01-034,"A fish, with its tail orientated downwards (K4A), on top of a standard used for carrying religious symbols (R12), on top of a parcel of land with irrigation ditches (N24).",Logogram (First-of-fishes nome (16th nome of Lower Egypt)),C
NL17,kEH_JSesh,13231,U+13231,NL017,NL17,N-11-045,"A tusk of an elephant (F18), above a human hand (D46); above a half round loaf of bread (X1) beside a plan of a crossroads in a village (O49); on top of a standard used for carrying religious symbols (R12), written on top of a parcel of land with irrigation ditches (N24).","Logogram (Behdet, 17th nome of Lower Egypt)",C
NL17A,kEH_JSesh,13232,U+13232,NL017A,NL17A,N-11-046,"A windpipe and lungs (F36), in front of a cluster of signs consisting of a tusk of an elephant (F18), above a human hand (D46); above a half round loaf of bread (X1) beside a plan of a crossroads in a village (O49); on top of a standard used for carrying religious symbols (R12), written on top of a parcel of land with irrigation ditches (N24).",Logogram (17th nome of Lower Egypt (Diospolis)),C
NL18,kEH_JSesh,13233,U+13233,NL018,NL18,N-11-038,,,C
NL19,kEH_JSesh,13234,U+13234,NL019,NL19,N-11-039,,,C
NL2,kEH_JSesh,13221,U+13221,NL002,NL2,F-19-029,"The thigh of a bovid (ox), on top of a standard used for the carrying of religious symbols (R12) on top of a parcel of land with irrigation ditches (N24).",Logogram (2nd nome of Lower Egypt),C
NL20,kEH_JSesh,13235,U+13235,NL020,NL20,G-12-157,,,C
NL3,kEH_JSesh,13222,U+13222,NL003,NL3,G-12-156,"A feather (H6), in front of a falcon (G5), on top of a standard used for carrying religious symbols (R12), on top of a parcel of land with irrigation ditches (N24).","Logogram (West, 3rd nome of Lower Egypt)",C
NL4,kEH_JSesh,13223,U+13223,NL004,NL4,T-07-037,"A shield with a rounded top, with two arrows crossed over it, fletching upwards (T62) in front of a sedge written on top of a mouth (M24); on top of a standard used for carrying religious symbols (R12), on top of a parcel of land with irrigation ditches (N24).","Logogram (Neith-South, 4th nome of Lower Egypt)",C
NL5,kEH_JSesh,13224,U+13224,NL005,NL5,T-07-035,"A shield with a rounded top, with two arrows crossed over it, fletching upwards (T62), in front of a clump of three papyrus flowers, with two buds bent down (M15); on top of a standard used for carrying religious symbols (R12), on top of a parcel of land with irrigation ditches (N24).","Logogram (Neith-North, 5th nome of Lower Egypt)",C
NL5A,kEH_JSesh,13225,U+13225,NL005A,NL5A,T-07-036,"A shield with a rounded top, with two arrows crossed over it, fletching upwards (T62) in front of a whip with a loop at the front (V23A) on top of a half round loaf of bread (X1); on top of a standard used for carrying religious symbols (R12), on top of a parcel of land with irrigation ditches (N24).","Logogram (Neith-North, 5th nome of Lower Egypt)",C
NL6,kEH_JSesh,13226,U+13226,NL006,NL6,E-23-048,"A sand covered mountain over the edge of the cultivated areas (N26), in front of a bovid (bull), standing (E1), on top of a standard used for the carrying of religious symbols (R12) on top of a parcel of land with irrigation ditches (N24).",Logogram (6th nome of Lower Egypt),C
NL7,kEH_JSesh,13227,U+13227,NL007,NL7,T-13-071,"An one-barbed harpoon, with handle, written horizontally (T21), on top of a crescent moon shape, connected by three lines, in front of a feather (H6), angled forwards on top of a standard with a round top, with an short vertical line beside the main pole (R14); on top of a standard used for carrying religious symbols (R12), written on top of a parcel of land with irrigation ditches (N24).",Logogram (7th nome of Lower Egypt),C
NL8,kEH_JSesh,13228,U+13228,NL008,NL8,T-13-072,"An one-barbed harpoon, with handle, written horizontally (T21), on top of a crescent moon shape, connected by three lines, in front of a spear made into a standard, with a circle on either side of the spear tip, with a loop over the standard (Jsesh/Gardiner R15); on top of a standard used for carrying religious symbols (R12), written on top of a parcel of land with irrigation ditches (N24).",Logogram (8th nome of Lower Egypt),C
NL9,kEH_JSesh,13229,U+13229,NL009,NL9,C-32-014,"Man/god, standing, with a double plume/feather headdress, right arm forward, hand at the height of the shoulder, holding a crook (S38) of the size of the man, left arm hanging beside the body, holding a flagellum (S45) horizontally; on top of a standard used for the carrying of religious symbols (R12) on top of a parcel of land with irrigation ditches (N24).",Logogram (9th nome of Lower Egypt),C
NU1,kEH_JSesh,13236,U+13236,NU001,NU1,N-11-047,"A strip of land (N17), above a cluster of signs consisting of a bow, of an archaic type (Aa23), in front of a half round loaf of bread (X1), over a strip of land (N17); on top of a standard used for carrying religious symbols (R12), written on top of a parcel of land with irrigation ditches (N24).","Logogram (Nubia, 1st nome of Upper Egypt)",C
NU10,kEH_JSesh,1323F,U+1323F,NU010,NU10,I-09-015,"A cobra in repose (Naja haje) (I10), with a feather (H6) on its back, angling backwards; on top of a standard used for carrying religious symbols (R12), on top of a parcel of land with irrigation ditches (N24).","Logogram (Wadjet, 10th nome of Upper Egypt)",C
NU10A,kEH_JSesh,13240,U+13240,NU010A,NU10A,I-09-023,"A stem of papyrus with a bud (M13), in front of a half round loaf of bread (X1), written below a cobra in repose (Naja haje) (I10); on top of a standard used for carrying religious symbols (R12), on top of a parcel of land with irrigation ditches (N24).","Logogram (Wadjet, 10th nome of Upper Egypt)",C
NU11,kEH_JSesh,13241,U+13241,NU011,NU11,E-02-040,"The animal of Seth, lying down, tail up (E21), on top of a standard used for the carrying of religious symbols (R12) on top of a parcel of land with irrigation ditches (N24).",Logogram (11th nome of Upper Egypt),C
NU11A,kEH_JSesh,13242,U+13242,NU011A,NU11A,N-11-048,"A wick of twisted flax, consisting of 3 loops (V28), in front of the red crown (S3), in front of three ripples of water, vertically aligned above one another (N35A); on top of a standard used for carrying religious symbols (R12), written on top of a parcel of land with irrigation ditches (N24).",Logogram (11th nome of Upper Egypt (commonly under stẖ/stš/šꜣ),C
NU12,kEH_JSesh,13243,U+13243,NU012,NU12,N-13-027,"A sand covered mountain over the edge of the cultivated areas (N26), above a horned desert viper (Cerastes cerastes) (I9); on top of a standard used for carrying religious symbols (R12), written on top of a parcel of land with irrigation ditches (N24).",Logogram (12th nome of Upper Egypt),C
NU13,kEH_JSesh,13244,U+13244,NU013,NU13,N-11-040,"A horned desert viper (Cerastes cerastes) (I9), written over a tree (M1), in front of a schematic representation of three sealed water pots in a rack, without horizontal line at the bottom, with the downward lines descending to the bottom (W017A); on top of a standard used for carrying religious symbols (R12), written on top of a parcel of land with irrigation ditches (N24).",Logogram (13th nome of Upper Egypt),C
NU14,kEH_JSesh,13245,U+13245,NU014,NU14,N-11-041,"A horned desert viper (Cerastes cerastes) (I9), written over a tree (M1), in front of hindquarters of a seated lion or leopard (F22) above a half round loaf of bread (X1); on top of a standard used for carrying religious symbols (R12), written on top of a parcel of land with irrigation ditches (N24).",Logogram (14th nome of Upper Egypt),C
NU16,kEH_JSesh,13247,U+13247,NU016,NU16,E-03-009,"A basket with four pieces of grain or fruit (M39) in front of an oryx, standing (E28), on top of a standard used for the carrying of religious symbols (R12) on top of a parcel of land with irrigation ditches (N24).","Logogram (Oryx nome, 16th nome of Upper Egypt)",C
NU17,kEH_JSesh,13248,U+13248,NU017,NU17,E-07-030,"A jackal, lying down, tail downwards (E15), on top of a standard used for the carrying of religious symbols (R12) on top of a parcel of land with irrigation ditches (N24).",Logogram (Anubis nome (17th nome of Upper Egypt)),C
NU18,kEH_JSesh,13249,U+13249,NU018,NU18,G-13-028,"A falcon, standing, with extended wings at either side of the body, at 45 degree; on top of a standard used for carrying religious symbols (R12), on top of a parcel of land with irrigation ditches (N24).",Logogram (18th nome of Upper Egypt (known as nmty as well)),C
NU18A,kEH_JSesh,1324A,U+1324A,NU018A,NU18A,G-12-155,,,C
NU19,kEH_JSesh,1324B,U+1324B,NU019,NU19,S-23-015,"A human foot and lower leg (D58), written between two sceptres with a straight shaft, a forked base, topped with the head of the Seth animal (S40), on top of a standard used for carrying religious symbols (R12), written on top of a parcel of land with irrigation ditches (N24).","Logogram (place of Igai, 19th nome of Upper Egypt)",C
NU2,kEH_JSesh,13237,U+13237,NU002,NU2,G-12-153,"The pole of a balance, with the crossbar resembling a feather (H6), written horizontally (U39D), in front of a falcon (G5); on top of a standard used for carrying religious symbols (R12), on top of a parcel of land with irrigation ditches (N24).","Logogram (Throne of Horus (Edfu, 2nd nome of Upper Egypt))",C
NU20,kEH_JSesh,1324C,U+1324C,NU020,NU20,N-11-042,"A tree (M1), in front of a schematic representation of three sealed water pots in a rack, without horizontal line at the bottom, with the downward lines descending to the bottom (W017A); on top of a standard used for carrying religious symbols (R12), written on top of a parcel of land with irrigation ditches (N24).",Logogram (20th nome of Upper Egypt),C
NU21,kEH_JSesh,1324D,U+1324D,NU021,NU21,N-11-043,"A tree (M1), in front of hindquarters of a seated lion or leopard (F22) above a half round loaf of bread (X1); on top of a standard used for carrying religious symbols (R12), written on top of a parcel of land with irrigation ditches (N24).",Logogram (21th nome of Upper Egypt),C
NU22,kEH_JSesh,1324E,U+1324E,NU022,NU22,T-18-052,,Logogram (22th nome of Upper Egypt),C
NU3,kEH_JSesh,13238,U+13238,NU003,NU3,S-09-044,"Two feathers (H6), orientated outwards, on top of a plan of a prehistoric building at the town of Nekhen, written as a circle / A circle with two vertical strokes, arranged horizontally, written within it (O48); on top of a standard used for carrying religious symbols (R12), written on top of a parcel of land with irrigation ditches (N24).",Logogram (3rd nome of Upper Egypt),C
NU4,kEH_JSesh,13239,U+13239,NU004,NU4,R-16-004,"A sceptre with a straight shaft, a forked base, topped with the head of the Seth animal (S40), with a fillet and a backwards angled feather (H6) on top of the staff (R19); on top of a standard used for carrying religious symbols (R12), written on top of a parcel of land with irrigation ditches (N24).",Logogram (Thebes),C
NU5,kEH_JSesh,1323A,U+1323A,NU005,NU5,G-12-154,"Two falcons (G5), arranged horizontally, on top of a standard used for carrying religious symbols (R12), on top of a parcel of land with irrigation ditches (N24).","Logogram (The two gods, 5th nome of Upper Egypt)",C
NU6,kEH_JSesh,1323B,U+1323B,NU006,NU6,I-03-017,"A Nile crocodile (Crocodylus niloticus), with a feather (H6), angled backwards, on its head; on top of a standard used for carrying religious symbols (R12), on top of a parcel of land with irrigation ditches (N24).","Logogram (Iqer, 6th nome of Upper Egypt)",C
NU7,kEH_JSesh,1323C,U+1323C,NU007,NU7,R-21-002,"An emblem with a human face with cow ears, with two upwards line which curl inwards (R129), on top of a standard used for carrying religious symbols (R12), written on top of a parcel of land with irrigation ditches (N24).",Logogram (Bat (7th nome of Upper Egypt)),C
NU8,kEH_JSesh,1323D,U+1323D,NU008,NU8,S-09-045,"A wig, with a fillet, with a headdress consisting of two feathers, on top of a vertical pole, on top of a standard used for carrying religious symbols (R12), written on top of a parcel of land with irrigation ditches (N24).",Logogram (8th nome of Upper Egypt),C
NU9,kEH_JSesh,1323E,U+1323E,NU009,NU9,R-18-007,"A feather (H6), on top of two bones of a fossil squid (belemnite) (R22), on top of a standard used for carrying religious symbols (R12), written on top of a parcel of land with irrigation ditches (N24).",Logogram (9th nome of Upper Egypt),C
O1,kEH_HG,13250,U+13250,O001,O1,O-01-001,A house or enclosure.,"Logogram (house, domain)",C
O10,kEH_HG,13261,U+13261,O010,O10,O-03-106,"A falcon (G5), written inside a plan of a rectangular enclosure, with an internal rectangle in the top corner away from the reading direction.",Logogram (Hathor (divinity)),L
O11,kEH_HG,13265,U+13265,O011,O11,O-04-007,"A wall of the palace, with ornamental chevaux de frise on top of the wall, with internal decoration.",Logogram (palace),C
O118,kEH_HG,13F74,U+13F74,HJ O118,O118,O-05-101,"A wall, with multiple battlements on its long sides, written at a forward angle, with a forward, downward line coming from the top.","Classifier overthrow, demolish",C
O11A,kEH_HG,13F65,U+13F65,HJ O011A,O11A,O-04-008,"A wall of the palace, with ornamental chevaux de frise on top of the wall, without internal decoration.",Classifier palace,C
O12,kEH_HG,13266,U+13266,O012,O12,O-04-012,"A forearm, with the palm of the hand facing upwards (D36), written over a wall of the palace, with ornamental chevaux de frise on top of the wall, with internal decoration (O11).",Logogram (palace),L
O120,kEH_HG,13F77,U+13F77,HJ O120,O120,O-05-113,,,
O121,kEH_HG,13F79,U+13F79,HJ O121,O121,O-05-118,"A wall, written vertically, with multiple battlements on the long sides (O36C), in front of a mace with a pear-shaped head, written vertically (T3); written on top of a standard used for carrying religious symbols, with a loop under the horizontal beam, running over the vertical pole (R12A).",Logogram i(Memphis (the white wall)),C
O121B,kEH_HG,13F7A,U+13F7A,HJ O121B,O121B,O-05-120,"A wall, written vertically, with multiple battlements on the long sides, in front of a mace with a pear-shaped head, written vertically, in front of a plan of a crossroads in a village; written on top of a standard used for carrying religious symbols, with a loop under the horizontal beam, running over the vertical pole, written on top of a parcel of land with irrigation ditches.",,C
O129,kEH_HG,13F7B,U+13F7B,HJ O129,O129,O-06-001,"A façade of a palace or tomb, with a doorway, without internal detail.",Logogram (serekh (palace) façade),C
O13,kEH_HG,13F6A,U+13F6A,O013K,,O-05-002,"An enclosure wall with battlements on the front, back and top, and on the vertical line of the opening.",Phonemogram,C
O130,kEH_HG,13F7C,U+13F7C,HJ O130,O130,O-06-005,"A façade of a palace or tomb, with a doorway, open at the bottom, without internal detail.",Classifier palace façade,C
O131,kEH_HG,13F7D,U+13F7D,HJ O131,O131,O-06-011,,,
O131A,kEH_HG,13F7E,U+13F7E,HJ O131A,O131A,O-06-015,,,
O132,kEH_HG,13F82,U+13F82,HJ O132,O132,O-06-042,"Two eyes, with the markings of the head of a falcon (D10), arranged horizontally, mirroring each other, written inside a wall of the palace, with internal detail in the lower half.",Logogram (chapel),C
O137,kEH_HG,13F88,U+13F88,HJ O137,O137,O-07-001,The pylon of a temple.,Classifier pylon/gateway,C
O138,kEH_HG,13F89,U+13F89,HJ O138,O138,O-07-003,"The two towers of a pylon of a temple, divided, with a rectangular opening in each tower on the inside.",,C
O14,kEH_HG,13268,U+13268,O014,O14,O-19-007,"The corner of a wall, with battlements, with the opening in the bottom right corner.",Classifier gateway,C
O145A,kEH_HG,13F95,U+13F95,HJ O145A,O145A,O-08-009,"A gateway, with the bottom fully closed (O32B), with feathers (H8) on top, angled forwards.","Classifier portal, portico",C
O148,kEH_HG,13F9F,U+13F9F,HJ O148,O148,O-09-020,"God, in mummy form, standing upright on a platform, with a long straight beard, wearing a cap, both arms forwards, holding a sceptre with a straight shaft, forked bottom and head of the Seth animal (S40) of the same size as the god, vertically (C19); written inside a shrine, seen from the side, with a downward sloping roof (O18). ",Logogram (to be divine),C
O14C,kEH_HG,13FF3,U+13FF3,HJ O014C,O14C,O-19-010,"The corner of a wall, with battlements at the top, with the opening in the bottom right corner.",Classifier gateway,C
O15,kEH_HG,13269,U+13269,O015,O15,O-05-038,"A wide cup (W10) above a half round loaf of bread (X1), written inside the enclosed part of an enclosure wall without battlements, with a block on each corner.",Logogram (court),C
O150,kEH_HG,13FA0,U+13FA0,HJ O150,O150,O-09-029,,,
O152,kEH_HG,13F8A,U+13F8A,HJ O152,O152,O-07-005,"A façade of a shrine with a flat roof, with a angled line written from the front bottom corner to the left top corner inside.",Logogram (sanctuary of Upper Egypt),C
O153C,kEH_HG,13FA5,U+13FA5,HJ O153C,O153C,O-09-053,"A shrine, seen from the side, with a downward sloping roof, with an uraeus at the front of the roof (O18A), with a horizontal line over it.",Classifier shrine,C
O154,kEH_HG,13FA4,U+13FA4,HJ O154,O154,O-09-047,,,
O156,kEH_HG,13FA7,U+13FA7,HJ O156,O156,O-09-066,"The emblem erected outside the temple of Min, resembling the horns of a bovid (F13) on top of a stem of papyrus with a bud (M13), with a coil of rope (V1) between the horns, connected to a cone, with a spike on top, from which a shrine with a flat roof comes forth.",Classifier chapel (associated with Min),C
O157,kEH_HG,13FA9,U+13FA9,HJ O157,O157,O-09-071,"An archaic shrine, seen from the side, with a downward sloping roof, with vertical poles in front of the shrine itself, connected to the shrine (O19), on top of a sledge.",Classifier shrine,C
O158,kEH_HG,13FAA,U+13FAA,HJ O158,O158,O-09-072,,,
O159,kEH_HG,140C2,U+140C2,HJ O159,O159,Q-05-040,"A rectangular coffin with a rounded lid, and upstanding sides, on a broad base.",Classifier coffin,C
O16,kEH_HG,13F97,U+13F97,O016G,O16,O-08-013,,,
O160,kEH_HG,13FAB,U+13FAB,HJ O160,O160,O-09-075,"A low shrine with a round roof, with two vertical lines enclosing the top, on top of a broad base, with a vertical line on either side of the shrine, with three horizontal strokes over it.",Logogram (sanctuary of Sokar),C
O161,kEH_HG,13FAE,U+13FAE,HJ O161,O161,O-09-083,"A tall shrine with oblique sides, a triangular roof and a doorway.",Logogram (Dendera),C
O164A,kEH_HG,13FE1,U+13FE1,HJ O164A,O164A,O-16-007,"A column with a tenon at the top, resembling a half circle.",Phonemogram,C
O166,kEH_HG,13FB0,U+13FB0,HJ O166,O166,O-09-092,,,
O167B,kEH_HG,13FB2,U+13FB2,HJ O167B,O167B,O-09-100,,,
O169,kEH_HG,13FB8,U+13FB8,HJ O169,O169,O-10-002,"A booth, with the roof curving gradually, with a circle on top of the roof.","Logogram (to tie on, to don)",C
O169A,kEH_HG,13FB7,U+13FB7,HJ O169A,O169A,O-10-001,"A booth, with the roof curving gradually.","Logogram (pavilion, hall, booth)",C
O16A,kEH_HG,13F98,U+13F98,HJ O016A,O16A,O-08-015," A plan and façade of a hall, with a cornice with four Uraei on top, orientated forwards.","Classifier portal, portico",C
O16B,kEH_HG,13F99,U+13F99,HJ O016B,O16B,O-08-018," A thin plan and façade of a hall, with a cornice with four Uraei on top, orientated forwards.",Logogram (main gate of a temple),C
O17,kEH_HG,1326B,U+1326B,O017,O17,O-08-023," A plan of a hall, with a cornice with uraei.",Phonemogram,C
O18,kEH_HG,1326C,U+1326C,O018,O18,O-09-011,"A shrine, seen from the side, with a downward sloping roof.","Classifier shrine, chapel",C
O180,kEH_HG,13FBF,U+13FBF,HJ O180,O180,O-10-040,An open booth supported by a pole with a circular inset (P11A).,Phonemogram,C
O182,kEH_HG,13FD5,U+13FD5,HJ O182,O182,O-11-049,"Two booths, with the roof curving gradually (O169A), on top of a plateau with a staircase at either side.",Logogram (festival),C
O184,kEH_HG,13FB3,U+13FB3,HJ O184,O184,O-09-103,"A pronaos or kiosk, with a rounded roof, supported on two columns with a flower-like capital on the outside of the lower walls.","Logogram (portal, portico)",C
O185,kEH_HG,13FB4,U+13FB4,HJ O185,O185,O-09-105,"A pronaos or kiosk, with a rounded roof, supported on four columns with a flower-like capital, connected to the lower walls.","Logogram (ceiling, heaven)",C
O189A,kEH_HG,13FC2,U+13FC2,HJ O189A,O189A,O-11-008,,,
O18A,kEH_HG,13F9D,U+13F9D,HJ O018A,O18A,O-09-014,"A shrine, seen from the side, with a downward sloping roof, with an uraeus at the front of the roof.",Classifier chapel,C
O18B,kEH_HG,13F9C,U+13F9C,HJ O018B,O18B,O-09-006,"A shrine, seen from the side, with a downward sloping roof, on top of a sledge.","Classifier funerary chapel, cenotaph",C
O18D,kEH_HG,13F8D,U+13F8D,HJ O018D,O18D,O-07-012,"A shrine with vertical sides and a flat roof, without internal detail, with an uraeus at the front tip of the roof.",Logogram (chapel),C
O18E,kEH_HG,13F9B,U+13F9B,HJ O018E,O18E,O-09-003,,,
O19,kEH_JSesh,1326D,U+1326D,O019,O19,O-09-057,"An archaic shrine, seen from the side, with a downward sloping roof, with vertical poles in front of the shrine itself, connected to the shrine.",Classifier shrine,C
O190,kEH_HG,13FDC,U+13FDC,HJ O190,O190,O-13-011,An obelisk of an Old Kingdom sun temple.,Classifier solar temple,C
O191,kEH_HG,13FDA,U+13FDA,HJ O191,O191,O-13-008,"An obelisk, without a base.",Classifier obelisk,C
O191A,kEH_HG,13FDB,U+13FDB,HJ O191A,O191A,O-13-009,The benben stone.,"Phonemogram/logogram (to beget, to ejaculate, to create)",C
O194,kEH_HG,13FD9,U+13FD9,HJ O194,O194,O-12-005,A truncated pyramid.,?,C
O195A,kEH_HG,13FDD,U+13FDD,HJ O195A,O195A,O-14-008,A narrow shrine or stela on a base.,Classifier shrine/chapel,C
O196,kEH_HG,132D0,U+132D0,R029,O196,O-14-010,"A snake with a coiled tail, written vertically (I114), written inside a narrow shrine or stela on a base (O195A).","Logogram (shrine, row of shrines)",C
O196A,kEH_HG,13FDE,U+13FDE,HJ O196A,O196A,O-14-013,"A snake with a coiled tail, written vertically (I114), written inside a narrow shrine or stela on a plan of a crossroads in a village (O49).","Logogram (shrine, row of shrines)",C
O19A,kEH_HG,1326E,U+1326E,O019A,O19A,O-09-062,"An archaic shrine, seen from the side, with a downward sloping roof, with upward curving lines coming from the roof, and short vertical lines in front of the shrine.","Logogram (shrine, row of shrines)",C
O19C,kEH_HG,13FA6,U+13FA6,HJ O019C,O19C,O-09-060,"An archaic shrine, seen from the side, with a downward sloping roof, with two vertical poles forming the front, with horizontal lines extending from the top of the roof, with short vertical lines in front of the poles.",Classifier shrine,C
O1B,kEH_HG,13F54,U+13F54,HJ O001B,O1B,O-02-007,"A house or domain, with only one of the two lines at the bottom.","Classifier place, building",C
O2,kEH_HG,13252,U+13252,O002,O2,O-01-047,"A mace with a pear-shaped head, written vertically (T3), intruding with the top inside a house or enclosure (O1).",Logogram (treasury),L
O20,kEH_HG,1326F,U+1326F,O020,O20,O-09-079,"A tall shrine with a round roof, with two vertical lines enclosing the top, on a base, with internal decoration consisting of two vertical lines","Classifier sanctuary, shrine",C
O201,kEH_HG,13FE3,U+13FE3,HJ O201,O201,O-16-011,,,
O206,kEH_HG,13FE5,U+13FE5,HJ O206,O206,O-16-031,"A column resembling a stem of papyrus with a bud (M13), without an abacus; on top of a base.",Classifier column (columned hall),C
O207,kEH_HG,13FE6,U+13FE6,HJ O207,O207,O-16-035,,,
O209,kEH_HG,13FE9,U+13FE9,HJ O209,O209,O-16-046,,,
O20A,kEH_HG,13FAC,U+13FAC,O020E,O20A,O-09-081,"A tall shrine with a round roof, with two vertical lines enclosing the top, on a base, with internal decoration consisting of two rectangles, with an angled line inside, forming a point at the front.","Classifier sanctuary, shrine",C
O21,kEH_HG,13271,U+13271,O021,O21,O-07-009,"A façade of a shrine with a flat roof, with vertical sides, with a small doorway.","Logogram (pavilion, hall, booth)",C
O210,kEH_HG,13FE8,U+13FE8,HJ O210,O210,O-16-044,,,
O210A,kEH_HG,13FE4,U+13FE4,HJ O210A,O210A,O-16-030,"A column resembling a stem of papyrus with a bud (M13), with an abacus; on top of a base.",Logogram (papyriform column),C
O211,kEH_HG,13FE7,U+13FE7,HJ O211,O211,O-16-041,"A column with oblique sides, with a capital resembling a round vessel with an upstanding rim.",Classifier column (columned hall),C
O212,kEH_HG,13FED,U+13FED,HJ O212,O212,O-16-050,,,
O214,kEH_HG,13FEA,U+13FEA,HJ O214,O214,O-16-047,"The capital of a column, in the form of a lotus flower, with an abacus on top.",Phonemogram,C
O215,kEH_HG,13FEC,U+13FEC,HJ O215,O215,O-16-049,"The capital of a column, in the form of the face of a human female, with hair in two curling sidelocks, with the ears of a bovid.","Logogram (face, sight)",C
O216,kEH_HG,13F5A,U+13F5A,HJ O216,O216,O-03-031,"A façade of a palace or tomb, represented by two rectangles, with a horizontal line with two crossing vertical lines in it, left horizontal line lower than the top.",,C
O217,kEH_HG,13FEE,U+13FEE,HJ O217,O217,O-18-002,"A rectangular door bolt, resembling the forepart of a lion, with a rope used for locking attached to the paw of the lion, with a plummet attached to the rope.",Classifier door bolt,C
O218,kEH_HG,13FEF,U+13FEF,HJ O218,O218,O-18-004,"A lion, lying down, tail curled over the body towards the back (E23), on top of a shrine, facing its mirror, connected with a rope running from paw to paw.",Classifier door bolt,C
O219,kEH_HG,13FF0,U+13FF0,HJ O219,O219,O-18-005,"A door bolt, which curves upwards and backwards at the top.",Classifier door bolt,C
O21A,kEH_HG,13FAF,U+13FAF,HJ O021A,O21A,O-09-085,,,
O21B,kEH_HG,13F8B,U+13F8B,HJ O021B,O21B,O-07-006,"A façade of a shrine with a flat roof, with oblique sides, with a large doorway.",Classifier doorway/gateway,C
O21C,kEH_HG,13F8F,U+13F8F,HJ O021C,O21C,O-07-014,"A façade of a shrine with a flat roof, with uraei on top, facing forwards, with oblique sides, with a large doorway.",Phonemogram (in r-rw.t (outside)),C
O21D,kEH_HG,13F8C,U+13F8C,HJ O021D,O21D,O-07-010,"written over a façade of a shrine with a flat roof, with vertical sides, with a small rectangle in the bottom corner away from the reading direction (O21D).",Logogram,C
O22,kEH_HG,13272,U+13272,O022,O22,O-10-034,An open booth supported by a pole.,Classifier booth,C
O222,kEH_HG,13FF2,U+13FF2,HJ O222,O222,O-18-021,"A door bolt (O034), written over two human feet and lower legs (D58), arranged horizontally.",Phonemogram,C
O229,kEH_HG,14004,U+14004,HJ O229,O229,O-22-014,,,
O229A,kEH_HG,14005,U+14005,HJ O229A,O229A,O-22-015,"Two rounded heaps of grain on a raised floor, without internal detail, with a small bit of space between the heaps.",Logogram (granary),C
O22A,kEH_HG,13FBC,U+13FBC,HJ O022A,O22A,O-10-030,"A booth, with the roof curving gradually, supported by a forked pole for supporting a roof (O30), with a circle on top of the roof.",Logogram (booth),C
O22B,kEH_HG,13FBD,U+13FBD,HJ O022B,O22B,O-10-031,"A booth, with the roof curving gradually, with a vertical support in the middle, with a circle on top of the roof.",Phonemogram,C
O22C,kEH_HG,13FBE,U+13FBE,HJ O022C,O22C,O-10-035,An open booth supported by a forked pole for supporting a roof (O30).,Phonemogram (in ꜥrḳ-wr),C
O23,kEH_HG,13273,U+13273,O023,O23,O-11-004,"A double pavilion, with flower-topped capitals on the columns, with curved roofs, with two carrying chairs (Q2) facing away from one another.","Logogram (jubilee, sed-festival)",C
O231,kEH_HG,14014,U+14014,HJ O231,O231,O-24-047,"A rectangular stone slab or brick, on top of two stone slaps or bricks, arranged horizontally, with a bit of space between them.",Classifier part of a building,C
O234,kEH_HG,14009,U+14009,HJ O234,O234,O-24-011,"A mastaba with two compartments under a single beam, with a doorway in both compartments.","Classifier to ascend, to mount up",C
O237,kEH_HG,14011,U+14011,HJ O237,O237,O-24-036,"A plan of a prehistoric building at the town of Nekhen, written as an oval, with multiple angled lines used as internal decoration.",Logogram (Hierakonpolis),C
O238,kEH_HG,14013,U+14013,HJ O238,O238,O-24-039,,,
O23B,kEH_HG,13FC1,U+13FC1,HJ O023B,O23B,O-11-006,"A carrying chair (Q2), written inside a booth or pavilion, with two columns resembling a stem of papyrus with a bud (M13), with a curved roof.",Classifier throne dais,C
O23C,kEH_HG,13FC3,U+13FC3,HJ O023C,O23C,O-11-009,"An open booth supported by a central column with a flower-like capital, with two carrying chairs (Q2) written inside, facing away from one another.","Logogram (jubilee, sed-festival)",C
O23D,kEH_HG,13FCC,U+13FCC,HJ O023D,O23D,O-11-024,"A booth with a round roof with a circle on top, supported by three columns with a flower-like capital, with two carrying chairs (Q2) facing away from one another; on top of an alabaster basin with a diamond shaped inner marking (W3).","Logogram (jubilee, sed-festival)",
O23E,kEH_HG,13FD0,U+13FD0,HJ O023E,O23E,O-11-028,"An open booth supported by a pole (O22), with two carrying chairs (Q2) facing away from one another; on top of an alabaster basin with a diamond shaped inner marking (W3).","Logogram (jubilee, sed-festival)",C
O23F,kEH_HG,13FD1,U+13FD1,HJ O023F,O23F,O-11-030,,,
O23K,kEH_HG,13FD4,U+13FD4,HJ O023K,O23K,O-11-046,"A double pavilion, with columns without capitals, with the rounded roofs curving upwards at the far sides; on top of an alabaster basin with a diamond shaped inner marking (W3).","Logogram (jubilee, sed-festival)",C
O23L,kEH_HG,13FC0,U+13FC0,HJ O023L,O23L,O-11-002,"A double pavilion, with flower-topped capitals on the columns, with curved roofs, without seats.","Logogram (jubilee, sed-festival)",C
O23P,kEH_HG,13FD3,U+13FD3,HJ O023P,O23P,O-11-044,"A double pavilion, with columns without capitals, with the rounded roofs curving upwards at the far sides, with two carrying chairs (Q2), facing away from one another; on top of an alabaster basin with a diamond shaped inner marking (W3).","Logogram (jubilee, sed-festival)",C
O23Q,kEH_HG,13FC7,U+13FC7,HJ O023Q,O23Q,O-11-018,,,
O23T,kEH_HG,13FC8,U+13FC8,HJ O023T,O23T,O-11-019,,,
O24,kEH_HG,13274,U+13274,O024,O24,O-12-002,A pyramid with an enclosure wall.,"Classifier pyramid, tomb",C
O243,kEH_HG,14017,U+14017,HJ O243,O243,O-24-064,"A plan of a crossroads in a village, with multiple lines, angled towards the back, coming from the top.",Classifier conflagration,C
O24A,kEH_HG,13FD8,U+13FD8,O024C,O24A,O-12-004,A mastaba with an enclosure wall.,"Classifier to ascend, to mount up",C
O25,kEH_HG,13276,U+13276,O025,O25,O-13-005,"An obelisk, with base.",Classifier obelisk,C
O26,kEH_HG,13278,U+13278,O026,O26,O-14-002,A stela on a base.,Classifier stela,C
O260,kEH_HG,13F69,U+13F69,HJ O260,O260,O-04-027,"A wall of the palace, with ornamental chevaux de frise on top of the wall, in two sections, the front section with internal decoration, with a cloth wound on a pole, an emblem of divinity (R8) written inside the second section.",Classifier divine,C
O262,kEH_HG,13F52,U+13F52,HJ O262,O262,O-01-067,"Three houses or enclosures, connected together, horizontally.","Logogram (houses, domains)",C
O27,kEH_HG,13279,U+13279,O027,O27,O-15-003,A hall supported by two columns.,"Classifier hall, office",C
O275,kEH_HG,13FA8,U+13FA8,HJ O275,O275,O-09-068,"The head of a bovid, coming from an cone, with a forward, downward line of liquid coming from the mouth, on top of a base.",Logogram (Ennead),C
O276,kEH_HG,13F94,U+13F94,HJ O276,O276,O-08-007,"A star (N14), on top of a gateway, with the bottom fully closed (O32B).",Logogram (doorway),C
O28,kEH_HG,13FDF,U+13FDF,O028D,O28,O-16-004,A column with a tenon at the top.,Phonemogram,C
O280,kEH_HG,13F8E,U+13F8E,HJ O280,O280,O-07-013,"A shrine with vertical sides and a flat roof, with a doorway, with an uraeus at the front tip of the roof.",Logogram (chapel),C
O283,kEH_HG,13FD7,U+13FD7,HJ O283,O283,O-11-056,"A ram (Ovis longipes palaeo-aegyptiacus), standing, without a beard (E11), with a round vessel with an upstanding rim (W24) above its back; written inside a booth consisting of the sky (N1), supported by two columns resembling a stem of papyrus with a bud (M13), with an abacus; on top of a base (O210A); on a broad base.",Phonemogram/Logogram,C
O285A,kEH_HG,13F56,U+13F56,HJ O285A,O285A,O-03-002,"Two rectangles, written vertically, connected together.","Logogram (temple, mansion, estate)",C
O28B,kEH_HG,13FE2,U+13FE2,HJ O028B,O28B,O-16-008,"A column with a base, with a tenon at the top.",Phonemogram,C
O29,kEH_HG,1327B,U+1327B,O029,O29,O-16-024,"A wooden column, written horizontally.",Phonemogram,C
O29v,kEH_HG,1327C,U+1327C,O029A,O29v,O-16-022,"A wooden column, written vertically.",Phonemogram,L
O3,kEH_HG,13253,U+13253,O003,O3,O-01-054,"An oar, written vertically (P8), intruding with the top inside a house or enclosure (O1), with a loaf of bread, without internal detail (X3) left of the oar, and a beer-jug (W22) right of the oar.",Logogram (invocation offering),C
O30,kEH_HG,1327D,U+1327D,O030,O30,O-16-026,A forked pole for supporting a roof.,"Logogram (pole, support)",C
O303,kEH_HG,13F6F,U+13F6F,HJ O303,O303,O-05-026,"A house or enclosure, with battlements on the front, back and top.",,C
O31,kEH_HG,1327F,U+1327F,O031,O31,O-17-001,"A tenoned door, written horizontally.",Logogram (gate),C
O32,kEH_HG,13280,U+13280,O032,O32,O-08-003,A gateway.,Classifier doorway,C
O329,kEH_HG,13FA2,U+13FA2,HJ O329,O329,O-09-044,"A façade of a shrine with a flat roof, with oblique sides, with a large doorway, with a pole in front, with a horizontal line over the roof, connected to the roof with two vertical lines.",Logogram (sanctuary of Upper Egypt),C
O329A,kEH_HG,13FA1,U+13FA1,HJ O329A,O329A,O-09-041,"A façade of a shrine with a flat roof, with oblique sides, with a large doorway, with a pole in front, with a horizontal line over the roof, connected to the roof with three vertical lines.",Classifier shrine,C
O329B,kEH_HG,13F90,U+13F90,HJ O329B,O329B,O-07-015,"A façade of a shrine with a flat roof, with vertical strokes on top, with oblique sides, with a small doorway.",Logogram (palace),C
O32B,kEH_HG,13F92,U+13F92,HJ O032B,O32B,O-08-001,"A gateway, with the bottom fully closed.",Classifier doorway,C
O32C,kEH_HG,13F93,U+13F93,HJ O032C,O32C,O-08-005,"A gateway, with the bottom fully closed, with internal detail.",Phonemogram (in r-rw.t (outside)),C
O32D,kEH_HG,13F96,U+13F96,HJ O032D,O32D,O-08-012,A broad gateway.,Classifier tomb,C
O33,kEH_JSesh,13281,U+13281,O033,O33,O-06-051,"A façade of a palace or tomb, with the top resembling two floating horizontal lines.",Classifier palace façade,C
O337,kEH_HG,13F83,U+13F83,HJ O337,O337,O-06-043,"Two eyes, with the markings of the head of a falcon (D10), arranged horizontally, mirroring each other, written inside a wall of the palace, with ornamental chevaux de frise on top of the wall, without internal decoration.",Logogram (chapel),C
O338,kEH_HG,14018,U+14018,HJ O338,O338,O-24-068,"A wall of a fortress, represented by a rectangle with horizontal lines as internal decoration, with battlements resembling the hill country over the edge of the cultivated areas (N25), with a loop and tie at the back.",Logogram (fortress),C
O33A,kEH_HG,13F7F,U+13F7F,O033S,O33A,O-06-021,"A façade of a palace or tomb, with a doorway.",Classifier palace façade,C
O33C,kEH_HG,13F80,U+13F80,HJ O033C,O33C,O-06-022,"A façade of a palace or tomb, with a doorway, without a line at the bottom.",Logogram (serekh (palace) façade),C
O34,kEH_HG,13283,U+13283,O034,O34,O-18-006,A door bolt.,Phonemogram,C
O342,kEH_HG,13FD6,U+13FD6,HJ O342,O342,O-11-051,"A booth with a round roof, supported by two columns resembling a stem of papyrus with a bud (M13), with an abacus; on top of a base (O210A).","Logogram (ceiling, heaven)",C
O346,kEH_HG,13FBB,U+13FBB,HJ O346,O346,O-10-019,"A cloth wound on a pole, an emblem of divinity (R8), written inside a booth, with the roof curving gradually, with a circle in the center of the roof.",Logogram (divine booth),C
O35,kEH_HG,13284,U+13284,O035,O35,O-18-015,"A door bolt (O034) placed above legs in a walking posture, with feet oriented toward the reading direction (D054).",Phonemogram,C
O36,kEH_HG,13285,U+13285,O036,O36,O-05-108,"A wall, written vertically, with battlements on the corners, and one in the middle of the long sides.",Logogram (wall),C
O36C,kEH_HG,13F72,U+13F72,O036M,O36C,O-05-084,"A wall, written vertically, with multiple battlements on the long sides.",Logogram (wall),C
O36D,kEH_HG,13F78,U+13F78,O036N,O36D,O-05-117,"A wall, written vertically, with a wide base and battlements on the front, back and top.",Classifier wall,C
O37,kEH_HG,1328A,U+1328A,O037,O37,O-05-100,"A wall, with battlements on the corners, and one in the middle of the long sides, written at a forward angle.","Classifier overthrow, demolish",C
O37A,kEH_HG,13F73,U+13F73,HJ O037A,O37A,O-05-099,"A wall, with multiple battlements on its long sides, written at a forward angle.","Classifier overthrow, demolish",C
O38,kEH_HG,1328B,U+1328B,O038,O38,O-19-003,"The corner of a wall, with the opening in the bottom right corner.",Classifier passage,C
O39,kEH_HG,1328C,U+1328C,O039,O39,O-24-002,A rectangular stone slab or brick.,"Classifier stone, brick, pebble",C
O4,kEH_HG,13254,U+13254,O004,O4,O-02-001,A plan of a courtyard or reed shelter.,Phonemogram,C
O40,kEH_HG,1328D,U+1328D,O040,O40,O-20-003,A stairway.,Logogram stairway,C
O41,kEH_HG,1328E,U+1328E,O041,O41,O-20-001,A double stairway.,"Classifier ascending, being high",C
O42,kEH_HG,1328F,U+1328F,O042,O42,O-21-013,"A fence, consisting of a horizontal base with four lines with bulbs at the end, angled backwards, with a curved line connecting the front of the base and the first line with a bulb, with a horizontal line with a loop at the front through the bulbs.",Phonemogram,C
O42A,kEH_HG,13FF5,U+13FF5,HJ O042A,O42A,O-21-001,"A fence, consisting of a base resembling a representation of two ribs, written parallel (Aa15), with four forward angled lines with a bulb on top of it, with a horizontal line through the bulbs, with a loop at the far end.",Phonemogram,C
O42B,kEH_HG,13FF6,U+13FF6,HJ O042B,O42B,O-21-002,"A fence, consisting of a base resembling a representation of two ribs, written parallel (Aa15), with four forward angled lines with a bulb on written over it, starting at the bottom line.",Phonemogram,C
O42C,kEH_HG,13FF7,U+13FF7,HJ O042C,O42C,O-21-004,"A fence, consisting of a base resembling a representation of two ribs, written parallel (Aa15), mirrored, with four forward angled lines with a bulb on written over it, starting at the bottom line.",Phonemogram,C
O42D,kEH_HG,13FF8,U+13FF8,HJ O042D,O42D,O-21-005,,,
O42F,kEH_HG,13FF9,U+13FF9,HJ O042F,O42F,O-21-007,,,
O42I,kEH_HG,13FFB,U+13FFB,HJ O042I,O42I,O-21-012,"A fence, consisting of a base resembling a representation of two ribs, written parallel (Aa15), with four forward angled lines with a bulb over it, starting at the bottom line, with a horizontal line through the bulbs, with a loop at the far end.",Phonemogram,C
O42J,kEH_HG,13FFA,U+13FFA,HJ O042J,O42J,O-21-010,"A fence, consisting of a base resembling a representation of two ribs, written parallel (Aa15), with four forward angled lines with a bulb on top of it, with a horizontal line through the bulbs, which angles downwards at both sides.",Phonemogram,C
O42K,kEH_HG,13FFC,U+13FFC,HJ O042K,O42K,O-21-014,,,
O43,kEH_HG,13290,U+13290,O043,O43,O-21-017,"A fence, consisting of a horizontal base, with five vertical lines with a bulb on top of it, with a horizontal line through the bulbs.",Phonemogram,C
O43A,kEH_HG,13FFD,U+13FFD,HJ O043A,O43A,O-21-020,"A fence, consisting of three forward angled lines with a bulb at the end, on top of a horizontal base.","Logogram (field, arable land)",C
O43B,kEH_HG,13FFE,U+13FFE,HJ O043B,O43B,O-21-021,"A fence, consisting of four forward angled lines with a bulb at the end, on top of a horizontal base.",Phonemogram,C
O44,kEH_HG,13291,U+13291,O044,O44,O-24-013,"The emblem erected outside the temple of Min, resembling the horns of a bovid (F13) on top of a stem of papyrus with a bud (M13), with a coil of rope (V1) between the horns.","Logogram (office, rank, function)",C
O44A,kEH_HG,13BA7,U+13BA7,HJ O044A,O44A,F-11-022,,,
O44B,kEH_HG,1400B,U+1400B,HJ O044B,O44B,O-24-016,"The emblem erected outside the temple of Min, resembling the horns of a bovid (F13) on top of a stem of papyrus with a bud (M13).","Logogram (office, rank, function)",C
O44C,kEH_HG,1400A,U+1400A,HJ O044C,O44C,O-24-012,"A cult emblem of Min, a standard consisting of a coil on top of a pole, with a triangular shape topping the coil.",Logogram (the emblem of the cult of Min),C
O45,kEH_HG,13292,U+13292,O045,O45,O-24-023,"A domed building, in the form of a quarter of a circle, with a smaller quarter circle inside the corner away from the reading direction.","Logogram (harim, inner chamber)",C
O46,kEH_HG,13293,U+13293,O046,O46,O-24-029,"A domed building, with a rectangle in the corner away from the reading direction.","Logogram (harim, inner chamber)",C
O47,kEH_HG,14010,U+14010,O047X,,O-24-030,"A plan of a prehistoric building at the town of Nekhen, written as an oval, with the angled lines touching the oval.",Phonemogram,C
O48,kEH_HG,13295,U+13295,O048,O48,O-24-048,"A plan of a prehistoric building at the town of Nekhen, written as a circle / A circle with two vertical strokes, arranged horizontally, written within it.","Logogram (time, occasion)",C
O48A,kEH_HG,14015,U+14015,HJ O048A,O48A,O-24-050,,,
O49,kEH_HG,13296,U+13296,O049,O49,O-24-060,A plan of a crossroads in a village.,"Logogram (city, village)",C
O4B,kEH_HG,13F53,U+13F53,HJ O004B,O4B,O-02-005,"An enclosure wall without battlements, with an enclosed square in the bottom right corner.",Logogram (court),C
O5,kEH_HG,13255,U+13255,O005,O5,O-02-008,A plan of a winding wall.,Phonemogram,C
O50,kEH_HG,14016,U+14016,O050E,,O-24-053,,,
O51,kEH_HG,1329A,U+1329A,O051,O51,O-22-002,A heap of grain on a raised floor.,Logogram (granary),C
O51A,kEH_HG,14003,U+14003,HJ O051A,O51A,O-22-011,"A rounded heap of grain on a raised floor, without internal detail.",Logogram (granary),C
O51B,kEH_HG,13FFF,U+13FFF,HJ O051B,O51B,O-22-001,"A heap of grain on a raised floor, without internal detail.",,C
O51C,kEH_HG,14001,U+14001,HJ O051C,O51C,O-22-008,,,
O53,kEH_HG,13F4C,U+13F4C,HJ O053,O53,O-01-004,"Two houses or enclosures, connected to each other horizontally.",Classifier two tombs,C
O5u,kEH_HG,13256,U+13256,O005A,O5U,O-02-009,,,L
O6,kEH_HG,13257,U+13257,O006,O6,O-03-005,"A plan of a rectangular enclosure, with an internal rectangle in the lower corner away from the reading direction.","Logogram (temple, mansion, estate)",C
O6A,kEH_HG,13F59,U+13F59,O006K,O6A,O-03-014,"A plan of a rectangular enclosure, with an internal rectangle in both upper corners.","Logogram (temple, mansion, estate)",C
O6B,kEH_HG,13F58,U+13F58,O006J,O6B,O-03-013,,,
O6C,kEH_HG,13F55,U+13F55,O006L,O6C,O-03-001,,,
O7,kEH_HG,1325E,U+1325E,O007,O7,O-03-027,"A half round loaf of bread (X1), written inside a plan of a rectangular enclosure, with an internal rectangle in the lower corner away from the reading direction (O6).","Logogram (temple, mansion, estate)",L
O70,kEH_HG,13F4D,U+13F4D,HJ O070,O70,O-01-053,"An oar, written vertically (P8), intruding with the top inside a house or enclosure (O1).",Logogram (invocation offering),C
O71,kEH_HG,13F4F,U+13F4F,HJ O071,O71,O-01-061,"A feather (H6), written vertically on top of a house or domain (O1).",Logogram (temple),C
O71A,kEH_HG,13F4E,U+13F4E,HJ O071A,O71A,O-01-060,,,
O72,kEH_HG,13F51,U+13F51,HJ O072,O72,O-01-064,"Three feathers (H6), written vertically, on top of three houses or enclosures, connected together, horizontally (O262).",Logogram (temple),C
O8,kEH_JSesh,1325F,U+1325F,O008,O8,O-03-044,"A wooden column, written horizontally (O29), written over a half round loaf of bread (X1), written inside a plan of a rectangular enclosure, with an internal rectangle in the lower corner away from the reading direction (O6).","Logogram (the great domain, temple)",L
O84,kEH_JSesh,13F57,U+13F57,O084,O84,O-03-012,"Three plans of a rectangular enclosure, with an internal rectangle in the lower corner away from the reading direction, connected to each other.","Logogram (temples, mansions, estates)",C
O85,kEH_HG,1325C,U+1325C,O006E,O85,O-03-022,,,C
O85A,kEH_HG,1325B,U+1325B,O006D,O85A,O-03-024,,,C
O88,kEH_HG,13F5B,U+13F5B,HJ O088,O88,O-03-036,"Three times a half round loaf of bread (X1), written inside a plan of a rectangular enclosure, with an internal rectangle in the lower corner away from the reading direction (O6), connected horizontally.","Logogram (temples, mansions, estates)",C
O88A,kEH_HG,13F5C,U+13F5C,HJ O088A,O88A,O-03-037,"Three times a half round loaf of bread (X1), written inside a plan of a rectangular enclosure, with an internal rectangle in the top corner away from the reading direction (O6), connected horizontally.","Logogram (temples, mansions, estates)",C
O9,kEH_HG,13260,U+13260,O009,O9,O-03-175,"A wickerwork basket (V30), on top of a plan of a rectangular enclosure, with an internal rectangle in the lower corner away from the reading direction (O6), with a half round loaf of bread (X1), written inside the enclosure.",Logogram (Nephthys (divinity)),L
O96,kEH_HG,13F5D,U+13F5D,HJ O096,O96,O-03-113,"A falcon (G5), written inside a plan of a rectangular enclosure, with an internal rectangle in the top corner away from the reading direction; on top of a wickerwork basket (V30).","Logogram (Hathor, lady (of))",C
O98A,kEH_HG,13F68,U+13F68,HJ O098A,O98A,O-04-026,,,
O99,kEH_HG,13F67,U+13F67,HJ O099,O99,O-04-025,"A wall of the palace, with ornamental chevaux de frise on top of the wall, with internal decoration resembling two rectangles with an angled line inside, going from the front bottom corner to the top corner in the back; on a wide base, with a rectangle at the front with horizontal chevaux de frise at the front.",Logogram (palace),C
O9B,kEH_HG,13F60,U+13F60,HJ O009B,O9B,O-03-171,"A wickerwork basket (V30), on top of a plan of a rectangular enclosure, with an internal rectangle in the lower corner away from the reading direction (O6).",Logogram (Nephthys (divinity)),C
O9C,kEH_HG,13F61,U+13F61,HJ O009C,O9C,O-03-172,"A wickerwork basket (V30), on a small vertical rectangle, with a wide base.",Logogram (Nephthys (divinity)),C
P1,kEH_HG,1329B,U+1329B,P001,P1,P-01-015,"A boat/ship, resembling a crescent moon, on top of a rectangle representing water, with a carrying chair (Q2) inside the boat/ship, with an oar/rudder at the back.",Classifier movement,C
P10,kEH_HG,132A6,U+132A6,P010,P10,P-09-001,An oar used for the steering of a ship (rudder).,Logogram (steering oar),C
P104A,kEH_HG,14023,U+14023,HJ P104A,P104A,P-01-023,"A boat/ship, resembling a crescent moon, with a carrying chair (Q2) inside the boat/ship, with an oar/rudder at the back.",Classifier movement,C
P106,kEH_HG,14030,U+14030,HJ P106,P106,P-01-041,A boat/ship with a prow and stern resembling the handle of a sickle (U1).,Classifier bark/boat,C
P10B,kEH_HG,14092,U+14092,HJ P010B,P10B,P-09-002,,,
P11,kEH_HG,132A7,U+132A7,P011,P11,P-10-003,A mooring post.,Classifier mooring post,C
P110,kEH_HG,1405B,U+1405B,HJ P110,P110,P-03-058,,,
P111,kEH_HG,1403B,U+1403B,HJ P111,P111,P-01-067,,,
P115,kEH_HG,14068,U+14068,HJ P115,P115,P-03-083,"A moon-sickle shaped boat with a higher prow than stern, with the head of an antelope (F081) on top of the prow, on top of a sledge with two vertical internal strokes, with a falcon (G005) standing on top of a rectangular shrine, inside the boat/ship, with an oar/rudder at the back.",Classifier bark of Sokar,C
P116,kEH_HG,14070,U+14070,HJ P116,P116,P-03-103,"A moon-sickle shaped boat with a higher prow than stern, with a rudder, with the head of an antelope (F081) on top of the prow, facing inwards, with a downward line with multiple horizontal lines written over it coming from the head, on top of a sledge, with a falcon (G005), standing on top of a rectangular shrine, with vertical lines as internal detail, written inside the boat/ship.",Logogram (Sokar),C
P118,kEH_HG,1408B,U+1408B,HJ P118,P118,P-07-001,"A mast of a ship, with two prongs, with white filling between the prongs.",Phonemogram,C
P13,kEH_HG,1401A,U+1401A,HJ P013,P13,P-01-001,"A boat/ship, resembling a crescent moon, on top of a rectangle representing water.",Classifier movement,C
P15A,kEH_HG,1401B,U+1401B,HJ P015A,P15A,P-01-004,"A boat/ship, resembling a crescent moon, with a low cone shape inside the boat/ship: on top of a base of two blocks, on a longer horizontal line.",Classifier boat/ship/bark,C
P16,kEH_HG,1401C,U+1401C,HJ P016,P16,P-01-006,"A boat/ship with an upwards curved prow and a horizontal stern, with a low cone shape inside the boat/ship; on top of a base of two blocks, on a longer horizontal line.","Logogram (ship, boat, bark)",C
P17,kEH_HG,1401F,U+1401F,HJ P017,P17,P-01-011,"A boat/ship, resembling a crescent moon, on top of a rectangle representing water, with a vertical rectangle inside the boat/ship.",Classifier movement,C
P19,kEH_HG,1401E,U+1401E,HJ P019,P19,P-01-008,"A boat/ship, resembling a crescent moon, on top of a canal (N36), with a low cone shape inside the boat/ship.",Classifier movement,C
P1A,kEH_HG,1329C,U+1329C,P001A,P1A,P-01-017,"An upside-down boat/ship, resembling a crescent moon, on top of a rectangle representing water, with a carrying chair (Q2) inside the boat/ship, with an oar/rudder at the back.","Classifier to upset, to overturn",C
P1B,kEH_HG,14021,U+14021,HJ P001B,P1B,P-01-018,"A boat/ship, resembling a crescent moon, on top of a rectangle representing water, with a horizontal line extending front and back from the rectangle, with a carrying chair (Q2) inside the boat/ship, with an oar/rudder at the back.",Classifier movement,C
P2,kEH_HG,1329D,U+1329D,P002,P2,P-02-018,,,C
P20,kEH_HG,14026,U+14026,HJ P020,P20,P-01-028,"A boat/ship, resembling a crescent moon, on top of a rectangle representing water, with a carrying chair (Q2) inside the boat/ship.",Phonemogram,C
P22,kEH_HG,1401D,U+1401D,HJ P022,P22,P-01-007,"A boat/ship, resembling a crescent moon with the ends bending horizontally, with a low cone shape inside the boat/ship. ",Classifier movement,C
P22A,kEH_HG,14024,U+14024,HJ P022A,P22A,P-01-024,"A boat/ship, resembling a crescent moon, with a tall cone inside the boat/ship.",Phonemogram,C
P23,kEH_HG,14028,U+14028,HJ P023,P23,P-01-031,"A boat/ship, resembling a crescent moon, on top of a rectangle of water, with an oar/rudder at the back.",Classifier boat/ship,C
P23A,kEH_HG,14029,U+14029,HJ P023A,P23A,P-01-032,"A boat/ship, resembling a crescent moon, on top of a canal (N36), with an oar/rudder at the back.",Classifier death,C
P24,kEH_HG,14025,U+14025,HJ P024,P24,P-01-027,"An upside-down boat/ship, resembling a crescent moon, with an oar/rudder at the back.",Classifier (to capsize),C
P25,kEH_HG,14027,U+14027,HJ P025,P25,P-01-030,"A boat/ship, resembling a crescent moon, on top of a rectangle of water, with an oar/rudder at the back.",Classifier mooring,C
P26,kEH_HG,1402A,U+1402A,HJ P026,P26,P-01-033,,,
P27,kEH_HG,1402E,U+1402E,HJ P027,P27,P-01-039,,,
P27A,kEH_HG,1402F,U+1402F,HJ P027A,P27A,P-01-040,"A boat/ship with a prow and stern resembling the handle of a sickle (U1), on top of a rectangle resembling water.",Classifier bark/boat,C
P28,kEH_HG,14031,U+14031,HJ P028,P28,P-01-042,"A boat/ship with a prow and stern resembling the handle of a sickle (U1), on top of a rectangle resembling water, with an oar/rudder at the back.","Logogram (ship, boat, bark)",C
P29,kEH_HG,14032,U+14032,HJ P029,P29,P-01-043,"A boat/ship with an inward curved prow and stern, on top of a rectangle representing water, with an oar/rudder at the back.",Classifier bark/boat,C
P2A,kEH_HG,14040,U+14040,HJ P002A,P2A,P-02-012,"A boat/ship, resembling a crescent moon, on top of a rectangle of water, with a sail, with an oar/rudder at the back.",Classifier sailing upstream/going south,C
P2B,kEH_HG,14041,U+14041,HJ P002B,P2B,P-02-014,"A boat/ship, resembling a crescent moon, with a sail, with a crossbar over the mast.",Logogram (to go south (sailing upstream)),C
P2C,kEH_HG,1403E,U+1403E,HJ P002C,P2C,P-02-004,,,
P2E,kEH_HG,1403D,U+1403D,HJ P002E,P2E,P-02-001,,,
P2H,kEH_HG,1403F,U+1403F,HJ P002H,P2h,P-02-011,"A boat/ship, resembling a crescent moon, on top of a rectangle of water, with a sail, with a crossbar over the mast, with the mast supported by ropes on either side, with an oar/rudder at the back.",Logogram (to go south (sailing upstream)),C
P2I,kEH_HG,14042,U+14042,HJ P002I,P2I,P-02-017,"A boat/ship, a prow and stern curved inwards, ending with a flower-like shape, on top of a rectangle of water, with a sail on top of a rectangle, with an oar/rudder at the back.",Classifier sailing upstream/going south,C
P3,kEH_HG,14038,U+14038,P003D,,P-01-062,"A boat/ship with a vertical prow and a simple stern, on top of a rectangle resembling water, with an oval with rounded corners in the boat/ship, with an oar/rudder at the back.",Classifier movement,C
P30,kEH_HG,1402B,U+1402B,HJ P030,P30,P-01-035,"A boat/ship with a vertical prow, and an inward curved stern, on top of a rectangle representing water, with a carrying chair (Q2) inside the boat/ship. ","Logogram (ship, boat, bark)",C
P30A,kEH_HG,1402C,U+1402C,HJ P030A,P30A,P-01-036,,,
P32,kEH_HG,14037,U+14037,HJ P032,P32,P-01-060,"A papyrus float, seen from the side, with a cross-like structure on it.",Classifier papyrus float,C
P34,kEH_HG,14033,U+14033,HJ P034,P34,P-01-045,"A boat/ship with a vertical prow and stern, on top of a rectangle representing water, with a rectangle inside the boat/ship.",Classifier bark/boat,C
P36,kEH_HG,14043,U+14043,HJ P036,P36,P-03-002,"A boat/ship with a prow and stern resembling the handle of a sickle (U1), on top of a rectangle resembling water, with a façade of a shrine with a flat roof, with oblique sides, with a large doorway (O21B) inside the boat/ship, with an oar/rudder at the back.",Classifier boat/ship,C
P36A,kEH_HG,14047,U+14047,HJ P036A,P36A,P-03-012,,,
P36B,kEH_HG,14044,U+14044,HJ P036B,P36B,P-03-007,"A boat/ship with a prow and stern resembling the handle of a sickle (U1), on top of a rectangle resembling water, with a façade of a shrine with a flat roof, with oblique sides, with a large doorway (O21B) inside the boat/ship.","Logogram (ship, boat, bark)",C
P37,kEH_HG,14045,U+14045,HJ P037,P37,P-03-008,"A boat/ship with a prow and stern resembling the handle of a sickle (U1), on top of a rectangle resembling water, with a shrine, seen from the side, with a downward sloping roof, with an uraeus at the front of the roof (O18A) inside the boat/ship.",Classifier bark/boat,C
P39,kEH_HG,14048,U+14048,HJ P039,P39,P-03-014,"A boat/ship, resembling a crescent moon, with the head of a falcon, with the sun, encircled by a cobra (Naja haje), standing up, with expanded hood (uraeus) (N6) on top of the head, on top of the prow and stern, on top of a rectangle of water, with a shrine, seen from the side, with a downward sloping roof, with an uraeus at the front of the roof (O18A) inside the boat/ship, with an oar/rudder at the back.",Classifier boat/ship,C
P3A,kEH_HG,1403A,U+1403A,P003F,P3A,P-01-064,"A sedge (M23), written inside a boat/ship with a prow and stern resembling the handle of a sickle (U1), on top of a rectangle resembling water.",Logogram (bark of the king/royal bark),C
P4,kEH_HG,132A0,U+132A0,P004,P4,P-04-005,"A fisherman's boat, on top of a rectangle representing water, with a net inside the boat, without internal detail.","Logogram (to loosen, to explain)",C
P40,kEH_HG,14049,U+14049,HJ P040,P40,P-03-015,"A boat/ship, resembling a crescent moon, with the head of a falcon, with the sun, encircled by a cobra (Naja haje), standing up, with expanded hood (uraeus) (N6) on top of the head, on top of the prow and stern, prow lower than the stern, on top of a rectangle of water, with a shrine, seen from the side, with a downward sloping roof, with an uraeus at the front of the roof (O18A) inside the boat/ship, with an animal (leonid?) standing, wearing headgear resembling two feathers on top of goat horns, on top of a standard used for carrying religious symbols (R12) in front of the shrine, with a god with the head of a falcon, standing in front of the rudders, controlling the rudders with a horizontal rope with an uraeus at the front.",Classifier boat/ship,C
P42,kEH_HG,1404A,U+1404A,HJ P042,P42,P-03-016,,,
P44,kEH_HG,1404E,U+1404E,HJ P044,P44,P-03-032,"A boat/ship with a prow and stern resembling the handle of a sickle (U1), on top of a rectangle resembling water, with a circle inside the boat/ship, with an oar/rudder at the back.","Logogram (ship, boat, bark)",C
P44C,kEH_HG,1404F,U+1404F,HJ P044C,P44C,P-03-033,"A boat/ship with a prow and stern resembling the handle of a sickle (U1), on top of a rectangle resembling water, with a circle inside the boat/ship.",Logogram (Amon-Re),C
P44D,kEH_HG,14050,U+14050,HJ P044D,P44D,P-03-035,"A boat/ship with a prow and stern curved inwards, ending with a flower-like shape, with a circle inside the boat/ship.",Phonemogram,C
P45,kEH_HG,14053,U+14053,HJ P045,P45,P-03-041,,,
P46,kEH_HG,14054,U+14054,HJ P046,P46,P-03-042,"A boat/ship with a vertical prow and stern, on top of a rectangle representing water, with a shepherd's crook with a package lashed to it, with a tie above and below the package (T18) inside the boat/ship, with an oar/rudder at the back.",Classifier bark/boat,C
P4A,kEH_HG,14034,U+14034,HJ P004A,P4A,P-01-050,"A boat/ship with a prow and stern resembling the handle of a sickle (U1), on top of a rectangle resembling water, with a low cone shape inside the boat/ship, with an oar/rudder at the back.",Classifier bark/boat,C
P4B,kEH_HG,14077,U+14077,HJ P004B,P4B,P-04-002,"A fisherman's boat, with a net inside the boat, without internal detail.",Phonemogram,C
P4C,kEH_HG,14078,U+14078,HJ P004C,P4C,P-04-004,"A fisherman's boat, on top of a rectangle representing water, with a net inside the boat, with internal detail.","Logogram (to loosen, to explain)",C
P5,kEH_HG,132A1,U+132A1,P005,P5,P-06-027,"A rectangular sail, on a mast of a ship with two prongs, connected by vertical lines (P6), written behind the sail.","Logogram (wind, breath, air)",C
P51,kEH_HG,14055,U+14055,HJ P051,P51,P-03-047,,,
P53,kEH_HG,14059,U+14059,HJ P053,P53,P-03-052,"A bovid, lying down, written within a boat/ship with a prow and stern resembling the handle of a sickle (U1) (P106), with a star (N14) above the back of the bovid.",Logogram (Sothis),C
P54,kEH_HG,1405C,U+1405C,HJ P054,P54,P-03-060,"God, standing, with the head of a falcon, with a sun disk (N5) on his head, facing towards the back, both arms raised in front, hands held vertically, hand palms outwards, in front of a goddess, standing, with a headdress of bovine horns with a sun disk (F102), right arm forward, hand at the height of the waist, holding a sceptre with a straight shaft, forked bottom and head of the Seth animal (S40) of the same size as the woman, left arm hanging beside the body, holding a tie or strap, used with sandals (ankh sign, S34), at the loop (C228); inside a boat/ship with a prow and stern resembling the handle of a sickle (U1), on top of a canal (N36).",Classifier bark,C
P55,kEH_HG,1405D,U+1405D,HJ P055,P55,P-03-062,"A boat/ship, resembling a crescent moon, on top of a rectangle of water, with a sail, with a point at the bottom angling backwards, with a distinctive beam at the top, with rigging; with a god, standing behind the sail on a platform, with the head of a falcon, wearing the double crown, arms forward, holding the ropes of a net which is under the front of the boat in his lower hand, and with an harpoon with the head of a falcon in his upper hand, the point of the harpoon in the net; with a goddess, kneeling in front of the sail on a platform, with a seat on her head, both arms forwards, holding the ropes of a net.",,C
P56,kEH_HG,1405E,U+1405E,HJ P056,P56,P-03-063,"A boat/ship, resembling a crescent moon, on top of a rectangle of water, with a feather (H6) inside the boat/ship, with an oar/rudder at the back.",Logogram (protection),C
P56A,kEH_HG,1405F,U+1405F,HJ P056A,P56A,P-03-064,"A boat/ship, resembling a crescent moon, on top of a rectangle of water, with a mirrored feather (H6) inside the boat/ship, with an oar/rudder at the back.",Logogram (protection),C
P57,kEH_HG,14060,U+14060,HJ P057,P57,P-03-065,,,
P58,kEH_HG,14064,U+14064,HJ P058,P58,P-03-073,,,
P59A,kEH_HG,14066,U+14066,HJ P059A,P59A,P-03-077,"A moon-sickle shaped boat with a higher prow than stern, with the head of an antelope (F81) on top of the prow, on top of a rectangle with a broad base, with a falcon (G5) standing on top of a low cone shape, written inside the boat/ship.",Logogram (Henu-bark of Sokar),C
P59B,kEH_HG,14065,U+14065,HJ P059B,P59B,P-03-076,"A moon-sickle shaped boat with a higher prow than stern, with the head of an antelope (F81) on top of the prow, on top of a rectangle representing water, with a falcon (G5) standing on top of a façade of a shrine with a flat roof, with oblique sides, with a large doorway (O21B), inside the boat/ship, with an oar/rudder at the back.",Logogram ḥnw (Henu-bark of Sokar) or phonemogram skr,C
P5A,kEH_HG,14080,U+14080,HJ P005A,P5A,P-06-018,"A rectangular sail with the mast behind the sail, with multiple lines of rigging coming from the bottom beam of the sail, running to the mast.","Classifier wind, breath, air",C
P5B,kEH_HG,1407D,U+1407D,HJ P005B,P5B,P-06-006,"A sail with a shorter top than bottom, with the mast behind the sail, with a line of rigging running from the tip of both bottom corners of the sail to the mast.","Classifier wind, breath, air",C
P5D,kEH_HG,14083,U+14083,HJ P005D,P5D,P-06-030,,,
P5F,kEH_HG,1407E,U+1407E,HJ P005F,P5F,P-06-015,"A sail resembling a half circle, with the mast over the sail, with multiple lines of rigging coming from the top beam of the sail to the mast.","Logogram (wind, breath, air)",C
P5G,kEH_HG,1408A,U+1408A,HJ P005G,P5G,P-06-047,"A rectangular sail, with the mast in front of the sail.","Logogram (wind, breath, air)",C
P5H,kEH_HG,14086,U+14086,HJ P005H,P5h,P-06-035,"A rectangular sail, with the mast over the sail, with a crossbeam over the sail, with rigging coming from the top of the sail to the mast.","Logogram (wind, breath, air)",C
P5I,kEH_HG,14084,U+14084,HJ P005I,P5I,P-06-033,"A sail, with a corner at the bottom, angling backwards, with a distinct beam at the top, with a mast in front of the sail.","Classifier wind, breath, air",C
P5J,kEH_HG,14085,U+14085,HJ P005J,P5J,P-06-034,"A sail, with a corner at the bottom, angling backwards, with a mast in front of the sail.","Classifier wind, breath, air",C
P5K,kEH_HG,14087,U+14087,HJ P005K,P5K,P-06-041,,,
P5L,kEH_HG,14089,U+14089,HJ P005L,P5L,P-06-046,"A sail, with a corner at the bottom, angling forwards, with a distinct beam at the top, with a mast in front of the sail, with a crossbeam over the mast.","Classifier wind, breath, air",C
P5M,kEH_HG,14082,U+14082,HJ P005M,P5M,P-06-026,"A rectangular sail with the mast behind the sail, with one line of rigging coming from the bottom corners of the sail, running to the mast.","Classifier wind, breath, air",C
P5O,kEH_HG,1407F,U+1407F,HJ P005O,P5O,P-06-017,,,
P5Q,kEH_HG,1407B,U+1407B,HJ P005Q,P5Q,P-06-002,,,
P5S,kEH_HG,1407C,U+1407C,HJ P005S,P5S,P-06-003,"A rectangular sail, with the mast over the sail, with two loops of rope coming from the lower beam of the sail, looping over the mast.","Logogram (wind, breath, air)",C
P6,kEH_HG,132A2,U+132A2,P006,P6,P-07-004,"A mast of a ship with two prongs, connected by vertical lines.",Phonemogram,C
P60A,kEH_HG,14069,U+14069,HJ P060A,P60A,P-03-085,"A moon-sickle shaped boat with a higher prow than stern, with the head of an antelope (F081) on top of the prow, on top of a sledge with two vertical internal strokes, with a falcon (G005) standing on top of a low cone shape, inside the boat/ship, with an oar/rudder at the back.",Classifier bark of Sokar,C
P60B,kEH_HG,1406A,U+1406A,HJ P060B,P60B,P-03-086,"A moon-sickle shaped boat with a higher prow than stern, with a rudder, with the head of an antelope (F081) on top of the prow, facing inwards, with a downward line with multiple horizontal lines written over it coming from the head, on top of a sledge.",Classifier bark of Sokar,C
P61B,kEH_HG,14072,U+14072,HJ P061B,P61B,P-03-111,,,
P63,kEH_HG,1406B,U+1406B,P063,,P-03-089,"A moon-sickle shaped boat with a higher stern than prow, with the head of an antelope (F081) on top of the stern, on top of a rectangle representing water, with a tall shrine with a round roof, with two vertical lines enclosing the top, on a base, without internal decoration (O020D), written inside the boat/ship, with an oar/rudder at the front.",Logogram (Henu-bark of Sokar),C
P66,kEH_HG,1406F,U+1406F,HJ P066,P66,P-03-101,"A moon-sickle shaped boat with a higher stern than prow, with the head of an antelope (F81) on top of the stern, on top of a rectangle representing water, with a falcon (G5) standing on top of a low cone shape inside the boat/ship, with an oar/rudder at the front.",Logogram (Henu-bark of Sokar),C
P66A,kEH_HG,1406E,U+1406E,HJ P066A,P66A,P-03-100,"A moon-sickle shaped boat with a higher prow than stern, with the head of an antelope (F81) on top of the prow, on top of a rectangle representing water, with a falcon (G5) standing on top of a low cone shape inside the boat/ship, with an oar/rudder at the back.",Logogram (Henu-bark of Sokar),C
P66B,kEH_HG,14073,U+14073,HJ P066B,P66B,P-03-112,"A moon-sickle shaped boat with a higher prow than stern, with the head of an antelope (F081) on top of the prow, on top of a rectangle representing water, with a falcon with spread wings, on top of a low cone shape inside the boat/ship, embracing the cone with its wings, with an oar/rudder at the back.",Logogram (Henu-bark of Sokar),C
P68,kEH_HG,1406C,U+1406C,HJ P068,P68,P-03-092,"A moon-sickle shaped boat with a higher stern than prow, with the head of an antelope (F081) on top of the stern, on top of a sledge with two vertical internal strokes, with a tall shrine with a round roof, with two vertical lines enclosing the top, on a base, without internal decoration (O020D), written inside the boat/ship, with an oar/rudder at the front.",Classifier bark of Sokar,C
P6A,kEH_HG,1408E,U+1408E,HJ P006A,P6A,P-07-013,,,
P7,kEH_HG,132A3,U+132A3,P007,P7,P-07-020,"A forearm, with the palm of the hand facing upwards (D36), written over a mast of a ship with two prongs, connected by vertical lines (P6).",Phonemogram,L
P71,kEH_HG,14035,U+14035,HJ P071,P71,P-01-051,"A boat/ship with a vertical prow and a stern resembling the handle of a sickle (U1), on top of a rectangle resembling water, with two throwing-sticks, or clubs used by foreign people (T14) inside the boat/ship.",Classifier bark/boat,C
P71A,kEH_HG,14036,U+14036,HJ P071A,P71A,P-01-052,"A boat/ship with a vertical prow with a forward, downward rope coming from it, with a vertical stern, on top of a rectangle resembling water, with a low cone shape inside the boat/ship.",Classifier bark/boat,C
P71B,kEH_HG,1403C,U+1403C,HJ P071B,P71B,P-01-068,"A boat/ship with a vertical prow and a stern resembling the handle of a sickle (U1), on top of a rectangle resembling water, with a throwing-stick, or club used by foreign people (T14), two sceptres with a straight shaft, topped with the head of the Seth animal, facing backwards, and a rectangle, arranged horizontally, inside the boat/ship.","Logogram (ship, boat, bark)",
P74,kEH_HG,1407A,U+1407A,HJ P074,P74,P-05-002,"A boat/ship, on top of a rectangle representing water, with a flat shape between prow and stern  with vertical lines as internal decoration, with three vertical poles on top of the rectangle, with a line running from the top of the middle pole to the front and stern, forming a triangular shape, with two oar/rudders at the back.",Classifier boat/ship,C
P76A,kEH_HG,1408D,U+1408D,HJ P076A,P76A,P-07-012,"A mast of a ship, with two prongs.",Phonemogram,C
P8,kEH_HG,132A4,U+132A4,P008,P8,P-08-001,"An oar, written vertically.",Phonemogram,C
P83,kEH_HG,14090,U+14090,HJ P083,P83,P-07-028,"A cobra (Naja haje), standing up, with expanded hood (uraeus) (I64), written over a mast of a ship with two prongs, connected by vertical lines (P6).",Logogram (snake divinity),C
P86,kEH_HG,14093,U+14093,HJ P086,P86,P-09-005,A stylistic representation of an arm holding an oar.,Phonemogram,C
P8A,kEH_HG,14091,U+14091,P008A,,P-08-006,,,
P9,kEH_HG,132A5,U+132A5,P009,P9,P-08-008,"A horned desert viper (Cerastes cerastes) (I9), written over an oar, written vertically (P8).",Phonemogram,L
P90,kEH_HG,14094,U+14094,HJ P090,P90,P-10-010,"An upward bent line, with the ends broadening.",Classifier (ferries/bridges),C
P93,kEH_HG,14098,U+14098,HJ P093,P93,P-13-001,,,
P97A,kEH_HG,14074,U+14074,HJ P097A,P97A,P-03-113,"A moon-sickle shaped boat with a higher prow than stern, with the head of an antelope (F081) on top of the prow, on top of a sledge represented by four vertical lines between two horizontal lines, with a falcon with spread wings, on top of a low cone shape inside the boat/ship, embracing the cone with its wings, with an oar/rudder at the back.",Logogram (Henu-bark of Sokar),C
P97C,kEH_HG,14075,U+14075,HJ P097C,P97C,P-03-114,"A moon-sickle shaped boat with a higher prow than stern, with the head of an antelope (F081) on top of the prow, with a downward line with multiple horizontal lines written over it coming from the head, on top of a sledge represented by four vertical lines between two horizontal lines, with a falcon with spread wings, on top of a low cone shape inside the boat/ship, embracing the cone with its wings, with an oar/rudder at the back.",Logogram (Sokar),C
P98,kEH_HG,14056,U+14056,HJ P098,P98,P-03-048,"A boat/ship with a prow and stern resembling the handle of a sickle (U1), on top of a rectangle resembling water, with two falcons (G5), arranged horizontally, on top of a standard used for carrying religious symbols, with a loop under the horizontal beam, running over the vertical pole (R12A) inside the boat/ship.",Logogram (bark of the two divine falcons),C
Q1,kEH_HG,132A8,U+132A8,Q001,Q1,Q-01-003,A seat.,"Logogram (seat, throne, place)",C
Q12,kEH_HG,1409E,U+1409E,HJ Q012,Q12,Q-01-013,"A block-throne with a rectangle in the far bottom corner, on top of a base.","Classifier seat, chair, throne",C
Q12A,kEH_HG,1409C,U+1409C,HJ Q012A,Q12A,Q-01-011,A block-throne on a base.,Classifier throne,C
Q12B,kEH_HG,1409D,U+1409D,HJ Q012B,Q12B,Q-01-012,,,
Q13,kEH_HG,140A0,U+140A0,HJ Q013,Q13,Q-01-017,A carrying chair with the seat in a bowl-like structure.,Classifier carrying chair,C
Q14,kEH_HG,140B9,U+140B9,HJ Q014,Q14,Q-05-020,A portable shrine.,Classifier shrine/chapel,C
Q16,kEH_HG,140A5,U+140A5,HJ Q016,Q16,Q-01-030,A seat with a backwards angled backrest.,Classifier (seat with backrest?),C
Q18,kEH_HG,140A8,U+140A8,HJ Q018,Q18,Q-03-001,"A bed with leonid legs, inclined backwards.",Classifier to rest,C
Q18A,kEH_HG,140AA,U+140AA,HJ Q018A,Q18A,Q-03-003,"A carrying chair, seen from the top, with the legs as seen from the side.",Classifier seat/chair,C
Q19,kEH_HG,140AB,U+140AB,HJ Q019,Q19,Q-03-005,"A bed, with a leonid head, legs and tail.",Classifier bed,C
Q1B,kEH_HG,1409A,U+1409A,HJ Q001B,Q1B,Q-01-005,"A seat, with a rectangle in the bottom corner.",Phonemogram,C
Q2,kEH_HG,132A9,U+132A9,Q002,Q2,Q-01-015,A carrying chair.,Phonemogram,C
Q20,kEH_HG,140AC,U+140AC,HJ Q020,Q20,Q-03-006,"A bed, with a leonid head, legs and tail, with a triangular shape on the bed.",Classifier to sleep/to spend the night,C
Q22,kEH_HG,140AD,U+140AD,HJ Q022,Q22,Q-03-010,"A bed with a leonid head and leg on either side, oriented outwards.",Classifier bed,C
Q23,kEH_HG,140A9,U+140A9,HJ Q023,Q23,Q-03-002,"An inclined bed, with a single leonid leg.",Classifier inclined bed,C
Q24,kEH_HG,140B0,U+140B0,HJ Q024,Q24,Q-04-001,A mirror.,Logogram (mirror),C
Q27,kEH_HG,140B2,U+140B2,HJ Q027,Q27,Q-05-001,"A chest with a downward sloping lid, with legs.",Classifier box,C
Q28A,kEH_HG,140B5,U+140B5,HJ Q028A,Q28A,Q-05-007,"A wide cup (W10), with three feathers (H6) inside it, angling forwards.","Logogram (requirements, needs)",C
Q29,kEH_HG,140B6,U+140B6,HJ Q029,Q29,Q-05-009,"A box or chest, on top of a sledge, with a lid that encloses the chest, with feathers (H6) on top, two angled forwards, two angled backwards.",Classifier box/chest,C
Q2A,kEH_HG,140A2,U+140A2,HJ Q002A,Q2A,Q-01-021,,,
Q2B,kEH_HG,140A4,U+140A4,HJ Q002B,Q2B,Q-01-029,"A carrying chair consisting of a rectangular mat, with horizontal poles.",Classifier (sedan chair),C
Q2C,kEH_HG,140A1,U+140A1,HJ Q002C,Q2C,Q-01-019,"A carrying chair with a broad base, and open internal section.","Logogram (seat, throne, place)",C
Q3,kEH_HG,132AA,U+132AA,Q003,Q3,Q-01-022,A stool made of reed matting.,Phonemogram,C
Q31,kEH_HG,140B7,U+140B7,HJ Q031,Q31,Q-05-016,"A box, resembling a façade of a shrine with a flat roof, with oblique sides, with a large doorway (O21B), with four feathers on top of the lid, two angling forwards, two angling backwards.",Logogram (box/chest),C
Q33,kEH_HG,140BA,U+140BA,HJ Q033,Q33,Q-05-023,"A portable chest, sealed with a tie.",Classifier to raise,C
Q35,kEH_HG,140BE,U+140BE,HJ Q035,Q35,Q-05-036,"A rectangular coffin with a rounded lid, and upstanding sides, with legs at the side, with the top piece of a sistrum in the form of a shrine encased by two curls on top of the lid.",,
Q36A,kEH_HG,140CD,U+140CD,HJ Q036A,Q36A,Q-07-005,A brick-lined fireplace.,Classifier hearthstones,C
Q37,kEH_HG,140B8,U+140B8,HJ Q037,Q37,Q-05-019,"An offering table or altar, with a rounded top.",Classifier offering table,C
Q4,kEH_HG,132AB,U+132AB,Q004,Q4,Q-02-001,A headrest.,Classifier headrest,C
Q41,kEH_HG,13CA8,U+13CA8,HJ Q041,Q41,G-12-158,,,
Q42,kEH_HG,140A7,U+140A7,HJ Q042,Q42,Q-02-004,,,
Q43,kEH_HG,140AE,U+140AE,HJ Q043,Q43,Q-03-012,,,
Q44,kEH_HG,1378C,U+1378C,HJ Q044,Q44,C-04-058,"God, standing, with the head of a jackal, arms hanging on either side of the body, standing behind a mummy with a long-curved beard, lying horizontally (A54) on top of a bed, with a leonid head, legs and tail (Q19), with the head towards the front (A55A).",Logogram (burial),C
Q47,kEH_HG,140BF,U+140BF,HJ Q047,Q47,Q-05-037,"A box or shrine, with a rounded lid and upstanding edges, with the head of a bubalis antelope on top of the lid.",Logogram (Crocodilopolis),C
Q4A,kEH_HG,140A6,U+140A6,HJ Q004A,Q4A,Q-02-002,A headrest on a block.,Classifier headrest,C
Q5,kEH_HG,132AC,U+132AC,Q005,Q5,Q-05-051,"A rectangular chest, with legs at the side.",Classifier box,C
Q6,kEH_HG,132AD,U+132AD,Q006,Q6,Q-05-034,"A rectangular coffin with a rounded lid, and upstanding sides, with legs at the side.",Classifier coffin,C
Q6A,kEH_HG,140C1,U+140C1,HJ Q006A,Q6A,Q-05-039,"A rectangular coffin with a rounded lid, and upstanding sides, without legs.",Classifier burial,C
Q6B,kEH_HG,140C3,U+140C3,HJ Q006B,Q6B,Q-05-046,"A rectangular coffin with a rounded lid with a triangular shape on top, and upstanding sides, with legs at the side.",Classifier burial,C
Q6C,kEH_HG,140C4,U+140C4,HJ Q006C,Q6C,Q-05-049,"A rectangular chest with a round lid and upstanding sides, with legs at the side, with a band around the chest, with the loop and tie at the far side.",Logogram (to bind),C
Q6D,kEH_HG,140BD,U+140BD,HJ Q006D,Q6D,Q-05-035,"A rectangular coffin with a rounded lid, and upstanding sides, with legs at the side, with the rectangular chest divided by a vertical line.",Classifier box,C
Q6E,kEH_HG,140C5,U+140C5,HJ Q006E,Q6E,Q-05-052,"A rectangular chest with legs at the side and the middle, with four rectangles arranged as a square on top of it.",Classifier burial,C
Q6G,kEH_HG,140C0,U+140C0,HJ Q006G,Q6G,Q-05-038,,,
Q6I,kEH_HG,140BB,U+140BB,HJ Q006I,Q6I,Q-05-028,"A rectangular coffin with a rounded lid, and upstanding sides, with legs at the sides and in the middle.",Classifier to bury,C
Q7,kEH_HG,132AE,U+132AE,Q007,Q7,Q-06-003," A brazier with a flame rising from it, flame angling towards the front.","Classifier fire, flame, heat",C
Q7A,kEH_HG,140C6,U+140C6,HJ Q007A,Q7A,Q-06-001," A brazier resembling a wide cup (W10), with a flame rising from it, flame angling towards the front.","Logogram (temperature, temperament)",C
Q7B,kEH_HG,140C9,U+140C9,HJ Q007B,Q7B,Q-06-009,,,
Q7E,kEH_HG,140CA,U+140CA,HJ Q007E,Q7E,Q-06-013,A brazier.,Classifier brazier,C
Q7F,kEH_HG,140CB,U+140CB,HJ Q007F,Q7F,Q-07-001,"A low, broad brazier.",Classifier (burning festival),C
Q7G,kEH_HG,140C7,U+140C7,HJ Q007G,Q7G,Q-06-002," A brazier with a flame rising from it, flame angling towards the front, represented as dots.",Logogram (fire),C
R1,kEH_HG,132AF,U+132AF,R001,R1,R-01-006,"A loaf of bread (X3), a flat-bottom jar with handles (W23) and a round loaf of bread (X6), arranged horizontally on an one-legged table.",Classifier altar,C
R10,kEH_HG,132BB,U+132BB,R010,R10,R-07-053,"A cloth wound on a pole, an emblem of divinity (R8), written between a butcher's block and a sandy hill slope (N29).",Logogram (necropolis),C
R107,kEH_HG,14101,U+14101,HJ R107,R107,R-07-011,"A cobra (Naja haje), standing up, with expanded hood (uraeus) (I64), connected at the base of a cloth wound on a pole, an emblem of divinity (R8), in front of three vertical strokes in a triangular orientation with one stroke a the top (Z2A); on top of a standard used for the carrying of religious symbols with the vertical stick at the far side (R92A).",Logogram (gods and goddesses),C
R107A,kEH_HG,14102,U+14102,HJ R107A,R107A,R-07-012,"A cobra (Naja haje), standing up, with expanded hood (uraeus) (I64), connected at the base of a cloth wound on a pole, an emblem of divinity (R8), on top of a standard used for the carrying of religious symbols with the vertical stick at the far side (R92A).",Logogram (god and goddess),C
R108,kEH_HG,14111,U+14111,HJ R108,R108,R-07-057,"Two times a cloth wound on a pole, an emblem of divinity (R8), arranged horizontally, on top of a standard used for carrying religious symbols, with a loop under the horizontal beam, running over the vertical pole (R12A).",Logogram (18th nome of Upper Egypt),C
R109,kEH_HG,14142,U+14142,HJ R109,R109,R-16-005,"A sceptre with a straight shaft, topped with the head of the Seth animal, with a fillet and a backwards angled feather (H6) on top of the staff, on top of a plan of a crossroads in a village (R109).",Logogram (Thebes),C
R10A,kEH_HG,1410F,U+1410F,R010N,R10A,R-07-050,,,
R10D,kEH_HG,14109,U+14109,HJ R010D,R10D,R-07-040,"A cloth wound on a pole, an emblem of divinity (R8), written over top of a butcher's block, with the pole at the bottom of the block, at the back of a base, with a feather (H6), angled forwards on the tip of the base.",Logogram (necropolis),C
R10G,kEH_HG,1410A,U+1410A,HJ R010G,R10G,R-07-044,"A cloth wound on a pole, an emblem of divinity (R8), written over top of a butcher's block, with the pole at the bottom of the block, on top of a base, with a feather (H6), angled forwards on the tip of the base and a sandy hill slope (N29) behind the butcher's block.",Logogram (necropolis),C
R10H,kEH_HG,14108,U+14108,HJ R010H,R10h,R-07-039,,,
R11,kEH_HG,132BD,U+132BD,R011,R11,R-08-001,A column imitating a bundle of stalks tied together.,Phonemogram,C
R114,kEH_HG,1414C,U+1414C,HJ R114,R114,R-23-015,A pedestal or plinth.,"Classifier (base, pedestal, plinth (of a shrine))",C
R118,kEH_HG,14147,U+14147,HJ R118,R118,R-18-008,"Two bones of a fossil squid (belemnite) (R22), on top of a standard used for carrying religious symbols (R12).",Logogram (Min (divinity)),C
R12,kEH_HG,132BE,U+132BE,R012,R12,R-09-024,A standard used for carrying religious symbols.,Classifier standard,C
R121,kEH_HG,140D3,U+140D3,HJ R121,R121,R-01-022,,,
R122,kEH_HG,14113,U+14113,HJ R122,R122,R-08-004,A column imitating a bundle of stalks tied together with a sun disk (N5) on top of it.,Phonemogram,C
R123,kEH_HG,14119,U+14119,HJ R123,R123,R-09-017,A mirror resembling circle on top of standard used for the carrying of religious symbols with the vertical stick at the far side (R92A).,Classifier mirror,C
R124,kEH_HG,14127,U+14127,HJ R124,R124,R-11-035,,,
R127,kEH_HG,1412E,U+1412E,HJ R127,R127,R-12-027,,,
R127A,kEH_HG,14130,U+14130,HJ R127A,R127A,R-12-034,,,
R129,kEH_HG,132CF,U+132CF,R028,R129,R-21-001,"An emblem with a human face with cow ears, with two upward lines which curl inwards.",Logogram (Bat (7th nome of Upper Egypt)),C
R12A,kEH_HG,14117,U+14117,HJ R012A,R12A,R-09-014,"A standard used for carrying religious symbols, with a loop under the horizontal beam, running over the vertical pole.",Logogram (standard),C
R12O,kEH_HG,140F2,U+140F2,HJ R012O,R12O,R-04-006,,,
R13,kEH_HG,132BF,U+132BF,R013,R13,G-12-116,"A falcon (G5) on a standard with a rounded top, with a feather (H6), angled forwards, attached to the standard in front of the falcon.","Logogram (west, right side)",C
R131,kEH_HG,1400C,U+1400C,HJ R131,R131,O-24-021,"The emblem erected outside the temple of Min, resembling the horns of a bovid (F13) on top of a stem of papyrus with a bud (M13), with a sun disk (N5) between the horns, connected with a line to a cone with a spike on top.","Logogram (office, rank, function)",C
R14,kEH_HG,132C0,U+132C0,R014,R14,R-11-017,"A feather (H6), angled forwards on top of a standard with a round top, with an short vertical line beside the main pole.",Logogram (west),C
R14A,kEH_HG,1411F,U+1411F,HJ R014A,R14A,R-11-001,"A feather (H6), angled forwards on top of a standard with a round top.",Logogram (west),C
R14B,kEH_HG,14121,U+14121,HJ R014B,R14B,R-11-007,"A feather (H6), angled forwards on top of a standard with a round top, with outwards angled lines coming from the tip of the pole.","Logogram (right, right side)",C
R15,kEH_JSesh,132C1,U+132C1,R015,R15,R-12-014,"A spear made into a standard, with a circle on either side of the spear tip, with a loop over the standard.",Phonemogram,C
R15A,kEH_HG,14128,U+14128,R015H,,R-12-001,"A spear made into a standard, resembling a fire-drill in a piece of wood (U28).",Phonemogram,C
R15B,kEH_HG,1412F,U+1412F,HJ R015B,R15B,R-12-033,"A spear made into a standard, resembling a fire-drill in a piece of wood (U28), with two ties or bands of cloth at the far side of the pole.",Logogram (east),C
R16,kEH_HG,132C2,U+132C2,R016,R16,R-14-022,"Two plumes (S9), mounted symmetrically on a papyrus stalk (M13), with a band of string or fabric (V12) written over the stem.","Classifier fray, battle",C
R17,kEH_HG,132C4,U+132C4,R017,R17,R-14-024,"A wig with a fillet, with a headdress consisting of two plumes (S9), on top of a pole.",Logogram (8th nome of Upper Egypt),C
R17A,kEH_HG,14134,U+14134,HJ R017A,R17A,R-14-001,,,
R17C,kEH_HG,1413D,U+1413D,HJ R017C,R17C,R-14-023,,,
R17D,kEH_HG,14135,U+14135,HJ R017D,R17D,R-14-002,,,
R18,kEH_HG,132C5,U+132C5,R018,R18,R-14-007,"A wig, with a fillet, with a headdress consisting of two feathers on top of the horns of a ram (S77), on top of a vertical pole, on top of a parcel of land with irrigation ditches (N24).",Logogram (8th nome of Upper Egypt),C
R18A,kEH_HG,14138,U+14138,HJ R018A,R18A,R-14-009,"A wig without a fillet, with a headdress consisting of two plumes (S9), with a cobra (Naja haje), standing up, with expanded hood (uraeus) written behind the wig, upon a pole.",Logogram (Abydos),C
R18B,kEH_HG,1413A,U+1413A,HJ R018B,R18B,R-14-012,"A wig without a fillet, with a headdress consisting of two plumes (S9), with a cobra (Naja haje), standing up, with expanded hood (uraeus) written behind the wig, upon a pole (R18A), on top of a sand covered mountain over the edge of the cultivated areas (N26).",Logogram (Abydos),C
R18D,kEH_HG,1413B,U+1413B,HJ R018D,R18D,R-14-014,"A wig without a fillet, with a headdress consisting of two plumes (S9), with a cobra (Naja haje), standing up, with expanded hood (uraeus) written behind the wig, upon a pole (R18A), on top of the hill country over the edge of the cultivated areas (N25).",Logogram (Abydos),C
R18F,kEH_HG,14139,U+14139,HJ R018F,R18F,R-14-011,,,
R19,kEH_HG,132C6,U+132C6,R019,R19,R-16-001,"A sceptre with a straight shaft, a forked base, topped with the head of the Seth animal (S40), with a fillet and a backwards angled feather (H6) on top of the staff.",Logogram (Thebes),C
R19A,kEH_HG,14143,U+14143,HJ R019A,R19A,R-16-006,,,
R1C,kEH_HG,140D1,U+140D1,HJ R001C,R1C,R-01-012,,,
R1D,kEH_HG,140D2,U+140D2,HJ R001D,R1D,R-01-013,,,
R1E,kEH_HG,140CF,U+140CF,HJ R001E,R1E,R-01-001,An one-legged table.,Classifier altar,C
R1G,kEH_HG,132B1,U+132B1,R002A,R1G,R-01-009,"Three circular items, arranged horizontally, on a one-legged table with a bowl-shaped surface.",Logogram (altar),C
R1H,kEH_HG,140D0,U+140D0,HJ R001H,R1h,R-01-010,"Four circular items, arranged horizontally, on a one-legged table with a bowl-shaped surface.",Logogram (altar),C
R1I,kEH_HG,140EF,U+140EF,HJ R001I,R1I,R-03-011,"A one-legged offering table with surface resembling a sand covered mountain over the edge of the cultivated areas (N26), with a flame in the middle, with a pellet of incense at either side of the flame, with an oval shape, angling inwards at the tips of the table surface.",Logogram (altar),C
R2,kEH_HG,132B0,U+132B0,R002,R2,R-01-018,"A one-legged table with long upright loaves of bread, cut in halves.",Logogram (altar),C
R20,kEH_HG,132C7,U+132C7,R020,R20,R-17-003,"A flower with a long stem, enclosed by the horns of a bovid, upside-down.",Logogram (Seshat (divinity)),C
R20A,kEH_HG,14144,U+14144,HJ R020A,R20A,R-17-004,"A flower, enclosed by the horns of a bovid, upside-down.",Logogram (Seshat (divinity)),C
R21,kEH_HG,132C8,U+132C8,R021,R21,R-17-002,"A flower with a long stem, enclosed by the horns of a bovid, upside-down, with two plumes (S9) on top of the horns.",Logogram (Seshat (divinity)),C
R22,kEH_HG,132C9,U+132C9,R022,R22,R-18-005,Two bones of a fossil squid (belemnite).,Logogram (Letopolis),C
R23,kEH_HG,132CA,U+132CA,R023,R23,R-18-004,"Two bones of a fossil squid (belemnite), with an extra triangular shape at each side of the circle.",Logogram (Min (divinity)),C
R23B,kEH_HG,14146,U+14146,HJ R023B,R23B,R-18-006,,,
R24,kEH_HG,132CB,U+132CB,R024,R24,R-19-003,"Two bows, strung together as a package.",Logogram (Neith (divinity)),C
R25,kEH_HG,132CC,U+132CC,R025,R25,R-19-008,"Two bows, strung together as a package, written vertically, with internal detail in the package.",Logogram (Neith (divinity)),C
R26,kEH_HG,13BE1,U+13BE1,R026D,R26,F-24-024,"A windpipe and lungs (F36), with a wide cup on each side of the lungs, from which two flowers, simple buds on the left, flowering buds on the right, one vertical, the other crossing the windpipe, come to angle downwards on top of the vertical flower on the other side.",Phonemogram,C
R26A,kEH_HG,13BE0,U+13BE0,HJ R026A,R26A,F-24-023,"A windpipe and lungs (F36), with a flower written under the horizontal bar, on each side, with the stems crossing over the windpipe.",Phonemogram,C
R26B,kEH_HG,13BE2,U+13BE2,HJ R026B,R26B,F-24-026,"A windpipe and lungs (F36), with a stem of papyrus with a flowering bud (M127) left of the windpipe and a stem of papyrus with a bud (M13) right of the windpipe, both beneath the horizontal bar.",Logogram (who unites the two lands),C
R3,kEH_HG,132B2,U+132B2,R003,R3,R-02-009,"A round loaf of bread (X6), a tall water-jug (W14) and a loaf of bread (X3), arranged horizontally on a table with an inwards incline of the legs, with a horizontal beam connecting the legs (R3P).",Classifier festival,C
R30,kEH_HG,140D4,U+140D4,HJ R030,R30,R-02-002,,,
R33,kEH_HG,140D6,U+140D6,HJ R033,R33,R-02-032,"Three round vessels with an upstanding rim (W24), arranged horizontally, on top of a table resembling a gateway, with the bottom fully closed (O32B).","Classifier supplies, provisions",C
R35,kEH_HG,140E5,U+140E5,HJ R035,R35,R-02-073,"Five tall water jars, on top of a table or stand with the surface at two levels, highest at the back, with legs, three on the lower level, two at the higher level.","Logogram (jar-stand, sideboard)",C
R36,kEH_HG,140E7,U+140E7,HJ R036,R36,R-03-001,A one-legged altar or table with a bowl-shaped surface.,Classifier altar,C
R36A,kEH_HG,140EB,U+140EB,HJ R036A,R36A,R-03-006,,,
R36B,kEH_HG,140ED,U+140ED,HJ R036B,R36B,R-03-008,"A one-legged offering table with surface resembling a sand covered mountain over the edge of the cultivated areas (N26), with smoke/flame coming from the surface.",Logogram (altar),C
R36C,kEH_HG,140EA,U+140EA,HJ R036C,R36C,R-03-005,"A one-legged altar or table with a bowl-shaped surface, with three lines of smoke coming from the surface.",classifier altar,C
R37,kEH_HG,140EC,U+140EC,HJ R037,R37,R-03-007,A one-legged offering table with surface resembling a sand covered mountain over the edge of the cultivated areas (N26).,Logogram (altar),C
R38A,kEH_HG,140F1,U+140F1,HJ R038A,R38A,R-03-013,"An one-legged offering table, with upstanding rims, resembling a bowl, with multiple pellets of incense inside the bowl.",Logogram (altar),C
R3AB,kEH_HG,140DF,U+140DF,HJ R003AB,R3AB,R-02-053,,,
R3AC,kEH_HG,140E4,U+140E4,HJ R003AC,R3AC,R-02-066,"Three cones, on top of a table with the legs extending beyond the surface, with a horizontal beam connecting the legs, with vertical beams between the surface and horizontal beam.",Logogram (altar of offerings),C
R3C,kEH_HG,140D7,U+140D7,HJ R003C,R3C,R-02-033,,,
R3D,kEH_HG,140DC,U+140DC,HJ R003D,R3D,R-02-043,"Four circular items, arranged horizontally, on top of a table with an inwards incline of the front legs and vertical legs at the back, with a horizontal beam connecting the legs, with a vertical beam connecting the surface and horizontal beam, with a cone at the far side (R3M).",Classifier table,C
R3E,kEH_HG,140D9,U+140D9,HJ R003E,R3E,R-02-036,,,
R3F,kEH_HG,140E0,U+140E0,HJ R003F,R3F,R-02-057,,,
R3M,kEH_HG,140DB,U+140DB,HJ R003M,R3M,R-02-042,"A table with an inwards incline of the front legs and vertical legs at the back, with a horizontal beam connecting the legs, with a vertical beam connecting the surface and horizontal beam, with a cone at the far side.",Classifier table,C
R3N,kEH_HG,140D8,U+140D8,HJ R003N,R3N,R-02-035,"Four circular items, arranged horizontally, on a block table, with a cone at the far side, with a cross inside the block.",Classifier table,C
R3O,kEH_HG,140DA,U+140DA,HJ R003O,R3O,R-02-037,"Three circular items, arranged horizontally, on a block shaped table on a base, with a cone at the far side, with internal decoration of sequentially smaller rectangles.",Classifier table,C
R3P,kEH_JSesh,132B3,U+132B3,R003A,R3P,R-02-008,"A table with an inwards incline of the legs, with a horizontal beam connecting the legs.",Classifier offering table/jar-stand,C
R3PA,kEH_JSesh,132B4,U+132B4,R003B,R3PA,R-02-012,,,C
R3R,kEH_HG,140D5,U+140D5,HJ R003R,R3R,R-02-029,,,
R3W,kEH_HG,140E3,U+140E3,HJ R003W,R3W,R-02-064,"Two circular items, on a table with the back leg extending beyond the surface, with a horizontal beam connecting the legs, with beams running from corner to corner, forming a cross.","Classifier altar, offering table",C
R4,kEH_HG,132B5,U+132B5,R004,R4,R-04-001,A loaf of bread on a reed mat.,Logogram (offering),C
R40,kEH_HG,140E8,U+140E8,HJ R040,R40,R-03-003,,,
R40A,kEH_HG,140E9,U+140E9,HJ R040A,R40A,R-03-004,,,
R42,kEH_HG,140F6,U+140F6,HJ R042,R42,R-05-011,"A censer for fumigation, resembling the forearm and hand of a man, holding a bowl for incense with smoke rising from the bowl (R7), with the head of a falcon, with a sun disk (N5) on top of its head, at the back.",Phonemogram/logogram (to satisfy),C
R42A,kEH_HG,140F5,U+140F5,HJ R042A,R42A,R-05-006,,,
R42B,kEH_HG,140F7,U+140F7,HJ R042B,R42B,R-05-013,,,
R42C,kEH_HG,140F8,U+140F8,HJ R042C,R42C,R-05-014,,,
R45,kEH_HG,140FF,U+140FF,HJ R045,R45,R-07-009,"A cobra (Naja haje), standing up, with expanded hood (uraeus) (I64), connected at the base of a cloth wound on a pole, an emblem of divinity (R8).",Logogram (god and goddess),C
R46,kEH_HG,14100,U+14100,HJ R046,R46,R-07-010,"Three times a cobra (Naja haje), standing up, with expanded hood (uraeus) (I64), connected at the base of a cloth wound on a pole, an emblem of divinity (R8), on top of a standard used for the carrying of religious symbols with the vertical stick at the far side (R92A).",Logogram (gods and goddesses),C
R47,kEH_HG,14103,U+14103,HJ R047,R47,R-07-016,,,
R49,kEH_HG,14105,U+14105,HJ R049,R49,R-07-028,"A cloth wound on a pole, an emblem of divinity (R8), written over a butcher's block with a rounded bottom, and a broad horizontal line on top, with the pole at the bottom of the block.",Logogram (necropolis),C
R5,kEH_HG,132B6,U+132B6,R005,R5,R-05-001,"A censer for fumigation, written horizontally, with a forward, downward line at the front.",Classifier fumigation/censing,C
R50,kEH_HG,14106,U+14106,HJ R050,R50,R-07-031,"A cloth wound on a pole, an emblem of divinity (R8), written over a butcher's block with a broad base, with the pole at the bottom of the block.",Logogram (necropolis),C
R55,kEH_HG,14112,U+14112,HJ R055,R55,R-08-003,"Two arms, raised upwards, with the forearms and hands vertical, hand palms inwards (D28), written over a column imitating a bundle of stalks tied together (R11), supporting a ripple of water (N35), written within an oval (N102).",Phonemogram,C
R56,kEH_HG,14115,U+14115,HJ R056,R56,R-09-001,"A standard used for carrying religious symbols, with a short vertical pole, with a loop under the horizontal beam, running over the vertical pole.",Classifier standard,C
R58,kEH_HG,1411C,U+1411C,HJ R058,R58,R-09-032,"A half round loaf of bread (X1), above an egg (H8), in front of a star (N14), written on top of a standard in the shape of a crescent moon, with a loop under the horizontal beam, running over the vertical pole.",Logogram spd.t (Sothis) or ẖn.ty ꞽꜣb.t (foremost of the east),C
R59,kEH_HG,1411B,U+1411B,HJ R059,R59,R-09-031,"An unknown object, resembling a piece of cloth with two bands at the back, on top of a standard used for carrying religious symbols (R12).",Logogram (Duau (divinity)),C
R6,kEH_HG,132B7,U+132B7,R006,R6,R-05-003,"A censer for fumigation, written horizontally, with a trapezoidal  shape at the front, with a backward, downward line at the back.","Logogram (to fumigate, to cense)",C
R60,kEH_HG,1411D,U+1411D,HJ R060,R60,R-09-037,"An unknown object, on top of a standard used for carrying religious symbols (R12).",Logogram (Duau (divinity)),C
R61,kEH_HG,1411E,U+1411E,HJ R061,R61,R-09-039,"A cobra in repose (Naja haje) (I10), upon a pole, with a feather (H6) vertically on its back, in line with the standard, on top of a base with a cone at the far side.","Logogram (border, boundry)",C
R62A,kEH_HG,1414A,U+1414A,HJ R062A,R62A,R-23-004,,,
R63,kEH_HG,14120,U+14120,HJ R063,R63,R-11-003,"A feather (H6), angled forwards on top of a standard with a round top, on top of a sand covered mountain over the edge of the cultivated areas (N26).",Logogram (west),C
R63A,kEH_HG,14122,U+14122,HJ R063A,R63A,R-11-013,"A feather (H6), written on top of a standard with a rounded top, with a loop over the standard, on top of a sand covered mountain over the edge of the cultivated areas (N26).",Logogram (west),C
R65,kEH_HG,14125,U+14125,HJ R065,R65,R-11-023,,,
R65A,kEH_HG,14123,U+14123,HJ R065A,R65A,R-11-014,,,
R7,kEH_HG,132B8,U+132B8,R007,R7,R-06-002,A bowl for incense with smoke rising from the bowl.,Logogram (incense),C
R70,kEH_HG,14126,U+14126,HJ R070,R70,R-11-028,"A feather (H6), written on top of a standard with a rounded top, with a loop over the standard.",Logogram (west),C
R72,kEH_HG,14129,U+14129,HJ R072,R72,R-12-002,"A spear made into a standard, resembling a fire-drill in a piece of wood (R15A), on top of a sand covered mountain over the edge of the cultivated areas (N26).",Logogram (east),C
R72A,kEH_HG,1412C,U+1412C,HJ R072A,R72A,R-12-017,"A spear made into a standard, resembling a fire-drill in a piece of wood (U28), with a loop over the standard (Jsesh R15A), on top of a sand covered mountain over the edge of the cultivated areas (N26).",Logogram (east),C
R76,kEH_HG,1412D,U+1412D,HJ R076,R76,R-12-018,"A spear made into a standard, resembling a fire-drill in a piece of wood (U28), with a loop over the standard (Jsesh R15A), on top of the hill country over the edge of the cultivated areas (N25).",Logogram (east),C
R7A,kEH_HG,140FA,U+140FA,HJ R007A,R7A,R-06-005,,,
R7B,kEH_HG,140FB,U+140FB,HJ R007B,R7B,R-06-007,,,
R7C,kEH_HG,140F9,U+140F9,HJ R007C,R7C,R-06-003,"A bowl for incense, with two pellets of incense, with smoke rising from the bowl.",Logogram (incense),C
R8,kEH_HG,132B9,U+132B9,R008,R8,R-07-001,"A cloth wound on a pole, an emblem of divinity.",Logogram (god),C
R80,kEH_HG,14133,U+14133,HJ R080,R80,R-13-001,,,
R81,kEH_HG,14140,U+14140,HJ R081,R81,R-15-003,"A standard resembling a lotus flower with two plumes on top (R16C), with a counterweight of a necklace (S18A) hanging down at the far side.",Logogram (Nefertem),C
R82,kEH_HG,1413E,U+1413E,HJ R082,R82,R-15-001,"A standard resembling a lotus flower with two plumes on top (R16C), with a counterweight of a necklace (S18A), hanging down from either side of the plumes and from the top of the standard.",Phonemogram,C
R82A,kEH_HG,1413F,U+1413F,HJ R082A,R82A,R-15-002,"A standard resembling a lotus flower with two plumes on top (R16C), with a counterweight of a necklace (S18A), hanging down from either side of the plumes.",Logogram (Nefertem),C
R83,kEH_HG,14137,U+14137,HJ R083,R83,R-14-006,"A wig, without fillet, with a headdress consisting of two feathers on top of the horns of a ram (S77), on top of a standard used for carrying religious symbols (R12).",Logogram (8th nome of Upper Egypt),C
R85,kEH_HG,14149,U+14149,HJ R085,R85,R-22-001,,"Logogram/Classifier (the one of Shedet (i.e., Sobek))",
R88,kEH_HG,14148,U+14148,HJ R088,R88,R-20-001,A vertical hourglass-shaped shaped document holder.,Classifier document holder,C
R88A,kEH_HG,1414B,U+1414B,HJ R088A,R88A,R-23-005,,,
R8A,kEH_HG,140FC,U+140FC,HJ R008A,R8A,R-07-003,"Three times a cloth wound on a pole, an emblem of divinity (R8), arranged horizontally.",Logogram (gods),C
R9,kEH_HG,132BA,U+132BA,R009,R9,R-07-017,"A cloth wound on a pole, an emblem of divinity (R8), on top of a bag or a sack of linen, with a tie towards the front, and a (small) loop at the back (V33).",Classifier natron,C
R91,kEH_HG,14116,U+14116,HJ R091,R91,R-09-005,"A pole, held upright through ropes.",Classifier pole,C
R92,kEH_HG,1411A,U+1411A,HJ R092,R92,R-09-021,,,
R92A,kEH_HG,14118,U+14118,HJ R092A,R92A,R-09-016,A standard used for the carrying of religious symbols with the vertical stick at the far side.,Classifier standard,C
S1,kEH_HG,132D1,U+132D1,S001,S1,S-01-001,The white crown of Upper Egypt.,Phonemogram,C
S10,kEH_HG,132DC,U+132DC,S010,S10,S-10-001,"A band of cloth, used as a fillet.","Logogram (strip of cloth, fillet)",C
S100,kEH_HG,141A3,U+141A3,HJ S100,S100,S-11-078,,,
S100A,kEH_HG,141A4,U+141A4,HJ S100A,S100A,S-11-080,"An amulet resembling a shrine with a flat roof, with two ties at the top.",Classifier pectoral,C
S104,kEH_HG,141F5,U+141F5,HJ S104,S104,S-29-009,"An necklace, resembling the sun, with three beams of sunlight coming from it, with an arm at either side, holding a staff or line at an outwards angle, connected to a base, with the head of a canine on the front staff.","Classifier dignity, rank",C
S105,kEH_HG,141AC,U+141AC,HJ S105,S105,S-13-015,"A horizontal rectangular garment (bracelet, armband), with downward curving ties at both sides. ",Classifier cloth/garment,C
S106,kEH_HG,141C4,U+141C4,HJ S106,S106,S-15-064,,,
S107,kEH_HG,141F2,U+141F2,HJ S107,S107,S-29-002,A bracelet.,Classifier (bracelet),C
S109,kEH_HG,141B0,U+141B0,HJ S109,S109,S-14-004,"A vertical rectangular garment, with fringes at the bottom, and two outwards curving ties at the top.",Classifier garment,C
S109A,kEH_HG,141E1,U+141E1,HJ S109A,S109A,S-25-017,A type of garment.,Classifier clothing,C
S10A,kEH_HG,14164,U+14164,HJ S010A,S10A,S-06-002,"A band of cloth, used as a fillet, represented as a half-circle, with a loop and ties at the back.","Logogram (to bind, to wind around)",C
S11,kEH_HG,132DD,U+132DD,S011,S11,S-11-012,A collar of beads with ornamental terminals.,"Logogram (necklace, collar)",C
S112,kEH_HG,141F3,U+141F3,HJ S112,S112,S-29-004,A rectangular/square piece of cloth with wavy fringes on top.,Classifier cloth/garment,C
S113A,kEH_HG,141B7,U+141B7,HJ S113A,S113A,S-15-011,"A bag or a sack of linen, with a tie towards the front, and a (small) loop at the back (V33), written between two staves or poles with a two-pronged end piece for holding down snakes (U116), on top of a standard used for carrying religious symbols, with a short vertical pole, with a loop under the horizontal beam, running over the vertical pole (R56).",Logogram (linen),C
S114,kEH_HG,141B2,U+141B2,HJ S114,S114,S-15-005,A horizontal strip of cloth with one fringe.,Classifier cloth,C
S115,kEH_HG,141B3,U+141B3,HJ S115,S115,S-15-007,A horizontal strip of cloth with three fringes.,Logogram (clothing),C
S116,kEH_HG,141B4,U+141B4,HJ S116,S116,S-15-008,A horizontal strip of cloth with four fringes.,Logogram (clothing),C
S117,kEH_HG,141B5,U+141B5,HJ S117,S117,S-15-009,A horizontal strip of cloth with five fringes.,Classifier cloth,C
S118,kEH_HG,141B6,U+141B6,HJ S118,S118,S-15-010,A horizontal strip of cloth with six fringes.,Logogram (six-weave linen),C
S11A,kEH_HG,1418B,U+1418B,HJ S011A,S11A,S-11-006,"A collar of beads with ornamental terminals, resembling the head of a falcon, looking outwards, with outwards curving ties on top of the heads.",Classifier collar,C
S11B,kEH_HG,1418A,U+1418A,HJ S011B,S11B,S-11-005,"A collar of beads with ornamental terminals, resembling the head of a falcon, looking outwards.",Classifier collar,C
S11D,kEH_HG,1418C,U+1418C,HJ S011D,S11D,S-11-011,"A collar of beads with ornamental terminals, resembling the head of a falcon with a sun disk on its head, looking outwards, with two vertical strings with flower-like end-pieces, curving outwards and downwards, coming from the collar.",Logogram collar,C
S12,kEH_HG,132DE,U+132DE,S012,S12,S-11-034,A collar of beads.,Logogram (gold),C
S123,kEH_HG,1332D,U+1332D,T032A,S123,S-15-032,"A knife sharpener with a rounded body and a loop at the back (T31), written over a folded piece of cloth (S29).",Phonemogram,L
S124,kEH_HG,141BA,U+141BA,HJ S124,S124,S-15-038,"A knife sharpener with a rounded body and a loop at the back (T31), on top of legs in a walking posture, feet orientated towards the reading direction (D54), written with the tip over a folded piece of cloth (S29).",Phonemogram,C
S124A,kEH_HG,141BB,U+141BB,HJ S124A,S124A,S-15-040,,,
S124C,kEH_HG,141BC,U+141BC,HJ S124C,S124C,S-15-042,,,
S124D,kEH_HG,141BD,U+141BD,HJ S124D,S124D,S-15-043,"A knife sharpener with a rounded body and a loop at the back (T31), on top of legs in a walking posture, feet orientated towards the reading direction (D54), written with the tip over a folded piece of cloth (S29), with the short end towards the front.",Phonemogram,C
S124E,kEH_HG,141BE,U+141BE,HJ S124E,S124E,S-15-044,"A knife sharpener with a rounded body, without a loop at the back, on top of legs in a walking posture, feet orientated towards the reading direction (D54), written with the tip over a folded piece of cloth (S29).",Phonemogram,C
S125,kEH_JSesh,130B9,U+130B9,D052A,S125,S-15-047,"A phallus with a scrotum (D52), written over a folded piece of cloth (S29).",Phonemogram,L
S129,kEH_HG,141C2,U+141C2,HJ S129,S129,S-15-061,"A rectangular piece of cloth, with fringes at the top and far side.",Classifier cloth,C
S12A,kEH_HG,14195,U+14195,HJ S012A,S12A,S-11-035,"A collar of beads, without detail.",Logogram (necklace),C
S13,kEH_HG,132DF,U+132DF,S013,S13,S-11-039,"A collar of beads (S12), written over a human foot and lower leg (D58).",Phonemogram,L
S130,kEH_HG,141C3,U+141C3,HJ S130,S130,S-15-063,"An oval piece of cloth, with fringes on the top.",Classifier cloth,C
S132,kEH_HG,14312,U+14312,HJ S132,S132,U-18-043,"Two rectangular pieces of cloth, with fringes on the short sides, written vertically, with a loop around the two pieces of cloth.",Phonemogram,C
S133,kEH_HG,141C5,U+141C5,HJ S133,S133,S-17-005,"A tie or strap, used with sandals (ankh sign, S34), with the sun, within a halo (N5) on top of the loop.",classifier time,C
S134B,kEH_HG,141C6,U+141C6,S134,S134,S-17-007,"A vessel with a spout and broad rim, made to resemble a tie or strap, used with sandals (ankh sign, S34).",Classifier ankh vessel,C
S135,kEH_HG,141C7,U+141C7,HJ S135,S135,S-17-009,"A tie or strap, used with sandals (ankh sign, S34), with a column imitating a bundle of stalks tied together (R11) replacing the vertical strap.",Logogram (stability and life),C
S14,kEH_HG,132E0,U+132E0,S014,S14,T-01-052,"A collar of beads (S12), written over a mace with a pear-shaped head, written vertically (T3).",Logogram (silver),L
S14A,kEH_HG,132E1,U+132E1,S014A,S14A,S-11-043,"A collar of beads (S12), written over a sceptre with a straight shaft, a forked base, topped with the head of the Seth animal (S40).","Logogram (white gold, fine gold, electrum)",L
S15,kEH_HG,132E3,U+132E3,S015,S15,S-11-047,A pectoral of three glass or faïence beads.,"Logogram (faience, glass)",C
S151,kEH_HG,141D4,U+141D4,HJ S151,S151,S-23-011,"Two sceptres with a straight shaft, a forked base, topped with the head of the Seth animal (S40), written on top of a standard used for the carrying of religious symbols with the vertical stick at the far side (R92A).",Logogram (Igai (divinity)),C
S152,kEH_HG,141D5,U+141D5,HJ S152,S152,S-23-012,"A sceptre with a straight shaft, a forked base, topped with the head of the Seth animal (S40), under a crescent moon (N11) shape topped with a feather (H6).",Phonemogram/Logogram (iatet drink),C
S152A,kEH_HG,141D6,U+141D6,HJ S152A,S152A,S-23-013,"A sceptre with a straight shaft, a forked base, topped with the head of the Seth animal (S40), under a crescent moon (N11) shape topped with a feather (H6), written on top of a standard used for the carrying of religious symbols with the vertical stick at the far side (R92A).",Phonemogram/Logogram (iatet drink),C
S152B,kEH_HG,141D7,U+141D7,HJ S152B,S152B,S-23-014,"A sceptre with a straight shaft, a forked base, topped with the head of the Seth animal (S40), under a double crescent moon (N11), arranged vertically, topped with a feather (H6), written on top of a standard used for the carrying of religious symbols (R12).",Logogram (Iat (divinity),C
S153,kEH_HG,141D9,U+141D9,HJ S153,S153,S-24-007,,,
S15A,kEH_HG,1419A,U+1419A,HJ S015A,S15A,S-11-056,A pectoral of four glass or faïence beads.,Logogram (to be bright),C
S16,kEH_HG,132E4,U+132E4,S016,S16,S-11-063,A pectoral consisting of a circle with three strands of glass or faïence beads.,"Logogram (faience, glass)",C
S167,kEH_JSesh,141E3,U+141E3,S167,S167,S-26-009,"A flagellum (S45), written through a cartouche in a round form (V9).",Phonemogram,C
S168,kEH_HG,141DE,U+141DE,HJ S168,S168,S-25-008,"A sceptre, with a short handle with a crossbar, with a long oval shape above the handle.","Logogram (Hetes-staff, baton)",C
S17,kEH_HG,132E5,U+132E5,S017,S17,S-11-064,"A pectoral consisting of a horizontal rectangle with a loop on top, with three vertical strands of glass or faience beads, resembling ripples.","Logogram (faience, glass)",C
S176,kEH_HG,141C8,U+141C8,HJ S176,S176,S-17-012,"A tie or strap, used with sandals (ankh sign, S34), a column imitating a bundle of stalks tied together (R11) and a sceptre with a straight shaft, a forked base, topped with the head of the Seth animal (S40), arranged horizontally; on top of a wickerwork basket.","Logogram (all life, stability and dominion)",C
S17A,kEH_HG,14198,U+14198,S017D,,S-11-052,,,
S17B,kEH_HG,14199,U+14199,HJ S017B,S17B,S-11-055,A pectoral resembling the sky (N1) over three vertical lines with a forked top.,Logogram (brightness),C
S18,kEH_HG,132E7,U+132E7,S018,S18,S-11-074,A bead necklace with a counterweight.,Classifier necklace,C
S182,kEH_HG,14156,U+14156,HJ S182,S182,S-01-020,"A cloth wound on a pole, an emblem of divinity (R8), in front of the white crown (S1), on top of a wickerwork basket (V30).",Logogram (to be divine),C
S183,kEH_HG,14159,U+14159,HJ S183,S183,S-02-009,"Two red crowns (S3), overlapping each other.",Phonemogram,C
S186,kEH_HG,14167,U+14167,HJ S186,S186,S-07-003,,,
S187,kEH_HG,14182,U+14182,HJ S187,S187,S-10-003,"A band of cloth, used as a fillet, with a flower at the front, and two loops at the back.","Logogram (wreath, garland)",C
S188A,kEH_HG,14188,U+14188,HJ S188A,S188A,S-11-003,,,
S18A,kEH_HG,14207,U+14207,HJ S018A,S18A,T-05-007,A counterweight of a necklace.,Phonemogram,C
S18B,kEH_HG,141A0,U+141A0,HJ S018B,S18B,S-11-073,,,
S19,kEH_HG,132E8,U+132E8,S019,S19,S-12-001,"A seal, attached to a neck string, with the sting curving backwards and downwards, with a loop below the seal.",Logogram (sealbearer),C
S191,kEH_HG,14194,U+14194,HJ S191,S191,S-11-031,"A necklace, consisting of two eyes, with the markings of the head of a falcon, with a vertical line at the back with a triangle at the curl, as if seen from the front (Jsesh D10C), with an outwards and upwards loop of string, with a flower-like end-piece at the end of the string, orientated towards each other.","Classifier wreath, garland",C
S197,kEH_HG,1419E,U+1419E,HJ S197,S197,S-11-068,"A girdle worn by various gods, with three hanging pieces.",Classifier place/divinity,C
S198,kEH_HG,141D3,U+141D3,HJ S198,S198,S-22-005,,,
S199B,kEH_HG,141DF,U+141DF,S044C,S44,S-25-013,"A staff, which widens towards the bottom (S43) with a flagellum (S45) attached to the back.",Logogram (ames-sceptre),C
S1A,kEH_HG,1414D,U+1414D,HJ S001A,S1A,S-01-002,"The white crown of Upper Egypt, with an uraeus.",Classifier crown,C
S2,kEH_HG,132D2,U+132D2,S002,S2,S-01-017,"The white crown (S1), on top of a wickerwork basket (V30).",Classifier crown,C
S20,kEH_HG,132E9,U+132E9,S020,S20,S-12-006,"A seal, attached to a neck string.","Logogram (seal, lock, sealing)",C
S203,kEH_HG,141F6,U+141F6,HJ S203,S203,S-29-014,"A birthing brick, with the head of a female on top of it, in the front, with a headdress of bovine horns with a sun disk (F102).","Logogram (abode, birth place, birthing brick)",C
S20A,kEH_HG,141A9,U+141A9,HJ S020A,S20A,S-12-007,"A seal, attached to a neck string, without ties below the seal.",Phonemogram,C
S21,kEH_HG,132EA,U+132EA,S021,S21,S-12-011,A ring or bracelet.,"Logogram (necklace, collar)",C
S22,kEH_HG,132EB,U+132EB,S022,S22,S-13-001,"A shoulder knot, with loops a the top ends and ties at the bottom ends.",Phonemogram,C
S22A,kEH_HG,141AB,U+141AB,HJ S022A,S22A,S-13-007,"A shoulder knot, with loops a the top ends and ties at the bottom ends, with circular blobs on top of the middle section, and vertical strokes below the vertical section.",Phonemogram,C
S23,kEH_HG,132EC,U+132EC,S023,S23,S-26-014,Two pieces of cloth strung together / Two flagellums (S45) on top of/written through a cartouche in a round form (V9).,"Logogram (to unite, to assemble)",C
S24,kEH_HG,132ED,U+132ED,S024,S24,S-13-010,A girdle knot.,"Classifier to tie, to bind",C
S25,kEH_HG,132EE,U+132EE,S025,S25,S-13-014,A garment with downward curving ties at both sides.,"Classifier garment, mantle, kilt",C
S26,kEH_HG,132EF,U+132EF,S026,S26,S-14-001,A kilt or apron.,"Classifier kilt, royal apron",C
S27,kEH_HG,132F2,U+132F2,S027,S27,S-15-006,A horizontal strip of cloth with two fringes.,Logogram (clothing),C
S28,kEH_JSesh,132F3,U+132F3,S028,S28,S-15-013,"A horizontal strip of cloth with fringes, combined with a folded piece of cloth (S29).",Classifier clothing,C
S29,kEH_HG,132F4,U+132F4,S029,S29,S-15-019,A folded piece of cloth.,Phonemogram,C
S2A,kEH_HG,14154,U+14154,S002B,S2A,S-01-018,"The white crown (S1), with the curl of the red crown (S89), on top of a wickerwork basket (V30).",Classifier crown,C
S3,kEH_HG,132D4,U+132D4,S003,S3,S-02-001,The red crown of Lower Egypt.,Phonemogram,C
S30,kEH_HG,132F5,U+132F5,S030,S30,S-15-027,"A horned desert viper (Cerastes cerastes) (I9), written over a folded piece of cloth (S29).",Phonemogram,L
S31,kEH_HG,132F6,U+132F6,S031,S31,S-15-024,"A sickle (U1), written over a folded piece of cloth (S29).",Phonemogram,L
S32,kEH_HG,132F7,U+132F7,S032,S32,S-15-055,"A rectangular piece of cloth, with sloping fringes on its front short side, without internal decoration.",Phonemogram,C
S32A,kEH_HG,141C0,U+141C0,HJ S032A,S32A,S-15-056,"A square piece of cloth, with long sloping fringes on its front short side, with a cross shape as internal decoration.",Phonemogram,C
S33,kEH_HG,132F8,U+132F8,S033,S33,S-16-001,A sandal.,Classifier sandal,C
S34,kEH_HG,132F9,U+132F9,S034,S34,S-17-001,"A tie or strap, used with sandals (ankh sign).",Logogram (life),C
S35,kEH_HG,132FA,U+132FA,S035,S35,S-19-001,"A sun shade, made of a staff which holds feathers at the top, resembling a half circle, with internal detail.","Classifier shadow, shade",C
S36,kEH_HG,132FC,U+132FC,S036,S36,S-20-001,"A sun shade, made of a staff which holds feathers at the top, resembling a half circle, without internal detail.","Logogram (shadow, shade)",C
S36A,kEH_HG,141CC,U+141CC,HJ S036A,S36A,S-20-005,"A sun shade, made of a staff which holds feathers at the top, resembling a half circle, without internal detail, with an additional short staff.","Logogram (shadow, shade)",C
S36B,kEH_HG,141CB,U+141CB,HJ S036B,S36B,S-20-004,"A sun shade, made of a staff which holds feathers at the top, resembling a half circle, without internal detail, with outwards angled lines coming from the tip of the staff.",Phonemogram,C
S36C,kEH_HG,141CD,U+141CD,HJ S036C,S36C,S-20-006,"A sun shade, made of a staff which holds feathers at the top, resembling a half circle, without internal detail, with strokes on top of the feathers, with an additional short staff.",Phono-repeater/classifier (in ḥp.ty (extreme limits)),C
S36D,kEH_HG,141CA,U+141CA,HJ S036D,S36D,S-20-003,,,
S37,kEH_HG,132FD,U+132FD,S037,S37,S-21-002,"A one handed fan, with a handle resembling a stem of papyrus with a bud (M13).",Logogram (fan),C
S37A,kEH_HG,141D2,U+141D2,HJ S037A,S37A,S-21-009,"A one handed fan, with a handle resembling a stem of papyrus with a bud (M13), and the fan resembling a feather (H6).",Logogram (fan),C
S37B,kEH_HG,141D1,U+141D1,HJ S037B,S37B,S-21-005,,,
S37C,kEH_HG,141CF,U+141CF,HJ S037C,S37C,S-21-003,A one handed fan with a straight handle.,Phonemogram,C
S37D,kEH_HG,141D0,U+141D0,HJ S037D,S37D,S-21-004,"A one handed fan, with a handle consisting of a bowl-shaped section with a vertical downward line at either side, with a straight handle section.",Phonemogram,C
S38,kEH_HG,132FE,U+132FE,S038,S38,S-22-001,A crook.,Phonemogram,C
S39,kEH_HG,132FF,U+132FF,S039,S39,S-25-021,A shepherd's crook.,Logogram (shepherd's crook),C
S4,kEH_HG,132D5,U+132D5,S004,S4,S-02-003,"The red crown (S3), on top of a wickerwork basket (V30).",Classifier crown,C
S40,kEH_HG,13300,U+13300,S040,S40,S-23-001,"A sceptre with a straight shaft, a forked base, topped with the head of the Seth animal.",Phonemogram,C
S41,kEH_HG,13301,U+13301,S041,S41,S-23-010,"A sceptre with a spiral shaft, a forked base, topped with the head of the Seth animal.",Classifier sceptre,C
S42,kEH_HG,13302,U+13302,S042,S42,S-24-001,A sceptre.,Phonemogram,C
S42A,kEH_HG,141D8,U+141D8,HJ S042A,S42A,S-24-002,A sceptre with two extensions at the top.,"Logogram (district, region)",C
S43,kEH_HG,13303,U+13303,S043,S43,S-25-001,A staff which widens towards the bottom.,Phonemogram,C
S43A,kEH_HG,141DB,U+141DB,HJ S043A,S43A,S-25-002,"A staff which widens towards the bottom, with a vertical stroke just above the base, extending beyond the staff.",Phonemogram,C
S43B,kEH_HG,141DC,U+141DC,HJ S043B,S43B,S-25-003,"A staff which widens towards the bottom, without internal detail.",Phonemogram,C
S44,kEH_HG,141E0,U+141E0,S044D,,S-25-015,"A staff, which widens towards the bottom, with a circle on top, with a flagellum (S45) attached to the back.","Classifier staff, sceptre",C
S44A,kEH_HG,141DA,U+141DA,HJ S044A,S44A,S-24-008,"A sceptre (S42), with a flagellum (S45) at the back of the headpiece.",Phonemogram,C
S45,kEH_HG,13305,U+13305,S045,S45,S-26-001,"A flagellum or flail, with the stick oriented forwards.",Logogram (flagellum),C
S46,kEH_HG,1414F,U+1414F,S046A,S46,S-01-005,"The white crown of Upper Egypt, over a band of string or fabric, which makes a curl at the front.",Logogram (wearer of the sash (priest)),C
S47,kEH_HG,14150,U+14150,HJ S047,S47,S-01-007,"The white crown of Upper Egypt, on top of a standard used for carrying religious symbols, with a loop under the horizontal beam, running over the vertical pole (R12A).",Logogram (the white crown),C
S47A,kEH_HG,14152,U+14152,HJ S047A,S47A,S-01-009,"The white crown of Upper Egypt in front of a flagellum (S45), on top of a standard used for carrying religious symbols, with a loop under the horizontal beam, running over the vertical pole (R12A).",Logogram (Baby (divinity)),C
S48,kEH_HG,14153,U+14153,HJ S048,S48,S-01-013,"The white crown (S1), on top of a plan of a crossroads in a village (O49).",Logogram (Upper Egypt),C
S49A,kEH_HG,14155,U+14155,HJ S049A,S49A,S-01-019,"The white crown (S1), with the curl of the red crown (S89), on top of a wickerwork basket with a handle, orientated with the handle to the back (V31).",Classifier crown,C
S5,kEH_HG,132D6,U+132D6,S005,S5,S-03-001,"The union of the red crown of Lower Egypt and the white crown of Upper Egypt, with the white crown worn within the red crown. (i.e., the double crown).",Classifier double crown,C
S50,kEH_HG,14157,U+14157,HJ S050,S50,S-02-002,"The red crown (S3), on top of a plan of a crossroads in a village (O49).",Logogram (Lower Egypt),C
S55,kEH_HG,1415C,U+1415C,HJ S055,S55,S-04-003,The base of a crown.,"Logogram (cap, crown)",C
S56,kEH_HG,13306,U+13306,S046,S56,S-05-001,A head-cloth.,Phonemogram,C
S56A,kEH_HG,1415D,U+1415D,HJ S056A,S56A,S-05-002,"A head-cloth, tied together at the back, with the loop and ties at the back.",Logogram/phonemogram (carpenter),C
S57,kEH_HG,1415F,U+1415F,HJ S057,S57,S-05-004,"A head-cloth, with an uraeus, extending downwards to the shoulder, with a piece of cloth extending at the back.",Phonemogram,C
S57A,kEH_HG,14162,U+14162,HJ S057A,S57A,S-05-008,"A long head-cloth, extending over the back.",Classifier headcloth,C
S57B,kEH_HG,14161,U+14161,HJ S057B,S57B,S-05-006,"A head-cloth, extending downwards to the shoulder, with a piece of cloth extending at the back.",Classifier headcloth,C
S57C,kEH_HG,14160,U+14160,HJ S057C,S57C,S-05-005,"A head-cloth, with an uraeus, with a piece of cloth extending at the back.",Classifier headcloth,C
S59,kEH_HG,14163,U+14163,HJ S059,S59,S-05-009,,,
S6,kEH_HG,132D7,U+132D7,S006,S6,S-03-008,"The union of the red crown of Lower Egypt and the white crown of Upper Egypt, with the white crown worn within the red crown. (i.e., the double crown, S5), on top of a wickerwork basket (V30).",Classifier double crown,C
S60,kEH_HG,1416A,U+1416A,HJ S060,S60,S-07-007,,,
S60A,kEH_HG,14169,U+14169,S060A,,S-07-006,"The Atef crown, on top of the horns of a ram, with an uraeus, with a sun disk on the head, facing outwards, at either side of the crown.",Logogram (Atef crown),C
S61,kEH_HG,1416B,U+1416B,HJ S061,S61,S-08-001,"A crown, consisting of three horizontally arranged Atef crowns with a round bulb at the top, and the sun disk at the base, on top of the horns of a ram, with an uraeus, with a sun disk on the head, facing outwards, at either side of the crown, with two ureai hanging downwards from the horns at either side.",Logogram (Hemhem crown),C
S61A,kEH_HG,1416C,U+1416C,HJ S061A,S61A,S-08-002,"A crown, consisting of three horizontally arranged Atef crowns with a round bulb at the top, and the sun disk at the base, on top of the horns of a ram, with an uraeus, with a sun disk on the head, facing outwards, at either side of the crown.",Logogram (Hemhem crown),C
S62,kEH_HG,1416E,U+1416E,HJ S062,S62,S-09-002,A headdress consisting of the horns of a ram with two plumes on top of it.,Logogram (double plumes/two feather crown),C
S63,kEH_HG,1416F,U+1416F,HJ S063,S63,S-09-004,"A headdress consisting of two plumes, with a sun disk between them, on top of a short vertical line.",Logogram (double plumes/two feather crown),C
S63A,kEH_HG,14170,U+14170,HJ S063A,S63A,S-09-005,"A headdress consisting of two plumes, with a sun disk between them.",Logogram (double plumes/two feather crown),C
S64,kEH_HG,14174,U+14174,HJ S064,S64,S-09-019,"A headdress consisting of the horns of a ram with two plumes on top of it, with a sun disk between the plumes.",Logogram (double plumes/two feather crown),C
S67,kEH_HG,14173,U+14173,HJ S067,S67,S-09-015,A headdress consisting of four plumes on top of a head-cloth (S56).,Logogram (the four feather crown),C
S68,kEH_HG,14172,U+14172,HJ S068,S68,S-09-011,,,
S7,kEH_HG,132D9,U+132D9,S007,S7,S-04-001,The blue crown.,Classifier crown,C
S72,kEH_HG,14177,U+14177,HJ S072,S72,S-09-022,"A headdress consisting of the base of a crown (S55), with two plumes on top of it, with a sun disk between the plumes.",Logogram (double plumes/two feather crown),C
S72A,kEH_HG,14176,U+14176,HJ S072A,S72A,S-09-021,"A headdress consisting of the base of a crown (S55), with two plumes on top of it.",Logogram (double plumes/two feather crown),C
S73,kEH_HG,1417A,U+1417A,HJ S073,S73,S-09-027,A headdress consisting of a sun disk with two feathers on top of the horns of a ram.,Phonemogram,C
S74,kEH_HG,14179,U+14179,HJ S074,S74,S-09-026,"A headdress consisting of two feathers on top of the horns of a ram, with a cobra (Naja haje), standing up, with expanded hood (uraeus), with sun disks its head on either side of the feathers, orientated outwards.",Logogram (Elkab),C
S75,kEH_HG,14178,U+14178,HJ S075,S75,S-09-025,"A headdress consisting of two feathers on top of the horns of a ram, with a sun disk between the feathers, with a cobra (Naja haje), standing up, with expanded hood (uraeus), with sun disks its head on either side of the feathers, orientated outwards.",Phonemogram,C
S75A,kEH_HG,1417F,U+1417F,HJ S075A,S75A,S-09-040,"A headdress consisting of two feathers on top of the horns of a ram, with a sun disk between the feathers, with a cobra (Naja haje), standing up, with expanded hood (uraeus), on either side of the feathers, orientated outwards; on top of a half-circle shaped base.",Phonemogram,C
S76,kEH_HG,1417B,U+1417B,HJ S076,S76,S-09-028,A headdress consisting of a sun disk with two feathers.,Classifier crown,C
S77,kEH_HG,1417C,U+1417C,HJ S077,S77,S-09-030,A headdress consisting of two feathers on top of the horns of a ram.,Phonemogram,C
S78A,kEH_HG,1417E,U+1417E,HJ S078A,S78A,S-09-037,A headdress consisting of two feathers on a short vertical line.,Classifier two halves,C
S8,kEH_HG,132DA,U+132DA,S008,S8,S-07-002,The Atef crown with ram horns and a sun disk.,Logogram (Atef crown),C
S80A,kEH_HG,14180,U+14180,HJ S080A,S80A,S-09-042,"A sun disk (N5), between two feathers (H6), orientated outwards, on top of the horns of a ram (F107).",Logogram (the horizon),C
S82,kEH_HG,14183,U+14183,HJ S082,S82,S-10-004,"A band of cloth, used as a fillet, with an uraeus at the front, and a loop and string at the back.","Logogram (wreath, garland)",C
S83,kEH_HG,14184,U+14184,HJ S083,S83,S-10-005,"A band of cloth, used as a fillet, with two uraei at the front, one wearing the white crown (S1), one wearing the red crown (S3).","Logogram (wreath, garland)",C
S84,kEH_HG,14185,U+14185,HJ S084,S84,S-10-007,"A band of cloth, used as a fillet, decorated with flowers on the band.","Logogram (wreath, garland)",C
S85,kEH_HG,14186,U+14186,HJ S085,S85,S-10-009,A garland of laurel leaves.,"Logogram (wreath, garland)",C
S88,kEH_HG,141F4,U+141F4,HJ S088,S88,S-29-005,A vertical piece of cloth which bends forward towards the top.,Classifier cloth,C
S89,kEH_HG,141F1,U+141F1,HJ S089,S89,S-29-001,The curl of the red crown.,Classifier (curl),C
S8A,kEH_HG,14166,U+14166,HJ S008A,S8A,S-07-001,The Atef crown.,Classifier crown,C
S9,kEH_HG,132DB,U+132DB,S009,S9,S-09-017,A headdress consisting of two plumes.,Logogram (double plumes/two feather crown),C
S91,kEH_HG,1418D,U+1418D,HJ S091,S91,S-11-015,"A necklace, consisting of a deep loop, with seven beads or circles on the loop, with the two top beads connected with a line with a bead in the center, with the ends of the loops curving outwards and downwards, with flower-like end-pieces, the left one a lotus bud and the right one a flowering lotus bud.",Classifier collar,C
S91A,kEH_HG,14190,U+14190,HJ S091A,S91A,S-11-020,"A necklace, consisting of a deep loop, with multiple horizontal strands connecting the two sides of the loop, with the ends of the loops curving outwards and downwards, with flower-like end-pieces.","Logogram (necklace, collar)",C
S92,kEH_HG,1418F,U+1418F,HJ S092,S92,S-11-019,,,
S96,kEH_HG,14193,U+14193,HJ S096,S96,S-11-030,,,
S98,kEH_HG,141A1,U+141A1,HJ S098,S98,S-11-075,"A bead necklace with a counterweight, written horizontally, with a loop at the front, with the head of woman, with a headdress of bovine horns with a sun disk (F102) and the vulture headdress on top of the counterweight.",Logogram (menit necklace),C
S9A,kEH_HG,14171,U+14171,HJ S009A,S9A,S-09-008,,,
T1,kEH_HG,13307,U+13307,T001,T1,T-01-013,"A mace with cup or dish shaped head, written horizontally.",Phonemogram,C
T10,kEH_HG,13314,U+13314,T010,T10,T-06-004,"A composite bow, with handle bound to the bowstring when out of use.",Logogram (bow),C
T101,kEH_HG,14279,U+14279,HJ T101,T101,T-18-023,,,
T102,kEH_HG,1427A,U+1427A,HJ T102,T102,T-18-024,"A knife with a triangular blade and a straight handle (T30A), on top of a round-topped butcher's block, with a base with upstanding edges.",Classifier place of execution,C
T102A,kEH_HG,1427B,U+1427B,HJ T102A,T102A,T-18-025,"A knife with a triangular blade and a straight handle (T30A), on top of a round-topped butcher's block, with netting as internal decoration, with a base with upstanding edges.",Logogram (place of execution),C
T103A,kEH_HG,1427E,U+1427E,HJ T103A,T103A,T-18-033,"A knife with a triangular blade and a straight handle (T30A), with the tip of the knife on top of stack of ribs, on top of an upside-down cone (F41C), angling forwards, blade upwards.","Logogram (butchery, slaughter)",C
T106,kEH_HG,14289,U+14289,HJ T106,T106,T-20-001,A fish-tail shaped ritual object (knife?).,Classifier to spread (in psš-kf (a type of flint knife)),C
T109,kEH_HG,1428D,U+1428D,HJ T109,T109,T-21-008,Assumed to be a curved knife.,Classifier circumcision,C
T11,kEH_HG,13315,U+13315,T011,T11,T-07-007,An arrow with rounded fletching.,Phonemogram,C
T113,kEH_HG,1428A,U+1428A,HJ T113,T113,T-21-001,A horizontal line with a crescent moon shape at the front.,Classifier to cause to breathe,C
T116,kEH_HG,1421B,U+1421B,HJ T116,T116,T-07-038,"A shield with a rounded top, with two arrows crossed over it, fletching upwards (T62) in front of a mouth (D21) written over a sedge (M23); on top of a standard used for carrying religious symbols (R12), on top of a parcel of land with irrigation ditches (N24).","Logogram (Neith-South, 4th nome of Lower Egypt)",C
T116A,kEH_HG,1421C,U+1421C,HJ T116A,T116A,T-07-039,"A shield with a rounded top, with two arrows crossed over it, fletching upwards (T62) in front of a sedge (M23); on top of a standard used for carrying religious symbols (R12), on top of a parcel of land with irrigation ditches (N24).","Logogram (Neith-South, 4th nome of Lower Egypt)",C
T116B,kEH_HG,14219,U+14219,HJ T116B,T116B,T-07-031,"A shield with a rounded top, with two arrows crossed over it, fletching upwards (T62), in front of a sedge (M23); on top of a standard used for carrying religious symbols (R12).","Logogram (Neith-South, 4th nome of Lower Egypt)",C
T117,kEH_HG,141FD,U+141FD,HJ T117,T117,T-01-020,"A coil of rope (V1), written behind the mace head of a mace with a pear-shaped head, written vertically (T3).",Phonemogram,C
T11B,kEH_HG,1420C,U+1420C,HJ T011B,T11B,T-07-002,An arrow with rectangular fletching.,Classifier (arrow),C
T11C,kEH_HG,14244,U+14244,HJ T011C,T11C,T-13-026,,,
T12,kEH_HG,13317,U+13317,T012,T12,T-08-001,"A bowstring, coiled up, with a loop at the front end, and the back end angled downwards, with a loop on it.",Phonemogram,C
T120,kEH_HG,14240,U+14240,HJ T120,T120,T-13-018,"A harpoon-head with two horizontal strokes on top and a single curl on top of the point (T19), on top of a plan of a crossroads in a village (O49).",Phonemogram,C
T124,kEH_HG,1422E,U+1422E,HJ T124,T124,T-09-024,"A fire-drill in a piece of wood (U28), written between two times pieces of wood, lashed together with the top piece at an angle, with a loop and tie at the back (T13), with the first mirrored, on top of a base.",Phonemogram,C
T125,kEH_HG,1420E,U+1420E,HJ T125,T125,T-07-010,"An arrow with rectangular fletching, written vertically, on top of a plan of a crossroads in a village (O49).",Logogram (Syene (Aswan)),C
T126,kEH_HG,1420A,U+1420A,HJ T126,T126,T-06-018,"A bow, written horizontally, with a rectangular central section, with the tips of the bow forming a bowl-shaped loop (T9), on top of legs in a walking posture, feet orientated towards the reading direction (D54).","Classifier beyond, outside",C
T128,kEH_HG,14255,U+14255,HJ T128,T128,T-13-074,,,
T128A,kEH_HG,14254,U+14254,HJ T128A,T128A,T-13-070,,,
T12A,kEH_HG,14226,U+14226,HJ T012A,T12A,T-08-011,"A bowstring, coiled up, with both ends angling downwards, with a small round loop with a short piece of rope continuing at the ends.",Phonemogram,C
T12B,kEH_HG,14227,U+14227,HJ T012B,T12B,T-08-012,"A bowstring, coiled up, with both ends angling downwards, with a small round loop with a short piece of rope continuing at end at the back.",Phonemogram,C
T13,kEH_HG,13318,U+13318,T013,T13,T-09-004,"Pieces of wood, lashed together with the top piece at an angle, with a loop and tie at the back.",Phono-repeater,C
T130,kEH_HG,14234,U+14234,HJ T130,T130,T-10-010,"A scimitar (khopesh), written vertically, blade curving forwards, with the handle resembling a one-legged table.","Logogram (to be strong, brave, capable)",C
T131,kEH_HG,1420F,U+1420F,HJ T131,T131,T-07-012,"An arrow or dart, with the tip slowly tapering out towards the back.",Phono-repeater,C
T133,kEH_HG,1422C,U+1422C,HJ T133,T133,T-09-019,,,
T136,kEH_HG,14258,U+14258,HJ T136,T136,T-14-001,,,
T137,kEH_HG,141EA,U+141EA,HJ T137,T137,S-28-009,"A type of ornament, with two ties at the top, with a broad base.",Phonemogram,C
T13A,kEH_HG,14229,U+14229,HJ T013A,T13A,T-09-001,"Pieces of wood, lessening in width towards the top, lashed together with the top piece at an angle, with a loop at the back.",Phonemogram,C
T14,kEH_HG,13319,U+13319,T014,T14,T-09-006,"A throwing-stick, or a club used by foreign people.",Phono-repeater,C
T140,kEH_HG,14287,U+14287,HJ T140,T140,T-19-006,"A knife sharpener, with a thin, curved body, and a loop at the end (T33), on top of legs in a walking posture, feet orientated towards the reading direction (D54).",Phonemogram,C
T14A,kEH_HG,1422A,U+1422A,HJ T014A,T14A,T-09-007,"A throwing-stick, or a club used by foreign people, on top of a horizontal line.",Phono-repeater,C
T15,kEH_HG,1331A,U+1331A,T015,T15,T-09-022,"A throwing-stick, or a club used by foreign people (T14), angled backwards.",Phonemogram,C
T16,kEH_HG,1331B,U+1331B,T016,T16,T-10-001,"A scimitar (khopesh), written horizontally.","Classifier curved blade, scimitar",C
T16A,kEH_HG,1331C,U+1331C,T016A,T16A,T-10-002,"A scimitar (khopesh), written vertically, blade curving forwards, with a handle resembling a stem of papyrus with a bud (M13).","Classifier strong arm, power, strength",C
T17,kEH_HG,1331D,U+1331D,T017,T17,T-11-001,A chariot.,Logogram (chariot),C
T18,kEH_HG,1331E,U+1331E,T018,T18,T-12-002,"A shepherd's crook with a package lashed to it, with a tie above and below the package.","Logogram (follower, retainer)",C
T18A,kEH_HG,14236,U+14236,HJ T018A,T18A,T-12-004,"A shepherd's crook with a package lashed to it, with a tie above the package.","Logogram (follower, retainer)",C
T19,kEH_HG,1423C,U+1423C,T019E,,T-13-012,A harpoon-head with two horizontal strokes on top and a single curl on top of the point.,Phono-repeater,C
T19A,kEH_HG,14238,U+14238,HJ T019A,T19A,T-13-002,A harpoon-head with two horizontal strokes on top and a two angled strokes as point. ,"Classifier stalk, reed",C
T19B,kEH_HG,1331F,U+1331F,T019,T19B,T-13-004,A harpoon-head with two horizontal strokes on top and an angled stroke below a curl as point. ,Classifier bone,C
T19C,kEH_HG,1423F,U+1423F,HJ T019C,T19C,T-13-015,harpoon-head with two horizontal strokes and two angled strokes on top of the point,Phonemogram,C
T1A,kEH_HG,141FA,U+141FA,HJ T001A,T1A,T-01-015,,,
T2,kEH_HG,13308,U+13308,T002,T2,T-01-001,"A mace with a pear-shaped head, written 45 degree forwards.","Classifier striking, hitting",C
T20,kEH_HG,13320,U+13320,T020,T20,T-13-005,"A harpoon-head with one horizontal stroke on top, and two angled strokes as point.",Classifier harpoon,C
T21,kEH_HG,13321,U+13321,T021,T21,T-13-031,"An one-barbed harpoon, with handle, written horizontally.","Logogram (one, sole)",C
T21A,kEH_HG,14241,U+14241,HJ T021A,T21A,T-13-020,"A two-barbed harpoon, with a handle on the shaft, written horizontally.","Logogram (one, sole)",C
T21C,kEH_HG,14246,U+14246,HJ T021C,T21C,T-13-029,"A two-barbed harpoon, with a rectangle and a curl on the shaft, curling towards the shaft, written vertically.","Logogram (one, sole)",C
T21D,kEH_HG,14243,U+14243,HJ T021D,T21D,T-13-025,"A two-barbed harpoon, with a handle and curl on the shaft, written horizontally.","Logogram (one, sole)",C
T21E,kEH_HG,14247,U+14247,HJ T021E,T21E,T-13-035,"A two-barbed harpoon, with a handle and curl on the shaft, with a bowl-like curved section at the end, written horizontally.","Logogram (one, sole)",C
T22,kEH_HG,13322,U+13322,T022,T22,T-13-048,"A two-barbed arrowhead, with the point facing downwards.",Phonemogram,C
T22A,kEH_HG,1424B,U+1424B,HJ T022A,T22A,T-13-052,"A two-barbed arrowhead, with the point facing downwards, in the ground, resembling a half-circle, with only the barbs visible.",Phonemogram,C
T22B,kEH_HG,1424C,U+1424C,HJ T022B,T22B,T-13-053,"A two-barbed arrowhead, point facing downwards, in the ground, resembling a cartouche in the round form (V9), with only the barbs visible.",Phonemogram,C
T22D,kEH_HG,1424D,U+1424D,HJ T022D,T22D,T-13-056,"An arrowhead, point facing downwards, in the ground, resembling a cartouche in the round form (V9).",Phonemogram,C
T23,kEH_HG,13323,U+13323,T023,T23,T-13-054,"A rounded two-barbed arrowhead, with the point facing downwards.",Phonemogram,C
T24,kEH_HG,13324,U+13324,T024,T24,T-14-011,A net used for fishing or fowling.,"Classifier catching, netting",C
T24A,kEH_HG,1425F,U+1425F,HJ T024A,T24A,T-14-012,"A net used for fishing or fowling, without weights.","Classifier catching, netting",C
T24B,kEH_HG,1425C,U+1425C,HJ T024B,T24B,T-14-006,"A round net with internal netting, with ties at the front which angle outwards and backwards.","Classifier catching, netting",C
T25,kEH_HG,13325,U+13325,T025,T25,T-15-009,"A float, made of reed, with a tie towards the front at the top.",Phonemogram,C
T25A,kEH_HG,14264,U+14264,HJ T025A,T25A,T-15-011,,,
T25B,kEH_HG,14265,U+14265,HJ T025B,T25B,T-15-012,"A float, made out of two inwards curving bundles, connected at the bent with an horizontal line.",Phonemogram,C
T25C,kEH_HG,14263,U+14263,HJ T025C,T25C,T-15-008,"A float, made of reed.",Phonemogram,C
T25E,kEH_HG,14261,U+14261,HJ T025E,T25E,T-15-001,"A float, made of reed, with a circle with two ties at the top.",Phonemogram,C
T26,kEH_HG,13326,U+13326,T026,T26,T-16-014,"A bird trap consisting of a horizontal beam and vertical beam, with two lines running from the horizontal beam to the vertical beam, crossing in the middle.","Classifier catching, netting",C
T26A,kEH_HG,1426C,U+1426C,HJ T026A,T26A,T-16-008,"A bird trap, with two vertical poles at the back, with a line running from the front to the vertical poles, with two upward ticks at the front of the line.",Phono-repeater,C
T26B,kEH_HG,14266,U+14266,HJ T026B,T26B,T-16-001,,,
T26D,kEH_HG,1426E,U+1426E,HJ T026D,T26D,T-16-011,"A bird trap, with a horizontal beam and an upstanding beam at 20 degree clockwise, with a line running from the front to the upstanding beam.","Classifier catching, netting",C
T26E,kEH_HG,14267,U+14267,HJ T026E,T26E,T-16-003,,,
T26F,kEH_HG,14268,U+14268,HJ T026F,T26F,T-16-004,"A bird trap, with one vertical and horizontal pole, with multiple lines running from the horizontal to the vertical pole, with two lines at 45 degree coming from the corner.",Phonemogram,C
T26G,kEH_HG,14269,U+14269,HJ T026G,T26G,T-16-005,"A bird trap, with one vertical and horizontal pole, with a net running from the front to the vertical pole, with two angled strokes on the middle of the net.",Phonemogram,C
T26H,kEH_HG,1426B,U+1426B,HJ T026H,T26h,T-16-007,"A bird trap, with two vertical poles at the back, with a net running from the front to the vertical poles.","Logogram (to weave, to trap)",C
T27,kEH_HG,13327,U+13327,T027,T27,T-16-020,"A bird trap, with a horizontal and vertical pole, with one line running from the front of the horizontal beam to the middle of the vertical beam, and one line running from the middle of the horizontal beam to the top of the vertical beam.","Classifier weaving, woven material",C
T28,kEH_HG,13328,U+13328,T028,T28,T-17-002,A butcher's block.,Phonemogram,C
T29,kEH_HG,13329,U+13329,T029,T29,T-18-048,"A knife with a rounded blade and rounded handle (T30), written on top of a butcher's block (T28).",Logogram (place of slaughter),C
T29A,kEH_HG,14284,U+14284,HJ T029A,T29A,T-18-049,,,
T29C,kEH_HG,14283,U+14283,HJ T029C,T29C,T-18-047,"A knife with a rounded blade and rounded handle (T30), written over a butcher's block (T28).",Logogram (place of slaughter),C
T3,kEH_HG,13309,U+13309,T003,T3,T-01-004,"A mace with a pear-shaped head, written vertically.",Phonemogram,C
T30,kEH_HG,1332A,U+1332A,T030,T30,T-18-042,A knife with a rounded blade and rounded handle.,"Classifier cutting, slaughter",C
T30A,kEH_HG,14274,U+14274,HJ T030A,T30A,T-18-001,A knife with a triangular blade and a straight handle.,"Classifier cutting, slaughter",C
T31,kEH_JSesh,1332B,U+1332B,T031,T31,T-18-039,A knife sharpener with a rounded body and a loop at the back.,Phonemogram,C
T31A,kEH_HG,14281,U+14281,HJ T031A,T31A,T-18-040,,,
T32,kEH_JSesh,1332C,U+1332C,T032,T32,T-18-056,"A knife sharpener with a rounded body and a loop at the back (T31), on top of legs in a walking posture, feet orientated towards the reading direction (D54)",Phonemogram,C
T32B,kEH_HG,14286,U+14286,HJ T032B,T32B,T-18-061,,,
T33,kEH_HG,1332E,U+1332E,T033,T33,T-19-004,"A knife sharpener, with a thin, curved body, and a loop at the end.",Logogram (butcher),C
T33A,kEH_HG,14288,U+14288,T033C,T33A,T-19-008,,,
T34,kEH_HG,13330,U+13330,T034,T34,T-19-001,"A vertical slaughtering knife, with cup-shaped handle.",Classifier knife,C
T35,kEH_HG,13331,U+13331,T035,T35,T-19-003,"A vertical slaughtering knife, without distinct handle.",Logogram (knife),C
T36,kEH_JSesh,14201,U+14201,T036C,T36,T-02-003,"A shield with a rounded top, with a boss in the center.",Classifier shield,C
T3A,kEH_HG,141F8,U+141F8,T003H,T3A,T-01-005,,,
T3B,kEH_HG,141F9,U+141F9,HJ T003B,T3B,T-01-006,,,
T3C,kEH_HG,141F7,U+141F7,HJ T003C,T3C,T-01-003,"A mace with a pear-shaped head, written vertically, with a round blade attached to the front of the mace-head.",Logogram (mace),C
T3F,kEH_HG,141FC,U+141FC,HJ T003F,T3F,T-01-019,"A mace with a pear-shaped head, written vertically, with an upwards and inwards curving line at the front of the mace-head, and an upwards tick at the back.",Phonemogram,C
T4,kEH_HG,1330B,U+1330B,T004,T4,T-01-039,"A mace with pear shaped head, written vertically, with a strap around the handle, loop towards the front.",Phonemogram,C
T43,kEH_HG,1330A,U+1330A,T003A,T43,T-01-049,"A mace with pear shaped head, written vertically (T3), on top of a sand covered mountain over the edge of the cultivated areas (N26).",Phonemogram,C
T44,kEH_HG,14200,U+14200,HJ T044,T44,T-01-055,"Three maces with a pear-shaped head, written vertically (T3), arranged horizontally, on top of a standard used for carrying religious symbols, with a short vertical pole, with a loop under the horizontal beam, running over the vertical pole (R56).",Phonemogram (in (tꜣ)-ṯnn (divinity)),C
T49,kEH_HG,14202,U+14202,HJ T049,T49,T-02-004,"A round shield with a boss in the center, with a vertical line dividing the two halves of the shield.",Classifier shield,C
T5,kEH_HG,1330C,U+1330C,T005,T5,T-01-025,"A cobra in repose (Naja haje) (I10), written over a mace with a pear-shaped head, written vertically (T3).",Phonemogram,L
T51,kEH_HG,1426F,U+1426F,HJ T051,T51,T-16-021,"A bundle of reeds woven together, bending backwards.",Classifier shelter,C
T53,kEH_HG,14206,U+14206,HJ T053,T53,T-04-002,The broad blade of an axe.,Logogram (metal),C
T58A,kEH_HG,14210,U+14210,HJ T058A,T58A,T-07-014,"A hexagon, with a loop at each corner.",Phonemogram,C
T6,kEH_HG,1330D,U+1330D,T006,T6,T-01-032,"Two cobras in repose (Naja haje) (I10), arranged vertically, written over a mace with a pear-shaped head, written vertically (T3).",Phonemogram,L
T60,kEH_HG,14212,U+14212,HJ T060,T60,T-07-020,,,
T60A,kEH_HG,14213,U+14213,HJ T060A,T60A,T-07-023,"Two arrows, crossing, with the fletching at the top, on top of a standard used for carrying religious symbols (R12).",Logogram (Neith),C
T60B,kEH_HG,13316,U+13316,T011A,,T-07-021,,,C
T62,kEH_HG,1421D,U+1421D,HJ T062,T62,T-07-040,"A shield with a rounded top, with two arrows crossed over it, fletching upwards.",Phonemogram,C
T63,kEH_HG,14214,U+14214,HJ T063,T63,T-07-026,"A shield with a rounded top, with two arrows crossed over it, fletching upwards (T62), on top of a standard used for carrying religious symbols, with a loop under the horizontal beam, running over the vertical pole (R12A).","Logogram (Neith, 4th and 5th nomes of Lower Egypt)",C
T63A,kEH_HG,1421E,U+1421E,HJ T063A,T63A,T-07-044,,,
T63C,kEH_HG,14217,U+14217,HJ T063C,T63C,T-07-029,"A shield with a rounded top, with two arrows crossed over it, arrowheads at the top; on top of a standard used for carrying religious symbols, with a short vertical pole, with a loop under the horizontal beam, running over the vertical pole (R56).","Logogram (Neith, 4th and 5th nomes of Lower Egypt)",C
T64,kEH_HG,14218,U+14218,HJ T064,T64,T-07-030,"A shield with a rounded top, with two arrows crossed over it, fletching upwards (T62), in front of a clump of three papyrus flowers, with two buds bent down (M15); on top of a standard used for carrying religious symbols (R12).","Logogram (Neith-North, 5th nome of Lower Egypt)",C
T64B,kEH_HG,1421A,U+1421A,HJ T064B,T64B,T-07-034,,,
T67,kEH_HG,14224,U+14224,HJ T067,T67,T-08-007,"A bowstring, coiled up, with both ends angling downwards.",Phonemogram,C
T67A,kEH_HG,14225,U+14225,HJ T067A,T67A,T-08-009,"A bowstring, coiled up, with both ends angling downwards, with a large loop at the ends.",Phonemogram/logogram (mother),C
T7,kEH_HG,1330E,U+1330E,T007,T7,T-03-007,An axe with a round blade and a curved handle.,"Logogram (carpenter, shipwright)",C
T72,kEH_HG,1422B,U+1422B,HJ T072,T72,T-09-018,"A band of string or fabric, which coils at the front, written over three throwing-sticks, or clubs used by foreign people (T14), arranged horizontally.",Phonemogram/logogram (strife),C
T73,kEH_HG,1422F,U+1422F,HJ T073,T73,T-10-005,"A scimitar (khopesh), written vertically, blade curving inwards, with the head of a falcon with a sun disk (N5) on top of it.","Logogram (to be strong, brave, capable)",C
T73A,kEH_HG,14231,U+14231,HJ T073A,T73A,T-10-007,"A scimitar (khopesh), written vertically, blade curving inwards, with the head of a falcon with he sun within a halo, encircled by a cobra (Naja haje), standing up, with expanded hood (uraeus) (N6); on top of the head.",Logogram (khopesh sword/scimitar),C
T74,kEH_HG,14235,U+14235,HJ T074,T74,T-12-001,"A shepherd's crook with a package lashed to it, with the top tie replaced by a knife (T30A).",Logogram (to follow),C
T75,kEH_HG,14237,U+14237,HJ T075,T75,T-12-005,"A shepherd's crook with a package lashed to it, with the top tie replaced by a knife (T30A), on top of legs in a walking posture, feet orientated towards the reading direction (D54)",Logogram (to follow),C
T76,kEH_HG,1423E,U+1423E,HJ T076,T76,T-13-014,"A harpoon-head with two horizontal strokes on top and a single curl on top of the point (T19), on top of a circle.",Phonemogram,C
T76A,kEH_HG,14239,U+14239,HJ T076A,T76A,T-13-006,,,
T76B,kEH_HG,1423B,U+1423B,HJ T076B,T76B,T-13-010,"A harpoon-head with two horizontal strokes on top, and triangular point on top of a circle.",Phonemogram,C
T79,kEH_HG,1423A,U+1423A,HJ T079,T79,T-13-009,"A harpoon-head with two horizontal strokes on top, and triangular point.",Phono-repeater,C
T7A,kEH_HG,1330F,U+1330F,T007A,T7A,T-03-005,"An axe with a hourglass-shaped blade, with a straight handle, written vertically.","Classifier axe, battle-axe",C
T7B,kEH_HG,14204,U+14204,HJ T007B,T7B,T-03-001,An axe with a round blade and a straight handle.,"Logogram (carpenter, shipwright)",C
T8,kEH_HG,13310,U+13310,T008,T8,T-05-004,A dagger within a round tipped sheath.,Phonemogram,C
T80,kEH_HG,14248,U+14248,HJ T080,T80,T-13-039,"A spear, arrow without fletching or a harpoon without handle, written vertically, tip upwards.","Logogram (one, sole)",C
T80B,kEH_HG,14249,U+14249,HJ T080B,T80B,T-13-040,"A spear, arrow without fletching or a harpoon without handle, written horizontally.","Classifier lance, spear",C
T83,kEH_HG,1424F,U+1424F,HJ T083,T83,T-13-063,,,
T83A,kEH_HG,1424E,U+1424E,HJ T083A,T83A,T-13-062,,,
T84,kEH_HG,14252,U+14252,HJ T084,T84,T-13-067,,,
T84A,kEH_HG,14256,U+14256,HJ T084A,T84A,T-13-075,"A spear, arrow without fletching or a harpoon without handle, written horizontally, on top of a crescent moon shape, connected by four lines, in front of a feather (H6), angled forwards on top of a standard with a round top, with outwards angled lines coming from the tip of the pole (R14B); on top of a standard used for carrying religious symbols (R12), written on top of a parcel of land with irrigation ditches (N24).",Logogram (7th nome of Lower Egypt),C
T84B,kEH_HG,14253,U+14253,HJ T084B,T84B,T-13-068,"A spear, arrow without fletching or a harpoon without handle, written horizontally, on top of a crescent moon shape, connected by four lines, with the point towards the back, in front of a feather (H6), angled forwards on top of a standard with a round top, with outwards angled lines coming from the tip of the pole (R14B), on top of a standard used for carrying religious symbols, with a loop under the horizontal beam, running over the vertical pole.",Logogram (7th nome of Lower Egypt),C
T85,kEH_HG,14257,U+14257,HJ T085,T85,T-13-076,,,
T86,kEH_HG,1428B,U+1428B,HJ T086,T86,T-21-006,"Two harpoon-heads, with a straight line above a angled line as tip, connected to each other.",Classifier points (of a harpoon),C
T87,kEH_HG,1428C,U+1428C,HJ T087,T87,T-21-007,A loop of cord with multiple lines with fishhooks hanging from it. ,Classifier hooks,C
T88,kEH_HG,1425A,U+1425A,HJ T088,T88,T-14-004,"A long oval net with internal netting, with two loops at the front, with a triangular block at the back.",Logogram (net),C
T88A,kEH_HG,1425D,U+1425D,HJ T088A,T88A,T-14-007,"A long, oval net with internal netting, which widens towards the back, with two loops at the front, and a downward curving rope at the back.",Logogram (net),C
T88B,kEH_HG,14259,U+14259,HJ T088B,T88B,T-14-003,"A long net without internal detail, which widens towards the end, with two loops on the front.",Phonemogram,C
T89,kEH_HG,14260,U+14260,HJ T089,T89,T-14-017,"A fish-trap, which widens towards the bottom.",Classifier fish-trap,C
T8A,kEH_HG,13311,U+13311,T008A,T8A,T-05-005,A dagger with a pointed tip.,Phonemogram,C
T9,kEH_HG,13312,U+13312,T009,T9,T-06-001,"A bow, written horizontally, with a rectangular central section, with the tips of the bow forming a bowl-shaped loop.","Classifier bow, weapon",C
T90,kEH_HG,14270,U+14270,HJ T090,T90,T-16-026,"A hexagon-shaped net trap, with a rope to pull it close.",Classifier net,C
T93,kEH_HG,14273,U+14273,HJ T093,T93,T-16-029,A wickerwork fish trap.,Classifier fish-trap,C
T94,kEH_HG,1428E,U+1428E,HJ T094,T94,T-21-010,,,
T95,kEH_HG,14277,U+14277,HJ T095,T95,T-18-009,"A knife with a triangular blade and a straight handle (T30A), written at a forward angle, blade forwards, on top of an oval.","Logogram (to carve, to enscribe, to engrave)",C
T95A,kEH_HG,14276,U+14276,HJ T095A,T95A,T-18-008,"A knife with a triangular blade and a straight handle (T30A), written inside an oval.","Logogram (to carve, to enscribe, to engrave)",C
T95B,kEH_HG,14278,U+14278,HJ T095B,T95B,T-18-010,"A knife with a triangular blade and a straight handle (T30A), written at a forward angle, blade forwards, on top of an oval with three angled lines inside the oval.","Logogram (to carve, to enscribe, to engrave)",C
T9A,kEH_HG,13313,U+13313,T009A,T9A,T-06-010,"A bow, written horizontally, with a straight middle section, with the limbs forming a bowl-shaped loop.",Phonemogram,C
T9B,kEH_HG,14209,U+14209,HJ T009B,T9B,T-06-009,"A bow, written horizontally, with a small rectangle in the middle, with the two limbs angling downwards, with upward coiled tips. ",Logogram/phonemogram (to stretch out),C
T9D,kEH_HG,14208,U+14208,HJ T009D,T9D,T-06-003,"A bow, written horizontally, with a rectangular central section, with the tips of the bow angling downwards.",Phonemogram,C
U1,kEH_HG,13333,U+13333,U001,U1,U-01-001,A sickle.,Phonemogram,C
U10,kEH_HG,1333E,U+1333E,U010,U10,U-03-007,"A grain measure, with a forward and downward line of grain coming from the front, with three grains of corn, arranged horizontally (M33), above the grain measure.","Logogram (harvest, crop)",C
U100,kEH_HG,14271,U+14271,HJ U100,U100,T-16-027,"An oval shaped net trap, with a triangular piece at either short end.",Classifier net,C
U101,kEH_HG,14313,U+14313,HJ U101,U101,U-19-001,A circular sieve.,Classifier gold dust,C
U103,kEH_HG,14314,U+14314,HJ U103,U103,U-19-004,A rectangular cage with netted sides.,Classifier cage,C
U105,kEH_HG,1431B,U+1431B,HJ U105,U105,U-22-005,A saw.,Classifier saw,C
U107,kEH_HG,1431C,U+1431C,HJ U107,U107,U-22-009,Upright of a ladder.,Classifier (upright of a ladder),C
U109,kEH_HG,1431A,U+1431A,HJ U109,U109,U-22-003,A broom.,"Classifier sweeping, wiping",C
U11,kEH_HG,1333F,U+1333F,U011,U11,U-03-009,"A grain measure, with a forward and downward line of grain coming from the front, with a hook on top of the measure, resembling a crook (S38).","Logogram (bushel (a corn measure, 10 hin))",C
U116,kEH_HG,13361,U+13361,U042,U116,U-04-001,A staff or pole with a two-pronged end piece for holding down snakes.,Logogram (staff),C
U117,kEH_HG,142A2,U+142A2,HJ U117,U117,U-05-017,"A hoe without a rope connecting the two pieces, with a downward, backward line of grains coming from the bottom piece.",Logogram (fruit),C
U119,kEH_HG,142AA,U+142AA,HJ U119,U119,U-07-007,"A hoe or pick excavating a rectangular pool, resembling the sky (N1), with the handle angling upwards, with the handle towards the back.","Logogram (to found, to establish, to hunt, to lay (a trap))",C
U12,kEH_HG,13340,U+13340,U012,U12,U-03-010,"A grain measure, with a forward and downward line of grain coming from the front, with a vertical human finger (D50) on top of the measure.","Logogram (bushel (a corn measure, 10 hin))",C
U122,kEH_HG,142A7,U+142A7,HJ U122,U122,U-06-015,"A rectangular coffin with a rounded lid, and upstanding sides, with a three-by-three block internal decoration, on top of a sledge.",Classifier burial,C
U127,kEH_HG,142B3,U+142B3,HJ U127,U127,U-09-016,"A drill for drilling holes in beads, with a rectangular handle which slopes inwards towards the drill-bit, with a vertical line as drill-bit (U27B), on top of a horizontal rectangle.",Phonemogram,C
U128,kEH_HG,142B5,U+142B5,HJ U128,U128,U-09-018,"A drill for drilling holes in beads, with a handle resembling an upside-down pawn, with a vertical line as drill-bit, on top of a horizontal rectangle.",Phonemogram,C
U13,kEH_HG,13341,U+13341,U013,U13,U-05-014,"A plough, with a crossbar and two vertical lines on the end of the long beam.",Classifier plough/plowed material,C
U131,kEH_HG,1428F,U+1428F,HJ U131,U131,U-01-016,"A sickle (U1), on top of legs in a walking posture, feet orientated towards the reading direction (D54).",Phonemogram,C
U13A,kEH_HG,1429C,U+1429C,HJ U013A,U13A,U-05-001,"A plough, with a crossbar and two vertical lines on the long beam, without a circle at the front of the long beam.",Phonemogram,C
U13B,kEH_HG,1429F,U+1429F,HJ U013B,U13B,U-05-011,"A plough with a crossbar, with two vertical lines on the tip of the top beam.",Phono-repeater,C
U13C,kEH_HG,1429D,U+1429D,HJ U013C,U13C,U-05-002,"A plough, with a crossbar and two vertical lines on the long beam, with the long beam curving upwards at the front.",Phono-repeater,C
U13D,kEH_HG,142A1,U+142A1,HJ U013D,U13D,U-05-015,"A plough, without a crossbar and two vertical lines on the end of the long beam.",Logogram (fruit),C
U14,kEH_HG,13342,U+13342,U014,U14,U-05-008,"Two branches of wood, joined at one end.",Phono-repeater,C
U14A,kEH_HG,1429E,U+1429E,HJ U014A,U14A,U-05-007,,,
U15,kEH_HG,13343,U+13343,U015,U15,U-06-001,A sledge.,Phonemogram,C
U15A,kEH_HG,142A4,U+142A4,HJ U015A,U15A,U-06-003,"A sledge, with a broad downward loop at the front, with two forward angled lines on top of the loop.",Phonemogram,C
U16,kEH_HG,13344,U+13344,U016,U16,U-06-005,"A sledge, with the head of a canine at the front, with a rectangle on the sledge.",Phonemogram,C
U16A,kEH_HG,142A5,U+142A5,HJ U016A,U16A,U-06-006,,,
U16D,kEH_HG,142A6,U+142A6,HJ U016D,U16D,U-06-008,"A sledge, with the head of a canine at the front, with a half-circle on the sledge.",Phonemogram,C
U17,kEH_HG,13345,U+13345,U017,U17,U-07-002,"A hoe or pick excavating a rectangular pool, with the handle angling downwards.",Phonemogram,C
U18,kEH_HG,13346,U+13346,U018,U18,U-07-001,"A hoe or pick excavating a rectangular pool with sloping sides (N38), with the handle angling downwards.","Logogram (to found, to establish, to hunt, to lay (a trap))",C
U19,kEH_HG,13347,U+13347,U019,U19,U-08-001,An adze.,Phonemogram,C
U19A,kEH_HG,142AB,U+142AB,HJ U019A,U19A,U-08-002,An adze with an attached blade at the front.,"Classifier claw, nail",C
U2,kEH_HG,13334,U+13334,U002,U2,U-01-003,A sickle with a more horizontal blade.,Phonemogram,C
U20,kEH_HG,13348,U+13348,U020,U20,U-08-007,An adze without the downward curve at the end of the handle.,Phonemogram,C
U21,kEH_HG,13349,U+13349,U021,U21,U-08-012,"An adze, with an attached blade at the front (U19A), in a piece of wood.",Phonemogram,C
U21A,kEH_HG,142AE,U+142AE,HJ U021A,U21A,U-08-014,"An adze, with an attached blade at the front, in a piece of wood, with the end handle below the wood.",Phonemogram,C
U22,kEH_HG,1334A,U+1334A,U022,U22,U-09-008,A chisel with a conical handle and short blade.,Phono-repeater,C
U22A,kEH_HG,142B1,U+142B1,HJ U022A,U22A,U-09-007,"A chisel with a conical handle, with a broad base and horizontal line on top, and a blade.",Phonemogram,C
U23,kEH_HG,1334B,U+1334B,U023,U23,U-09-025,"A hairpin or burin, with a horizontal line above and below the oval of the pin.",Phonemogram,C
U23A,kEH_HG,1334C,U+1334C,U023A,U23A,U-09-026,"A hairpin or burin, without the horizontal line on the top.",Phonemogram,C
U23B,kEH_HG,142B7,U+142B7,HJ U023B,U23B,U-09-021,"A hairpin or burin, with a horizontal line above and below the circle of the pin.",Phonemogram,C
U23E,kEH_HG,142B8,U+142B8,HJ U023E,U23E,U-09-024,"A hairpin or burin, with a horizontal line under the oval of the pin, and a triangular shape on top of the oval.",Phonemogram,C
U24,kEH_HG,1334D,U+1334D,U024,U24,U-09-085,"A drill, with a half-circle handle, with a backward tick on top of the handle, with a forked drill-bit with a horizontal line on top of the forked drill-bit, with a short vertical stroke next to the drill, connected to the handle.",Logogram (craftsman),C
U24A,kEH_HG,142C4,U+142C4,HJ U024A,U24A,U-09-059,"A drill, with a half-circle handle, with a vertical line on top, with a curl towards the front on top of the handle, with a forked drill-bit.",Phonemogram,C
U24B,kEH_HG,142D0,U+142D0,HJ U024B,U24B,U-09-083,"A drill, with a half-circle handle, with a forward angled loop and a backwards tick on top of the handle, with a round drill-bit, with a horizontal line above and below the drill-bit.",Logogram (craftsman),C
U24C,kEH_HG,142CE,U+142CE,HJ U024C,U24C,U-09-081,"A stoneworker's drill, with a round handle with two ties at the top, in a V-shape, with two right angled bends in the drill-bit.",Logogram (craft),C
U24D,kEH_HG,142C7,U+142C7,HJ U024D,U24D,U-09-064,"A drill, with a half-circle handle, with a vertical line on top, with a curl towards the front on top of the handle, with a round drill-bit, with a horizontal line on top of the round drill-bit.",Logogram (to open),C
U24E,kEH_HG,142B2,U+142B2,HJ U024E,U24E,U-09-011,"A chisel with a half-circle handle, vertical line at the top and a long blade.",Phonemogram,C
U24G,kEH_HG,142C8,U+142C8,U024H,U24h,U-09-068,"A drill, with a half-circle handle, with two lines on top, in a V shape, with a forked drill-bit.",Phonemogram,C
U24H,kEH_HG,142CF,U+142CF,U024G,U24G,U-09-082,,,
U24I,kEH_HG,142C3,U+142C3,HJ U024I,U24I,U-09-058,,,
U24J,kEH_HG,142C0,U+142C0,HJ U024J,U24J,U-09-054,,,
U24K,kEH_HG,142C1,U+142C1,HJ U024K,U24K,U-09-056,"A drill, with a half-circle handle, with a vertical line on top, with a round drill-bit.",Logogram (to open),C
U24M,kEH_HG,142BF,U+142BF,HJ U024M,U24M,U-09-053,"A drill, with a half-circle handle, with a curl towards the front on top of the handle, with a vertical line as drill-bit, on top of a horizontal rectangle.",Phonemogram,C
U24N,kEH_HG,142D7,U+142D7,HJ U024N,U24N,U-09-106,"A drill, with a handle consisting of a horizontal line with a circle on top of the horizontal line, with a round drill-bit, with a horizontal line on top of the drill-bit.",Phonemogram,C
U25,kEH_HG,142CC,U+142CC,U025G,,U-09-078,,,
U25A,kEH_HG,142CD,U+142CD,HJ U025A,U25A,U-09-079,"A stoneworker's drill weighted at the top with stones, lashed together with strings, with two right angled bends in the drill-bit.",Logogram (skilled),C
U25B,kEH_HG,142BD,U+142BD,HJ U025B,U25B,U-09-048,"A drill, with a conical handle, with a curl in towards the back at the handle, with a forked drill-bit with a horizontal line over it.",Phonemogram,C
U25C,kEH_HG,142BC,U+142BC,HJ U025C,U25C,U-09-047,"A drill, with a conical handle with a dot on top, with a curl in towards the front at the handle, with a round drill-bit with a horizontal line over it.",Phonemogram,C
U26,kEH_HG,1334F,U+1334F,U026,U26,U-09-088,"A drill with a truncated pyramid-shaped handle, with a round drill-bit with a horizontal line over it. ",Logogram (to open),C
U26A,kEH_HG,141E2,U+141E2,HJ U026A,U26A,S-25-023,"An object resembling a drill, with a crossbar on the lower section.",Phonemogram,C
U27,kEH_HG,13350,U+13350,U027,U27,U-09-015,"A drill for drilling holes in beads, with a rectangular handle, and a round drill bit.",Classifier to open,C
U27A,kEH_HG,142B6,U+142B6,HJ U027A,U27A,U-09-020,,,
U27B,kEH_HG,142B4,U+142B4,HJ U027B,U27B,U-09-017,"A drill for drilling holes in beads, with a rectangular handle which slopes inwards towards the drill-bit, with a vertical line as drill-bit.",Classifier chisel,C
U28,kEH_HG,13351,U+13351,U028,U28,U-10-001,A fire-drill in a piece of wood.,Phonemogram,C
U29,kEH_HG,13352,U+13352,U029,U29,U-10-003,A fire-drill on top of a piece of wood.,Phonemogram,C
U29A,kEH_HG,13353,U+13353,U029A,U29A,U-10-006,"A spiral, winding counterclockwise away from its central point, ending at the right lower corner after about one and a half turns (Z7), written behind a fire-drill in a piece of wood (U28).",Phonemogram,L
U3,kEH_HG,13335,U+13335,U003,U3,U-01-004,"An eye (D4), written above the blade of a sickle (U1).","Phonemogram (in mꜣꜣ, to see)",L
U30,kEH_HG,13354,U+13354,U030,U30,U-11-005,A pottery kiln.,Phonemogram,C
U30A,kEH_HG,142D8,U+142D8,HJ U030A,U30A,U-11-003,"A pottery kiln, with the bottom curving forwards.",Phonemogram,C
U31,kEH_HG,13355,U+13355,U031,U31,U-20-001,A baker's raker or two crossed castanet sticks.,Classifier to restrain,C
U32,kEH_HG,13356,U+13356,U032,U32,U-12-001,"A pestle, inside a round-bottomed mortar.","Logogram (to pound, to crush)",C
U32A,kEH_HG,142DB,U+142DB,U032F,U32A,U-12-004,"A pestle, inside a square-bottomed mortar.",Phono-repeater,C
U32B,kEH_HG,142DC,U+142DC,HJ U032B,U32B,U-12-006,"A pestle with a handle/tick at the front, inside a round-bottomed mortar.",Phonemogram,C
U33,kEH_HG,13358,U+13358,U033,U33,U-12-011,A pestle.,Phonemogram,C
U33A,kEH_HG,142DD,U+142DD,HJ U033A,U33A,U-12-012,A pestle with a vertical line over the bottom.,Phonemogram,C
U34,kEH_HG,13359,U+13359,U034,U34,U-13-001,A spindle.,Phonemogram,C
U34A,kEH_HG,142DE,U+142DE,HJ U034A,U34A,U-13-002,A spindle resembling a dagger with a pointed tip (T8A).,Phonemogram,C
U35,kEH_HG,1335A,U+1335A,U035,U35,U-13-007,"A horned desert viper (Cerastes cerastes) (I9), written over a spindle (U34).",Phonemogram,L
U36,kEH_HG,1335B,U+1335B,U036,U36,U-14-001,A club used by washermen for beating laundry.,Phonemogram,C
U37,kEH_HG,1335C,U+1335C,U037,U37,U-15-002,A razor.,Logogram (razor),C
U38,kEH_HG,1335D,U+1335D,U038,U38,U-16-004,"A balance, with a plummet resembling a heart (F34).",Logogram (balance),C
U38A,kEH_HG,142E2,U+142E2,HJ U038A,U38A,U-16-001,A simplified representation of a balance on a pole.,"Classifier balance, scale",C
U38C,kEH_HG,142E3,U+142E3,HJ U038C,U38C,U-16-003,"A balance, with the pole resembling a column with a base, with a tenon at the top (O28B), with a plummet, resembling a heart (F34).",Logogram (balance (in mḫꜣ.t-tꜣ.wy)),C
U39,kEH_HG,1335E,U+1335E,U039,U39,U-16-033,"The pole of a balance, on a horizontal base, with a angled line on each side as support.","Classifier balance, scale",C
U39A,kEH_HG,142E5,U+142E5,HJ U039A,U39A,U-16-012,"A pole of a balance, with the pole resembling a seat (Q1).","Logogram (to lift, to raise)",C
U39B,kEH_HG,142ED,U+142ED,HJ U039B,U39B,U-16-028,,,
U39C,kEH_HG,142E6,U+142E6,HJ U039C,U39C,U-16-014,,,
U39D,kEH_HG,142F2,U+142F2,HJ U039D,U39D,U-16-036,"The pole of a balance, with the crossbar resembling a feather (H6), written horizontally.",Phonemogram (ꞽn wṯs-ḥr),C
U39E,kEH_HG,142F1,U+142F1,HJ U039E,U39E,U-16-034,"The pole of a balance, on a horizontal base, with a angled line on each side as support, with a line with a plummet resembling a heart (F34) hanging from the hook.","Classifier lifting, carrying",C
U39F,kEH_HG,142E8,U+142E8,HJ U039F,U39F,U-16-016,"The pole of a balance, with the pole resembling a seat (Q1), with a plummet resembling a heart (F34) hanging from the crossbeam.","Classifier lifting, carrying",C
U39H,kEH_HG,142EF,U+142EF,HJ U039H,U39h,U-16-031,"A tool, represented as a vertical line with a horizontal line at the front, with a line with a plummet resembling a heart (F34) hanging from the horizontal line.",Classifier measuring tool?,C
U39I,kEH_HG,142EC,U+142EC,HJ U039I,U39I,U-16-025,A schematic representation of the pole of a balance.,"Classifier lifting, carrying",C
U39N,kEH_HG,142EB,U+142EB,HJ U039N,U39N,U-16-021,"The pole of a balance, resembling a column with a base, with a tenon at the top (O28B), with a plummet resembling a heart (F34) hanging from the crossbeam.","Logogram (to lift, to carry)",C
U39O,kEH_HG,142E9,U+142E9,HJ U039O,U39O,U-16-017,"The pole of a balance, with the pole resembling a seat (Q1), with a plummet resembling a heart (F34) hanging from a forward, downward curving line.","Logogram (to lift, to carry)",C
U39P,kEH_HG,142E7,U+142E7,HJ U039P,U39P,U-16-015,,,
U39Q,kEH_HG,142EE,U+142EE,HJ U039Q,U39Q,U-16-029,"The pole of a balance, represented as a vertical line with a curved hook at the front.","Classifier to raise, to lift up",C
U4,kEH_HG,13336,U+13336,U004,U4,U-01-007,"A platform with a sloping front (Aa11), written above the blade of a sickle (U1).",Phonemogram,L
U40,kEH_HG,1335F,U+1335F,U040,U40,U-16-026,The semi-Hieratic form of a pole of a balance.,Phonemogram,C
U41,kEH_HG,13360,U+13360,U041,U41,U-22-001,The plummet of a balance.,Classifier plummet,C
U5,kEH_HG,13337,U+13337,U005,U5,U-01-006,"A platform with a sloping front (Aa11), written above the blade of a sickle with a more horizontal blade (U2).",Phonemogram,L
U50A,kEH_HG,14296,U+14296,HJ U050A,U50A,U-03-014,"A half-round vessel on its side, with three forward, downward lines of grain coming from the front.","Classifier harvest, crop",C
U52,kEH_HG,14295,U+14295,HJ U052,U52,U-03-012,,,
U54,kEH_HG,1429A,U+1429A,HJ U054,U54,U-03-027,"A grain measure, resembling a horizontal stick, with a downward hanging bulb at the front, with a rectangle on top, with an upward stroke behind the rectangle.",Classifier grain,C
U55,kEH_HG,1429B,U+1429B,HJ U055,U55,U-03-029,,,
U55A,kEH_HG,14298,U+14298,HJ U055A,U55A,U-03-019,"A grain measure, resembling a horizontal stick, with a bulb at the front, with a vertical line on top of the horizontal stick, with an upward stroke behind the vertical line.",Classifier grain,C
U58,kEH_HG,142A0,U+142A0,HJ U058,U58,U-05-012,,,
U6,kEH_HG,13338,U+13338,U006,U6,U-02-001,"A hoe with a rope connecting the two pieces, written at an angle.",Phonemogram,C
U64,kEH_HG,142AF,U+142AF,HJ U064,U64,U-08-024,"An adze with an attached blade at the front, with multiple horizontal lines.","Classifier claw, nail",C
U65,kEH_HG,142B0,U+142B0,HJ U065,U65,U-08-025,"An adze, with an attached triangular blade at the front, bound at the upward piece of the handle, in a piece of wood, with the end handle ending at the height of the wood.",Phonemogram,C
U7,kEH_HG,1333B,U+1333B,U007,U7,U-02-006,"A hoe with a rope connecting the two pieces, written horizontally.",Phonemogram,L
U72,kEH_HG,142BB,U+142BB,HJ U072,U72,U-09-040,"A drill, consisting of a upside-down conical handle which tapers out into the drill-bit.",Classifier drilling,C
U74,kEH_HG,142C9,U+142C9,HJ U074,U74,U-09-071,"A drill, with a half-circle handle, with a feather (H6) on top, with a round drill-bit with a horizontal line on top of the circle, with a short vertical stroke next to the drill, connected to the handle.",Logogram (craftsman),C
U75,kEH_HG,142D2,U+142D2,HJ U075,U75,U-09-092,,,
U7A,kEH_HG,14293,U+14293,HJ U007A,U7A,U-02-013,"A hoe without a rope connecting the two pieces (U8), written at an angle, on top of a circle.",Classifier hacking,C
U7B,kEH_HG,14290,U+14290,HJ U007B,U7B,U-02-009,"A hoe with a rope connecting the two pieces, written at an angle (U6), on top of a strip of land (N17).",Classifier hacking,C
U7C,kEH_HG,14291,U+14291,HJ U007C,U7C,U-02-011,"A hoe without a rope connecting the two pieces (U8), written at an angle, on top of a strip of land (N17).",Classifier hacking,C
U7D,kEH_HG,14294,U+14294,HJ U007D,U7D,U-02-016,"A hoe with a rope connecting the two pieces, with the frontal sections of the pieces crossing each other.",Phonemogram,C
U8,kEH_HG,1333C,U+1333C,U008,U8,U-02-010,A hoe without a rope connecting the two pieces.,Phonemogram,C
U89,kEH_HG,142E1,U+142E1,HJ U089,U89,U-15-010,,,
U9,kEH_HG,1333D,U+1333D,U009,U9,U-03-008,"A grain measure, with a forward and downward line of grain coming from the front.",Classifier grain/barley,C
U91,kEH_HG,142E4,U+142E4,HJ U091,U91,U-16-008,"A balance, without a pole (or a handheld balance).","Classifier balance, scale",C
U93,kEH_HG,14315,U+14315,HJ U093,U93,U-19-005,A cauldron.,Classifier cauldron,C
U94,kEH_HG,142F3,U+142F3,HJ U094,U94,U-16-038,"An astronomical instrument, with a line coming from the top of the rectangle, with a plummet at the end of the line, below the base of the object.","Classifier service, task",C
U94A,kEH_HG,142F4,U+142F4,HJ U094A,U94A,U-16-039,An astronomical instrument without a line and plummet.,"Logogram (service, task)",C
U95,kEH_HG,142F5,U+142F5,HJ U095,U95,U-16-042,,,
U96,kEH_HG,142F6,U+142F6,HJ U096,U96,U-16-043,"An astronomical instrument to measure the movements of the stars, consisting of a square block coming from a long horizontal base, with a vertical line going over the middle of the square block, descending below the block, with a plummet in the shape of a heart (F34) hanging below the base.","Logogram (service, task)",C
U97,kEH_HG,142F9,U+142F9,HJ U097,U97,U-16-048,"A level, consisting of three beams in the shape of an A, with a vertical line with a plummet coming from the top corner.","Classifier length, width",C
U97A,kEH_HG,142FA,U+142FA,HJ U097A,U97A,U-16-049,"A level, consisting of two beams in a triangular formation, with a vertical line with a plummet coming from the top corner.",Phonemogram,C
U98,kEH_HG,14319,U+14319,HJ U098,U98,U-22-002,"A diamond shaped plummet of a balance with an backward and downward curving string / A diamond shaped brazier with a flame rising from it, flame angling towards the front.",Classifier flame,C
U99A,kEH_HG,142FB,U+142FB,HJ U099A,U99A,U-17-004,"A tall potter's wheel, with a forward angling lump of clay on top of the wheel.","Classifier to shape, to create",C
U99B,kEH_HG,142FC,U+142FC,HJ U099B,U99B,U-17-005,"The head of a human man, seen in profile, with a short straight beard (D1), on top of a tall potter's wheel.",Logogram (life),C
U99C,kEH_HG,142FD,U+142FD,HJ U099C,U99C,U-17-008,"A tall potter's wheel, with a lump of clay on top of the wheel.",Classifier potter's wheel,C
US1A22VARA,kEH_JSesh,136A4,U+136A4,A307A,US1A22VARA,A-30-027,"The king, wearing the blue crown, prostrating on a base, right knee forward, left leg nearly horizontal, arm forward, holding a vessel with a pellet of incense upon it.",Pictogram prostrate offering a vase of myrrh,C
US1A6BEXTU,kEH_JSesh,13008,U+13008,A006B,US1A6BEXTU,A-09-005,,,C
US1E28AEXTU,kEH_JSesh,130F3,U+130F3,E028A,US1E28AEXTU,E-03-005,"A basket with four pieces of grain or fruit (M39) in front of an oryx, standing (E28), on top of a parcel of land with irrigation ditches (N24).","Logogram (Oryx nome, 16th nome of Upper Egypt)",C
US1E31VARA,kEH_JSesh,13AAC,U+13AAC,E186A,US1E31VARA,E-10-015,,,
US1M31AEXTU,kEH_JSesh,131DE,U+131DE,M031A,US1M31AEXTU,M-19-006,"Either a tree growing in a pot, or a rhizome of a lotus, with a leaf coming from it.",Classifier growing,C
US1M40AEXTU,kEH_JSesh,131EA,U+131EA,M040A,US1M40AEXTU,M-24-004,"A vertical bundle of reeds, tied together, with the ties resembling a triangle.",Phonemogram,C
US1V33AEXTU,kEH_JSesh,133A5,U+133A5,V033A,US1V33AEXTU,V-12-005,"An oval bag or sack with linen, without ties or loops, with three horizontal lines over the bag.","Classifier sack, bundle",C
US1X6AEXTU,kEH_JSesh,133D7,U+133D7,X006A,US1X6AEXTU,X-06-005,,,L
US1Z13EXTU,kEH_JSesh,133F8,U+133F8,Z013,US1Z13EXTU,Z-05-003,A geometrical circle.,,C
US22F31AEXTU,kEH_JSesh,13120,U+13120,F031A,US22F31AEXTU,F-20-035,"A simplified representation of three skins of foxes, tied together at the top.",Phonemogram,C
US22W17BVARD,kEH_JSesh,133C6,U+133C6,W018A,US22W17BVARD,W-06-052,,,C
US22W17BVARE,kEH_JSesh,133C4,U+133C4,W017A,US22W17BVARE,W-06-051,"A schematic representation of three sealed water pots in a rack, without horizontal line at the bottom, with the downward curving lines descending to the bottom.",Phonemogram,C
US248E35VARA,kEH_JSesh,130FB,U+130FB,E036,US248E35VARA,E-20-007,"A hamadryas baboon (Papio hamadryas), seated, hands on knees, tail upwards.",Logogram (Thot),C
US248O10CEXTU,kEH_JSesh,13264,U+13264,O010C,US248O10CEXTU,O-09-013,,,L
US248Y1VARB,kEH_JSesh,143CF,U+143CF,Y001B,US248Y1VARB,Y-01-007,"A papyrus scroll, rolled-up, tied and sealed, written horizontally, with one tie at the front of the seal.",Classifier abstract words,C
V1,kEH_HG,13362,U+13362,V001,V1,V-01-003,A coil of rope.,Logogram (100),C
V10,kEH_HG,13377,U+13377,V010,V10,V-03-005,An oval cartouche.,Logogram (name),C
V102,kEH_HG,14356,U+14356,HJ V102,V102,V-16-001,A cross-section of a cup or vessel.,Phonemogram,C
V11,kEH_HG,13378,U+13378,V011,V11,V-03-017,"The rear half of a cartouche, with the opening to the back.","Classifier half, part, portion",C
V110,kEH_HG,14357,U+14357,HJ V110,V110,V-17-002,"A net, with loops at the top ends.",Logogram (net),C
V115,kEH_HG,14345,U+14345,HJ V115,V115,V-09-019,"Three feathers (H6), arranged horizontally, on top of a wickerwork basket with a handle, orientated with the handle to the back (V31).",Phonemogram,C
V117,kEH_HG,14331,U+14331,HJ V117,V117,V-04-057,"Two loops of rope, with the ends curling outwards (V58), arranged horizontally, on top of a standard used for carrying religious symbols (R12).",Logogram (19th nome of Upper Egypt),C
V117A,kEH_HG,14332,U+14332,HJ V117A,V117A,V-04-058,"Two loops of rope, with the ends curling outwards (V58), arranged horizontally, on top of a standard used for carrying religious symbols (R12), written on top of a parcel of land with irrigation ditches (N24).",Logogram (19th nome of Upper Egypt),C
V119,kEH_HG,1433A,U+1433A,HJ V119,V119,V-08-021,,,
V11A,kEH_HG,13379,U+13379,V011A,V11A,V-03-018,,,C
V12,kEH_HG,1337C,U+1337C,V012,V12,V-04-005,A band of string or fabric.,Classifier papyrus/book/document,C
V13,kEH_HG,1337F,U+1337F,V013,V13,V-04-011,A rope used for the tethering of animals.,Phonemogram,C
V131,kEH_HG,14353,U+14353,HJ V131,V131,V-15-010,"A basket-shaped bag with a tied off end at the front, with a split end / A uterus of a cow, tied off at the front, with a split end.",Phonemogram,C
V132,kEH_HG,14355,U+14355,HJ V132,V132,V-15-013,"The womb of a cow, with fallopian tubes.",Logogram/phonemogram (womb),C
V14,kEH_HG,13380,U+13380,V014,V14,V-04-013,"A rope used for the tethering of animals, with an diacritic stroke added to the large loop.",Phonemogram,C
V15,kEH_HG,13381,U+13381,V015,V15,V-04-017,"A rope used for the tethering of animals (V13), written on top of legs in a walking posture, feet orientated towards the reading direction (D54).",Phonemogram,C
V16,kEH_HG,13382,U+13382,V016,V16,V-04-022,"A looped cord, used as a hobble for cattle, with two horizontal loops and eight vertical loops.",Phonemogram,C
V16A,kEH_HG,1432B,U+1432B,HJ V016A,V16A,V-04-020,"A looped cord, used as a hobble for cattle, with two horizontal loops and six vertical loops.",Phonemogram,C
V16B,kEH_HG,1432C,U+1432C,HJ V016B,V16B,V-04-021,"A looped cord, used as a hobble for cattle, without horizontal loops, with six vertical loops.",Phonemogram,C
V17,kEH_HG,13383,U+13383,V017,V17,V-04-026,A rolled-up herdsman's shelter of papyrus with a rectangle at either side of the loop.,Logogram (protection),C
V17B,kEH_HG,1432E,U+1432E,HJ V017B,V17B,V-04-029,"A rolled-up herdsman's shelter of papyrus, with a rectangle at either side of the loop, and a cross on top of the loop.",Logogram (protection),C
V18,kEH_HG,13384,U+13384,V018,V18,V-04-030,A rolled-up herdsman's shelter of papyrus.,Logogram (protection),C
V19,kEH_HG,13385,U+13385,V019,V19,V-04-031,A hobble for cattle with a crossbar.,Logogram (stable),C
V2,kEH_HG,1336C,U+1336C,V002,V2,V-01-019,"A horizontal line, intersected in the middle by a coil of rope (V1).","Logogram (to drag, to pull, to draw)",C
V20,kEH_HG,13386,U+13386,V020,V20,V-04-038,A hobble for cattle without a crossbar.,Logogram (10),C
V20h,kEH_HG,133AD,U+133AD,V040,V20h,V-04-052,,10,C
V21,kEH_HG,14330,U+14330,V021C,,V-04-056,,,
V21A,kEH_HG,1432F,U+1432F,HJ V021A,V21A,V-04-054,"A cobra in repose (Naja haje) (I10), written over a hobble for cattle without a crossbar (V20).",Phonemogram,C
V22,kEH_HG,13394,U+13394,V022,V22,V-05-001,A whip.,Phonemogram,C
V23,kEH_HG,13395,U+13395,V023,V23,V-05-002,"A whip, without internal detail.",Phonemogram,C
V23A,kEH_HG,13396,U+13396,V023A,V23A,V-05-003,A whip with a loop at the front.,Phonemogram,C
V23B,kEH_HG,14333,U+14333,HJ V023B,V23B,V-05-004,A whip without internal detail and a loop at the back.,Phonemogram,C
V24,kEH_HG,13397,U+13397,V024,V24,V-06-001,A string wound on a stick.,Phonemogram,C
V25,kEH_HG,13398,U+13398,V025,V25,V-06-002,"A string wound on a stick, with a tie sticking out at the front.",Phonemogram,C
V26,kEH_HG,13399,U+13399,V026,V26,V-07-001,"A double forked tool for the mending of nets, with a broad middle section.",Phonemogram,C
V27,kEH_HG,1339A,U+1339A,V027,V27,V-07-002,"A double forked tool for the mending of nets, with a thin middle section.",Phonemogram,C
V28,kEH_HG,1339B,U+1339B,V028,V28,V-08-001,"A wick of twisted flax, consisting of three loops.",Phonemogram,C
V28A,kEH_HG,14337,U+14337,V028F,V28A,V-08-002,"A wick of twisted flax, consisting of a singular loop at the top.",Interpretant,C
V28B,kEH_HG,14338,U+14338,HJ V028B,V28B,V-08-004,"A wick of twisted flax, consisting of four loops.",Interpretant,C
V28C,kEH_HG,14339,U+14339,HJ V028C,V28C,V-08-005,"A wick of twisted flax, consisting of two loops.",Interpretant,C
V29,kEH_HG,1339D,U+1339D,V029,V29,V-08-032,A swab made from a hank of fiber with two loops.,Phonemogram,C
V29A,kEH_HG,1433F,U+1433F,V029B,V29A,V-08-039,"A swab made from a hank of fiber with two loops, with fringes on the wide top-piece.",Phonemogram,C
V2B,kEH_HG,1431E,U+1431E,HJ V002B,V2B,V-01-018,,,
V3,kEH_HG,1336E,U+1336E,V003,V3,V-01-021,"A horizontal line, intersected in the middle by three coils of rope (V1).",Phonemogram,C
V30,kEH_HG,1339F,U+1339F,V030,V30,V-09-001,A wickerwork basket.,Phonemogram,C
V31,kEH_HG,133A1,U+133A1,V031,V31,V-09-009," A wickerwork basket with a handle, orientated with the handle to the back.",Phonemogram,C
V31A,kEH_HG,133A2,U+133A2,V031A,V31A,V-09-010," A wickerwork basket with a handle, orientated with the handle to the front.",Phonemogram,L
V31B,kEH_HG,14343,U+14343,HJ V031B,V31B,V-09-011, A wickerwork basket with a handle at either side.,Phonemogram,C
V32,kEH_HG,133A3,U+133A3,V032,V32,V-11-003,A wickerwork frail with ties.,Phonemogram,C
V32B,kEH_HG,14349,U+14349,HJ V032B,V32B,V-11-010,A wickerwork frail without ties or internal decoration.,Phonemogram,C
V32D,kEH_HG,14347,U+14347,HJ V032D,V32D,V-11-002,,,
V32E,kEH_HG,14348,U+14348,HJ V032E,V32E,V-11-005,"A wickerwork frail with ties, and spiked end-pieces.",Phonemogram,C
V33,kEH_HG,133A4,U+133A4,V033,V33,V-12-003,"A bag or a sack of linen, with a tie towards the front, and a (small) loop at the back.",Classifier linen,C
V34,kEH_HG,133A6,U+133A6,V034,V34,V-12-006,"A bag or a sack of linen, with a tie towards the front, and a (small) loop at the back, with a horizontal line over the bag.",Classifier (perfume),C
V35,kEH_HG,133A7,U+133A7,V035,V35,V-13-001,"A bag or sack of linen, with a hollow bottom.",Logogram (linen),C
V36,kEH_HG,133A8,U+133A8,V036,V36,V-14-009,"A sheath or receptacle with V shaped indentation at the top, bound at the top with a tie at the backside.",Phonemogram,C
V36A,kEH_HG,1434E,U+1434E,HJ V036A,V36A,V-14-016,"A sheath or receptacle with V shaped indentation at the top, with a forward curved line coming from the indentation, bound at the top with a loop and tie at the backside.",Phonemogram,C
V36B,kEH_HG,14351,U+14351,HJ V036B,V36B,V-14-024,,,
V36E,kEH_HG,1434D,U+1434D,HJ V036E,V36E,V-14-012,"A sheath or receptacle with V shaped indentation at the top, on top of a base, with a small rectangle inside, bound at the top with a tie and loop at either side.",Phonemogram,C
V36G,kEH_HG,1434C,U+1434C,HJ V036G,V36G,V-14-010,"A sheath or receptacle with V shaped indentation at the top, bound at the top with a loop and tie at the backside.",Phonemogram,C
V36H,kEH_HG,1434F,U+1434F,HJ V036H,V36h,V-14-018,"A sheath or receptacle with V shaped indentation at the top, on top of a base, with a forward curved line coming from the indentation, bound at the top with a loop and tie at the backside.",Phonemogram,C
V37,kEH_HG,133A9,U+133A9,V037,V37,V-15-002,A fastening knot of a dress on the shoulder.,Phono-repeater,C
V38,kEH_HG,133AB,U+133AB,V038,V38,V-15-001,A bandage.,"Classifier to bandage, to wrap",C
V39,kEH_HG,133AC,U+133AC,V039,V39,S-18-001,"A tie or straps with a loop at the top, and a downward hanging loop at either side of the strings.",Logogram (Tit-amulet),C
V4,kEH_HG,1336F,U+1336F,V004,V4,V-01-029,"A lasso, with a big loop at the front, with a tie at the front and a small loop at the back, with an upward, downward curving line behind the loop.",Phonemogram,C
V43A,kEH_HG,1431F,U+1431F,HJ V043A,V43A,V-01-023,"Three coils of rope (V1), arranged horizontally, on top of a horizontal line.","Logogram (field, arable land)",C
V45,kEH_HG,14321,U+14321,HJ V045,V45,V-01-030,"A rope, resembling a plan of a courtyard or reed shelter (O4).",Phono-repeater,C
V46,kEH_HG,14320,U+14320,HJ V046,V46,V-01-027,"A Hieratic ligature of a horizontal line, intersected in the middle by a coil of rope (V2), above legs in a walking posture, feet orientated towards the reading direction (D54).",Phono-repeater sṯꜣ and classifier movement sṯꜣ&,C
V47A,kEH_HG,14062,U+14062,HJ V047A,V47A,P-03-070,"A moon-sickle shaped boat with a higher stern than prow, with the head of an antelope (F81) on top of the stern, on top of a rectangle representing water, with loop of cord with the ends upwards (V6) written inside the boat.","Logogram (cloth, clothing)",C
V48,kEH_HG,14322,U+14322,HJ V048,V48,V-01-043,"A loop of cord with the ends upwards (V006), combined with a folded piece of cloth (S029) mirrored horizontally.",Classifier clothing,C
V49,kEH_HG,14323,U+14323,HJ V049,V49,V-01-046,"A leaf, root and stem of a lotus-plant, with the leaf resembling a loop of cord with the ends downwards (V7), and with the root resembling a cartouche in a round form (V9).",Phonemogram,C
V49A,kEH_HG,13374,U+13374,V007B,V49A,V-01-047,"A loop of cord with the ends downwards (V7), on top of a vertical line, on top of a horizontal base.",Phonemogram,C
V5,kEH_HG,13370,U+13370,V005,V5,V-01-036,"A looped rope, with two small loops at the bottom, and a small loop within a big loop above the small loops.",Logogram (foundation),C
V54,kEH_HG,14324,U+14324,HJ V054,V54,V-02-007,"An egg (H008) above a stroke shaped like an eyebrow (D013), written inside a cartouche in a round form (V009), with three stems of papyrus with a bud (M013) at the front, and three stems of papyrus with a flowering bud (M127) at the back.",Logogram (cult image?),C
V58,kEH_HG,14326,U+14326,HJ V058,V58,V-04-001,,,
V59,kEH_HG,14327,U+14327,HJ V059,V59,V-04-002,"A coiled rope, resembling a W shape.",Logogram (float? (part of the hunting equipment for hunting hippos)),C
V6,kEH_HG,13371,U+13371,V006,V6,V-01-041,A loop of cord with the ends upwards.,Phonemogram,C
V60,kEH_HG,13373,U+13373,V007A,V60,V-04-003,A folded piece of cloth.,Classifier cloth,C
V62,kEH_HG,14328,U+14328,HJ V062,V62,V-04-009,,,
V63,kEH_HG,14329,U+14329,HJ V063,V63,V-04-010,"A wide band of string or fabric, written within an oval of dots.",Phonemogram,C
V65,kEH_HG,14336,U+14336,HJ V065,V65,V-07-005,"A tool used for the fixing of nets, with loops at either ends.",Phonemogram,C
V65A,kEH_HG,14334,U+14334,HJ V065A,V65A,V-05-011,A whip with a loop at the front and the back.,Phonemogram,C
V7,kEH_HG,13372,U+13372,V007,V7,V-01-045,A loop of cord with the ends downwards.,Phonemogram,C
V71,kEH_HG,1339C,U+1339C,V028A,V71,V-08-009,"A forearm, with the palm of the hand facing upwards (D36), written over a wick of twisted flax, consisting of three loops (V28).",Phonemogram,L
V8,kEH_HG,13375,U+13375,V008,V8,V-01-048,"A half-round loaf of bread (X1), written inside a loop of cord with the ends downwards (V7).",Phonemogram,C
V89,kEH_HG,14341,U+14341,HJ V089,V89,V-08-046,"A swap made from a hank of fiber, with two loops, with ties at the top and bottom.",Phonemogram,C
V9,kEH_HG,13376,U+13376,V009,V9,V-02-003,A cartouche in a round form.,"Logogram (to surround, to encircle)",C
V90,kEH_HG,1339E,U+1339E,V029A,V90,V-08-047,"A swab made from a hank of fiber with two loops (V29), written over a wickerwork basket with a handle, orientated with the handle to the back (V31).",Phonemogram,L
V91,kEH_HG,14340,U+14340,HJ V091,V91,V-08-040,A swab made from a hank of fiber with three loops.,Phonemogram,C
V96,kEH_HG,14344,U+14344,HJ V096,V96,V-09-016,"A wickerwork basket, with a vertical string with a bead attached to it on the far side.",Phonemogram,C
V97,kEH_HG,14346,U+14346,HJ V097,V97,V-10-001,"Square woven basket (see Jequier, BIFAO 7, 89-94)",Classifier (offering),C
V98,kEH_HG,1434A,U+1434A,HJ V098,V98,V-14-001,A sheath or receptacle with V shaped indentation at the top.,Phonemogram,C
W1,kEH_HG,133AF,U+133AF,W001,W1,W-01-001,"A sealed ointment jar, with ties.","Classifier oil, unguent",C
W10,kEH_HG,133BA,U+133BA,W010,W10,W-04-001,A wide cup.,Phonemogram,C
W100,kEH_HG,143B9,U+143B9,HJ W100,W100,W-11-122,"A plate or low broad vessel, with a half circle on top of it.",Phonemogram,C
W101,kEH_HG,14395,U+14395,HJ W101,W101,W-11-024,"A round vessel with an upstanding rim (W24), on top of long legs in a walking posture, feet orientated towards the reading direction (W25), on top of the sky (N1).",Phonemogram,C
W104,kEH_HG,143BA,U+143BA,HJ W104,W104,W-11-123,A round vessel with an upstanding rim which curves downwards.,"Logogram (a nw-vase, representing an amulet of lapis-lazuli)",C
W107,kEH_HG,14192,U+14192,HJ W107,W107,S-11-027,"Two round vessels with a thin, upstanding rim, arranged horizontally; connected by the rims by an horizontal line of string, curving upwards at both ends.",Classifier vessel (twin vases for myrrh),C
W109,kEH_HG,141AE,U+141AE,HJ W109,W109,S-13-017,,,
W10A,kEH_HG,133BB,U+133BB,W010A,W10A,W-04-002,A wide cup with a spout.,Phonemogram,C
W10B,kEH_HG,1436C,U+1436C,HJ W010B,W10B,W-04-009,"A tall cup, with a rim wider than its base.",Logogram (cup),C
W11,kEH_HG,133BC,U+133BC,W011,W11,W-05-005,A ring-stand for jars.,Phonemogram,C
W112,kEH_HG,143A3,U+143A3,HJ W112,W112,W-11-056,"A pointed vessel with a broad rim, with a spout at the front.",Logogram (nemset vase),C
W113,kEH_HG,14392,U+14392,HJ W113,W113,W-11-009,"A broad cup (W10), with a triangle of rectangular bricks on top of it.",Logogram diw-(the five pellets),C
W117,kEH_HG,143B1,U+143B1,HJ W117,W117,W-11-102,,,
W119,kEH_HG,1439F,U+1439F,HJ W119,W119,W-11-046,"A vessel with a flat bottom, which is the widest point of the vessel, with a broad rim, as wide as the bottom.",Classifier vessel,C
W11A,kEH_HG,1436D,U+1436D,HJ W011A,W11A,W-05-003,"A ring-stand for jars, without internal decoration.",Phonemogram,C
W12,kEH_HG,133BD,U+133BD,W012,W12,W-05-007,"A ring-stand for jars, with a level bottom.",Phonemogram,C
W120,kEH_HG,143A1,U+143A1,HJ W120,W120,W-11-053,"A sealed straight-bottomed vessel, with a spout at the front.","Classifier jar, vessel",C
W121,kEH_HG,14382,U+14382,HJ W121,W121,W-07-011,,,
W122,kEH_HG,1438A,U+1438A,HJ W122,W122,W-10-003,,,
W123,kEH_HG,1438E,U+1438E,HJ W123,W123,W-11-001,,,
W124,kEH_HG,14396,U+14396,HJ W124,W124,W-11-028,"Three round vessel with an upstanding rim (W24), arranged horizontally, on top of a rectangular base or tray.",Phonemogram,C
W125,kEH_HG,143AE,U+143AE,HJ W125,W125,W-11-095,"A flat bottom jar without handles, with a broad rim and a small neck.",Logogram (some type of vessel),C
W13,kEH_HG,133BE,U+133BE,W013,W13,W-05-008,A red earthenware pot.,Classifier red (earthenware) vessel,C
W14,kEH_HG,133BF,U+133BF,W014,W14,W-06-001,A tall water pot.,Phonemogram,C
W14A,kEH_HG,1436E,U+1436E,W014D,W14A,W-06-010,A tall water pot with a spout.,"Classifier jar, vessel",C
W15,kEH_HG,133C1,U+133C1,W015,W15,W-06-018,"A tall water pot, with a forward, downward line of liquid coming from the top of the vessel.","Logogram (to be cool, to cool)",C
W15A,kEH_HG,1436F,U+1436F,HJ W015A,W15A,W-06-012,"A tall water pot with a spout, with a line of liquid coming from the spout.",Classifier cool,C
W15B,kEH_HG,14370,U+14370,HJ W015B,W15B,W-06-016,"A tall water pot with a spout, with a forward, downward line of liquid coming from the top of the vessel.","Classifier to be cool, to cool",C
W16,kEH_HG,133C2,U+133C2,W016,W16,W-06-032,"A tall water pot with a spout at the back, with a forward, downward line of liquid coming from the top of the vessel; inside a ring-stand.",Classifier libation water,C
W16A,kEH_HG,14378,U+14378,HJ W016A,W16A,W-06-031,"A tall water pot with a spout, with a line of liquid coming from the spout (W15), inside a ring-stand.",Logogram (cool water/libation water),C
W17,kEH_HG,133C3,U+133C3,W017,W17,W-06-034,Three sealed water pots in a rack.,Phonemogram,C
W17A,kEH_HG,1437C,U+1437C,W017F,W17A,W-06-045,A schematic representation of three sealed water pots in a rack.,Phonemogram,C
W17B,kEH_HG,14379,U+14379,HJ W017B,W17B,W-06-040,"A representation of water pots in a rack, with the water pots resembling a rectangle with a slightly wider base and top.",Phonemogram,C
W17C,kEH_HG,1437A,U+1437A,W017C,,W-06-043,"A schematic representation of three sealed water pots in a rack, with the downward curving lines connecting to the base.",Phonemogram,C
W17D,kEH_HG,1437B,U+1437B,HJ W017D,W17D,W-06-044,"A schematic representation of three sealed water pots in a rack, without a base, with a block of four rectangles on top.",Phonemogram,C
W18,kEH_HG,133C5,U+133C5,W018,W18,W-06-037,Four sealed water pots in a rack.,Phonemogram,C
W18A,kEH_HG,1437E,U+1437E,W018D,W18A,W-06-047,,,
W18B,kEH_HG,1437D,U+1437D,HJ W018B,W18B,W-06-046,A schematic representation of four sealed water pots in a rack.,Phonemogram,C
W19,kEH_HG,133C7,U+133C7,W019,W19,W-07-001,A milk jar in a carrying sling.,Phonemogram,C
W1B,kEH_HG,14359,U+14359,HJ W001B,W1B,W-01-004,"A sealed ointment jar with a round lid, with ties.","Classifier oil, unguent",C
W2,kEH_HG,133B0,U+133B0,W002,W2,W-01-002,"A sealed ointment jar, without ties.",Phonemogram,C
W20,kEH_HG,133C8,U+133C8,W020,W20,W-07-006,"A milk jar with two horizontal lines over the jar, with a leaf covering the milk.",Classifier milk,C
W21,kEH_HG,133C9,U+133C9,W021,W21,W-10-007,"A twin set of conical wine jars, bound together.",Classifier wine,C
W21A,kEH_HG,1438B,U+1438B,HJ W021A,W21A,W-10-005,"A twin set of round vessels with an upstanding rim, bound together.",Classifier drunkenness,C
W21B,kEH_HG,1438C,U+1438C,HJ W021B,W21B,W-10-006,"Two conical wine jars, arranged horizontally, connected by multiple lines.",Classifier wine,C
W21C,kEH_HG,1438D,U+1438D,HJ W021C,W21C,W-10-008,,,
W21D,kEH_HG,14389,U+14389,W021D,,W-10-002,"Two round vessels with a broad rim, arranged horizontally, connected by two lines.",Classifier beer-jug,C
W22,kEH_HG,133CA,U+133CA,W022,W22,W-11-042,A beer-jug.,Logogram (beer),C
W23,kEH_HG,133CB,U+133CB,W023,W23,W-11-013,A flat bottom jar with handles.,Logogram (beer),C
W24,kEH_HG,133CC,U+133CC,W024,W24,W-11-020,A round vessel with an upstanding rim.,Phonemogram,C
W25,kEH_HG,133CE,U+133CE,W025,W25,W-11-023,"A round vessel with an upstanding rim (W24), on top of long legs in a walking posture, feet orientated towards the reading direction.",Phonemogram,C
W27,kEH_HG,1435B,U+1435B,HJ W027,W27,W-01-010,"A sealed perfume jar with triangular handles, with a round lid, with ties.",Phonemogram,C
W27A,kEH_HG,1435F,U+1435F,HJ W027A,W27A,W-01-015,"A sealed perfume jar, without handles, with ties.","Classifier oil, unguent",C
W27B,kEH_HG,1435A,U+1435A,HJ W027B,W27B,W-01-009,"A perfume jar with triangular handles, with a round lid with a triangular knob.",Phonemogram,C
W29,kEH_HG,1435E,U+1435E,HJ W029,W29,W-01-014,"A tall vessel with a round lid without rim, without knob.","Classifier liquid, fluid",C
W2B,kEH_HG,1435D,U+1435D,HJ W002B,W2B,W-01-012,"A tall vessel with a round lid with rim, without knob.","Classifier oil, unguent",C
W3,kEH_HG,133B1,U+133B1,W003,W3,W-02-001,An alabaster basin with a diamond shaped inner marking.,Logogram (festival),C
W30,kEH_HG,14360,U+14360,HJ W030,W30,W-01-017,An ointment jar without seal.,"Classifier oil, unguent",C
W32,kEH_HG,14361,U+14361,HJ W032,W32,W-01-021,"A vessel which widens at the base, with a rectangular lid.","Classifier/logogram oil, unguent",C
W32A,kEH_HG,14362,U+14362,HJ W032A,W32A,W-01-024,A vessel with a rectangular lid.,"Logogram/Phonemogram (oil, unguent)",C
W35,kEH_HG,13FCA,U+13FCA,HJ W035,W35,O-11-022,"An open booth supported by a pole, on top of an alabaster basin with a diamond shaped inner marking (W4); with a horizontal line, intersected in the middle by a coil of rope (V2) written left of the central pole.","Classifier jubilee, sed-festival",C
W35A,kEH_HG,13FC9,U+13FC9,HJ W035A,W35A,O-11-021,"An open booth supported by a forked pole for supporting a roof (O22C), on top of a wickerwork basket (V30); with a horizontal line, intersected in the middle by a coil of rope (V2) written left of the central pole.","Logogram (jubilee, sed-festival)",C
W37,kEH_HG,13FC5,U+13FC5,HJ W037,W37,O-11-016,"A booth with a round roof, supported by three columns with a flower-like capital, on top of an alabaster basin with a diamond shaped inner marking (W3).","Logogram (jubilee, sed-festival)",C
W37A,kEH_HG,13FCF,U+13FCF,HJ W037A,W37A,O-11-027,"A booth with a round roof, supported by three forked poles for supporting a roof (O30); on top of a wickerwork basket (V30).","Logogram (jubilee, sed-festival)",C
W37B,kEH_HG,13FC6,U+13FC6,HJ W037B,W37B,O-11-017,"A booth with a wavy roof, supported by three forked poles for supporting a roof (O30), on top of a wickerwork basket (V30).","Logogram (jubilee, sed-festival)",C
W37D,kEH_HG,13FCE,U+13FCE,HJ W037D,W37D,O-11-026,"A booth with a round roof, supported by three forked poles for supporting a roof (O30), with two carrying chairs (Q2) facing away from one another; on top of a wickerwork basket (V30).","Logogram (jubilee, sed-festival)",C
W38,kEH_HG,14365,U+14365,HJ W038,W38,W-02-012,,,
W39,kEH_HG,14366,U+14366,HJ W039,W39,W-02-013,"An alabaster basin with a diamond shaped inner marking (W3), with two forearms coming from the top the basin, forearms and hands vertical, hand palms inwards, with a forearm, with the palm of the hand facing upwards (D36) written over the arms.",Phonemogram,C
W3A,kEH_HG,14363,U+14363,W003C,W3A,W-02-003,"An alabaster basin with a diamond shaped inner marking, with additional internal decoration / A wickerwork basket with a diamond shaped inner marking and with the wickerwork structure visible.",Logogram (lord),C
W4,kEH_HG,133B3,U+133B3,W004,W4,O-11-013,"An open booth supported by a pole (O22), on top of an alabaster basin with a diamond shaped inner marking (W3).",Logogram (festival),C
W40,kEH_HG,1436A,U+1436A,HJ W040,W40,W-03-009,A rounded stone jug with a large handle connecting to the rim.,Phonemogram,C
W41,kEH_HG,1436B,U+1436B,HJ W041,W41,W-03-011,"A tall stone jug, which widens at the base, with a large handle connecting to the rim.",Phonemogram,C
W45,kEH_HG,14372,U+14372,HJ W045,W45,W-06-021,"A tall water pot, rotated 45 degree forward angle, with a forward, downward dotted line coming from the top.","Classifier to pour, to sprinkle",C
W47,kEH_HG,14375,U+14375,HJ W047,W47,W-06-027,"A tall water pot with a spout, with a line of liquid coming from the spout (W15), on top of the hill country over the edge of the cultivated areas (N25).",Logogram (the (first) cataract),C
W48,kEH_HG,14376,U+14376,HJ W048,W48,W-06-028,"A tall water pot with a spout, with a line of liquid coming from the spout (W15), on top of a plan of a crossroads in a village (O49).","Phonemogram/logogram (in ḳbḥ.wy (the two sources, i.e., Egypt))",C
W48A,kEH_HG,14377,U+14377,HJ W048A,W48A,W-06-030,"A tall water pot with a spout, with a line of liquid coming from the spout (W15), in front of its mirror, with the lines of water ending on top of a plan of a crossroads in a village (O49).","Logogram (the two sources, i.e. Egypt)",C
W4A,kEH_HG,13FC4,U+13FC4,HJ W004A,W4A,O-11-011,"An open booth supported by a forked pole for supporting a roof (O22C), on top of a wickerwork basket (V30).",Logogram (four),C
W5,kEH_HG,133B4,U+133B4,W005,W5,W-02-009,"A butcher's block (T28), on top of an alabaster basin with a diamond shaped inner marking (W3).",Logogram (lector priest),C
W50,kEH_HG,14381,U+14381,HJ W050,W50,W-07-009,A milk jar with a leaf covering the milk.,Classifier milk,C
W52,kEH_HG,14383,U+14383,HJ W052,W52,W-08-001,,,
W53,kEH_HG,14384,U+14384,HJ W053,W53,W-08-002,"A tall milk jug in a carrying sling, with upward lines above the vessel, resembling the horns of a bovid (F13).",Phonemogram,C
W53A,kEH_HG,14385,U+14385,HJ W053A,W53A,W-08-003,"A situla which widens at the base, with a triangular stand, with a carrying loop, with two upward lines coming from the rim.",Classifier vessel (situla?),C
W54,kEH_HG,14386,U+14386,HJ W054,W54,W-09-001,"A vase on its side, with liquid issuing from it.","Logogram (to be pure, to be clean)",C
W56,kEH_HG,14388,U+14388,HJ W056,W56,W-09-006,"A vase with a broad rim, rotated 45 degree forwards, with a forward line of liquid coming from the vase.",Phonemogram,C
W57,kEH_HG,14387,U+14387,HJ W057,W57,W-09-003,"A vase on its side, with liquid issuing from it (W54), ending in a basin.","Classifier to pour out, to empty",C
W59,kEH_HG,1438F,U+1438F,HJ W059,W59,W-11-002,"A wine jar with a broad rim, with two horizontal lines over the jar.","Classifier liquid, fluid",C
W6,kEH_HG,133B5,U+133B5,W006,W6,W-11-077,A flat bottom cauldron with handles and an upstanding rim.,Classifier cauldron,C
W60,kEH_HG,14390,U+14390,HJ W060,W60,W-11-003,"A wine jar with a long neck and broad rim, with two horizontal lines over the jar.",Classifier jar,C
W61,kEH_HG,14391,U+14391,HJ W061,W61,W-11-005,"A long necked, round bottom vessel, with a broad rim, with a horizontal line over the vessel.","Classifier oil, unguent",C
W62,kEH_HG,143A7,U+143A7,HJ W062,W62,W-11-065,"A flat-bottomed vessel which rounds towards the top, with a broad rim.","Classifier jar, vessel",C
W63,kEH_HG,14394,U+14394,HJ W063,W63,W-11-011,,,
W64,kEH_HG,14398,U+14398,HJ W064,W64,W-11-036,,,
W65,kEH_HG,14399,U+14399,HJ W065,W65,W-11-037,"A long, pointed vessel, written vertically.","Classifier liquid, fluid",C
W66,kEH_HG,1439C,U+1439C,HJ W066,W66,W-11-041,A rounded beer-jug.,Classifier alcoholic beverage,C
W67,kEH_HG,1439E,U+1439E,HJ W067,W67,W-11-045,"A well with a straight line of water (N42), with a horizontal tube attached at the back.",Classifier to fill,C
W69,kEH_HG,143A2,U+143A2,HJ W069,W69,W-11-055,"A vessel with an upstanding rim and spout at the back, inside a wide cup.",Classifier (to wash),C
W7,kEH_HG,133B6,U+133B6,W007,W7,W-11-012,A granite vessel with small handles.,Classifier granite,C
W70,kEH_HG,143A0,U+143A0,HJ W070,W70,W-11-051,"A straight-bottomed vessel with broad rim, with a spout at the front.","Classifier jar, vessel",C
W72,kEH_HG,143A4,U+143A4,HJ W072,W72,W-11-061,An amphora with a broad rim.,Classifier vessel,C
W73,kEH_HG,143A5,U+143A5,HJ W073,W73,W-11-062,A vessel with a flat top and a widening base.,"Classifier vessel, jar",C
W76,kEH_HG,143A8,U+143A8,HJ W076,W76,W-11-071,A wide bowl with a broad rim.,Classifier drinking vessel,C
W77,kEH_HG,143A9,U+143A9,HJ W077,W77,W-11-073,A vessel with a small base and a broad rim.,Classifier drinking vessel,C
W78,kEH_HG,143AA,U+143AA,HJ W078,W78,W-11-078,,,
W78A,kEH_JSesh,143A6,U+143A6,W078A,W78A,W-11-064,,,
W79,kEH_HG,143AB,U+143AB,HJ W079,W79,W-11-079,"A broad dish, with a small base.",Classifier dish,C
W7A,kEH_HG,143B8,U+143B8,HJ W007A,W7A,W-11-121,A granite vessel with large handles.,Classifier granite,C
W8,kEH_HG,133B7,U+133B7,W008,W8,W-11-119,"A low broad oval, with a triangular shape at both short ends of the oval.",Phono-repeater,C
W80,kEH_HG,143AC,U+143AC,HJ W080,W80,W-11-082,,,
W85,kEH_HG,143AD,U+143AD,HJ W085,W85,W-11-091,,,
W88,kEH_HG,143B2,U+143B2,HJ W088,W88,W-11-105,,,
W89,kEH_HG,143B3,U+143B3,HJ W089,W89,W-11-106,A sealed beer-jug without handles.,Logogram (beer),C
W9,kEH_HG,133B8,U+133B8,W009,W9,W-03-007,"A stone jug with a large handle connecting to the rim, and a small round handle.",Phonemogram,C
W92,kEH_HG,143B4,U+143B4,HJ W092,W92,W-11-110,A round vessel with a circular indentation at the top.,Logogram (gold vase for myrrh),C
W93,kEH_HG,143B5,U+143B5,HJ W093,W93,W-11-111,"A pile of pottery, arranged in order to be fired.",Classifier oven,C
W95,kEH_HG,143B6,U+143B6,HJ W095,W95,W-11-113,,,
W98,kEH_HG,143BB,U+143BB,HJ W098,W98,W-11-124,"A rectangular basin with a triangular shape on top, with two feet inside the basin.",Classifier basin for washing feet,C
W9A,kEH_HG,14369,U+14369,W009F,W9A,W-03-006,"A stone jug with a large handle connecting to the rim, and a small handle.",Phonemogram,C
W9B,kEH_HG,14367,U+14367,W009E,,W-03-002,"A stone jug, with a very narrow base, with a large handle connecting to the rim, without a small handle.",Phonemogram,C
W9R,kEH_JSesh,133B9,U+133B9,W009A,W9R,W-03-008,,,L
X1,kEH_HG,133CF,U+133CF,X001,X1,X-01-001,A half round loaf of bread.,Phonemogram,C
X10,kEH_HG,143CE,U+143CE,HJ X010,X10,X-08-004,Four flat breads stacked on top of each other.,Classifier bread,C
X13,kEH_HG,143CD,U+143CD,HJ X013,X13,X-08-003,,,
X2,kEH_HG,133D0,U+133D0,X002,X2,X-02-001,A loaf of bread with a horizontal line inside the bread.,Logogram (bread),C
X2A,kEH_HG,143BE,U+143BE,HJ X002A,X2A,X-02-006,"A round loaf with four curved imprints (X6B), on top of a wide cup (W10).",Logogram (father),C
X2B,kEH_HG,143BF,U+143BF,HJ X002B,X2B,X-02-007,,,
X2D,kEH_HG,143BC,U+143BC,HJ X002D,X2D,X-02-003,A round loaf of bread in a wide cup (W10).,Logogram (father),C
X3,kEH_HG,133D1,U+133D1,X003,X3,X-03-010,"A loaf of bread, without internal detail.",Classifier bread/food,C
X3A,kEH_HG,143C0,U+143C0,HJ X003A,X3A,X-03-001,A loaf of bread with a horizontal base.,Classifier bread,C
X3B,kEH_HG,143C1,U+143C1,HJ X003B,X3B,X-03-005,"A loaf of bread, with a curved imprint at both long sides.",Classifier bread,C
X4,kEH_HG,143C5,U+143C5,X004X,X4,X-04-006,"A roll of bread, with a circle in the middle.",Classifier festival,C
X4A,kEH_HG,143C6,U+143C6,X004L,,X-04-007,"A roll of bread, with oval lines within it.",Classifier food,C
X4B,kEH_HG,143C3,U+143C3,X004K,X4B,X-04-003,,,
X4C,kEH_HG,143C8,U+143C8,HJ X004C,X4C,X-04-013,"A loaf of bread resembling a quarter oval, with round imprints at all four sides.",Logogram (type of bread),C
X4E,kEH_HG,143C7,U+143C7,HJ X004E,X4E,X-04-009,"A roll of bread, with vertical ovals inside the edges, with a horizontal line in the middle.",Classifier offering,C
X4F,kEH_HG,133D2,U+133D2,X004,X4F,X-04-010,"A roll of bread, with a diamond in the middle.",Classifier festival,C
X5,kEH_HG,133D5,U+133D5,X005,X5,X-05-001,"An horizontal oval shape, with two upward curving strokes added at the front short side.",Phono-repeater,C
X5A,kEH_HG,143C9,U+143C9,HJ X005A,X5A,X-05-002,"An horizontal oval shape, with two upward curving strokes added at the front short side (X5), on top of legs in a walking posture, feet orientated towards the reading direction (D54).",Logogram (to pass by),C
X6,kEH_HG,133D6,U+133D6,X006,X6,X-06-007,A round loaf with a finger mark at the bottom.,"Classifier offering, cake, loaf",C
X6A,kEH_HG,143CB,U+143CB,X006G,X6A,X-06-009,A round loaf with a half circle finger mark at the bottom.,Phonemogram,C
X6B,kEH_HG,143CC,U+143CC,HJ X006B,X6B,X-06-011,A round loaf with four curved imprints.,"Classifier offering, cake, loaf",C
X6D,kEH_HG,143CA,U+143CA,HJ X006D,X6D,X-06-001,,,
X7,kEH_HG,133D8,U+133D8,X007,X7,X-08-001,A half loaf of bread.,Classifier food,C
X8,kEH_HG,133D9,U+133D9,X008,X8,X-07-001,"A conical loaf of bread, with a triangular finger mark at the bottom.",Phonemogram,C
Y1,kEH_HG,133DB,U+133DB,Y001,Y1,Y-01-006,"A papyrus scroll, rolled-up, tied and sealed, written horizontally, with ties.",Classifier abstract words,C
Y11,kEH_HG,143D4,U+143D4,HJ Y011,Y11,Y-02-010,A scribal pallet.,Classifier scribal pallet,C
Y12,kEH_HG,143D5,U+143D5,HJ Y012,Y12,Y-02-012,Scribe's water pot.,Classifier (scribal water pot),C
Y13,kEH_HG,143D6,U+143D6,HJ Y013,Y13,Y-02-013,,,
Y16,kEH_HG,143DD,U+143DD,HJ Y016,Y16,Y-04-008,A triangular harp.,"Logogram (to say, to speak)",C
Y17,kEH_HG,143DE,U+143DE,HJ Y017,Y17,Y-05-001,Tambourine.,Classifier tambourine,
Y18,kEH_HG,143E2,U+143E2,HJ Y018,Y18,Y-06-003,"A sistrum, with horizontal wavy lines over the top piece.",Logogram (sistrum),C
Y18A,kEH_HG,143E1,U+143E1,HJ Y018A,Y18A,Y-06-001,"A sistrum, without internal detail on top.",Classifier sistrum,C
Y1v,kEH_HG,133DC,U+133DC,Y001A,Y1v,Y-01-005,"A papyrus scroll, rolled-up, tied and sealed, written vertically, with ties.","Logogram (papyrus scroll, book)",L
Y2,kEH_HG,133DD,U+133DD,Y002,Y2,Y-01-002,"A papyrus scroll, rolled-up, tied and sealed, written horizontally.","Classifier writing, things written",C
Y21,kEH_HG,143E6,U+143E6,HJ Y021,Y21,Y-06-023,"The headpiece of a sistrum, resembling a façade of a shrine with a flat roof, with oblique sides, with a large doorway (O21B), enclosed by two curls.",Classifier head-piece of a sistrum,C
Y23,kEH_HG,143D0,U+143D0,HJ Y023,Y23,Y-01-014,"Two flutes, connected to each other.",Classifier double flute,C
Y24,kEH_HG,143E0,U+143E0,HJ Y024,Y24,Y-05-003,Ball.,Logogram (ball),C
Y27,kEH_HG,143D7,U+143D7,HJ Y027,Y27,Y-02-014,"A writing tablet with a round top, with a vertical line at either side of the tablet.",Classifier writing tablet,C
Y3,kEH_HG,133DE,U+133DE,Y003,Y3,Y-02-005,"A scribe's kit, consisting of a palette, ink or paint pouch and a reed pen.",Logogram (scribe),C
Y3B,kEH_HG,143D1,U+143D1,HJ Y003B,Y3B,Y-02-007,"A scribe's kit, consisting of a palette, ink or paint pouch and a reed pen, with the pallet resembling the counterweight of a necklace (S18A), and the reed pen resembling a forked pole for supporting a roof (O30).","Logogram (to write, to draw)",C
Y3C,kEH_HG,143D2,U+143D2,HJ Y003C,Y3C,Y-02-008,"A scribe's kit, consisting of a palette, ink or paint pouch and a simplified reed pen.",Logogram (scribe),C
Y4,kEH_HG,133DF,U+133DF,Y004,Y4,Y-02-003,"A scribe's kit, consisting of a palette, ink or paint pouch and reed pen, with the reed pen towards the front.",Logogram (scribe),L
Y5,kEH_HG,133E0,U+133E0,Y005,Y5,Y-03-002,A game board (of Senet) with game pieces.,Phonemogram,C
Y6,kEH_HG,133E1,U+133E1,Y006,Y6,Y-03-005,"A game piece, pawn, or draughtsman.","Classifier game, gamepiece",C
Y7,kEH_HG,133E2,U+133E2,Y007,Y7,Y-04-001,A rounded harp.,Classifier harp,C
Y7A,kEH_HG,143D9,U+143D9,HJ Y007A,Y7A,Y-04-002,"A rounded harp, with a human head in profile on the tip.",Phonemogram,C
Y8,kEH_HG,133E3,U+133E3,Y008,Y8,Y-06-016,"A sistrum, with the top piece in the form of a shrine encased by two curls.",Classifier sistrum,C
Y8A,kEH_HG,143E4,U+143E4,HJ Y008A,Y8A,Y-06-013,"A sistrum, with two curls on top of human head with ears on top of the handle, without central piece.",Logogram (sistrum),C
Z1,kEH_HG,133E4,U+133E4,Z001,Z1,Z-01-001,A vertical stroke.,Classifier semogram,C
Z10,kEH_HG,133F5,U+133F5,Z010,Z10,Z-02-002,"Two crossed diagonal strokes with acute angles at the left and right side, and obtuse angles at the upper and lower side. ",Classifier break,C
Z11,kEH_HG,133F6,U+133F6,Z011,Z11,Z-02-003,"A short horizontal stroke overlapped by a longer vertical stroke, the crossing point is in the middle of both strokes.",Phonemogram,C
Z11A,kEH_HG,143E9,U+143E9,HJ Z011A,Z11A,Z-02-006,"A horizontal stroke overlapping a vertical stroke, both strokes of the same length.",Phonemogram,C
Z11B,kEH_HG,143EA,U+143EA,HJ Z011B,Z11B,Z-02-008,"A short horizontal stroke overlapped by a longer vertical stroke, the crossing point is near the top of the vertical stroke.",Phonemogram,C
Z12,kEH_HG,133F7,U+133F7,Z012,Z12,T-21-003,"Two short horizontal lines, arranged vertically, connected by a downward, outward sloping line. ",Phonemogram,C
Z2,kEH_HG,133E5,U+133E5,Z002,Z2,Z-01-011, Three vertical strokes in a horizontal orientation.,Classifier plural,C
Z20,kEH_HG,143EC,U+143EC,HJ Z020,Z20,Z-04-003,,,
Z22,kEH_HG,143ED,U+143ED,HJ Z022,Z22,Z-04-005,,,
Z24,kEH_HG,13F47,U+13F47,HJ Z024,Z24,N-22-006,A diamond shaped ingot of metal.,Classifier metal,C
Z25,kEH_HG,13A33,U+13A33,HJ Z025,Z25,D-39-003,"A shape resembling the modern 3, facing its mirror.",Classifier cheeks/eyebrows,C
Z26,kEH_HG,143EB,U+143EB,HJ Z026,Z26,Z-03-006,,,
Z2A,kEH_HG,133E8,U+133E8,Z002C,Z2A,Z-01-014, Three vertical strokes in a triangular orientation with one stroke a the top.,Classifier plural,C
Z2B,kEH_HG,133E9,U+133E9,Z002D,Z2B,Z-01-015, Three vertical strokes in a triangular orientation with one stroke a the bottom.,Classifier plural,L
Z2C,kEH_HG,143E7,U+143E7,Z002F,Z2C,Z-01-016,Three diagonal strokes arranged horizontally.,Classifier plural,C
Z2D,kEH_JSesh,133E6,U+133E6,Z002A,Z2D,Z-01-017,,,C
Z3,kEH_HG,133EA,U+133EA,Z003,Z3,Z-01-002,Three vertical strokes in a vertical orientation.,Classifier plural,C
Z30,kEH_HG,143EE,U+143EE,HJ Z030,Z30,Z-06-003,"A diagonal line on top of a horizontal line, open at the front.",Logogram (1/2 aroura),C
Z31,kEH_HG,143F1,U+143F1,HJ Z031,Z31,Z-06-012,,,
Z36,kEH_HG,143EF,U+143EF,HJ Z036,Z36,Z-06-007,"rectangular writing tablet with, with a vertical line at either side of the tablet.",Classifier writing tablet,C
Z37,kEH_HG,143F2,U+143F2,HJ Z037,Z37,Z-06-017,,,
Z3A,kEH_HG,133EB,U+133EB,Z003A,Z3A,Z-01-018,Three horizontal strokes arranged vertically.,Classifier plural,L
Z4,kEH_HG,133ED,U+133ED,Z004,Z4,Z-01-008,Two diagonal strokes arranged horizontally.,Phonemogram,C
Z4A,kEH_HG,133EE,U+133EE,Z004A,Z4A,Z-01-009,Two vertical strokes arranged horizontally.,Logogram (two),C
Z5,kEH_HG,133EF,U+133EF,Z005,Z5,Z-01-005,"A doubly curved, diagonal stroke.",Substitute for dangerous signs,C
Z5A,kEH_HG,133F0,U+133F0,Z005A,,Z-01-006,A diagonal stroke.,Classifier divinity (replacing G7),C
Z6,kEH_HG,133F1,U+133F1,Z006,Z6,Z-07-004,"A slightly inclined stroke with two smaller strokes protruding at its right lower end, the upper one being shorter than the lower of them.",Classifier death,C
Z6A,kEH_HG,143F0,U+143F0,HJ Z006A,Z6A,Z-06-008,"A diagonal line, with a perpendicular line over the middle.","Classifier enemy, opponent",C
Z7,kEH_HG,133F2,U+133F2,Z007,Z7,Z-07-005," A spiral, winding counterclockwise away from its central point, ending at the right lower corner after about one and a half turns.",Phonemogram,C
Z8,kEH_JSesh,133F3,U+133F3,Z008,Z8,Z-06-001,A short horizontal oval.,"Classifier round, oval",C
Z9,kEH_HG,133F4,U+133F4,Z009,Z9,Z-02-001,A cross.,Classifier divide,C
Aa1,kEH_JSesh,1340D,U+1340D,AA001,Aa1,F-31-003,A human placenta (a circle with lines written horizontally).,Phonemogram,C
Aa10,kEH_HG,13418,U+13418,AA010,Aa10,Y-02-017,A graver.,Classifier writing,C
Aa11,kEH_HG,13419,U+13419,AA011,Aa11,O-24-070,A platform with a sloping front.,Phonemogram,C
Aa12,kEH_HG,1341A,U+1341A,AA012,Aa12,O-24-072,A rectangular platform.,Phonemogram,C
Aa13,kEH_HG,1341B,U+1341B,AA013,Aa13,F-26-017,"A representation of two ribs, top line curving downwards.",Phonemogram,C
Aa14,kEH_HG,1341C,U+1341C,AA014,Aa14,F-26-018,"A representation of two ribs, lines curving outwards.","Logogram (side, half)",C
Aa15,kEH_HG,1341D,U+1341D,AA015,Aa15,F-26-012,"A representation of two ribs, written parallel.",Phonemogram,C
Aa16,kEH_HG,1341E,U+1341E,AA016,Aa16,F-26-019,"A representation of two ribs, written parallel, short form.","Logogram (side, half)",C
Aa17,kEH_HG,1341F,U+1341F,AA017,Aa17,T-07-056,A cover of a quiver.,Phonemogram,C
Aa18,kEH_HG,13420,U+13420,AA018,Aa18,T-07-059,A cover of a quiver with a smaller rectangle inset.,Phonemogram,C
Aa18A,kEH_HG,14220,U+14220,HJ AA018A,Aa18a,T-07-051,"A cover of a quiver, with a vertical loop on top.",Phonemogram,C
Aa19,kEH_HG,13421,U+13421,AA019,Aa19,V-04-033,A parabolic shape with a dot at each side.,"Classifier shrine, chapel",C
Aa2,kEH_HG,1340E,U+1340E,AA002,Aa2,F-30-003,"A pustule or gland, or a packet of mummy bandages.",Classifier bad/evil,C
Aa20,kEH_HG,13422,U+13422,AA020,Aa20,S-28-008,"A type of ornament, with two ties at the top.",Phonemogram,C
Aa20A,kEH_HG,141EC,U+141EC,HJ AA020A,Aa20A,S-28-014,"A type of ornament, with two ties at the top, with two horizontal lines at the bottom, with the vertical lines extending beyond the horizontal lines.",Phonemogram,C
Aa20B,kEH_HG,141E9,U+141E9,HJ AA020B,Aa20B,S-28-002,"A type of ornament, with a tie and a loop at the top, and fringes at the bottom.",Phonemogram,C
Aa20C,kEH_HG,141EB,U+141EB,HJ AA020C,Aa20C,S-28-013,"A type of ornament, with two ties at the top, and fringes at the bottom.",Logogram (counterweight),C
Aa21,kEH_HG,13423,U+13423,AA021,Aa21,S-27-005,"An object consisting of a horizontal rectangle with a triangular indentation at the bottom, with a vertical line on top of it, connected through a triangle.","Logogram (to judge, to separate)",C
Aa21A,kEH_HG,141E5,U+141E5,HJ AA021A,Aa21A,S-27-002,"An object consisting of a horizontal rectangle with a triangular indentation at the bottom, with a vertical line on top of it, with a horizontal line on top of the vertical line, to the same width of the rectangle.","Logogram (to judge, to separate)",C
Aa22,kEH_HG,13424,U+13424,AA022,Aa22,S-27-006,"A forearm, with the palm of the hand facing upwards (D36), written over an object consisting of a horizontal rectangle with a triangular indentation at the bottom, with a vertical line on top of it, connected through a triangle (Aa21).","Logogram (to judge, to separate)",L
Aa23,kEH_HG,13425,U+13425,AA023,Aa23,U-18-033,"A warp, stretched between two forked poles.","Logogram (to press, to cling (to))",C
Aa23A,kEH_HG,1408F,U+1408F,HJ AA023A,Aa23A,P-07-015,,,
Aa23B,kEH_JSesh,14305,U+14305,AA023B,Aa23B,U-18-011,,,
Aa23C,kEH_HG,14302,U+14302,HJ AA023C,Aa23C,U-18-006,,,
Aa23D,kEH_HG,14304,U+14304,HJ AA023D,Aa23D,U-18-010,"A wine press, consisting of two rectangular forked poles, with a horizontal line just below the forks, extending beyond the poles, with two vertical lines of 3 dots coming from the middle of the horizontal line.",Logogram (Chesemu (divinity)),C
Aa23F,kEH_HG,1430A,U+1430A,HJ AA023F,Aa23F,U-18-022,,,
Aa23I,kEH_HG,1430E,U+1430E,HJ AA023I,Aa23I,U-18-030,,,
Aa23J,kEH_HG,14306,U+14306,HJ AA023J,Aa23J,U-18-016,"A wine press, resembling two masts of a ship with two prongs, connected by vertical lines (P6) on a base, with a wide cup (W10) between the two masts, on top of the base, with two horizontal lines connecting the inner prongs of the masts.",Logogram (Chesemu (divinity)),C
Aa23K,kEH_HG,14309,U+14309,HJ AA023K,Aa23K,U-18-021,,,
Aa23L,kEH_HG,14307,U+14307,HJ AA023L,Aa23L,U-18-018,"A wine press, resembling two masts of a ship with two prongs, connected by vertical lines (P6) on a base, with a wide cup (W10) between the two masts, on top of the base, with a horizontal line connecting the inner prongs of the mast, with a loop of cord with the ends upwards (V6), written with the ties over the horizontal line.",Logogram (Chesemu (divinity)),C
Aa23M,kEH_HG,1430F,U+1430F,HJ AA023M,Aa23M,U-18-035,"A warp, stretched between two forked poles with a short shaft below the fork.","Logogram (to press, to cling (to))",C
Aa23O,kEH_HG,1430C,U+1430C,HJ AA023O,Aa23O,U-18-026,,,
Aa23P,kEH_HG,1430B,U+1430B,HJ AA023P,Aa23P,U-18-025,"A wine press, resembling two masts of a ship with two prongs, connected by vertical lines (P6) on a base, with a line connecting the shafts of the poles, with a loop and tie at the far side.",Logogram (Chesemu (divinity)),C
Aa23R,kEH_HG,14303,U+14303,HJ AA023R,Aa23R,U-18-009,"A wine press, consisting of two rectangular forked poles, with a slightly curved line between the poles, on which a basket hangs, connected by three lines to the curved line.",Logogram (Chesemu (divinity)),C
Aa23S,kEH_HG,14301,U+14301,HJ AA023S,Aa23S,U-18-002,,,
Aa24,kEH_HG,13426,U+13426,AA024,Aa24,U-18-042,"A warp, stretched between two poles resembling cup-like shapes with upward ticks on them.","Logogram (to press, to cling (to))",C
Aa24A,kEH_HG,14310,U+14310,HJ AA024A,Aa24A,U-18-037,"A warp, stretched between two poles resembling wide cups (W10), with ties extending downwards at the back.","Classifier pressing, hitting",C
Aa24B,kEH_HG,14311,U+14311,HJ AA024B,Aa24B,U-18-040,,,
Aa25,kEH_HG,13427,U+13427,AA025,Aa25,AA-22-001,"A crescent moon shape written over a thin triangle, point downwards.",Phonemogram,C
Aa26,kEH_HG,13428,U+13428,AA026,Aa26,AA-22-004,A pole with a hook at the front to which one binds an enemy.,Phonemogram,C
Aa27,kEH_HG,13429,U+13429,AA027,Aa27,U-21-001,"A milling tool, with a long vertical stick under a circle with triangular shapes at the sides and the top.",Phonemogram,C
Aa27A,kEH_HG,14335,U+14335,HJ AA027A,Aa27A,V-06-011,,,
Aa27C,kEH_HG,14316,U+14316,HJ AA027C,Aa27C,U-21-005,,,
Aa27D,kEH_HG,14317,U+14317,HJ AA027D,Aa27D,U-21-006,"A milling tool, with a long vertical stick under a horizontal oval with vertical lines at the short sides.",Phonemogram,C
Aa27E,kEH_HG,14318,U+14318,HJ AA027E,Aa27E,U-21-014,"A milling tool, with a long vertical stick, under a half-circle, with vertical lines at the short sides.",Phonemogram,C
Aa28,kEH_HG,1342A,U+1342A,AA028,Aa28,U-22-019,"An instrument used by bricklayers, with a triangular extension with a horizontal top at the front.",Phonemogram,C
Aa29,kEH_HG,1431D,U+1431D,AA029A,,U-22-020,"An instrument used by bricklayers, with a triangular extension at the front.",Phonemogram,C
Aa3,kEH_HG,1340F,U+1340F,AA003,Aa3,F-30-008,"A pustule or gland, with a forward, downward line of fluid issuing forth.","Classifier efflux, smell (i.e., excrement)",C
Aa30,kEH_HG,1342C,U+1342C,AA030,Aa30,O-23-001,"An ornamental chevaux de frise on top of walls, with a circle dividing the top and base.",Logogram (ornament),C
Aa32,kEH_HG,1342E,U+1342E,AA032,Aa32,T-06-015,"A bow, of an archaic type, with the ends towards the back.",Logogram (Nubia),C
Aa34,kEH_HG,13BF5,U+13BF5,HJ AA034,Aa34,F-26-015,"A representation of two ribs, written parallel (Aa15), written on top of legs in a walking posture, feet orientated towards the reading direction (D54).","Logogram (to bring, present, offer, go)",C
Aa34A,kEH_HG,13BF6,U+13BF6,HJ AA034A,Aa34A,F-26-020,"A representation of two ribs, written parallel (Aa15) with the opening to the front, written on top of legs in a walking posture, feet orientated towards the reading direction (D54).","Phonemogram and classifier movement (in thm (to tread, to penetrate))",C
Aa3A,kEH_HG,13C01,U+13C01,HJ AA003A,Aa3A,F-30-004,"A pustule or gland, with a forward, downward dotted line of fluid issuing forth.",Classifier scent,C
Aa3B,kEH_HG,13C02,U+13C02,HJ AA003B,Aa3B,F-30-009,"A pustule or gland without blobs at the side, with a forward, downward dotted line of fluid issuing forth.",Classifier scent,C
Aa4,kEH_HG,13410,U+13410,AA004,Aa4,W-04-003,A spouted cup.,Phonemogram,C
Aa41,kEH_HG,141EF,U+141EF,HJ AA041,Aa41,S-28-023,,,
Aa42,kEH_HG,141E8,U+141E8,HJ AA042,Aa42,S-27-009,"An object consisting of two connected triangles, arranged horizontally with the points down, with a vertical line on the top, with a half-circle on top of the vertical line. ","Logogram (to judge, to separate)",C
Aa5,kEH_HG,13411,U+13411,AA005,Aa5,P-11-008,"A part of the steering gear of ships, consisting of two beams.",Classifier oar,C
Aa50,kEH_HG,14007,U+14007,HJ AA050,Aa50,O-23-005,"An ornamental chevaux de frise on top of walls, with a circle dividing the top and base, with the top spreading like a flower, with a circle on top of the tip.",Logogram (ornament),C
Aa50A,kEH_HG,14006,U+14006,HJ AA050A,Aa50A,O-23-004,"An ornamental chevaux de frise on top of walls, with a circle dividing the top and base, with the top spreading like a flower.",Logogram (ornament),C
Aa52,kEH_HG,13C09,U+13C09,HJ AA052,Aa52,F-32-008,"Some type of mat or bag, or woven material, representing an oval with two vertical lines coming from the top, which curve downwards.",Phonemogram,C
Aa53,kEH_HG,13C0A,U+13C0A,HJ AA053,Aa53,F-32-010,"A loop in which the lines do not overlap, with conical end-pieces.",Phonemogram,C
Aa55,kEH_HG,13A11,U+13A11,HJ AA055,Aa55,D-32-013,"The uterus of a cow, represented as two separate vertical lines with a curl on the top, on top of a half-circle.",Phonemogram,C
Aa56,kEH_HG,13131,U+13131,F045A,Aa56,AA-21-002,An object resembling a long vertical line with two pointed lines on top.,Phonemogram,C
Aa5A,kEH_HG,14095,U+14095,HJ AA005A,Aa5A,P-11-003,"A part of the steering gear of ships, with the lines horizontal and vertical.",Phonemogram,C
Aa5B,kEH_HG,14097,U+14097,HJ AA005B,Aa5B,P-11-007,"A part of the steering gear of ships, consisting of one beam.",Phonemogram,C
Aa5C,kEH_HG,14096,U+14096,HJ AA005C,Aa5C,P-11-005,,,
Aa6,kEH_HG,13412,U+13412,AA006,Aa6,AA-06-001,Two pieces of cloth strung together / a line of thread being woven into a weave.,Phono-repeater,C
Aa7,kEH_HG,13413,U+13413,AA007,Aa7,U-22-022,"A vertical tool, with an upward curved handle, with the handle towards the back.",Classifier to present,C
Aa70,kEH_HG,14205,U+14205,HJ AA070,Aa70,T-03-002,"A strainer, written horizontally, with the handle towards the front, curving downwards and backwards.","Classifier (strainer, colander)",C
Aa78,kEH_HG,143F9,U+143F9,HJ AA078,Aa78,AA-22-006,,,
Aa7B,kEH_JSesh,13415,U+13415,AA007B,Aa7B,F-19-008,,,C
Aa8,kEH_HG,13416,U+13416,AA008,Aa8,N-12-001,A single line of irrigation canals.,"Logogram (nome, district)",C
Aa80,kEH_HG,143FA,U+143FA,HJ AA080,Aa80,AA-22-007,"Two vertical ovals, connected together at the long sides.",Phonemogram,C
Aa8A,kEH_HG,143F7,U+143F7,HJ AA008A,Aa8A,AA-08-001,"A long horizontal line, crossed by a short vertical line, in the middle.",Logogram,C
Aa9,kEH_HG,13417,U+13417,AA009,Aa9,Q-07-006,Part of a carrying-chair.,Classifier suffering,C
