gardiner_code,unicode_cp,unicode,hieroglyphica_code,jsesh_code,category,description,function,core
A001,13000,U+13000,A1,A1,A-01-001,"Man, seated, right knee raised, right arm raised, left arm in front of body.",Classifier human being,C
A002,13001,U+13001,A2,A2,A-01-027,"Man, seated, right knee raised, right arm raised with hand to mouth, left arm hanging beside the body.",Classifier eating/drinking/speech/ silence/thoughts/feelings,C
A003,13002,U+13002,A3,A3,A-01-005,"Man, seated on heel, right knee raised, right arm raised, left arm in front of body.",Classifier sitting,C
A004,13003,U+13003,A4,A4,A-01-040,"Man, seated, right knee raised, back straight, both arms raised in front, hand palms outwards.",Classifier supplication/hiding/rejection,C
A005,13004,U+13004,A5,A5,A-11-002,,,C
A005A,13005,U+13005,A5A,A5A,A-11-003,"Man, seated, right knee raised, back straight, both arms raised in front, hand palms outwards, under a corner of a wall.",Logogram (to hide),C
A006,13006,U+13006,A6,A6,A-09-001,"Man, seated, right knee raised, with a vase on its side, with liquid issuing from it (W54), orientated to the front, on his head, both arms raised towards the front, hand palms outwards.","Logogram (pure, clean)",C
A006A,13007,U+13007,,,A-09-011,"Man, seated, both knees down, with a vase on its side, with liquid issuing from it (W54), orientated to the front, on his head, with the water ending on a block, both arms forward, extended downwards toward the block.",Classifier to libate,C
A006B,13008,U+13008,,US1A6BEXTU,A-09-005,,,C
A007,13009,U+13009,A7,A7,A-01-036,"Man, seated on heel, right leg extended with foot in front of left leg, right and left arm sloping downwards to either side of the body.",Classifier sitting/weak/faint,C
A008,1300A,U+1300A,,A8,A-01-059,"Man, seated, right knee raised, right arm angled in front of the body, left arm raised, hand held vertically, hand palm inwards (hnw gesture).",Classifier joy/veneration,C
A009,1300B,U+1300B,A9,A9,A-07-021,"Man, seated, right knee raised, a vessel on his head, right arm raised in front, with the hand at the vessel, left arm hanging beside the body.","Classifier to lift, to carry",C
A010,1300C,U+1300C,A10,A10,A-12-042,"Man, seated, right knee raised, right arm extended forward, holding the shaft of an oar, with the blade at the level of the feet, left arm hanging beside the body.",Classifier sailing/rowing,C
A011,1300D,U+1300D,A11,A11,A-07-041,"Man, seated, right knee raised, right arm raised In front, holding a sceptre (S42), angled towards the head, left arm in front of the body, holding a stick, resting against the shoulder.",Phonemogram,C
A012,1300E,U+1300E,A12,A12,A-17-003,"Man, seated on heel, right knee up, with a feather (H6) on his head, angling backwards, right arm forwards, forearm horizontal, holding a composite bow (T10), left arm in front of the body, holding a stick which angles backwards, leaning against the left shoulder.",Logogram (army),C
A013,1300F,U+1300F,A13,A13,A-18-001,"Man (enemy), seated on heel, both knees down, both arms behind the back, bound together with rope.",Classifier rebel/enemy ,C
A014,13010,U+13010,A14,A14,A-18-081,"Man, curled up, right and left lower legs separated, back nearly horizontal, both arms forward, forearms horizontal, grasping a line of liquid (blood) which comes from the head.","Classifier rebel, opponent",C
A014A,13011,U+13011,,A14A,A-18-074,"Man, seated on heel, right knee raised, with a band of cloth around the middle, both arms forward, holding an axe with the axeblade in the forehead of the man.",Classifier death,C
A015,13012,U+13012,A15,A15,A-05-004,"Man, written horizontally, facing down, arms raised in front.",Logogram (to fall),C
A016,13013,U+13013,A16,A16,A-04-005,"Man, standing, bent forwards, arms hanging downwards, extended towards the front.",Classifier bowing,C
A017,13014,U+13014,A17,A17,A-23-002,"A child, seated on nothing, forelegs separated, right arm raised with hand to mouth, left arm hanging beside the body.",Classifier youth/child,C
A017A,13015,U+13015,,A17A,A-23-007,"Child, seated on nothing, forelegs spread, right arm forward, extended towards the knee, hand palm down, left arm hanging beside the body.",Classifier youth/child,C
A018,13016,U+13016,A18,A18,A-23-030,"Child, wearing the red crown (S3), seated on nothing, forelegs spread, right arm raised in front with hand to mouth, left arm hanging beside the body.",Classifier child (royal),C
A019,13017,U+13017,,A19,A-06-017,"Old man, standing, with a bent back, right arm forwards, holding a staff/stick near the top, with the staff at a slight backward angle, left arm hanging beside the body.","Logogram (old, old age)",C
A020,13018,U+13018,A20,A20,A-06-009,"Man, standing, with a slightly bent back, right arm in front holding a long staff or pole with a two-pronged end piece for holding down snakes (U116), left arm hanging beside the body.",Logogram (elder),C
A021,13019,U+13019,A21,A21,A-06-005,"Man, standing, wearing a short sash-kilt, right arm in front, holding a long stick/staff, left arm hanging beside the body, holding a piece of cloth.",,C
A022,1301A,U+1301A,A22,A22,A-06-037,"Man, standing on a base (statue), right arm forward, holding a stick/staff, which rests on the same base, left arm hanging beside the body holding a sceptre (S42), sceptre-head extending in front of the body.",Classifier statue,C
A023,1301B,U+1301B,A23,A23,A-27-024,"The king, standing, with a long straight beard and short wig/coif, with a uraeus bound to the forehead, right arm forward, hand at the height of the shoulder, holding a staff with a triangular piece (point down) at the height of the waist, left arm hanging beside the body, holding a mace (T3) horizontally.",Classifier sovereign,C
A024,1301C,U+1301C,A24,A24,A-16-021,"Man, standing, both arms towards the front, holding a branch, as if to strike with it.",Classifier force/effort,C
A025,1301D,U+1301D,A25,A25,A-16-039,"Man, standing, back bent forward, right arm forward, holding a stick which slightly curves towards the body, left arm hanging beside the body.",Classifier force/effort,C
A026,1301E,U+1301E,A26,A26,A-02-020,"Man, standing, right arm outstretched before him, with the left arm hanging beside the body.",Logogram (vocative interjection),C
A027,1301F,U+1301F,A27,A27,A-02-041,"Man, running, right arm raised in front, left arm in front of the body.",Phonemogram/classifier messenger,C
A028,13020,U+13020,A28,A28,A-02-044,"Man, standing, with arms raised at either side of the body, hand palms inwards.",Logogram (to be high),C
A029,13021,U+13021,A29,A29,A-03-001,"Man, upside-down, both arms raised at either side of the body, hand palms inwards.",Classifier upside-down,C
A030,13022,U+13022,A30,A30,A-04-001,"Man, standing, both arms raised in front, hands held vertically, hand palms outwards.",Classifier adoration,C
A031,13023,U+13023,A31,A31,A-02-030,"Man, standing, head facing forwards, arms raised behind him, hand palms outwards.",Classifier turning away,C
A032,13024,U+13024,A32,A32,A-19-011,"Man, dancing, left leg straight, right knee in front of the left leg, right foot behind the left leg, toes at the height of the left foot, right arm in front of the body, left arm raised at the back, hand at the height of the head.",Classifier dancing,C
A032A,13025,U+13025,,,A-19-014,,,C
A033,13026,U+13026,A33,A33,A-14-011,"Man, standing, bent forwards, both arms forward, holding a stick with a bundle or a mat over his shoulders, bundle behind the back.",Classifier wandering/displaced,C
A034,13027,U+13027,A34,A34,A-12-019,"Man, standing, back slightly bent forwards, both arms forward, holding a long stick (rammer), which ends at the bottom in a mortar.","Logogram (to pound, to build)",C
A035,13028,U+13028,A35,A35,A-12-023,"Man, standing, both arms raised in front, touching a vertically written wall with battlements near the top.",Logogram (to build),C
A036,13029,U+13029,A36,A36,A-12-008,"Man, standing, back bent forwards, both arms forwards, extending downwards into a large vessel.",Logogram (brewer),C
A037,1302A,U+1302A,A37,A37,A-12-045,"Man, standing inside a cross-section of a vessel that reaches to his shoulders, arms extended at either side of the body, holding the rim of the vessel.",Logogram (brewer),C
A038,1302B,U+1302B,A38,A38,A-21-002,"Man, standing, arms at either side of the body, holding the necks of two emblematic animals with panther heads, connected by a line which runs under the feet of the man. ",Logogram (Cusae),C
A039,1302C,U+1302C,A39,A39,A-21-001,"Man, standing on the back of two animals, which look either way, man arms extended at either side of the body, holding both heads of the animals.",Logogram (Cusae),C
A040,1302D,U+1302D,,A40,A-26-005,"God, seated, both knees up, with covered legs and arms, with a long-curved beard and long wig.",Classifier divinity,C
A040A,1302E,U+1302E,A40A,A40A,A-26-013,"God, seated, both knees up, with covered legs and arms, with a long-curved beard and long wig, holding a holding a sceptre with a straight shaft, topped with the head of the Seth animal.",Classifier divinity,C
A041,1302F,U+1302F,A41,A41,A-26-008,"King, seated, both knees up, with covered legs and arms, with a long straight beard, wearing a coif with uraeus.",Logogram (first person singular),C
A042,13030,U+13030,A42,A42,A-26-019,"King, seated, both knees up, with covered legs and arms, with a long straight beard, wearing a coif with uraeus, holding a flagellum (S45).",Classifier king,C
A042A,13031,U+13031,A42B,A42B,A-26-029,"King, seated, both knees up, with covered legs and arms, with a long straight beard, wearing a coif with uraeus, holding a flagellum (S45) and crook (S38) with the opening inwards.",Logogram (first person singular),C
A043,13032,U+13032,,A43,A-28-002,"King, seated, both knees up, with covered legs and arms, with a long straight beard, wearing the white crown with uraeus (S1A).",Classifier king,C
A043A,13033,U+13033,A43M,A43M,A-28-017,"King, seated, both knees up, with covered legs and arms, with a long straight beard, wearing the white crown (S1), holding a sceptre with a straight shaft, topped with the head of the Seth animal vertically.",Logogram (king of Upper Egypt),C
A044,13034,U+13034,A44,A44,A-28-010,"King, seated, both knees up, with covered legs and arms, without beard, wearing the white crown with uraeus (S1A), holding a flagellum (S45).",Classifier king,C
A045,13035,U+13035,A45,A45,A-29-001,"God, seated, both knees up, with covered legs and arms, with a long-curved beard, wearing the red crown with (S3).",Classifier king,C
A045A,13036,U+13036,A45B,A45B,A-29-007,"King, seated, both knees up, with covered legs and arms, with a long straight beard, wearing the red crown with (S3), holding a sceptre with a straight shaft, topped with the head of the Seth animal vertically.",Classifier king,C
A046,13037,U+13037,A46,A46,A-29-004,"God, seated, both knees up, with covered legs and arms, with a long-curved beard, wearing the red crown with (S3), holding a flagellum (S45).",Classifier king,C
A047,13038,U+13038,A47,A47,A-13-004,"Man (shepherd), seated, both knees up, with covered legs and arms, with a short straight beard and short hair/wig, holding a stick which curves inwards, with a band of string or fabric, with the ties away from the body.",Logogram (to guard),C
A048,13039,U+13039,,A48,A-13-030,"Man, seated, both knees up, with covered legs and arms, with short hair/wig, holding an unknown object (mace/knife/stick?)","Logogram (relating to, belonging to)",C
A049,1303A,U+1303A,,A49,A-13-032,"Man, seated, both knees up, with covered legs and arms, with a short bushy beard and short hair/wig, holding a stick which angles slightly towards the body.",Classifier foreigner,C
A050,1303B,U+1303B,A50,A50,A-25-032,"Man, with short straight beard, seated on a chair, no arms visible.",Logogram (to be noble),C
A051,1303C,U+1303C,A51,A51,A-25-005,"Man, with a short straight beard, seated on a chair, both arms extended forward, forearms horizontal, one above another, holding a flagellum (S45).",Logogram (to be noble),C
A052,1303D,U+1303D,A52,A52,A-31-001,"Man, seated, both knees down, with short straight beard, both arms forward, forearms horizontal, one above the other, holding a flagellum (S45).",Classifier name (deceased person),C
A053,1303E,U+1303E,A53,A53,A-32-001,"A mummy with a long-curved beard, standing upright.",Classifier image/statue/likeness,C
A054,1303F,U+1303F,A54,A54,A-32-007,"A mummy with a long-curved beard, lying horizontally.",Classifier body/corpse/death,C
A055,13040,U+13040,A55,A55,A-32-008,"A mummy with a long-curved beard, lying horizontally on top of a bed.",Logogram (to sleep/to spend the night),C
A056,13041,U+13041,A56,A56,A-12-047,"Man, seated, right knee raised, right arm raised in front, left arm in front of body, holding a stick which rests against the left shoulder. ",Classifier enemy,C
A057,13042,U+13042,A57,A57,A-29-029,"King, standing, with a long straight beard, wearing the red crown (S3), both arms forwards, hands at the height of the belly/waist, holding a loaf of bread on a reed mat (R4) horizontally.",Logogram (an offering that the king gives),C
A058,13043,U+13043,A58,A58,A-12-012,"Man, standing, back bent forward, both arms toward the front, holding a hoe with a rope connecting the two pieces (U6), with the forward piece at the level of the feet.",Classifier hacking,C
A059,13044,U+13044,A59,A59,A-16-029,"Man, standing, right arm forward, forearm and hand at the level of the waist, left arm raised, forearm vertically, holding a stick nearly horizontally.",Classifier driving away,C
A060,13045,U+13045,A60,A60,A-10-013,"Man, standing, right arm forward, forearm horizontal, hand palm upwards, left arm backwards, upper arm horizontal, forearm nearly vertical, hand palm inwards, with a dotted line running between the hand palms.","Logogram (to sprinkle, to scatter)",C
A061,13046,U+13046,A61,A61,A-02-033,"Man, standing, head oriented backwards, with the arms hanging at either side of the body.",Logogram (to turn back),C
A062,13047,U+13047,,,A-02-004,"Foreign man, with a bushy beard, standing, wearing a long dress, with the arms hanging at either side of the body.","Logogram (great one, chief)",C
A063,13048,U+13048,A63,A63,A-25-025,,,C
A064,13049,U+13049,A116,A116,A-07-006,"Man, seated on heel, both knees down, back straight, arm extended in front, forearm horizontal, holding a wide cup (W10). ","Classifier to lift, to carry",C
A065,1304A,U+1304A,A469,A469,A-27-023,"Stylistic early dynastic form of a man, standing, holding a stick.",Logogram (the one who belongs to the god),C
A066,1304B,U+1304B,,A239,A-20-001,"Man, standing, wearing kilt, right arm extended in front, held horizontally, holding a sistrum (Y18), left arm hanging beside the body.",Logogram (the musician/Ihy),C
A067,1304C,U+1304C,,,A-24-001,"A dwarf, standing, arms hanging at either side of the body.",Classifier personal name,C
A068,1304D,U+1304D,A199A,A199A,A-16-009,"Man, standing, right arm forward, forearm horizontal at the height of the waist, holding a knife (T30) at a forward angle, left arm hanging beside the body.",Logogram (messenger),C
A069,1304E,U+1304E,A71,A71,A-01-008,"Man, seated, right knee raised, right arm raised, left arm hanging beside the body.",Classifier occupation/relationship,C
A070,1304F,U+1304F,A73,A73,C-13-001,"Man, seated, right knee raised, raised arms at either side of the body, hands held vertically, with the hand palms inwards.","Logogram (million, many)",C
B001,13050,U+13050,B1,B1,B-01-003,"Woman, seated, both knees up, with covered legs and arms, with long hair.",Classifier female,C
B002,13051,U+13051,B2,B2,B-09-002,"Woman, pregnant, seated, both knees down, with a band of cloth around the head, right arm forward, angling down towards the knee, left arm hanging beside the body.",Classifier pregnant,C
B003,13052,U+13052,B3,B3,B-09-011,"Woman, pregnant, seated, both knees down, right arm forward, angling down towards the knee, left arm hanging beside the body, with the head and arms of a child coming from the legs.",Classifier birth,C
B004,13053,U+13053,B4,B4,B-09-004,"Woman, pregnant, seated, both knees down, right arm forward, angling down towards the knee, left arm hanging beside the body, with three vertical lines coming from the legs.",Classifier birth,C
B005,13054,U+13054,B5,B5,B-09-014,"Woman, seated, both knees down, nursing a child, seated on her lap, left arm forward, hand over the chest of the woman, right arm hanging beside the body; right arm forward, embracing/holding the child, left arm over the chest.","Classifier nursing, rearing",C
B005A,13055,U+13055,,B104,B-02-010,"Woman, seated, both knees down, with long hair and a band of cloth around the head, bound at the back, with two sticks forming a cross-like structure over the legs.",Logogram weaver or nurse,C
B006,13056,U+13056,B6,B6,B-09-020,"Woman, seated on a block throne, with a child on her lap, facing her, both arms down; both arms forward, right arm behind the child, left arm in front of the child.","Classifier nursing, rearing",C
B007,13057,U+13057,B7,B7,B-01-022,"Woman, seated, both knees up, with covered legs and arms, with long hair, wearing a diadem, holding a flower which curves forward, with the flower orientated downwards.",Classifier female royalty,C
B008,13058,U+13058,B8,B8,B-02-002,"Woman, seated, both knees down, no arms visible, with a flower on the knee, which curves towards the face, with the flower in front of the face.",Classifier human being (together with A1),C
B009,13059,U+13059,B47,B47,B-08-005,"Woman, standing, with long hair, right arm extended forward, hand at the height of the shoulder, holding a sistrum (Y18), vertically, left arm hanging beside the body.",Logogram (the musician),C
C001,1305A,U+1305A,C1,C1,C-24-002,"God, seated, knees up, with covered legs and arms, with a long-curved beard and long wig/hair, with N6 (The sun, encircled by a cobra (Naja haje), standing up, with expanded hood (uraeus)) on its head.",Logogram (Re),C
C002,1305B,U+1305B,C2,C2,C-09-029,"God, seated, knees up, with covered legs and arms, with the head of a falcon, with a sun disk (N5) on its head, holding a tie or strap, used with sandals (ankh sign, S34), angling forward. ",Logogram (Re),C
C002A,1305C,U+1305C,C2A,C2A,C-09-017,"God, seated, knees up, with covered legs and arms, with the head of a falcon, with a sun disk (N5) on its head.",Logogram (Re),C
C002B,1305D,U+1305D,,,C-09-018,,,L
C002C,1305E,U+1305E,,,C-09-030,,,L
C003,1305F,U+1305F,C3,C3,C-31-001,"God, seated, knees up, with covered legs and arms, with the head of an ibis.",Logogram (Thot),C
C004,13060,U+13060,C4,C4,C-15-001,"God, seated, knees up, with covered legs and arms, with the head of a ram, with horizontal twisted horns.",Classifier Khnum,C
C005,13061,U+13061,C5,C5,C-15-007,"God, seated, knees up, with covered legs and arms, with the head of a ram with horizontal twisted horns, holding a tie or strap, used with sandals (ankh sign, S34), angling forward. ",Logogram/phonemogram (who joins with life),C
C006,13062,U+13062,C6,C6,C-04-001,"God, seated, knees up, with covered legs and arms, with the head of a jackal.",Classifier Anubis/Wepwawet (divinity),C
C007,13063,U+13063,C7,C7,C-26-001,"God, seated, knees up, with covered legs and arms, with the head of a Seth animal.",Logogram (Seth),C
C008,13064,U+13064,C8,C8,C-17-001,"An ithyphallic god, with long, curved beard, standing on a platform, wearing a double plume headdress, with a line coming from the back of the head, running down to the base, arm raised in back, with a flagellum (S45) written over the arm.",Classifier Min,C
C009,13065,U+13065,C9,,C-35-002,"Goddess, seated, knees up, with covered legs and arms, with a headdress of bovine horns with a sun disk (F102).",Logogram (Hathor),C
C010,13066,U+13066,C10,C10,C-37-002,"Goddess, seated, knees up, with covered legs and arms, with a cloth band around her head, with a feather (H6) on her head.",Logogram (Maat),C
C010A,13067,U+13067,C10A,C10A,C-37-005,"Goddess, seated, knees up, with covered legs and arms, with a cloth band around her head, with a feather (H6) on her head, holding a tie or strap, used with sandals (ankh sign, S34), angling forward. ",Logogram (Maat),C
C011,13068,U+13068,,C11,C-13-004,"God, seated on heel, right knee raised, with long-curved beard and coif, with a palm branch, stripped of leaves and notched on his head (M4), notch forward, raised arms at either side of the body, hands held vertically, with the hand palms inwards.","Logogram (million, many)",C
C012,13069,U+13069,C12,C12,C-03-003,"God, seated, knees up, with covered legs and arms, with a long-curved beard, wearing the double-plume headdress (S72A), with a line running from the crown down the back, holding a sceptre with a straight shaft, topped with the head of the Seth animal vertically.",Logogram (Amon),C
C013,1306A,U+1306A,,,C-03-010,,,L
C014,1306B,U+1306B,C12F,C12F,C-03-011,"God, seated, knees up, with covered legs and arms, with a long-curved beard, wearing the double-plume headdress (S72A), with a line running from the crown down the back, holding a khopesh sword (T16A) vertically.",Logogram (Amon is his strength (sꜣ-rꜥ name Ramses VI)),C
C015,1306C,U+1306C,,,C-03-013,,,L
C016,1306D,U+1306D,,,A-30-004,"God, seated, both knees up, with covered legs and arms, with a long, curved beard, wearing the double crown (S5), holding a tie or strap, used with sandals (ankh sign, S34), angling forward. ",Logogram (Atum),C
C017,1306E,U+1306E,C17,C17,C-09-078,"God, seated, knees up, with covered legs and arms, with the head of a falcon, wearing a headdress consisting of two plumes with a sun disk (S63A/S70), holding a tie or strap, used with sandals (ankh sign, S34), angling forward. ",Classifier Montu (divinity),C
C018,1306F,U+1306F,,,C-30-002,"God, seated, both knees down, with a long-curved beard and long hair/wig, wearing a headdress consisting of two feathers on ram horns (S77).",Classifier Tatenen,C
C019,13070,U+13070,C19,C19,C-23-016,"God, in mummy form, standing upright on a platform, with a long straight beard, wearing a cap, both arms forward, holding a sceptre with a straight shaft, forked bottom and head of the Seth animal (S40) of the same size as the god, vertically.",Classifier Ptah,C
C020,13071,U+13071,C20,C20,C-23-023,"God, in mummy form, standing upright on a platform, with a long straight beard, wearing a cap, both arms forward, holding a sceptre with a straight shaft, forked bottom, and the vertically oriented head of the Seth animal (S040), of the same size as the god, adorned with an ankh sign (S034) and a djed pillar (R011); enclosed within a shrine supported by columns resembling papyrus stems with buds (M013).",Logogram (Ptah),C
C021,13072,U+13072,C33,C33,C-07-001,"Bes figure, seen from the front, with tail between the legs and headdress, arms downwards, hands behind the back.",Phonemogram,C
C022,13073,U+13073,C49B,C49B,C-09-086,"God, seated, knees up, with covered legs and arms, with the head of a falcon, with a crescent moon with the entire moon disk (N62) on its head.",Classifier moon,C
C023,13074,U+13074,C165,C165,C-36-015,"Goddess, seated, knees up, with covered legs and arms, with the head of a lion/lioness, with N6 (The sun, encircled by a cobra (Naja haje), standing up, with expanded hood (uraeus)) on her head.",Logogram (Sekhmet),C
C024,13075,U+13075,C185B,C185B,C-40-006,"Goddess, seated, knees up, with covered legs and arms, wearing the red crown (S3), holding a sceptre with a straight shaft, topped with the head of the Seth animal vertically. ",Logogram (Neith),C
D001,13076,U+13076,D1,D1,D-01-001,"The head of a human man, seen in profile, with a short straight beard.",Logogram (head),C
D002,13077,U+13077,D2,D2,D-02-001,The face of a human man.,Phonemogram,C
D003,13078,U+13078,D3,D3,D-04-004,A lock of hair with three strands.,Classifier hair,C
D004,13079,U+13079,D4,D4,D-05-001,An eye.,Phonemogram,C
D005,1307A,U+1307A,D5,D5,D-06-007,An eye with two touches of eye paint above the eye.,Classifier eye related actions,C
D006,1307B,U+1307B,D6,D6,D-06-001,"An eye, with a line of eye-paint above the eye.",Classifier eye related actions,C
D007,1307C,U+1307C,D7,D7,D-06-020,An eye with a painted lower lid.,Phonemogram,C
D008,1307D,U+1307D,D8,D8,D-06-026,"An eye, written inside an oval.",Phonemogram,C
D008A,1307E,U+1307E,D8A,D8A,D-06-030,An eye with a painted lower lid inside an oval.,Phonemogram,C
D009,1307F,U+1307F,D9,D9,D-07-001,"An eye, with three lines coming from the bottom.",Logogram (to weep),C
D010,13080,U+13080,D10,D10,D-08-002,"An eye, with the markings of the head of a falcon.",Logogram (udjat eye),C
D011,13081,U+13081,D11,D11,D-09-001,The left part of the white of an eye.,Logogram 1/2,C
D012,13082,U+13082,D12,D12,D-09-002,The pupil of an eye.,Classifier pupil,C
D013,13083,U+13083,D13,D13,D-09-005,An eyebrow.,Classifier eyebrow,C
D014,13084,U+13084,D14,D14,D-09-009,The right part of the white of an eye.,Logogram 1/16,C
D015,13085,U+13085,D15,D15,D-09-010,The right lower marking of an udjat eye.,Logogram 1/32,C
D016,13086,U+13086,D16,D16,D-09-011,The left lower marking of an udjat eye.,Logogram 1/64,C
D017,13087,U+13087,D17,D17,D-09-012,The left and right lower marking of an udjat eye.,"Logogram (figure, image)",C
D018,13088,U+13088,D18,D18,D-10-001,The ear of a human.,Logogram (ear),C
D019,13089,U+13089,D19,D19,D-11-001,"The nose, eye and cheek of a human.",Classifier nose,C
D020,1308A,U+1308A,D20,D20,D-11-002,"The nose, eye and cheek of a human, written in a semi-cursive fashion.",Classifier nose,C
D021,1308B,U+1308B,D21,D21,D-12-001,A mouth.,Phonemogram,C
D022,1308C,U+1308C,D22,D22,D-12-004,A mouth with two vertical lines at the bottom of the sign.,Logogram (2/3),C
D023,1308D,U+1308D,D23,D23,D-12-015,A mouth with three vertical lines at the bottom of the sign,Logogram (3/4),C
D024,1308E,U+1308E,D24,D24,D-13-001,The upper lip of a human with teeth.,"Classifier lip, border, edge",C
D025,1308F,U+1308F,D25,D25,D-13-004,"The upper and lower lips of a human, with teeth.",Logogram (lips),C
D026,13090,U+13090,D26,D26,D-14-005,"A human mouth, seen from the side, with a wavy downward sloping line coming from the lips.",Classifier blood,C
D027,13091,U+13091,D27,D27,D-16-002,A human breast.,Classifier breast,C
D027A,13092,U+13092,D27A,D27A,D-16-001,A human breast.,,L
D028,13093,U+13093,D28,D28,D-18-001,"Two arms, raised upwards, with the forearms and hands vertical, hand palms inwards.","Logogram (spirit, essence)",C
D029,13094,U+13094,D29,D29,D-18-008,"Two arms, raised upwards, with the forearms and hands vertical, hand palms inwards, on top of a standard used for carrying religious symbols (R12).","Logogram (spirit, essence)",C
D030,13095,U+13095,D30,D30,D-18-009,"Two arms, raised, with the palms of the hands towards each other, written on it side, with a downward curving line at the back.",Classifier Nehebkau,C
D031,13096,U+13096,D31,D31,D-19-012,"Two arms, lowered, with the elbows bent outwards, and the palms of the hands facing each other (D32), with a club used by washermen for beating laundry (U36) written between the arms.",Logogram (mortuary priest),C
D031A,13097,U+13097,,D31A,D-18-072,"Two arms, raised upwards, with the forearms and hands vertical, hand palms inwards, with a club used by washermen for beating laundry (U36), written between the arms.",Logogram (mortuary priest),L
D032,13098,U+13098,D32,D32,D-19-001,"Two arms, lowered, with the elbows bent outwards, and the palms of the hands facing each other.","Classifier enveloping, embracing, uniting",C
D033,13099,U+13099,D33,D33,D-20-002,"Two arms, holding an oar, in a rowing motion, below a cover.",Phonemogram,C
D034,1309A,U+1309A,D34,,D-21-007,"Two arms, connected at the shoulders, one arm forwards, with a horizontal forearm, holding a shield as seen in profile, top curving inwards, the other arm downwards, forearm vertical, holding a mace (T3) horizontally.",Logogram (to fight),C
D034A,1309B,U+1309B,D34A,D34A,D-21-002,"Two arms, connected at the shoulders, one arm forwards, with a horizontal forearm, holding a rectangular shield with inward curving sides, the other arm downwards, forearm vertical, holding a mace (T3) horizontally.",Logogram (to fight),C
D035,1309C,U+1309C,D35,D35,D-22-002,"Two arms, connected at the shoulders, spread sideways, forearms horizontal, with the palms of the hands facing upwards",Logogram (negative particle),C
D036,1309D,U+1309D,D36,D36,D-23-001,"A forearm, with the palm of the hand facing upwards.",Phonemogram,C
D037,1309E,U+1309E,D37,D37,D-24-002,A forearm with the hand holding a conical loaf of bread (X8).,Phonemogram,C
D038,1309F,U+1309F,D38,D38,D-24-004,"A forearm with the hand holding a loaf of bread, without internal detail (X3).",Phonemogram,C
D039,130A0,U+130A0,D39,D39,D-24-007,A forearm with the hand holding a round vessel with an upstanding rim (W24).,"Logogram (to offer, to present)",C
D040,130A1,U+130A1,D40,D40,D-25-001,A forearm with the hand holding a stick.,"Classifier force, effort",C
D041,130A2,U+130A2,D41,D41,D-25-014,"A forearm, with the palm of the hand downwards, with the upper arm bent forwards.",Classifier arm related movements or actions,C
D042,130A3,U+130A3,D42,D42,D-25-017,"A forearm, with the palm of the hand downwards, upper arm vertical.",Logogram (cubit),C
D043,130A4,U+130A4,D43,D43,D-25-021,A forearm with the hand holding a flagellum (S45).,Logogram (to protect),C
D044,130A5,U+130A5,D44,D44,D-25-007,A forearm with the hand holding a sceptre (S42).,Classifier governing/controlling,C
D045,130A6,U+130A6,D45,D45,D-26-011,"An arm, bent at the elbow, forearm nearly horizontal, holding a wand or brush.",Logogram (to make holy),C
D046,130A7,U+130A7,D46,D46,D-28-001,A human hand.,Phonemogram,C
D046A,130A8,U+130A8,D46C,D46C,D-28-009,A human hand with a forward downward line coming from the thumb.,"Logogram (scent, perfume, dew)",C
D047,130A9,U+130A9,D47,D47,D-28-016,A human hand with the thumb upwards and the palm curved upwards.,Classifier hand,C
D048,130AA,U+130AA,D48,D48,D-28-028,A human hand without a thumb.,Logogram (palm),C
D048A,130AB,U+130AB,,D48A,D-28-027,"A human hand, holding an oval.",Phono-repeater,C
D049,130AC,U+130AC,D49,D49,D-29-001,"A human hand, held as a fist, with the thumb on top.",Classifier grasping/holding,C
D050,130AD,U+130AD,D50,D50,D-30-001,A vertical human finger.,Logogram (finger),C
D050A,130AE,U+130AE,,,D-30-008,,\20000,C
D050B,130AF,U+130AF,,,D-30-009,,\30000,C
D050C,130B0,U+130B0,,,D-30-010,,\40000,C
D050D,130B1,U+130B1,,,D-30-011,,\50000,C
D050E,130B2,U+130B2,,,D-30-012,,\60000,C
D050F,130B3,U+130B3,,,D-30-013,,\70000,C
D050G,130B4,U+130B4,,,D-30-014,,\80000,C
D050H,130B5,U+130B5,,,D-30-015,,\90000,C
D050I,130B6,U+130B6,,,D-30-016,,\50000,C
D051,130B7,U+130B7,D51,D51,D-30-006,A horizontal human finger.,Classifier taking,C
D052,130B8,U+130B8,D52,D52,D-31-001,A phallus with a scrotum.,Phonemogram,C
D052A,130B9,U+130B9,,S125,S-15-047,"A phallus with a scrotum (D52), written over a folded piece of cloth (S29).",Phonemogram,L
D053,130BA,U+130BA,D53,D53,D-31-007,"A phallus with a scrotum, with a line of liquid issuing from it.",Phonemogram,C
D054,130BB,U+130BB,D54,D54,D-34-001,"Legs in a walking posture, feet orientated towards the reading direction.",Classifier movement,C
D054A,130BC,U+130BC,,D54A,D-34-013,"Legs in a walking posture, feet orientated towards the reading direction, with a hook added to the front leg.",Logogram (to come),C
D055,130BD,U+130BD,D55,D55,D-34-002,"Legs in a walking posture, feet orientated away from the reading direction.",Classifier reverse movement,C
D056,130BE,U+130BE,D56,D56,D-35-001,A leg with a bent knee.,Classifier leg/foot,C
D057,130BF,U+130BF,D57,D57,D-35-005,"A leg with a bent knee (D56), with a knife with a rounded blade and rounded handle (T30) written over it.","Classifier damage, injury",C
D058,130C0,U+130C0,D58,D58,D-35-012,A human foot and lower leg.,Phonemogram,C
D059,130C1,U+130C1,D59,D59,D-35-031,"A forearm, with the palm of the hand facing upwards (D36) written over a human foot and lower leg (D58).",Phonemogram,L
D060,130C2,U+130C2,D60,D60,D-35-017,"A human foot and lower leg (D58), with a vase on its side, with liquid issuing from it (W54) on top of it.","Logogram (to be pure, to be clean)",C
D061,130C3,U+130C3,D61,D61,D-36-001,"A stylized row of three toes, with the ovals at the left side.",Phono-repeater,C
D062,130C4,U+130C4,D62,D62,D-36-002,"A stylized row of three toes, with the ovals at the right side.",Phonemogram,C
D063,130C5,U+130C5,D63,D63,D-36-007,"A stylized set of two toes, resembling a cloth wound on a pole, an emblem of divinity (R8), on top of a base with a loop at the far end.",Phonemogram,C
D064,130C6,U+130C6,D271,D271,D-28-018,A human hand with the thumb downwards and the palm curved downwards.,Logogram (hand),C
D065,130C7,U+130C7,D132,D132,D-04-015,"A sidelock, usually worn by a child.","Logogram (child, son, lad)",C
D066,130C8,U+130C8,,D66 D245,D-26-022,"An arm, bent at the elbow, forearm nearly horizontal, hand held like a fist, with a stylus angled over the tip of the fist.",Classifier to engrave,C
D067,130C9,U+130C9,,,D-38-001,,,C
D067A,130CA,U+130CA,,,D-38-002,,,C
D067B,130CB,U+130CB,,,D-38-003,,,C
D067C,130CC,U+130CC,,,D-38-004,,,C
D067D,130CD,U+130CD,,,D-38-005,,,C
D067E,130CE,U+130CE,,,D-38-006,,,C
D067F,130CF,U+130CF,,,D-38-007,,,C
D067G,130D0,U+130D0,,,D-38-008,,,C
D067H,130D1,U+130D1,,,D-38-009,,,C
E001,130D2,U+130D2,,E1,E-23-002,"A bovid (bull), standing, with outwards curving horns.",Logogram (bull),C
E002,130D3,U+130D3,E2,E2,E-23-006,"A bovid (bull), standing, with its head lowered as if to attack.",Classifier rage/aggression,C
E003,130D4,U+130D4,E3,E3,E-25-001,"A calf, standing.",Classifier calf,C
E004,130D5,U+130D5,,E4,E-23-091,"A cult image of a bovid (cow), lying down, with a sun disk (N5) with two feathers between the horns, with a flagellum (S45) on its back, and a necklace around the neck.",Classifier cow divinity,C
E005,130D6,U+130D6,E5,E5,E-23-066,"A bovid (cow), standing, head facing backwards over its body, with a calf below the cow, suckling.",Classifier concern,C
E006,130D7,U+130D7,,E6,E-09-005,"A horse, about to rear, front legs nearly vertical.",Logogram (span (of horses)/horse),C
E007,130D8,U+130D8,E7,E7,E-01-001,"A donkey/ass, standing.",Classifier donkey/ass,C
E008,130D9,U+130D9,E8,E8,E-10-008,A immature goat (kid).,Logogram (kid),C
E008A,130DA,U+130DA,E8A,E8A,E-10-009,"A immature goat (kid), rearing.",Phono-repeater,C
E009,130DB,U+130DB,E9,E9,E-05-009,"A newborn bubalis antelope, lying down, legs folded beneath the body, long tail downwards.",Phonemogram,C
E009A,130DC,U+130DC,E100,E100,E-23-062,"A bovid (cow), lying down, legs folded beneath the body.",Classifier cow (cow of the sky),C
E010,130DD,U+130DD,E10,E10,E-04-001,"A ram (Ovis longipes palaeo-aegyptiacus), standing, with a beard.",Classifier ram,C
E011,130DE,U+130DE,E11,E11,E-04-002,"A ram (Ovis longipes palaeo-aegyptiacus), standing, without a beard.",Phonemogram,C
E012,130DF,U+130DF,,E12,E-19-002,A pig.,Classifier pig,C
E013,130E0,U+130E0,E13,E13,E-08-002,"A cat, seated, tail curled over the body towards the back.",Phonemogram,C
E014,130E1,U+130E1,E14,E14,E-06-003,"A hunting hound, standing, tail curling upwards.",Classifier dog/hound,C
E015,130E2,U+130E2,E15,E15,E-07-001,"A jackal, lying down, tail downwards.",Logogram (Anubis),C
E016,130E3,U+130E3,E16,E16,E-07-017,"A jackal, lying down, tail downwards, on top of a shrine.",Logogram (privy to the secrets),C
E016A,130E4,U+130E4,,E16AEXTU,E-07-020,"A jackal, lying down, tail downwards, with a flagellum (S45) on its back, on top of a shrine.",Classifier Anubis,C
E017,130E5,U+130E5,E17,E17,E-06-004,"A jackal, standing, tail down.",Phonemogram,C
E017A,130E6,U+130E6,E141,E141,E-06-015,"A jackal, standing, tail down, head looking backwards.",Phonemogram,C
E018,130E7,U+130E7,E18,E18,E-06-018,"A jackal, standing, tail down (E17), on top of a standard used for the carrying of religious symbols, with an uraeus at the front of the standard.",Logogram (Wepwawet),C
E019,130E8,U+130E8,,E19,E-06-022,"A jackal, standing, tail down (E17), on top of a standard used for the carrying of religious symbols, with an uraeus and šdšd-protuberance at the front of the standard, with a mace (T3) written horizontally over the vertical pole of the standard.",Classifier Wepwawet,C
E020,130E9,U+130E9,E20,E20,E-02-003,"The animal of Seth, seated, tail up.",Logogram (Seth),C
E020A,130EA,U+130EA,E147,E147,E-02-004,,,C
E021,130EB,U+130EB,E21,E21,E-02-009,"The animal of Seth, lying down, tail up.",Logogram (Seth),C
E022,130EC,U+130EC,E22,E22,E-17-001,"A lion, standing, tail downwards.",Classifier (lion),C
E023,130ED,U+130ED,E23,E23,E-17-011,"A lion, lying down, tail curled over the body towards the back.",Phonemogram,C
E024,130EE,U+130EE,E24,E24,E-18-001,"A panther or leopard, standing.",Classifier leopard,C
E025,130EF,U+130EF,E25,E25,E-14-003,A hippopotamus (Hippopotamus amphibius).,Classifier hippopotamus,C
E026,130F0,U+130F0,E26,E26,E-11-001,An elephant.,Classifier elephant,C
E027,130F1,U+130F1,E27,E27,E-12-002,A giraffe.,Classifier to fortell,C
E028,130F2,U+130F2,E28,E28,E-03-001,"An oryx, standing.",Classifier oryx,C
E028A,130F3,U+130F3,,US1E28AEXTU,E-03-005,"A basket with four pieces of grain or fruit (M39) in front of an oryx, standing (E28), on top of a parcel of land with irrigation ditches (N24).","Logogram (Oryx nome, 16th nome of Upper Egypt)",C
E029,130F4,U+130F4,E29,E29,E-03-028,"A gazelle, standing, with one horn visible.",Classifier gazelle,C
E030,130F5,U+130F5,E30,E30,E-10-013,A Nubian ibex (Capra nubiana).,Classifier ibex,C
E031,130F6,U+130F6,E187,E187,E-10-007,"A goat, standing, with a seal, attached to a neck string (S20) around its neck.","Logogram (rank, diginity)",C
E032,130F7,U+130F7,E32,E32,E-20-003,A hamadryas baboon (Papio hamadryas).,"Classifier rage, fury",C
E033,130F8,U+130F8,E33,E33,E-20-004,A monkey.,Classifier monkey,C
E034,130F9,U+130F9,,E34,E-16-006,"A desert hare, lying down, with whiskers.",Phonemogram,C
E034A,130FA,U+130FA,,,E-16-005,,,L
E036,130FB,U+130FB,,US248E35VARA,E-20-007,"A hamadryas baboon (Papio hamadryas), seated, hands on knees, tail upwards.",Logogram (Thot),C
E037,130FC,U+130FC,E45,E45,E-20-033,"A hamadryas baboon (Papio hamadryas), seated, hands on knees, tail upwards, in front of a sheath or receptacle with V shaped indentation at the top, bound at the top with a loop at the backside (V36G); on top of an alabaster basin with a diamond shaped inner marking (W3).",Logogram (symbol of the cycle of time),C
E038,130FD,U+130FD,E92,E92,E-23-055,,,C
F001,130FE,U+130FE,,F1,F-03-002,The head of a bovid (ox) with outwards curving horns.,"Classifier bull, ox, cattle",C
F001A,130FF,U+130FF,F63,F63,F-03-014,"The head of a bovid (cow), without horns, with an ear.",Phonemogram,C
F002,13100,U+13100,F2,F2,F-03-004,"The head of a bovid (bull), angled forward as if to attack.",Classifier rage/aggression,C
F003,13101,U+13101,F3,F3,F-07-001,The head of a hippopotamus.,Phonemogram,C
F004,13102,U+13102,F4,F4,F-08-006,"The forepart of a lion, lying down.","Logogram (beginning, front)",C
F005,13103,U+13103,F5,F5,F-06-011,The head of a bubalis antelope.,Phonemogram,C
F006,13104,U+13104,F6,F6,F-06-009,The forepart of a bubalis antelope.,Phonemogram,C
F007,13105,U+13105,F7,F7,F-02-004,"The head of a ram (Ovis longipes palaeo-aegyptiacus), with beard.","Classifier worth, dignity, renown",C
F008,13106,U+13106,F8,F8,F-02-009,"The forepart of a ram (Ovis longipes palaeo-aegyptiacus), with beard.","Logogram (worth, dignity, renown)",C
F009,13107,U+13107,F9,F9,F-08-001,The head of a leopard.,Logogram (strength),C
F010,13108,U+13108,F10,F10,F-05-004,"The head and neck of a long-necked horned animal, with a forked end to the neck with a horizontal line over the forked end.",Classifier throat associated action,C
F011,13109,U+13109,F11,F11,F-05-003,The head and neck of a long-necked horned animal.,Classifier throat associated action,C
F012,1310A,U+1310A,F12,F12,F-05-001,The head and neck of a canine animal.,Phonemogram,C
F013,1310B,U+1310B,F13,F13,F-11-001,The horns of a bovid (ox).,Phonemogram,C
F013A,1310C,U+1310C,,,F-11-003,,,L
F014,1310D,U+1310D,F14,F14,F-11-006,"A palm branch, stripped of leaves and notched with a round notch (M4), written within the horns of a bovid (F13).",Logogram (New Year's Day),C
F015,1310E,U+1310E,F15,F15,F-11-010,"A palm branch, stripped of leaves and notched with a round notch (M4), on top of a sun disk (N5), written within the horns of a bovid (F13). ",Logogram (New Year's Day),C
F016,1310F,U+1310F,F16,F16,F-13-001,A horn of a bovid,Logogram (horn),C
F017,13110,U+13110,F17,F17,F-13-009,"A vase on its side, with liquid issuing from it (W54), written over the horn of a bovid (F16).",Logogram purification,C
F018,13111,U+13111,F18,F18,F-14-001,A tusk of an elephant.,Phonemogram,C
F019,13112,U+13112,F19,F19,F-15-004,The lower jawbone of a bovid (ox).,Classifier jaw,C
F020,13113,U+13113,F20,F20,F-16-001,A tongue.,Logogram (tongue),C
F021,13114,U+13114,F21,F21,F-17-005,"The ear of a bovid (ox), without internal detail.",Logogram (ear),C
F021A,13115,U+13115,,Ff4,F-17-007,"The ear of a bovid (ox), without internal detail, with two strokes on the base.","Logogram to hear, to listen",C
F022,13116,U+13116,F22,F22,F-18-001,The hindquarters of a seated lion or leopard.,Phonemogram,C
F023,13117,U+13117,F23,F23,F-19-010,"A foreleg of a bovid (ox), hoof orientated towards the reading direction.",Classifier foreleg/arm,C
F024,13118,U+13118,F24,F24,F-19-009,"A foreleg of a bovid (ox), hoof orientated away from the reading direction.",Classifier foreleg/arm,L
F025,13119,U+13119,F25,F25,F-19-006,The leg and hoof of a bovid (ox).,Phonemogram,C
F026,1311A,U+1311A,F26,F26,F-20-001,The skin of a goat.,Phonemogram,C
F027,1311B,U+1311B,F27,F27,F-20-005,"The skin of a cow, with the tail curved backwards.",Classifier animal,C
F028,1311C,U+1311C,F28,F28,F-20-015,"The skin of a cow, with the tail hanging straight down.","Logogram (dappled, many-coloured)",C
F029,1311D,U+1311D,F29,F29,F-20-016,"The skin of a cow, with the tail hanging straight down, pierced by an arrow with rounded fletching (T11).",Phonemogram,C
F030,1311E,U+1311E,F30,F30,F-20-031,A water skin.,Phonemogram,C
F031,1311F,U+1311F,F31,F31,F-20-037,"Three skins of foxes, tied together at the top.",Phonemogram,C
F031A,13120,U+13120,,US22F31AEXTU,F-20-035,"A simplified representation of three skins of foxes, tied together at the top.",Phonemogram,C
F032,13121,U+13121,F32,F32,F-21-006,"The udder and tail of an animal, seen from below.","Logogram (belly, body)",C
F033,13122,U+13122,F33,F33,F-22-004,The tail of an animal.,Phonemogram,C
F034,13123,U+13123,,F34,F-23-001,A heart without internal detail.,"Logogram (heart, mind, wish)",C
F035,13124,U+13124,F35,F35,F-24-004,"A windpipe and heart, with a single horizontal stroke at the top.",Phonemogram,C
F036,13125,U+13125,F36,F36,F-24-008,A windpipe and lungs.,Phonemogram,C
F037,13126,U+13126,F37,F37,F-25-030,"A spine with four ribs, with a downward curving loop at the end of the spine.","Classifier spine, vertebrae",C
F037A,13127,U+13127,F37B,F37B,F-25-016,"A spine with four ribs, written at an angle.",Logogram (to cut),C
F038,13128,U+13128,,F38,F-25-005,"A piece of spine with three vertebrae, angling forwards.","Classifier back, backbone",C
F038A,13129,U+13129,,F38C,F-25-038,,,C
F039,1312A,U+1312A,F39,F39,F-25-033,"A spine, with the spinal cord hanging out at the backside, with two blocks at the bottom.",Phonemogram,C
F040,1312B,U+1312B,F40,F40,F-25-045,"A spine, with the spinal cord hanging out at either side.","Logogram (to be long, to stretch out)",C
F041,1312C,U+1312C,F41,F41,F-26-001,"A section of vertebrae, written vertically, with a small dot on top.",Classifier slaughter/evil,C
F042,1312D,U+1312D,F42,F42,F-26-006,A rib.,Classifier rib,C
F043,1312E,U+1312E,F43,F43,F-26-010,Ribs of beef.,Classifier ribs (meat of ribs),C
F044,1312F,U+1312F,F44,F44,F-27-001,A leg-bone with meat.,Phono-repeater,C
F045,13130,U+13130,F45,F45,D-32-011,The uterus of a cow.,"Logogram (uterus, womb)",C
F045A,13131,U+13131,Aa56,Aa56,AA-21-002,An object resembling a long vertical line with two pointed lines on top.,Phonemogram,C
F046,13132,U+13132,F46,F46,F-28-004,"An intestine, with the opening to the bottom right.","Logogram (to go round, to turn round)",C
F046A,13133,U+13133,F46A,F46A,F-28-001,"An intestine, with the opening to the top left.","Logogram (to go round, to turn round)",L
F047,13134,U+13134,F47,F47,F-28-003,"An intestine, with the opening to the bottom left.","Classifier winding, intestine",L
F047A,13135,U+13135,F47A,F47A,F-28-005,"An intestine, with the opening to the top right.","Logogram (to go round, to turn round)",L
F048,13136,U+13136,F48,F48,F-28-006,"An intestine, with the openings top left and bottom right.","Logogram (to go round, to turn round)",C
F049,13137,U+13137,F49,F49,F-28-007,"An intestine, with the openings top right and bottom left.",Phono-repeater,L
F050,13138,U+13138,F50,F50,F-28-013,"A folded piece of cloth (S29), written over an intestine, with the opening to the bottom right (F46).",Phonemogram,L
F051,13139,U+13139,F51,F51,F-29-003,"A piece of flesh, point towards the back, curving downwards.",Phonemogram,C
F051A,1313A,U+1313A,,,F-29-009,"Three pieces of flesh, point towards the back, curving downwards, arranged horizontally.",Classifier part of a body,L
F051B,1313B,U+1313B,,,F-29-010,"Three pieces of flesh, point towards the back, curving downwards, arranged vertically.","Logogram (limbs, body)",L
F051C,1313C,U+1313C,F51A,F51A,F-29-011,,,L
F052,1313D,U+1313D,F52,F52,F-30-001,A pile of excrement.,Classifier excrement,C
F053,1313E,U+1313E,F59,F59,F-02-021,"The head of a ram (Ovis longipes palaeo-aegyptiacus), with beard, on top of a staff with a forked end.",Phonemogram,C
G001,1313F,U+1313F,G1,G1,G-26-001,An Egyptian vulture (Neophron percnopterus).,Phonemogram,C
G002,13140,U+13140,G2,G2,G-26-004,"Two Egyptian vultures (Neophron percnopterus), overlapping each other.",Phonemogram,C
G003,13141,U+13141,G3,G3,G-26-022,"An Egyptian vulture (Neophron percnopterus) (G1), written over a sickle (U1), with the handle towards the back.",Phonemogram,L
G004,13142,U+13142,G4,G4,G-02-003,A long-legged buzzard (Buteo rufinus).,Phonemogram,C
G005,13143,U+13143,G5,G5,G-12-002,A falcon.,Logogram (Horus),C
G006,13144,U+13144,G6,G6,G-12-005,A falcon (G5) with a flagellum (S45) on its back.,Classifier falcon,C
G006A,13145,U+13145,G139,G139,G-12-144,A falcon (G5) on top of a wickerwork basket (V30).,Logogram (lord),C
G007,13146,U+13146,G7,G7,G-12-047,"A falcon (G5), on top of a standard used for carrying religious symbols (R12).",Classifier divine beings/divine things,C
G007A,13147,U+13147,G7A,G7A,G-12-132,"A falcon (G5), on top of a moon sickle shaped boat.",Logogram (Nemty (divinity)),C
G007B,13148,U+13148,G7B,G7B,G-12-133,"A falcon (G5), on top of a moon sickle shaped boat, which rests upon a pedestal (P15).",Logogram nmty (Nemty (divinity)),C
G008,13149,U+13149,G8,G8,G-12-148,"A falcon (G5), on top of a collar of beads (S12).",Logogram (golden Horus),C
G009,1314A,U+1314A,G9,G9,G-12-015,A falcon (G5) with a sun disk (N5) on its head.,Logogram (Re-Hor (usually in rꜥ-ḥr-ꜣḫ.ty),C
G010,1314B,U+1314B,G10,G10,G-12-151,"A falcon (G5), on top of a moon-sickle shaped boat with a higher prow than stern, with a rudder, with the head of an antelope (F81) on top of the prow, facing inwards, with a downward line with multiple horizontal lines written over it coming from the head, on top of a sledge (P60B).",Classifier bark of Sokar,C
G011,1314C,U+1314C,G11,G11,G-15-001,An archaic image of a falcon/cult image of a falcon.,Classifier cult image,C
G011A,1314D,U+1314D,,G11A,G-15-002,,,C
G012,1314E,U+1314E,G12,G12,G-15-003,"An archaic image of a falcon/cult image of a falcon, with a flagellum (S45) on its back.",Classifier cult image,C
G013,1314F,U+1314F,G13,G13,G-15-012,"An archaic image of a falcon/cult image of a falcon, wearing a headdress consisting of two plumes (S9).",Classifier falcon divinity,C
G014,13150,U+13150,G14,G14,G-24-001,A griffon vulture (Gyps fulvus).,Logogram (mother),C
G015,13151,U+13151,G15,G15,G-24-018,"A griffon vulture (Gyps fulvus), with a flagellum (S45) on its back.",Logogram (mother),C
G016,13152,U+13152,G16,G16,G-24-029,"A griffon vulture (Gyps fulvus), on top of a wickerwork basket (V30), in front of a cobra (Naja haje), standing up, with expanded hood (uraeus), with a coiled tail (I12), upon a wickerwork basket (V30).",Logogram (the two ladies (i.e. Nekhbet and Wadjet),L
G017,13153,U+13153,G17,G17,G-09-001,An owl.,Phonemogram,C
G018,13154,U+13154,G18,G18,G-09-006,"Two owls, overlapping each other.",Phonemogram,C
G019,13155,U+13155,G19,G19,G-09-023,,,L
G020,13156,U+13156,G20,G20,G-09-008,"A forearm, with the palm of the hand facing upwards (D36), written over an owl (G17).",Phonemogram,L
G020A,13157,U+13157,G90,G90,G-09-013,"A mouth (D21), written over an owl (G17).",Phonemogram,L
G021,13158,U+13158,G21,G21,G-22-002,"A saharan helmeted guinea fowl (Numida m. meleagris), with a lappet.",Phonemogram,C
G022,13159,U+13159,,,G-17-001,A hoopoe (Upupa epops).,Phonemogram,C
G023,1315A,U+1315A,G23,G23,G-23-001,A lapwing (Vanellus cristatus).,"Logogram (common folk, subjects, people)",C
G024,1315B,U+1315B,G24,G24,G-23-005,"A lapwing (Vanellus cristatus), legs drawn towards the body, wings extended above the body.","Logogram (common folk, subjects, people)",C
G025,1315C,U+1315C,G25,G25,G-11-081,A crested ibis (Ibis comata).,Phonemogram,C
G026,1315D,U+1315D,G26,G26,G-11-089,"An African sacred ibis (Threskiornis aethiopicus) (G26A), on top of a standard used for carrying religious symbols (R12).",Logogram (Thot),C
G026A,1315E,U+1315E,G26A,G26A,G-11-085,An African sacred ibis (Threskiornis aethiopicus).,Classifier ibis,C
G027,1315F,U+1315F,G27,G27,G-11-001,A greater flamingo (Phoenicopterus roseus).,Logogram (to be red),C
G028,13160,U+13160,G28,G28,G-11-008,A black ibis (Plegadis falcinellus).,Phonemogram,C
G029,13161,U+13161,G29,G29,G-11-011,"A saddle-billed stork (Ephippiorhynchus senegalensis), with lappet.",Phonemogram,C
G030,13162,U+13162,G30,G30,G-11-018,"Three saddle-billed storks (Ephippiorhynchus senegalensis), overlapping each other, the first bird having a lappet.",Logogram (souls),C
G031,13163,U+13163,G31,G31,G-11-050,A gray heron (Ardea cinerea).,Classifier heron,C
G032,13164,U+13164,G32,G32,G-11-061,"A gray heron (Ardea cinerea), legs drawn towards the body, seated on a pole, held upright through ropes (R91).",Logogram (to inundate),C
G033,13165,U+13165,G33,G33,G-11-028,A cattle egret (Bubulcus ibis).,Phonemogram,C
G034,13166,U+13166,G34,G34,G-01-001,"An ostrich (Struthio camelus), with both wings upwards.",Classifier ostrich,C
G035,13167,U+13167,G35,G35,G-10-001,A great cormorant (Phalacrocorax carbo).,Phonemogram,C
G036,13168,U+13168,G36,G36,G-16-002,A swallow (Hirundo rustica savignii).,Phonemogram,C
G036A,13169,U+13169,,,G-16-003,,,L
G037,1316A,U+1316A,G37,G37,G-16-013,A house sparrow (Passer domesticus niloticus).,"Classifier negative, bad",C
G037A,1316B,U+1316B,,,G-16-014,,,L
G038,1316C,U+1316C,G38,G38,G-08-001,A greater white-fronted goose (Anser albifrons).,Phonemogram,C
G039,1316D,U+1316D,G39,G39,G-04-001,A pintail duck (Anas acuta).,Logogram (son),C
G040,1316E,U+1316E,G40,G40,G-05-001,"A greater white-fronted goose (Anser albifrons), flying, with a wing at either side of its body.",Phonemogram,C
G041,1316F,U+1316F,G41,G41,G-05-010,"A greater white-fronted goose (Anser albifrons), alighting or flying up, with both wings behind the body.",Phonemogram,C
G042,13170,U+13170,G42,G42,G-07-003,A widgeon (Mareca penelope).,Phonemogram,C
G043,13171,U+13171,G43,G43,G-03-001,A quail chick (Coturnix coturnix).,Phonemogram,C
G043A,13172,U+13172,,,G-03-018,"A half round loaf of bread (X1), written in front of a quail chick (G43).",Phonemogram,L
G044,13173,U+13173,G44,G44,G-03-003,"Two quail chicks (Coturnix coturnix), overlapping each other.",Phonemogram,C
G045,13174,U+13174,G45,G45,G-03-005,"A forearm, with the palm of the hand facing upwards (D36), written over a quail chick (G43).",Phonemogram,L
G045A,13175,U+13175,G247,G247,G-03-007,"A forearm with the hand holding a conical loaf of bread (D37), written over a quail chick (G43).",Phonemogram,L
G046,13176,U+13176,G46,G46,G-03-025,"A quail chick (G43), written over a sickle (U1).",Phonemogram,L
G047,13177,U+13177,G47,G47,G-20-006,"A duckling, with open beak, outstretched wings on either side of the body, and the legs drawn towards the body.",Phonemogram,C
G048,13178,U+13178,G48,G48,G-20-023,"Three ducklings, with open beaks, outstretched wings on either side of the body, and the legs drawn towards the body (G47), inside a nest.",Classifier nest,C
G049,13179,U+13179,,,G-20-030,,,C
G050,1317A,U+1317A,G50,G50,G-04-011,"Two plovers, overlapping each other.",Phonemogram,C
G051,1317B,U+1317B,G51,G51,G-11-043,"A cattle egret (Bubulcus ibis), pecking and standing upon a fish with a long broad fin on its back, and two small fins on its belly.",Classifier catching fish,C
G052,1317C,U+1317C,G52,G52,G-08-020,"A goose, standing, with its head downwards, as if it is picking up food","Classifier feeding, eating",C
G053,1317D,U+1317D,G53,G53,G-18-004,"A bowl for incense with smoke rising from the bowl (R7), written in front of the legs of a human headed bird (G53A).",Logogram (soul),C
G054,1317E,U+1317E,G54,G54,G-08-016,"A trussed and plucked goose or duck, with the head backwards below its body.",Phonemogram,C
H001,1317F,U+1317F,H1,H1,H-03-001,The head of a pintail duck (Anas acuta).,"Logogram (bird, fowl)",C
H002,13180,U+13180,H2,H2,H-04-005,The head of a gray heron (Ardea cinerea).,Phono-repeater,C
H003,13181,U+13181,H3,H3,H-05-001,The head of a spoonbill (Platalea leucorodia).,Phonemogram,C
H004,13182,U+13182,H4,H4,H-06-003,"The head of a griffon vulture (Gyps fulvus), with a backwards curved neck.",Classifier people,C
H005,13183,U+13183,H5,H5,H-07-005,The fully extended wing of a bird.,Classifier wing,C
H006,13184,U+13184,H6,H6,H-08-001,A feather.,Phonemogram,C
H006A,13185,U+13185,H6A,H6A,H-08-003,A feather with tow upwards angled ticks on the front.,Phonemogram,C
H007,13186,U+13186,H7,H7,H-09-004,"The claw of a bird, with two frontal digits visible.",Classifier claw,C
H008,13187,U+13187,H8,H8,H-10-001,An egg.,Logogram (son),C
I001,13188,U+13188,I1,I1,I-01-001,A lizard or gecko.,Phonemogram,C
I002,13189,U+13189,I2,I2,I-02-001,A freshwater turtle.,Classifier turtle,C
I003,1318A,U+1318A,I3,I3,I-03-001,A Nile crocodile (Crocodylus niloticus).,Classifier aggression,C
I004,1318B,U+1318B,I4,I4,I-03-043,A Nile crocodile (Crocodylus niloticus) on top of a shrine.,Classifier Sobek,C
I005,1318C,U+1318C,I5,I5,I-03-038,"A Nile crocodile (Crocodylus niloticus) with its tail curved forward, below the body.",Logogram (to gather),C
I005A,1318D,U+1318D,I5A,I5A,I-03-003,A cult image of a crocodile.,Classifier Sobek,C
I006,1318E,U+1318E,,I6,I-04-008,"A piece of crocodile skin with horizontal spines, or tail of a crocodile.",Phonemogram,C
I007,1318F,U+1318F,I7,I7,I-05-001,A frog or toad.,Classifier divinity,C
I008,13190,U+13190,I8,I8,I-05-004,A tadpole.,Logogram (one hundred thousand),C
I009,13191,U+13191,I9,I9,I-07-002,A horned desert viper (Cerastes cerastes).,Phonemogram,C
I009A,13192,U+13192,I24,I24,I-07-009,"A horned desert viper (Cerastes cerastes) (I9), coming out of an open rectangle, with the top line shorter than the bottom line.",Logogram (to go forth),C
I010,13193,U+13193,I10,I10,I-09-001,A cobra in repose (Naja haje).,Phonemogram,C
I010A,13194,U+13194,I31,I31,I-09-013,"A cobra in repose (Naja haje) (I10), with a feather (H6) on its back, angling backwards.",Phonemogram,C
I011,13195,U+13195,I11,I11,I-09-005,"Two cobras in repose (Naja haje), overlapping each other.",Phonemogram,C
I011A,13196,U+13196,,,I-09-021,A half round loaf of bread (X1) above a strip of land (N17); written below a cobra in repose (Naja haje) (I10).,Logogram (eternity),L
I012,13197,U+13197,I12,I12,I-11-049,"A cobra (Naja haje), standing up, with expanded hood (uraeus), with a coiled tail.",Classifier female divinity,C
I013,13198,U+13198,I13,I13,I-11-053,"A cobra (Naja haje), standing up, with expanded hood (uraeus), with a coiled tail (I12), upon a wickerwork basket (V30).",Classifier female divinity (Wadjet),C
I014,13199,U+13199,I14,I14,I-13-004,"A snake with a coiled tail, consisting of two coils.","Classifier coiling, winding",C
I015,1319A,U+1319A,I15,I15,I-13-003,"A cobra (Naja haje), standing up, with expanded hood (uraeus), with a coiled tail, consisting of two coils.",Classifier snake/uraeus,C
K001,1319B,U+1319B,K1,K1,K-01-001,A Nile tilapia (Oreochromis niloticus).,Phonemogram,C
K002,1319C,U+1319C,K2,K2,K-01-006,A fish (Labeobarbus bynni),Phono-repeater,C
K003,1319D,U+1319D,K3,K3,K-01-015,A mullet (Mugil cephalus).,Logogram (fish),C
K004,1319E,U+1319E,K4,K4,K-01-029,A freshwater elephant fish (Mormyrus kannume).,Phonemogram,C
K005,1319F,U+1319F,K5,K5,K-01-004,"A fish with a long broad fin on its back, and two small fins on its belly.",Phono-repeater,C
K006,131A0,U+131A0,K6,K6,K-02-008,The scale of a fish.,Logogram (scale),C
K007,131A1,U+131A1,K7,K7,K-01-008,A fahaka puffer fish (Tetrodon fahaka).,"Classifier rage, anger",C
K008,131A2,U+131A2,K13,K13,K-01-011,An electric catfish (Malapterurus electricus).,Classifier catfish,C
L001,131A3,U+131A3,L1,L1,L-01-001,"A dung beetle, scarab (scarabaeus sacer).",Logogram (to become),C
L002,131A4,U+131A4,L2,L2,L-02-002,A bee.,Logogram (king of Lower Egypt),C
L002A,131A5,U+131A5,,,L-02-005,"A sedge (M23) written above a half round loaf of bread (X1), in front of a bee (L2) written above a half round loaf of bread (X1).",Logogram (king of Upper Egypt and Lower Egypt),L
L003,131A6,U+131A6,L3,L3,L-02-007,,,C
L004,131A7,U+131A7,L4,L4,L-03-001,A common locust.,Classifier locust,C
L005,131A8,U+131A8,L5,L5,L-05-001,A centipede.,Classifier centipede,C
L006,131A9,U+131A9,L6,L6,L-07-006,A bivalve shell.,Phonemogram,C
L006A,131AA,U+131AA,,,L-07-007,,,L
L007,131AB,U+131AB,L7,L7,L-06-005,A water scorpion (nep cinerea).,Classifier scorpion,C
L008,131AC,U+131AC,,L8,L-07-004,"A click beetle (Lanelater Notodonta), without legs.",Logogram/phonemogram (type of beetle),C
M001,131AD,U+131AD,M1,M1,M-01-001,A tree.,"Classifier tree, product of a tree",C
M001A,131AE,U+131AE,M1A,M1A,M-01-008,"A branch, horizontally written (M3), written over a tree (M1).",Classifier product of a tree,L
M001B,131AF,U+131AF,M48,M1E M48,M-01-006,"A horned desert viper (Cerastes cerastes), written over a tree (M1).",Phonemogram,L
M002,131B0,U+131B0,M2,M2,M-03-001,"A herb, with three flowers or leaves, curving upwards, with the middle flower/leaf higher than the other two.",Phonemogram,C
M003,131B1,U+131B1,M3,M3,M-04-001,"A branch, horizontally written.",Phonemogram,C
M003A,131B2,U+131B2,,M3A,G-09-025,"A branch, horizontally written (M3), over an owl (G17).",Phonemogram,L
M004,131B3,U+131B3,M4,M4,M-05-001,"A palm branch, stripped of leaves and notched with a round notch.",Logogram (year),C
M005,131B4,U+131B4,M5,M5,M-05-024,"A palm branch, stripped of leaves and notched with a round notch (M4), on top of a half round loaf of bread (X1).",Logogram (time/season),C
M006,131B5,U+131B5,M6,M6,M-05-015,"A palm branch, stripped of leaves and notched with a round notch (M4), on top of a mouth (D21).",Logogram (time/season),C
M007,131B6,U+131B6,M7,M7,M-05-025,"A palm branch, stripped of leaves and notched with a round notch (M4), on top of a stool made of reed matting (Q3).","Classifier youth, vigour, fresh",C
M008,131B7,U+131B7,M8,M8,M-06-023,"A pool with lotus flowers, consisting of three flowers and two buds.",Phonemogram,C
M009,131B8,U+131B8,M9,M9,M-08-025,"A lotus flower, with the flower facing forward, and the stem facing downward.",Classifier lotus flower,C
M010,131B9,U+131B9,M10,M10,M-07-001,"A lotus bud, with the bud facing forward, and the stem facing downward.",Classifier lotus bud,C
M010A,131BA,U+131BA,M72,M72,M-07-005,"A lotus bud with a long stalk, folded under itself.",Classifier offering,C
M011,131BB,U+131BB,M11,M11,M-10-001,"A lotus flower, facing forwards, with a long-twisted stalk, which is folded under itself.",Logogram (to offer),C
M012,131BC,U+131BC,M12,M12,M-11-002,"A leaf, stem and root of a lotus plant.",Phonemogram,C
M012A,131BD,U+131BD,,,M-11-041,,\2000,C
M012B,131BE,U+131BE,,,M-11-043,,\3000,C
M012C,131BF,U+131BF,,,M-11-044,,\4000,C
M012D,131C0,U+131C0,,,M-11-046,,\5000,C
M012E,131C1,U+131C1,,,M-11-047,,\6000,C
M012F,131C2,U+131C2,,,M-11-048,,\7000,C
M012G,131C3,U+131C3,,,M-11-049,,\8000,C
M012H,131C4,U+131C4,,,M-11-050,,\9000,C
M013,131C5,U+131C5,M13,M13,M-12-006,A stem of papyrus with a bud.,Phonemogram,C
M014,131C6,U+131C6,M14,M14,M-12-021,"A cobra in repose (Naja haje, I10), written over a stem of papyrus with a bud (M13).",Phonemogram,L
M015,131C7,U+131C7,M15,M15,M-13-018,"A clump of three papyrus flowers, with two buds bent down.",Logogram (Lower Egypt),C
M015A,131C8,U+131C8,M139,M139,M-13-021,"Three thin stems of papyrus with a bud, with two buds bent down; on top of a plan of a crossroads in a village (O49).",Logogram (Lower Egypt),C
M016,131C9,U+131C9,M16,M16,M-13-003,A clump of three papyrus flowers.,Phonemogram,C
M016A,131CA,U+131CA,M139B,M139B,M-13-009,"Three thin stems of papyrus with a bud, on top of a plan of a crossroads in a village (O49).",Logogram (Lower Egypt),C
M017,131CB,U+131CB,M17,M17,M-14-001,A flowering reed.,Phonemogram,C
M017A,131CC,U+131CC,,,M-14-003,"Two flowering reeds, arranged horizontally.",Phonemogram,C
M018,131CD,U+131CD,M18,M18,M-14-012,"A flowering reed (M17), on top of legs in a walking posture, feet orientated towards the reading direction (D54).",Phonemogram/logogram (to come),C
M019,131CE,U+131CE,M19,M19,M-14-017,"A flowering reed (M17) and a club used by washermen for beating laundry as part of the cleaning process (U36), connected by a network consisting of four horizontal lines and three lines going from bottom corner to top corner.",Phonemogram,C
M020,131CF,U+131CF,M20,M20,M-15-001,A field of reeds with three flowering reeds and three stumps.,"Logogram (marshland, country)",C
M021,131D0,U+131D0,M21,M21,M-15-007,A field of reeds with three flowering reeds and a downward loop at the far end.,"Logogram (herb, plant)",C
M022,131D1,U+131D1,M22,M22,M-16-002,A rush with two shoots.,Phonemogram,C
M022A,131D2,U+131D2,,,M-16-005,"Two rushes with two shoots (M22), arranged horizontally.",Phonemogram,C
M023,131D3,U+131D3,M23,M23,M-16-016,A sedge.,Logogram (king of Upper Egypt),C
M024,131D4,U+131D4,M24,M24,M-16-026,"A sedge (M23), written on top of a mouth (D21).",Phonemogram,C
M024A,131D5,U+131D5,M127,M127,M-12-030,A stem of papyrus with a flowering bud.,Logogram (land),C
M025,131D6,U+131D6,M25,M25,M-16-058,"A desert plant, with four branches, with flowers on every branch (M26A), written on top of a mouth (D21).",Logogram (Upper Egypt),C
M026,131D7,U+131D7,M26,M26,M-16-046,"A desert plant, with four branches, with flowers on every branch, on a horizontal base.",Logogram (Upper Egypt),C
M027,131D8,U+131D8,M27,M27,M-16-053,"A forearm, with the palm of the hand facing upwards (D36), written over a desert plant, with four branches, with flowers on every branch, on a horizontal base. (M26).",Logogram (Upper Egypt),L
M028,131D9,U+131D9,M28,,M-16-056,"A desert plant, with four branches, with flowers on every branch (M26A), written on top of a hobble for cattle without a crossbar (V20).",Logogram (the 10 of Upper Egypt),C
M028A,131DA,U+131DA,M140B,M140B,M-13-010,"Three thin stems of papyrus with a flowering bud, on top of a plan of a crossroads in a village (O49).",Logogram (Upper Egypt),C
M029,131DB,U+131DB,M29,M29,M-17-003,A pod of a carob (Ceratonia siliqua) tree.,Logogram (to be sweet),C
M030,131DC,U+131DC,M30,M30,M-18-001,A root.,Logogram (to be sweet),C
M031,131DD,U+131DD,M31,M31,M-19-001,"A rhizome of a lotus, resembling vertical lines coming from a vessel.",Classifier growing,C
M031A,131DE,U+131DE,,US1M31AEXTU,M-19-006,"Either a tree growing in a pot, or a rhizome of a lotus, with a leaf coming from it.",Classifier growing,C
M032,131DF,U+131DF,M32,M32,M-18-012,"A rhizome of a lotus, with two shoots at the bottom.",Classifier growing,C
M033,131E0,U+131E0,M33,M33,M-20-004,"Three grains of corn, arranged horizontally.","Logogram (grain, barley, corn)",C
M033A,131E1,U+131E1,M33A,M33A,M-20-005,"Three grains of corn, arranged vertically.","Classifier grain, barley, corn",L
M033B,131E2,U+131E2,,,M-20-006,"Three grains of corn, arranged in a triangular form, with a single grain at the bottom.","Classifier grain, barley, corn",L
M034,131E3,U+131E3,M34,M34,M-21-001,An ear of corn.,Logogram (emmer),C
M035,131E4,U+131E4,M35,M35,M-20-007,A heap of corn.,"Classifier heap, quantity",C
M036,131E5,U+131E5,M36,M36,M-22-016,"A bundle of flax stems, bound together with string, loop and tie at the back, with the bolls visible on the top, squared at the bottom.",Phonemogram,C
M037,131E6,U+131E6,M37,M37,M-22-012,"A bundle of flax stems, bound together with string near the top of the bundle.",Phonemogram,C
M038,131E7,U+131E7,M38,M38,M-22-013,"A bundle of flax stems, bound together with string near the bottom of the bundle.",Classifier flax,C
M039,131E8,U+131E8,M39,M39,M-23-001,A basket with four pieces of grain or fruit.,Classifier granular product,C
M040,131E9,U+131E9,M40,M40,M-24-001,"A vertical bundle of reeds, tied together, with the ties at the front",Phonemogram,C
M040A,131EA,U+131EA,,US1M40AEXTU,M-24-004,"A vertical bundle of reeds, tied together, with the ties resembling a triangle.",Phonemogram,C
M041,131EB,U+131EB,M41,M41,M-25-001,A log of wood.,Classifier wood/timber,C
M042,131EC,U+131EC,M42,M42,M-08-038,A flower with four petals.,Phonemogram,C
M043,131ED,U+131ED,M43,M43,M-26-005,"A vine with fruits on two forked supports, with the back of the vine descending down, into a basket or vessel.",Logogram (wine),C
M044,131EE,U+131EE,M44,M44,M-27-002,A thorn.,Phonemogram,C
N001,131EF,U+131EF,N1,N1,N-01-001,The sky.,Logogram (sky),C
N002,131F0,U+131F0,N2,N2,N-01-022,The sky with a sceptre with a forked end hanging from it.,Classifier night,C
N003,131F1,U+131F1,N3,N3,N-01-023,The sky with a sceptre with a cone at the end hanging from it.,Classifier night,C
N004,131F2,U+131F2,N4,N4,N-01-028,"The sky, with lines of moisture coming from it.",Classifier storm,C
N005,131F3,U+131F3,N5,N5,N-02-001,"The sun, within a halo.","Logogram (the sun, Re)",C
N006,131F4,U+131F4,N6,N6,N-03-003,"The sun within a halo, encircled by a cobra (Naja haje), standing up, with expanded hood (uraeus).","Logogram (the sun, Re)",C
N007,131F5,U+131F5,N7,N7,N-04-015,The sun disk upon a butcher's block.,"Logogram (course (of the day), daily requirements)",C
N008,131F6,U+131F6,,,N-04-016,"The sun, with three beams of sunlight coming from it.","Classifier light, shining, rising",C
N009,131F7,U+131F7,N9,N9,N-07-001,"The moon, with one half obscured.",Phonemogram,C
N010,131F8,U+131F8,N10,N10,N-07-006,"The moon, partly obscured to form a crescent at the top of the circle.",Phonemogram,C
N011,131F9,U+131F9,N11,N11,N-06-001,A crescent moon.,Logogram (month),C
N012,131FA,U+131FA,N12,N12,N-06-005, A crescent moon with a part of the moon disc.,Classifier moon,C
N013,131FB,U+131FB,,N13,N-08-008,"The back half of a crescent moon (N63A), written over a star (N14).",Logogram (half-month (festival)),C
N014,131FC,U+131FC,N14,N14,N-08-001,A star.,Logogram (star),C
N015,131FD,U+131FD,N15,N15,N-08-005,"A star, within a circle.",Classifier (netherworld),C
N016,131FE,U+131FE,N16,N16,N-09-027,"A strip of land, with three grains of sand written beneath it.",Logogram (land),C
N017,131FF,U+131FF,N17,N17,N-09-002,A strip of land.,Logogram (land),C
N018,13200,U+13200,N18,N18,N-09-011,An oval of sand.,Logogram (island),C
N018A,13201,U+13201,,,N-19-011,"A ripple of water (N35), written within an oval.",Phonemogram,C
N018B,13202,U+13202,,,N-09-029,,,L
N019,13203,U+13203,N19,N19,N-09-012,"Two ovals of sand, arranged vertically.",Logogram (horizon-dweller),C
N020,13204,U+13204,N20,N20,N-10-011,A long tongue of land.,Classifier riverbank,C
N021,13205,U+13205,N21,N21,N-10-001,A tongue of land.,Logogram (riverbank),C
N022,13206,U+13206,N22,N22,N-10-015,A tongue of land with a vertical line at the front.,Logogram (riverbank),C
N023,13207,U+13207,N23,N23,N-11-002,An irrigation canal.,Classifier geographical location,C
N024,13208,U+13208,N24,N24,N-11-007,A parcel of land with irrigation ditches.,"Logogram (nome, district)",C
N025,13209,U+13209,N25,N25,N-13-001,The hill country over the edge of the cultivated areas.,"Classifier foreign land, desert",C
N025A,1320A,U+1320A,,,N-13-002,,,L
N026,1320B,U+1320B,N26,N26,N-13-014,A sand covered mountain over the edge of the cultivated areas.,Phonemogram,C
N027,1320C,U+1320C,N27,N27,N-15-002,The sun rising over a sand covered mountain over the edge of the cultivated areas.,Logogram (horizon),C
N028,1320D,U+1320D,N28,N28,N-16-001,A hill with a halo of sun rays behind it.,Phonemogram,C
N029,1320E,U+1320E,N29,N29,N-17-001, A sandy hill slope.,Phonemogram,C
N030,1320F,U+1320F,N30,N30,N-17-004,A hill with shrubs.,"Logogram hill, mound",C
N031,13210,U+13210,N31,N31,N-18-003,"A road with two shrubs at the top, and one at the bottom.",Logogram (road),C
N032,13211,U+13211,N32,N32,N-22-001,A lump of clay.,Classifier clay,C
N033,13212,U+13212,N33,N33,N-14-006,A grain of sand.,"Classifier medicaments, incense, oil",C
N033A,13213,U+13213,N33A,N33A,N-14-002,Three grains of sand that are horizontally aligned to each other.,"Classifier medicaments, incense, oil",C
N034,13214,U+13214,N34,N34,N-22-002,An ingot of metal.,Classifier metal objects,C
N034A,13215,U+13215,,,N-22-003,A slightly less broad ingot of metal.,Logogram (metal),L
N035,13216,U+13216,N35,N35,N-19-001,A ripple of water.,Phonemogram,C
N035A,13217,U+13217,N35A,N35A,N-19-002,"Three ripples of water, vertically aligned above one another.",Logogram (water),C
N036,13218,U+13218,N36,N36,N-20-001,A canal.,Phonemogram,C
N037,13219,U+13219,N37,N37,N-20-018,A rectangular pool.,Phonemogram,C
N037A,1321A,U+1321A,,N37A,N-20-022,"A rectangular pool, with two diagonal strokes written inside.",Phonemogram,C
N038,1321B,U+1321B,N38,N38,N-20-019,A rectangular pool with sloping sides.,Phonemogram,C
N039,1321C,U+1321C,N39,N39,N-20-031,"A rectangular pool, with vertical ripples of water written within it.",Phonemogram,C
N040,1321D,U+1321D,N40,N40,N-20-033,"A rectangular pool (N37), on top of legs in a walking posture, feet orientated towards the reading direction (D54).",Logogram (to go),C
N041,1321E,U+1321E,N41,N41,N-21-001,A well with a ripple of water.,Phonemogram,C
N042,1321F,U+1321F,N42,N42,N-21-004,A well with a straight line of water.,Phonemogram,C
NL001,13220,U+13220,,NL1,O-05-121,"A wall, written vertically, with battlements on the corners, and one in the middle of the long sides (O36), in front of a mace with a pear-shaped head, written vertically (T3); on top of a standard used for carrying religious symbols (R12), written on top of a parcel of land with irrigation ditches (N24).",Logogram (Memphis (the white wall; first nome of Lower Egypt)),C
NL002,13221,U+13221,,NL2,F-19-029,"The thigh of a bovid (ox), on top of a standard used for the carrying of religious symbols (R12) on top of a parcel of land with irrigation ditches (N24).",Logogram (2nd nome of Lower Egypt),C
NL003,13222,U+13222,,NL3,G-12-156,"A feather (H6), in front of a falcon (G5), on top of a standard used for carrying religious symbols (R12), on top of a parcel of land with irrigation ditches (N24).","Logogram (West, 3rd nome of Lower Egypt)",C
NL004,13223,U+13223,,NL4,T-07-037,"A shield with a rounded top, with two arrows crossed over it, fletching upwards (T62) in front of a sedge written on top of a mouth (M24); on top of a standard used for carrying religious symbols (R12), on top of a parcel of land with irrigation ditches (N24).","Logogram (Neith-South, 4th nome of Lower Egypt)",C
NL005,13224,U+13224,,NL5,T-07-035,"A shield with a rounded top, with two arrows crossed over it, fletching upwards (T62), in front of a clump of three papyrus flowers, with two buds bent down (M15); on top of a standard used for carrying religious symbols (R12), on top of a parcel of land with irrigation ditches (N24).","Logogram (Neith-North, 5th nome of Lower Egypt)",C
NL005A,13225,U+13225,,NL5A,T-07-036,"A shield with a rounded top, with two arrows crossed over it, fletching upwards (T62) in front of a whip with a loop at the front (V23A) on top of a half round loaf of bread (X1); on top of a standard used for carrying religious symbols (R12), on top of a parcel of land with irrigation ditches (N24).","Logogram (Neith-North, 5th nome of Lower Egypt)",C
NL006,13226,U+13226,,NL6,E-23-048,"A sand covered mountain over the edge of the cultivated areas (N26), in front of a bovid (bull), standing (E1), on top of a standard used for the carrying of religious symbols (R12) on top of a parcel of land with irrigation ditches (N24).",Logogram (6th nome of Lower Egypt),C
NL007,13227,U+13227,,NL7,T-13-071,"An one-barbed harpoon, with handle, written horizontally (T21), on top of a crescent moon shape, connected by three lines, in front of a feather (H6), angled forwards on top of a standard with a round top, with an short vertical line beside the main pole (R14); on top of a standard used for carrying religious symbols (R12), written on top of a parcel of land with irrigation ditches (N24).",Logogram (7th nome of Lower Egypt),C
NL008,13228,U+13228,,NL8,T-13-072,"An one-barbed harpoon, with handle, written horizontally (T21), on top of a crescent moon shape, connected by three lines, in front of a spear made into a standard, with a circle on either side of the spear tip, with a loop over the standard (Jsesh/Gardiner R15); on top of a standard used for carrying religious symbols (R12), written on top of a parcel of land with irrigation ditches (N24).",Logogram (8th nome of Lower Egypt),C
NL009,13229,U+13229,,NL9,C-32-014,"Man/god, standing, with a double plume/feather headdress, right arm forward, hand at the height of the shoulder, holding a crook (S38) of the size of the man, left arm hanging beside the body, holding a flagellum (S45) horizontally; on top of a standard used for the carrying of religious symbols (R12) on top of a parcel of land with irrigation ditches (N24).",Logogram (9th nome of Lower Egypt),C
NL010,1322A,U+1322A,,NL10,E-23-049,"A piece of crocodile skin with horizontal spines, or tail of a crocodile (I6), in front of a bovid (bull), standing; on top of a standard used for the carrying of religious symbols (R12), on top of a parcel of land with irrigation ditches (N24).",Logogram (10th nome of Lower Egypt),C
NL011,1322B,U+1322B,,NL11,E-23-050,"A pustule or gland, or a packet of mummy bandages (Aa2), in front of a bovid (bull), standing (E1); on top of a standard used for the carrying of religious symbols (R12), on top of a parcel of land with irrigation ditches (N24).",Logogram (11th nome of Lower Egypt),C
NL012,1322C,U+1322C,,NL12,E-23-051,"A newborn bubalis antelope, lying down, legs folded beneath the body, long tail downwards (E9), in front of a bovid (bull), standing (E1); on top of a standard used for the carrying of religious symbols (R12), on top of a parcel of land with irrigation ditches (N24).",Logogram (12th nome of Lower Egypt),C
NL013,1322D,U+1322D,,NL13,N-11-044,"A double forked tool for the mending of nets, with a broad middle section (V26), written vertically, in front of a crook (S38); on top of a standard used for carrying religious symbols (R12), written on top of a parcel of land with irrigation ditches (N24).",Logogram (13th nome of Lower Egypt),C
NL014,1322E,U+1322E,,NL14,N-11-036,"A schematic representation of three sealed water pots in a rack, without horizontal line at the bottom, with the downward lines descending to the bottom (W017A), in front of a spear made into a standard, with a circle on either side of the spear tip, with a loop over the standard (Jsesh R15); on top of a standard used for carrying religious symbols (R12), written on top of a parcel of land with irrigation ditches (N24).",Logogram (14th nome of Upper Egypt),C
NL015,1322F,U+1322F,,NL15,G-11-107,"An African sacred ibis (Threskiornis aethiopicus) (G26A), on top of a standard used for carrying religious symbols (R12), on top of a parcel of land with irrigation ditches (N24).","Logogram (Thot nome, 15th nome of Lower Egypt)",C
NL016,13230,U+13230,,NL16,K-01-034,"A fish, with its tail orientated downwards (K4A), on top of a standard used for carrying religious symbols (R12), on top of a parcel of land with irrigation ditches (N24).",Logogram (First-of-fishes nome (16th nome of Lower Egypt)),C
NL017,13231,U+13231,,NL17,N-11-045,"A tusk of an elephant (F18), above a human hand (D46); above a half round loaf of bread (X1) beside a plan of a crossroads in a village (O49); on top of a standard used for carrying religious symbols (R12), written on top of a parcel of land with irrigation ditches (N24).","Logogram (Behdet, 17th nome of Lower Egypt)",C
NL017A,13232,U+13232,,NL17A,N-11-046,"A windpipe and lungs (F36), in front of a cluster of signs consisting of a tusk of an elephant (F18), above a human hand (D46); above a half round loaf of bread (X1) beside a plan of a crossroads in a village (O49); on top of a standard used for carrying religious symbols (R12), written on top of a parcel of land with irrigation ditches (N24).",Logogram (17th nome of Lower Egypt (Diospolis)),C
NL018,13233,U+13233,,NL18,N-11-038,,,C
NL019,13234,U+13234,,NL19,N-11-039,,,C
NL020,13235,U+13235,,NL20,G-12-157,,,C
NU001,13236,U+13236,,NU1,N-11-047,"A strip of land (N17), above a cluster of signs consisting of a bow, of an archaic type (Aa23), in front of a half round loaf of bread (X1), over a strip of land (N17); on top of a standard used for carrying religious symbols (R12), written on top of a parcel of land with irrigation ditches (N24).","Logogram (Nubia, 1st nome of Upper Egypt)",C
NU002,13237,U+13237,,NU2,G-12-153,"The pole of a balance, with the crossbar resembling a feather (H6), written horizontally (U39D), in front of a falcon (G5); on top of a standard used for carrying religious symbols (R12), on top of a parcel of land with irrigation ditches (N24).","Logogram (Throne of Horus (Edfu, 2nd nome of Upper Egypt))",C
NU003,13238,U+13238,,NU3,S-09-044,"Two feathers (H6), orientated outwards, on top of a plan of a prehistoric building at the town of Nekhen, written as a circle / A circle with two vertical strokes, arranged horizontally, written within it (O48); on top of a standard used for carrying religious symbols (R12), written on top of a parcel of land with irrigation ditches (N24).",Logogram (3rd nome of Upper Egypt),C
NU004,13239,U+13239,,NU4,R-16-004,"A sceptre with a straight shaft, a forked base, topped with the head of the Seth animal (S40), with a fillet and a backwards angled feather (H6) on top of the staff (R19); on top of a standard used for carrying religious symbols (R12), written on top of a parcel of land with irrigation ditches (N24).",Logogram (Thebes),C
NU005,1323A,U+1323A,,NU5,G-12-154,"Two falcons (G5), arranged horizontally, on top of a standard used for carrying religious symbols (R12), on top of a parcel of land with irrigation ditches (N24).","Logogram (The two gods, 5th nome of Upper Egypt)",C
NU006,1323B,U+1323B,,NU6,I-03-017,"A Nile crocodile (Crocodylus niloticus), with a feather (H6), angled backwards, on its head; on top of a standard used for carrying religious symbols (R12), on top of a parcel of land with irrigation ditches (N24).","Logogram (Iqer, 6th nome of Upper Egypt)",C
NU007,1323C,U+1323C,,NU7,R-21-002,"An emblem with a human face with cow ears, with two upwards line which curl inwards (R129), on top of a standard used for carrying religious symbols (R12), written on top of a parcel of land with irrigation ditches (N24).",Logogram (Bat (7th nome of Upper Egypt)),C
NU008,1323D,U+1323D,,NU8,S-09-045,"A wig, with a fillet, with a headdress consisting of two feathers, on top of a vertical pole, on top of a standard used for carrying religious symbols (R12), written on top of a parcel of land with irrigation ditches (N24).",Logogram (8th nome of Upper Egypt),C
NU009,1323E,U+1323E,,NU9,R-18-007,"A feather (H6), on top of two bones of a fossil squid (belemnite) (R22), on top of a standard used for carrying religious symbols (R12), written on top of a parcel of land with irrigation ditches (N24).",Logogram (9th nome of Upper Egypt),C
NU010,1323F,U+1323F,,NU10,I-09-015,"A cobra in repose (Naja haje) (I10), with a feather (H6) on its back, angling backwards; on top of a standard used for carrying religious symbols (R12), on top of a parcel of land with irrigation ditches (N24).","Logogram (Wadjet, 10th nome of Upper Egypt)",C
NU010A,13240,U+13240,,NU10A,I-09-023,"A stem of papyrus with a bud (M13), in front of a half round loaf of bread (X1), written below a cobra in repose (Naja haje) (I10); on top of a standard used for carrying religious symbols (R12), on top of a parcel of land with irrigation ditches (N24).","Logogram (Wadjet, 10th nome of Upper Egypt)",C
NU011,13241,U+13241,,NU11,E-02-040,"The animal of Seth, lying down, tail up (E21), on top of a standard used for the carrying of religious symbols (R12) on top of a parcel of land with irrigation ditches (N24).",Logogram (11th nome of Upper Egypt),C
NU011A,13242,U+13242,,NU11A,N-11-048,"A wick of twisted flax, consisting of 3 loops (V28), in front of the red crown (S3), in front of three ripples of water, vertically aligned above one another (N35A); on top of a standard used for carrying religious symbols (R12), written on top of a parcel of land with irrigation ditches (N24).",Logogram (11th nome of Upper Egypt (commonly under stẖ/stš/šꜣ),C
NU012,13243,U+13243,,NU12,N-13-027,"A sand covered mountain over the edge of the cultivated areas (N26), above a horned desert viper (Cerastes cerastes) (I9); on top of a standard used for carrying religious symbols (R12), written on top of a parcel of land with irrigation ditches (N24).",Logogram (12th nome of Upper Egypt),C
NU013,13244,U+13244,,NU13,N-11-040,"A horned desert viper (Cerastes cerastes) (I9), written over a tree (M1), in front of a schematic representation of three sealed water pots in a rack, without horizontal line at the bottom, with the downward lines descending to the bottom (W017A); on top of a standard used for carrying religious symbols (R12), written on top of a parcel of land with irrigation ditches (N24).",Logogram (13th nome of Upper Egypt),C
NU014,13245,U+13245,,NU14,N-11-041,"A horned desert viper (Cerastes cerastes) (I9), written over a tree (M1), in front of hindquarters of a seated lion or leopard (F22) above a half round loaf of bread (X1); on top of a standard used for carrying religious symbols (R12), written on top of a parcel of land with irrigation ditches (N24).",Logogram (14th nome of Upper Egypt),C
NU015,13246,U+13246,E34B,E34B,E-16-010,"A desert hare, lying down (E34), on top of a standard used for the carrying of religious symbols (R12), on top of a parcel of land with irrigation ditches (N24).","Logogram (Hermopolis magna, 15th nome of Upper Egypt)",C
NU016,13247,U+13247,,NU16,E-03-009,"A basket with four pieces of grain or fruit (M39) in front of an oryx, standing (E28), on top of a standard used for the carrying of religious symbols (R12) on top of a parcel of land with irrigation ditches (N24).","Logogram (Oryx nome, 16th nome of Upper Egypt)",C
NU017,13248,U+13248,,NU17,E-07-030,"A jackal, lying down, tail downwards (E15), on top of a standard used for the carrying of religious symbols (R12) on top of a parcel of land with irrigation ditches (N24).",Logogram (Anubis nome (17th nome of Upper Egypt)),C
NU018,13249,U+13249,,NU18,G-13-028,"A falcon, standing, with extended wings at either side of the body, at 45 degree; on top of a standard used for carrying religious symbols (R12), on top of a parcel of land with irrigation ditches (N24).",Logogram (18th nome of Upper Egypt (known as nmty as well)),C
NU018A,1324A,U+1324A,,NU18A,G-12-155,,,C
NU019,1324B,U+1324B,,NU19,S-23-015,"A human foot and lower leg (D58), written between two sceptres with a straight shaft, a forked base, topped with the head of the Seth animal (S40), on top of a standard used for carrying religious symbols (R12), written on top of a parcel of land with irrigation ditches (N24).","Logogram (place of Igai, 19th nome of Upper Egypt)",C
NU020,1324C,U+1324C,,NU20,N-11-042,"A tree (M1), in front of a schematic representation of three sealed water pots in a rack, without horizontal line at the bottom, with the downward lines descending to the bottom (W017A); on top of a standard used for carrying religious symbols (R12), written on top of a parcel of land with irrigation ditches (N24).",Logogram (20th nome of Upper Egypt),C
NU021,1324D,U+1324D,,NU21,N-11-043,"A tree (M1), in front of hindquarters of a seated lion or leopard (F22) above a half round loaf of bread (X1); on top of a standard used for carrying religious symbols (R12), written on top of a parcel of land with irrigation ditches (N24).",Logogram (21th nome of Upper Egypt),C
NU022,1324E,U+1324E,,NU22,T-18-052,,Logogram (22th nome of Upper Egypt),C
NU022A,1324F,U+1324F,,,T-18-054,,Logogram (22th nome of Upper Egypt),C
O001,13250,U+13250,O1,O1,O-01-001,A house or enclosure.,"Logogram (house, domain)",C
O001A,13251,U+13251,,,O-01-005,"A tie or strap, used with sandals (ankh sign) (S34), written with its loop inside a house or enclosure (O1).","Logogram (scriptorum, school (house of life))",L
O002,13252,U+13252,O2,O2,O-01-047,"A mace with a pear-shaped head, written vertically (T3), intruding with the top inside a house or enclosure (O1).",Logogram (treasury),L
O003,13253,U+13253,O3,O3,O-01-054,"An oar, written vertically (P8), intruding with the top inside a house or enclosure (O1), with a loaf of bread, without internal detail (X3) left of the oar, and a beer-jug (W22) right of the oar.",Logogram (invocation offering),C
O004,13254,U+13254,O4,O4,O-02-001,A plan of a courtyard or reed shelter.,Phonemogram,C
O005,13255,U+13255,O5,O5,O-02-008,A plan of a winding wall.,Phonemogram,C
O005A,13256,U+13256,O5u,O5U,O-02-009,,,L
O006,13257,U+13257,O6,O6,O-03-005,"A plan of a rectangular enclosure, with an internal rectangle in the lower corner away from the reading direction.","Logogram (temple, mansion, estate)",C
O006A,13258,U+13258,,,O-03-017,,,C
O006B,13259,U+13259,,,O-03-023,,,C
O006C,1325A,U+1325A,,,O-03-025,,,C
O006D,1325B,U+1325B,O85A,O85A,O-03-024,,,C
O006E,1325C,U+1325C,O85,O85,O-03-022,,,C
O006F,1325D,U+1325D,,,O-03-018,,,C
O007,1325E,U+1325E,O7,O7,O-03-027,"A half round loaf of bread (X1), written inside a plan of a rectangular enclosure, with an internal rectangle in the lower corner away from the reading direction (O6).","Logogram (temple, mansion, estate)",L
O008,1325F,U+1325F,,O8,O-03-044,"A wooden column, written horizontally (O29), written over a half round loaf of bread (X1), written inside a plan of a rectangular enclosure, with an internal rectangle in the lower corner away from the reading direction (O6).","Logogram (the great domain, temple)",L
O009,13260,U+13260,O9,O9,O-03-175,"A wickerwork basket (V30), on top of a plan of a rectangular enclosure, with an internal rectangle in the lower corner away from the reading direction (O6), with a half round loaf of bread (X1), written inside the enclosure.",Logogram (Nephthys (divinity)),L
O010,13261,U+13261,O10,O10,O-03-106,"A falcon (G5), written inside a plan of a rectangular enclosure, with an internal rectangle in the top corner away from the reading direction.",Logogram (Hathor (divinity)),L
O010A,13262,U+13262,,,O-03-121,"A tie or strap, used with sandals (ankh sign) (S34), written inside a plan of a rectangular enclosure, with an internal rectangle in the lower corner away from the reading direction (O6).",Logogram (mansion of life),L
O010B,13263,U+13263,,,O-03-105,,,L
O010C,13264,U+13264,,US248O10CEXTU,O-09-013,,,L
O011,13265,U+13265,O11,O11,O-04-007,"A wall of the palace, with ornamental chevaux de frise on top of the wall, with internal decoration.",Logogram (palace),C
O012,13266,U+13266,O12,O12,O-04-012,"A forearm, with the palm of the hand facing upwards (D36), written over a wall of the palace, with ornamental chevaux de frise on top of the wall, with internal decoration (O11).",Logogram (palace),L
O013,13267,U+13267,,O13,O-05-001,"An enclosure wall with battlements on the front side and top, and on the vertical line of the opening.","Classifier enfolding, enclosing, walling in",C
O014,13268,U+13268,O14,O14,O-19-007,"The corner of a wall, with battlements, with the opening in the bottom right corner.",Classifier gateway,C
O015,13269,U+13269,O15,O15,O-05-038,"A wide cup (W10) above a half round loaf of bread (X1), written inside the enclosed part of an enclosure wall without battlements, with a block on each corner.",Logogram (court),C
O016,1326A,U+1326A,,,O-08-014," A plan and façade of a hall, with a cornice with Uraei on top, with half orientated forwards and half orientated backwards.","Logogram (portal, portico)",C
O017,1326B,U+1326B,O17,O17,O-08-023," A plan of a hall, with a cornice with uraei.",Phonemogram,C
O018,1326C,U+1326C,O18,O18,O-09-011,"A shrine, seen from the side, with a downward sloping roof.","Classifier shrine, chapel",C
O019,1326D,U+1326D,,O19,O-09-057,"An archaic shrine, seen from the side, with a downward sloping roof, with vertical poles in front of the shrine itself, connected to the shrine.",Classifier shrine,C
O019A,1326E,U+1326E,O19A,O19A,O-09-062,"An archaic shrine, seen from the side, with a downward sloping roof, with upward curving lines coming from the roof, and short vertical lines in front of the shrine.","Logogram (shrine, row of shrines)",C
O020,1326F,U+1326F,O20,O20,O-09-079,"A tall shrine with a round roof, with two vertical lines enclosing the top, on a base, with internal decoration consisting of two vertical lines","Classifier sanctuary, shrine",C
O020A,13270,U+13270,,,O-09-078,,,L
O021,13271,U+13271,O21,O21,O-07-009,"A façade of a shrine with a flat roof, with vertical sides, with a small doorway.","Logogram (pavilion, hall, booth)",C
O022,13272,U+13272,O22,O22,O-10-034,An open booth supported by a pole.,Classifier booth,C
O023,13273,U+13273,O23,O23,O-11-004,"A double pavilion, with flower-topped capitals on the columns, with curved roofs, with two carrying chairs (Q2) facing away from one another.","Logogram (jubilee, sed-festival)",C
O024,13274,U+13274,O24,O24,O-12-002,A pyramid with an enclosure wall.,"Classifier pyramid, tomb",C
O024A,13275,U+13275,,,O-12-003,An Old Kingdom solar temple with an enclosure wall.,Classifier solar temple,C
O025,13276,U+13276,O25,O25,O-13-005,"An obelisk, with base.",Classifier obelisk,C
O025A,13277,U+13277,,,O-13-001,"An obelisk of an Old Kingdom sun temple, with a circle (sun disk) on top of the obelisk.",Classifier solar temple,C
O026,13278,U+13278,O26,O26,O-14-002,A stela on a base.,Classifier stela,C
O027,13279,U+13279,O27,O27,O-15-003,A hall supported by two columns.,"Classifier hall, office",C
O028,1327A,U+1327A,,,O-16-001,"A column with a tenon at the top, represented as a vertical line.",Phonemogram,C
O029,1327B,U+1327B,O29,O29,O-16-024,"A wooden column, written horizontally.",Phonemogram,C
O029A,1327C,U+1327C,O29v,O29v,O-16-022,"A wooden column, written vertically.",Phonemogram,L
O030,1327D,U+1327D,O30,O30,O-16-026,A forked pole for supporting a roof.,"Logogram (pole, support)",C
O030A,1327E,U+1327E,,,O-16-028,,,L
O031,1327F,U+1327F,O31,O31,O-17-001,"A tenoned door, written horizontally.",Logogram (gate),C
O032,13280,U+13280,O32,O32,O-08-003,A gateway.,Classifier doorway,C
O033,13281,U+13281,,O33,O-06-051,"A façade of a palace or tomb, with the top resembling two floating horizontal lines.",Classifier palace façade,C
O033A,13282,U+13282,,,O-06-054,,,C
O034,13283,U+13283,O34,O34,O-18-006,A door bolt.,Phonemogram,C
O035,13284,U+13284,O35,O35,O-18-015,"A door bolt (O034) placed above legs in a walking posture, with feet oriented toward the reading direction (D054).",Phonemogram,C
O036,13285,U+13285,O36,O36,O-05-108,"A wall, written vertically, with battlements on the corners, and one in the middle of the long sides.",Logogram (wall),C
O036A,13286,U+13286,,,O-05-115,,,C
O036B,13287,U+13287,,,O-05-116,,,C
O036C,13288,U+13288,,,O-05-106,,,C
O036D,13289,U+13289,,,O-05-107,,,C
O037,1328A,U+1328A,O37,O37,O-05-100,"A wall, with battlements on the corners, and one in the middle of the long sides, written at a forward angle.","Classifier overthrow, demolish",C
O038,1328B,U+1328B,O38,O38,O-19-003,"The corner of a wall, with the opening in the bottom right corner.",Classifier passage,C
O039,1328C,U+1328C,O39,O39,O-24-002,A rectangular stone slab or brick.,"Classifier stone, brick, pebble",C
O040,1328D,U+1328D,O40,O40,O-20-003,A stairway.,Logogram stairway,C
O041,1328E,U+1328E,O41,O41,O-20-001,A double stairway.,"Classifier ascending, being high",C
O042,1328F,U+1328F,O42,O42,O-21-013,"A fence, consisting of a horizontal base with four lines with bulbs at the end, angled backwards, with a curved line connecting the front of the base and the first line with a bulb, with a horizontal line with a loop at the front through the bulbs.",Phonemogram,C
O043,13290,U+13290,O43,O43,O-21-017,"A fence, consisting of a horizontal base, with five vertical lines with a bulb on top of it, with a horizontal line through the bulbs.",Phonemogram,C
O044,13291,U+13291,O44,O44,O-24-013,"The emblem erected outside the temple of Min, resembling the horns of a bovid (F13) on top of a stem of papyrus with a bud (M13), with a coil of rope (V1) between the horns.","Logogram (office, rank, function)",C
O045,13292,U+13292,O45,O45,O-24-023,"A domed building, in the form of a quarter of a circle, with a smaller quarter circle inside the corner away from the reading direction.","Logogram (harim, inner chamber)",C
O046,13293,U+13293,O46,O46,O-24-029,"A domed building, with a rectangle in the corner away from the reading direction.","Logogram (harim, inner chamber)",C
O047,13294,U+13294,,O47,O-24-031,"A plan of a prehistoric building at the town of Nekhen, written as an oval, without the angled lines touching the oval.",Logogram (Hierakonpolis),C
O048,13295,U+13295,O48,O48,O-24-048,"A plan of a prehistoric building at the town of Nekhen, written as a circle / A circle with two vertical strokes, arranged horizontally, written within it.","Logogram (time, occasion)",C
O049,13296,U+13296,O49,O49,O-24-060,A plan of a crossroads in a village.,"Logogram (city, village)",C
O050,13297,U+13297,,O50,O-24-054,A circular threshing floor covered with grain.,Classifier treshing floor,C
O050A,13298,U+13298,,Ff8,O-24-052,,,L
O050B,13299,U+13299,,Ff8A,O-24-051,"A circle, with two lines at 45 degree coming from the front of the circle.","Phono-repeater/classifier (time, occasion)",C
O051,1329A,U+1329A,O51,O51,O-22-002,A heap of grain on a raised floor.,Logogram (granary),C
P001,1329B,U+1329B,P1,P1,P-01-015,"A boat/ship, resembling a crescent moon, on top of a rectangle representing water, with a carrying chair (Q2) inside the boat/ship, with an oar/rudder at the back.",Classifier movement,C
P001A,1329C,U+1329C,P1A,P1A,P-01-017,"An upside-down boat/ship, resembling a crescent moon, on top of a rectangle representing water, with a carrying chair (Q2) inside the boat/ship, with an oar/rudder at the back.","Classifier to upset, to overturn",C
P002,1329D,U+1329D,P2,P2,P-02-018,,,C
P003,1329E,U+1329E,,,P-01-061,"A boat/ship with a vertical prow and a stern resembling the handle of a sickle (U1), on top of a rectangle resembling water, with an oval with rounded corners in the boat/ship, with an oar/rudder at the back.",Classifier bark/boat,C
P003A,1329F,U+1329F,,,P-01-066,,,C
P004,132A0,U+132A0,P4,P4,P-04-005,"A fisherman's boat, on top of a rectangle representing water, with a net inside the boat, without internal detail.","Logogram (to loosen, to explain)",C
P005,132A1,U+132A1,P5,P5,P-06-027,"A rectangular sail, on a mast of a ship with two prongs, connected by vertical lines (P6), written behind the sail.","Logogram (wind, breath, air)",C
P006,132A2,U+132A2,P6,P6,P-07-004,"A mast of a ship with two prongs, connected by vertical lines.",Phonemogram,C
P007,132A3,U+132A3,P7,P7,P-07-020,"A forearm, with the palm of the hand facing upwards (D36), written over a mast of a ship with two prongs, connected by vertical lines (P6).",Phonemogram,L
P008,132A4,U+132A4,P8,P8,P-08-001,"An oar, written vertically.",Phonemogram,C
P009,132A5,U+132A5,P9,P9,P-08-008,"A horned desert viper (Cerastes cerastes) (I9), written over an oar, written vertically (P8).",Phonemogram,L
P010,132A6,U+132A6,P10,P10,P-09-001,An oar used for the steering of a ship (rudder).,Logogram (steering oar),C
P011,132A7,U+132A7,P11,P11,P-10-003,A mooring post.,Classifier mooring post,C
Q001,132A8,U+132A8,Q1,Q1,Q-01-003,A seat.,"Logogram (seat, throne, place)",C
Q002,132A9,U+132A9,Q2,Q2,Q-01-015,A carrying chair.,Phonemogram,C
Q003,132AA,U+132AA,Q3,Q3,Q-01-022,A stool made of reed matting.,Phonemogram,C
Q004,132AB,U+132AB,Q4,Q4,Q-02-001,A headrest.,Classifier headrest,C
Q005,132AC,U+132AC,Q5,Q5,Q-05-051,"A rectangular chest, with legs at the side.",Classifier box,C
Q006,132AD,U+132AD,Q6,Q6,Q-05-034,"A rectangular coffin with a rounded lid, and upstanding sides, with legs at the side.",Classifier coffin,C
Q007,132AE,U+132AE,Q7,Q7,Q-06-003," A brazier with a flame rising from it, flame angling towards the front.","Classifier fire, flame, heat",C
R001,132AF,U+132AF,R1,R1,R-01-006,"A loaf of bread (X3), a flat-bottom jar with handles (W23) and a round loaf of bread (X6), arranged horizontally on an one-legged table.",Classifier altar,C
R002,132B0,U+132B0,R2,R2,R-01-018,"A one-legged table with long upright loaves of bread, cut in halves.",Logogram (altar),C
R002A,132B1,U+132B1,R1G,R1G,R-01-009,"Three circular items, arranged horizontally, on a one-legged table with a bowl-shaped surface.",Logogram (altar),C
R003,132B2,U+132B2,R3,R3,R-02-009,"A round loaf of bread (X6), a tall water-jug (W14) and a loaf of bread (X3), arranged horizontally on a table with an inwards incline of the legs, with a horizontal beam connecting the legs (R3P).",Classifier festival,C
R003A,132B3,U+132B3,,R3P,R-02-008,"A table with an inwards incline of the legs, with a horizontal beam connecting the legs.",Classifier offering table/jar-stand,C
R003B,132B4,U+132B4,,R3PA,R-02-012,,,C
R004,132B5,U+132B5,R4,R4,R-04-001,A loaf of bread on a reed mat.,Logogram (offering),C
R005,132B6,U+132B6,R5,R5,R-05-001,"A censer for fumigation, written horizontally, with a forward, downward line at the front.",Classifier fumigation/censing,C
R006,132B7,U+132B7,R6,R6,R-05-003,"A censer for fumigation, written horizontally, with a trapezoidal  shape at the front, with a backward, downward line at the back.","Logogram (to fumigate, to cense)",C
R007,132B8,U+132B8,R7,R7,R-06-002,A bowl for incense with smoke rising from the bowl.,Logogram (incense),C
R008,132B9,U+132B9,R8,R8,R-07-001,"A cloth wound on a pole, an emblem of divinity.",Logogram (god),C
R009,132BA,U+132BA,R9,R9,R-07-017,"A cloth wound on a pole, an emblem of divinity (R8), on top of a bag or a sack of linen, with a tie towards the front, and a (small) loop at the back (V33).",Classifier natron,C
R010,132BB,U+132BB,R10,R10,R-07-053,"A cloth wound on a pole, an emblem of divinity (R8), written between a butcher's block and a sandy hill slope (N29).",Logogram (necropolis),C
R010A,132BC,U+132BC,,,R-07-033,"A cloth wound on a pole, an emblem of divinity (R8), written over a butcher's block, with the pole at the bottom of the block.",Logogram (necropolis),C
R011,132BD,U+132BD,R11,R11,R-08-001,A column imitating a bundle of stalks tied together.,Phonemogram,C
R012,132BE,U+132BE,R12,R12,R-09-024,A standard used for carrying religious symbols.,Classifier standard,C
R013,132BF,U+132BF,R13,R13,G-12-116,"A falcon (G5) on a standard with a rounded top, with a feather (H6), angled forwards, attached to the standard in front of the falcon.","Logogram (west, right side)",C
R014,132C0,U+132C0,R14,R14,R-11-017,"A feather (H6), angled forwards on top of a standard with a round top, with an short vertical line beside the main pole.",Logogram (west),C
R015,132C1,U+132C1,,R15,R-12-014,"A spear made into a standard, with a circle on either side of the spear tip, with a loop over the standard.",Phonemogram,C
R016,132C2,U+132C2,R16,R16,R-14-022,"Two plumes (S9), mounted symmetrically on a papyrus stalk (M13), with a band of string or fabric (V12) written over the stem.","Classifier fray, battle",C
R016A,132C3,U+132C3,,,R-15-005,A standard resembling a lotus flower with two plumes on top.,Logogram (Nefertem),C
R017,132C4,U+132C4,R17,R17,R-14-024,"A wig with a fillet, with a headdress consisting of two plumes (S9), on top of a pole.",Logogram (8th nome of Upper Egypt),C
R018,132C5,U+132C5,R18,R18,R-14-007,"A wig, with a fillet, with a headdress consisting of two feathers on top of the horns of a ram (S77), on top of a vertical pole, on top of a parcel of land with irrigation ditches (N24).",Logogram (8th nome of Upper Egypt),C
R019,132C6,U+132C6,R19,R19,R-16-001,"A sceptre with a straight shaft, a forked base, topped with the head of the Seth animal (S40), with a fillet and a backwards angled feather (H6) on top of the staff.",Logogram (Thebes),C
R020,132C7,U+132C7,R20,R20,R-17-003,"A flower with a long stem, enclosed by the horns of a bovid, upside-down.",Logogram (Seshat (divinity)),C
R021,132C8,U+132C8,R21,R21,R-17-002,"A flower with a long stem, enclosed by the horns of a bovid, upside-down, with two plumes (S9) on top of the horns.",Logogram (Seshat (divinity)),C
R022,132C9,U+132C9,R22,R22,R-18-005,Two bones of a fossil squid (belemnite).,Logogram (Letopolis),C
R023,132CA,U+132CA,R23,R23,R-18-004,"Two bones of a fossil squid (belemnite), with an extra triangular shape at each side of the circle.",Logogram (Min (divinity)),C
R024,132CB,U+132CB,R24,R24,R-19-003,"Two bows, strung together as a package.",Logogram (Neith (divinity)),C
R025,132CC,U+132CC,R25,R25,R-19-008,"Two bows, strung together as a package, written vertically, with internal detail in the package.",Logogram (Neith (divinity)),C
R026,132CD,U+132CD,,,F-24-027,"A windpipe and lungs (F36), with a wide cup on each side of the lungs, from which two flowers come, one vertical, the other crossing the windpipe, to angle downwards on top of the vertical flower on the other side, with a stem of papyrus with a flowering bud between the two flowers.",Phonemogram,C
R027,132CE,U+132CE,,,R-12-029,,Logogram (Neith (divinity)),C
R028,132CF,U+132CF,R129,R129,R-21-001,"An emblem with a human face with cow ears, with two upward lines which curl inwards.",Logogram (Bat (7th nome of Upper Egypt)),C
R029,132D0,U+132D0,O196,O196,O-14-010,"A snake with a coiled tail, written vertically (I114), written inside a narrow shrine or stela on a base (O195A).","Logogram (shrine, row of shrines)",C
S001,132D1,U+132D1,S1,S1,S-01-001,The white crown of Upper Egypt.,Phonemogram,C
S002,132D2,U+132D2,S2,S2,S-01-017,"The white crown (S1), on top of a wickerwork basket (V30).",Classifier crown,C
S002A,132D3,U+132D3,,,S-01-014,"The white crown (S1), on top of a plan of a crossroads in a village (O49).",Logogram (Upper Egypt),C
S003,132D4,U+132D4,S3,S3,S-02-001,The red crown of Lower Egypt.,Phonemogram,C
S004,132D5,U+132D5,S4,S4,S-02-003,"The red crown (S3), on top of a wickerwork basket (V30).",Classifier crown,C
S005,132D6,U+132D6,S5,S5,S-03-001,"The union of the red crown of Lower Egypt and the white crown of Upper Egypt, with the white crown worn within the red crown. (i.e., the double crown).",Classifier double crown,C
S006,132D7,U+132D7,S6,S6,S-03-008,"The union of the red crown of Lower Egypt and the white crown of Upper Egypt, with the white crown worn within the red crown. (i.e., the double crown, S5), on top of a wickerwork basket (V30).",Classifier double crown,C
S006A,132D8,U+132D8,,,S-02-008,"The red crown (S3), on top of a plan of a crossroads in a village (O49).",Logogram (Lower Egypt),C
S007,132D9,U+132D9,S7,S7,S-04-001,The blue crown.,Classifier crown,C
S008,132DA,U+132DA,S8,S8,S-07-002,The Atef crown with ram horns and a sun disk.,Logogram (Atef crown),C
S009,132DB,U+132DB,S9,S9,S-09-017,A headdress consisting of two plumes.,Logogram (double plumes/two feather crown),C
S010,132DC,U+132DC,S10,S10,S-10-001,"A band of cloth, used as a fillet.","Logogram (strip of cloth, fillet)",C
S011,132DD,U+132DD,S11,S11,S-11-012,A collar of beads with ornamental terminals.,"Logogram (necklace, collar)",C
S012,132DE,U+132DE,S12,S12,S-11-034,A collar of beads.,Logogram (gold),C
S013,132DF,U+132DF,S13,S13,S-11-039,"A collar of beads (S12), written over a human foot and lower leg (D58).",Phonemogram,L
S014,132E0,U+132E0,S14,S14,T-01-052,"A collar of beads (S12), written over a mace with a pear-shaped head, written vertically (T3).",Logogram (silver),L
S014A,132E1,U+132E1,S14A,S14A,S-11-043,"A collar of beads (S12), written over a sceptre with a straight shaft, a forked base, topped with the head of the Seth animal (S40).","Logogram (white gold, fine gold, electrum)",L
S014B,132E2,U+132E2,,,S-11-044,,,C
S015,132E3,U+132E3,S15,S15,S-11-047,A pectoral of three glass or faïence beads.,"Logogram (faience, glass)",C
S016,132E4,U+132E4,S16,S16,S-11-063,A pectoral consisting of a circle with three strands of glass or faïence beads.,"Logogram (faience, glass)",C
S017,132E5,U+132E5,S17,S17,S-11-064,"A pectoral consisting of a horizontal rectangle with a loop on top, with three vertical strands of glass or faience beads, resembling ripples.","Logogram (faience, glass)",C
S017A,132E6,U+132E6,,S17A,S-11-067,"A girdle worn by various gods, with four hanging pieces.",Phonemogram,C
S018,132E7,U+132E7,S18,S18,S-11-074,A bead necklace with a counterweight.,Classifier necklace,C
S019,132E8,U+132E8,S19,S19,S-12-001,"A seal, attached to a neck string, with the sting curving backwards and downwards, with a loop below the seal.",Logogram (sealbearer),C
S020,132E9,U+132E9,S20,S20,S-12-006,"A seal, attached to a neck string.","Logogram (seal, lock, sealing)",C
S021,132EA,U+132EA,S21,S21,S-12-011,A ring or bracelet.,"Logogram (necklace, collar)",C
S022,132EB,U+132EB,S22,S22,S-13-001,"A shoulder knot, with loops a the top ends and ties at the bottom ends.",Phonemogram,C
S023,132EC,U+132EC,S23,S23,S-26-014,Two pieces of cloth strung together / Two flagellums (S45) on top of/written through a cartouche in a round form (V9).,"Logogram (to unite, to assemble)",C
S024,132ED,U+132ED,S24,S24,S-13-010,A girdle knot.,"Classifier to tie, to bind",C
S025,132EE,U+132EE,S25,S25,S-13-014,A garment with downward curving ties at both sides.,"Classifier garment, mantle, kilt",C
S026,132EF,U+132EF,S26,S26,S-14-001,A kilt or apron.,"Classifier kilt, royal apron",C
S026A,132F0,U+132F0,,,S-15-062,An oval bale of cloth.,"Logogram (loincloth, garment)",C
S026B,132F1,U+132F1,,,S-15-065,,,L
S027,132F2,U+132F2,S27,S27,S-15-006,A horizontal strip of cloth with two fringes.,Logogram (clothing),C
S028,132F3,U+132F3,,S28,S-15-013,"A horizontal strip of cloth with fringes, combined with a folded piece of cloth (S29).",Classifier clothing,C
S029,132F4,U+132F4,S29,S29,S-15-019,A folded piece of cloth.,Phonemogram,C
S030,132F5,U+132F5,S30,S30,S-15-027,"A horned desert viper (Cerastes cerastes) (I9), written over a folded piece of cloth (S29).",Phonemogram,L
S031,132F6,U+132F6,S31,S31,S-15-024,"A sickle (U1), written over a folded piece of cloth (S29).",Phonemogram,L
S032,132F7,U+132F7,S32,S32,S-15-055,"A rectangular piece of cloth, with sloping fringes on its front short side, without internal decoration.",Phonemogram,C
S033,132F8,U+132F8,S33,S33,S-16-001,A sandal.,Classifier sandal,C
S034,132F9,U+132F9,S34,S34,S-17-001,"A tie or strap, used with sandals (ankh sign).",Logogram (life),C
S035,132FA,U+132FA,S35,S35,S-19-001,"A sun shade, made of a staff which holds feathers at the top, resembling a half circle, with internal detail.","Classifier shadow, shade",C
S035A,132FB,U+132FB,,,S-19-002,,,L
S036,132FC,U+132FC,S36,S36,S-20-001,"A sun shade, made of a staff which holds feathers at the top, resembling a half circle, without internal detail.","Logogram (shadow, shade)",C
S037,132FD,U+132FD,S37,S37,S-21-002,"A one handed fan, with a handle resembling a stem of papyrus with a bud (M13).",Logogram (fan),C
S038,132FE,U+132FE,S38,S38,S-22-001,A crook.,Phonemogram,C
S039,132FF,U+132FF,S39,S39,S-25-021,A shepherd's crook.,Logogram (shepherd's crook),C
S040,13300,U+13300,S40,S40,S-23-001,"A sceptre with a straight shaft, a forked base, topped with the head of the Seth animal.",Phonemogram,C
S041,13301,U+13301,S41,S41,S-23-010,"A sceptre with a spiral shaft, a forked base, topped with the head of the Seth animal.",Classifier sceptre,C
S042,13302,U+13302,S42,S42,S-24-001,A sceptre.,Phonemogram,C
S043,13303,U+13303,S43,S43,S-25-001,A staff which widens towards the bottom.,Phonemogram,C
S044,13304,U+13304,,,S-25-014,"A vertical staff, with a flagellum (S45) attached to the back.","Classifier staff, sceptre",C
S045,13305,U+13305,S45,S45,S-26-001,"A flagellum or flail, with the stick oriented forwards.",Logogram (flagellum),C
S046,13306,U+13306,S56,S56,S-05-001,A head-cloth.,Phonemogram,C
T001,13307,U+13307,T1,T1,T-01-013,"A mace with cup or dish shaped head, written horizontally.",Phonemogram,C
T002,13308,U+13308,T2,T2,T-01-001,"A mace with a pear-shaped head, written 45 degree forwards.","Classifier striking, hitting",C
T003,13309,U+13309,T3,T3,T-01-004,"A mace with a pear-shaped head, written vertically.",Phonemogram,C
T003A,1330A,U+1330A,T43,T43,T-01-049,"A mace with pear shaped head, written vertically (T3), on top of a sand covered mountain over the edge of the cultivated areas (N26).",Phonemogram,C
T004,1330B,U+1330B,T4,T4,T-01-039,"A mace with pear shaped head, written vertically, with a strap around the handle, loop towards the front.",Phonemogram,C
T005,1330C,U+1330C,T5,T5,T-01-025,"A cobra in repose (Naja haje) (I10), written over a mace with a pear-shaped head, written vertically (T3).",Phonemogram,L
T006,1330D,U+1330D,T6,T6,T-01-032,"Two cobras in repose (Naja haje) (I10), arranged vertically, written over a mace with a pear-shaped head, written vertically (T3).",Phonemogram,L
T007,1330E,U+1330E,T7,T7,T-03-007,An axe with a round blade and a curved handle.,"Logogram (carpenter, shipwright)",C
T007A,1330F,U+1330F,T7A,T7A,T-03-005,"An axe with a hourglass-shaped blade, with a straight handle, written vertically.","Classifier axe, battle-axe",C
T008,13310,U+13310,T8,T8,T-05-004,A dagger within a round tipped sheath.,Phonemogram,C
T008A,13311,U+13311,T8A,T8A,T-05-005,A dagger with a pointed tip.,Phonemogram,C
T009,13312,U+13312,T9,T9,T-06-001,"A bow, written horizontally, with a rectangular central section, with the tips of the bow forming a bowl-shaped loop.","Classifier bow, weapon",C
T009A,13313,U+13313,T9A,T9A,T-06-010,"A bow, written horizontally, with a straight middle section, with the limbs forming a bowl-shaped loop.",Phonemogram,C
T010,13314,U+13314,T10,T10,T-06-004,"A composite bow, with handle bound to the bowstring when out of use.",Logogram (bow),C
T011,13315,U+13315,T11,T11,T-07-007,An arrow with rounded fletching.,Phonemogram,C
T011A,13316,U+13316,T60B,,T-07-021,,,C
T012,13317,U+13317,T12,T12,T-08-001,"A bowstring, coiled up, with a loop at the front end, and the back end angled downwards, with a loop on it.",Phonemogram,C
T013,13318,U+13318,T13,T13,T-09-004,"Pieces of wood, lashed together with the top piece at an angle, with a loop and tie at the back.",Phono-repeater,C
T014,13319,U+13319,T14,T14,T-09-006,"A throwing-stick, or a club used by foreign people.",Phono-repeater,C
T015,1331A,U+1331A,T15,T15,T-09-022,"A throwing-stick, or a club used by foreign people (T14), angled backwards.",Phonemogram,C
T016,1331B,U+1331B,T16,T16,T-10-001,"A scimitar (khopesh), written horizontally.","Classifier curved blade, scimitar",C
T016A,1331C,U+1331C,T16A,T16A,T-10-002,"A scimitar (khopesh), written vertically, blade curving forwards, with a handle resembling a stem of papyrus with a bud (M13).","Classifier strong arm, power, strength",C
T017,1331D,U+1331D,T17,T17,T-11-001,A chariot.,Logogram (chariot),C
T018,1331E,U+1331E,T18,T18,T-12-002,"A shepherd's crook with a package lashed to it, with a tie above and below the package.","Logogram (follower, retainer)",C
T019,1331F,U+1331F,T19B,T19B,T-13-004,A harpoon-head with two horizontal strokes on top and an angled stroke below a curl as point. ,Classifier bone,C
T020,13320,U+13320,T20,T20,T-13-005,"A harpoon-head with one horizontal stroke on top, and two angled strokes as point.",Classifier harpoon,C
T021,13321,U+13321,T21,T21,T-13-031,"An one-barbed harpoon, with handle, written horizontally.","Logogram (one, sole)",C
T022,13322,U+13322,T22,T22,T-13-048,"A two-barbed arrowhead, with the point facing downwards.",Phonemogram,C
T023,13323,U+13323,T23,T23,T-13-054,"A rounded two-barbed arrowhead, with the point facing downwards.",Phonemogram,C
T024,13324,U+13324,T24,T24,T-14-011,A net used for fishing or fowling.,"Classifier catching, netting",C
T025,13325,U+13325,T25,T25,T-15-009,"A float, made of reed, with a tie towards the front at the top.",Phonemogram,C
T026,13326,U+13326,T26,T26,T-16-014,"A bird trap consisting of a horizontal beam and vertical beam, with two lines running from the horizontal beam to the vertical beam, crossing in the middle.","Classifier catching, netting",C
T027,13327,U+13327,T27,T27,T-16-020,"A bird trap, with a horizontal and vertical pole, with one line running from the front of the horizontal beam to the middle of the vertical beam, and one line running from the middle of the horizontal beam to the top of the vertical beam.","Classifier weaving, woven material",C
T028,13328,U+13328,T28,T28,T-17-002,A butcher's block.,Phonemogram,C
T029,13329,U+13329,T29,T29,T-18-048,"A knife with a rounded blade and rounded handle (T30), written on top of a butcher's block (T28).",Logogram (place of slaughter),C
T030,1332A,U+1332A,T30,T30,T-18-042,A knife with a rounded blade and rounded handle.,"Classifier cutting, slaughter",C
T031,1332B,U+1332B,,T31,T-18-039,A knife sharpener with a rounded body and a loop at the back.,Phonemogram,C
T032,1332C,U+1332C,,T32,T-18-056,"A knife sharpener with a rounded body and a loop at the back (T31), on top of legs in a walking posture, feet orientated towards the reading direction (D54)",Phonemogram,C
T032A,1332D,U+1332D,S123,S123,S-15-032,"A knife sharpener with a rounded body and a loop at the back (T31), written over a folded piece of cloth (S29).",Phonemogram,L
T033,1332E,U+1332E,T33,T33,T-19-004,"A knife sharpener, with a thin, curved body, and a loop at the end.",Logogram (butcher),C
T033A,1332F,U+1332F,,,T-19-005,,,L
T034,13330,U+13330,T34,T34,T-19-001,"A vertical slaughtering knife, with cup-shaped handle.",Classifier knife,C
T035,13331,U+13331,T35,T35,T-19-003,"A vertical slaughtering knife, without distinct handle.",Logogram (knife),C
T036,13332,U+13332,,,T-02-001,"A shield with a rounded top, with a loop on top, with a boss in the center of the shield.",Classifier shield,C
U001,13333,U+13333,U1,U1,U-01-001,A sickle.,Phonemogram,C
U002,13334,U+13334,U2,U2,U-01-003,A sickle with a more horizontal blade.,Phonemogram,C
U003,13335,U+13335,U3,U3,U-01-004,"An eye (D4), written above the blade of a sickle (U1).","Phonemogram (in mꜣꜣ, to see)",L
U004,13336,U+13336,U4,U4,U-01-007,"A platform with a sloping front (Aa11), written above the blade of a sickle (U1).",Phonemogram,L
U005,13337,U+13337,U5,U5,U-01-006,"A platform with a sloping front (Aa11), written above the blade of a sickle with a more horizontal blade (U2).",Phonemogram,L
U006,13338,U+13338,U6,U6,U-02-001,"A hoe with a rope connecting the two pieces, written at an angle.",Phonemogram,C
U006A,13339,U+13339,,,U-02-003,,,L
U006B,1333A,U+1333A,,,U-02-004,,,L
U007,1333B,U+1333B,U7,U7,U-02-006,"A hoe with a rope connecting the two pieces, written horizontally.",Phonemogram,L
U008,1333C,U+1333C,U8,U8,U-02-010,A hoe without a rope connecting the two pieces.,Phonemogram,C
U009,1333D,U+1333D,U9,U9,U-03-008,"A grain measure, with a forward and downward line of grain coming from the front.",Classifier grain/barley,C
U010,1333E,U+1333E,U10,U10,U-03-007,"A grain measure, with a forward and downward line of grain coming from the front, with three grains of corn, arranged horizontally (M33), above the grain measure.","Logogram (harvest, crop)",C
U011,1333F,U+1333F,U11,U11,U-03-009,"A grain measure, with a forward and downward line of grain coming from the front, with a hook on top of the measure, resembling a crook (S38).","Logogram (bushel (a corn measure, 10 hin))",C
U012,13340,U+13340,U12,U12,U-03-010,"A grain measure, with a forward and downward line of grain coming from the front, with a vertical human finger (D50) on top of the measure.","Logogram (bushel (a corn measure, 10 hin))",C
U013,13341,U+13341,U13,U13,U-05-014,"A plough, with a crossbar and two vertical lines on the end of the long beam.",Classifier plough/plowed material,C
U014,13342,U+13342,U14,U14,U-05-008,"Two branches of wood, joined at one end.",Phono-repeater,C
U015,13343,U+13343,U15,U15,U-06-001,A sledge.,Phonemogram,C
U016,13344,U+13344,U16,U16,U-06-005,"A sledge, with the head of a canine at the front, with a rectangle on the sledge.",Phonemogram,C
U017,13345,U+13345,U17,U17,U-07-002,"A hoe or pick excavating a rectangular pool, with the handle angling downwards.",Phonemogram,C
U018,13346,U+13346,U18,U18,U-07-001,"A hoe or pick excavating a rectangular pool with sloping sides (N38), with the handle angling downwards.","Logogram (to found, to establish, to hunt, to lay (a trap))",C
U019,13347,U+13347,U19,U19,U-08-001,An adze.,Phonemogram,C
U020,13348,U+13348,U20,U20,U-08-007,An adze without the downward curve at the end of the handle.,Phonemogram,C
U021,13349,U+13349,U21,U21,U-08-012,"An adze, with an attached blade at the front (U19A), in a piece of wood.",Phonemogram,C
U022,1334A,U+1334A,U22,U22,U-09-008,A chisel with a conical handle and short blade.,Phono-repeater,C
U023,1334B,U+1334B,U23,U23,U-09-025,"A hairpin or burin, with a horizontal line above and below the oval of the pin.",Phonemogram,C
U023A,1334C,U+1334C,U23A,U23A,U-09-026,"A hairpin or burin, without the horizontal line on the top.",Phonemogram,C
U024,1334D,U+1334D,U24,U24,U-09-085,"A drill, with a half-circle handle, with a backward tick on top of the handle, with a forked drill-bit with a horizontal line on top of the forked drill-bit, with a short vertical stroke next to the drill, connected to the handle.",Logogram (craftsman),C
U025,1334E,U+1334E,,U25,U-09-076,"A stoneworker's drill weighted at the top with stones, lashed together with strings.",Logogram (craft),C
U026,1334F,U+1334F,U26,U26,U-09-088,"A drill with a truncated pyramid-shaped handle, with a round drill-bit with a horizontal line over it. ",Logogram (to open),C
U027,13350,U+13350,U27,U27,U-09-015,"A drill for drilling holes in beads, with a rectangular handle, and a round drill bit.",Classifier to open,C
U028,13351,U+13351,U28,U28,U-10-001,A fire-drill in a piece of wood.,Phonemogram,C
U029,13352,U+13352,U29,U29,U-10-003,A fire-drill on top of a piece of wood.,Phonemogram,C
U029A,13353,U+13353,U29A,U29A,U-10-006,"A spiral, winding counterclockwise away from its central point, ending at the right lower corner after about one and a half turns (Z7), written behind a fire-drill in a piece of wood (U28).",Phonemogram,L
U030,13354,U+13354,U30,U30,U-11-005,A pottery kiln.,Phonemogram,C
U031,13355,U+13355,U31,U31,U-20-001,A baker's raker or two crossed castanet sticks.,Classifier to restrain,C
U032,13356,U+13356,U32,U32,U-12-001,"A pestle, inside a round-bottomed mortar.","Logogram (to pound, to crush)",C
U032A,13357,U+13357,,,U-12-008,A pestle with a handle/tick at the front.,Phono-repeater,C
U033,13358,U+13358,U33,U33,U-12-011,A pestle.,Phonemogram,C
U034,13359,U+13359,U34,U34,U-13-001,A spindle.,Phonemogram,C
U035,1335A,U+1335A,U35,U35,U-13-007,"A horned desert viper (Cerastes cerastes) (I9), written over a spindle (U34).",Phonemogram,L
U036,1335B,U+1335B,U36,U36,U-14-001,A club used by washermen for beating laundry.,Phonemogram,C
U037,1335C,U+1335C,U37,U37,U-15-002,A razor.,Logogram (razor),C
U038,1335D,U+1335D,U38,U38,U-16-004,"A balance, with a plummet resembling a heart (F34).",Logogram (balance),C
U039,1335E,U+1335E,U39,U39,U-16-033,"The pole of a balance, on a horizontal base, with a angled line on each side as support.","Classifier balance, scale",C
U040,1335F,U+1335F,U40,U40,U-16-026,The semi-Hieratic form of a pole of a balance.,Phonemogram,C
U041,13360,U+13360,U41,U41,U-22-001,The plummet of a balance.,Classifier plummet,C
U042,13361,U+13361,U116,U116,U-04-001,A staff or pole with a two-pronged end piece for holding down snakes.,Logogram (staff),C
V001,13362,U+13362,V1,V1,V-01-003,A coil of rope.,Logogram (100),C
V001A,13363,U+13363,,,V-01-005,,200,C
V001B,13364,U+13364,,,V-01-006,,300,C
V001C,13365,U+13365,,,V-01-007,,400,C
V001D,13366,U+13366,,,V-01-008,,500,C
V001E,13367,U+13367,,,V-01-009,,600,C
V001F,13368,U+13368,,,V-01-010,,700,C
V001G,13369,U+13369,,,V-01-011,,800,C
V001H,1336A,U+1336A,,,V-01-012,,900,C
V001I,1336B,U+1336B,,,V-01-013,,500,C
V002,1336C,U+1336C,V2,V2,V-01-019,"A horizontal line, intersected in the middle by a coil of rope (V1).","Logogram (to drag, to pull, to draw)",C
V002A,1336D,U+1336D,,Ff6,V-01-052,"Hieroglyphic representation of the Hieratic form of a horizontal line, intersected in the middle by a coil of rope (V2).",Phonemogram,C
V003,1336E,U+1336E,V3,V3,V-01-021,"A horizontal line, intersected in the middle by three coils of rope (V1).",Phonemogram,C
V004,1336F,U+1336F,V4,V4,V-01-029,"A lasso, with a big loop at the front, with a tie at the front and a small loop at the back, with an upward, downward curving line behind the loop.",Phonemogram,C
V005,13370,U+13370,V5,V5,V-01-036,"A looped rope, with two small loops at the bottom, and a small loop within a big loop above the small loops.",Logogram (foundation),C
V006,13371,U+13371,V6,V6,V-01-041,A loop of cord with the ends upwards.,Phonemogram,C
V007,13372,U+13372,V7,V7,V-01-045,A loop of cord with the ends downwards.,Phonemogram,C
V007A,13373,U+13373,V60,V60,V-04-003,A folded piece of cloth.,Classifier cloth,C
V007B,13374,U+13374,V49A,V49A,V-01-047,"A loop of cord with the ends downwards (V7), on top of a vertical line, on top of a horizontal base.",Phonemogram,C
V008,13375,U+13375,V8,V8,V-01-048,"A half-round loaf of bread (X1), written inside a loop of cord with the ends downwards (V7).",Phonemogram,C
V009,13376,U+13376,V9,V9,V-02-003,A cartouche in a round form.,"Logogram (to surround, to encircle)",C
V010,13377,U+13377,V10,V10,V-03-005,An oval cartouche.,Logogram (name),C
V011,13378,U+13378,V11,V11,V-03-017,"The rear half of a cartouche, with the opening to the back.","Classifier half, part, portion",C
V011A,13379,U+13379,V11A,V11A,V-03-018,,,C
V011B,1337A,U+1337A,,,V-03-019,,,C
V011C,1337B,U+1337B,,,V-03-020,,,C
V012,1337C,U+1337C,V12,V12,V-04-005,A band of string or fabric.,Classifier papyrus/book/document,C
V012A,1337D,U+1337D,H27,H27,H-08-007,A feather bent forward.,Phonemogram,C
V012B,1337E,U+1337E,,,V-04-007,"A wide band of string or fabric, with the shorter section lying on top of the larger section.",Classifier papyrus/book/document,C
V013,1337F,U+1337F,V13,V13,V-04-011,A rope used for the tethering of animals.,Phonemogram,C
V014,13380,U+13380,V14,V14,V-04-013,"A rope used for the tethering of animals, with an diacritic stroke added to the large loop.",Phonemogram,C
V015,13381,U+13381,V15,V15,V-04-017,"A rope used for the tethering of animals (V13), written on top of legs in a walking posture, feet orientated towards the reading direction (D54).",Phonemogram,C
V016,13382,U+13382,V16,V16,V-04-022,"A looped cord, used as a hobble for cattle, with two horizontal loops and eight vertical loops.",Phonemogram,C
V017,13383,U+13383,V17,V17,V-04-026,A rolled-up herdsman's shelter of papyrus with a rectangle at either side of the loop.,Logogram (protection),C
V018,13384,U+13384,V18,V18,V-04-030,A rolled-up herdsman's shelter of papyrus.,Logogram (protection),C
V019,13385,U+13385,V19,V19,V-04-031,A hobble for cattle with a crossbar.,Logogram (stable),C
V020,13386,U+13386,V20,V20,V-04-038,A hobble for cattle without a crossbar.,Logogram (10),C
V020A,13387,U+13387,,,V-04-040,,20,C
V020B,13388,U+13388,,,V-04-041,,30,C
V020C,13389,U+13389,,,V-04-042,,40,C
V020D,1338A,U+1338A,,,V-04-043,,50,C
V020E,1338B,U+1338B,,,V-04-044,,60,C
V020F,1338C,U+1338C,,,V-04-045,,70,C
V020G,1338D,U+1338D,,,V-04-046,,80,C
V020H,1338E,U+1338E,,,V-04-047,,90,C
V020I,1338F,U+1338F,,,V-04-048,,20,C
V020J,13390,U+13390,,,V-04-049,,30,C
V020K,13391,U+13391,,,V-04-050,,40,C
V020L,13392,U+13392,,,V-04-051,,50,C
V021,13393,U+13393,,V21,V-04-055,"A cobra in repose (Naja haje) (I10), written over a hobble for cattle without a crossbar (V20).",Logogram (stable),C
V022,13394,U+13394,V22,V22,V-05-001,A whip.,Phonemogram,C
V023,13395,U+13395,V23,V23,V-05-002,"A whip, without internal detail.",Phonemogram,C
V023A,13396,U+13396,V23A,V23A,V-05-003,A whip with a loop at the front.,Phonemogram,C
V024,13397,U+13397,V24,V24,V-06-001,A string wound on a stick.,Phonemogram,C
V025,13398,U+13398,V25,V25,V-06-002,"A string wound on a stick, with a tie sticking out at the front.",Phonemogram,C
V026,13399,U+13399,V26,V26,V-07-001,"A double forked tool for the mending of nets, with a broad middle section.",Phonemogram,C
V027,1339A,U+1339A,V27,V27,V-07-002,"A double forked tool for the mending of nets, with a thin middle section.",Phonemogram,C
V028,1339B,U+1339B,V28,V28,V-08-001,"A wick of twisted flax, consisting of three loops.",Phonemogram,C
V028A,1339C,U+1339C,V71,V71,V-08-009,"A forearm, with the palm of the hand facing upwards (D36), written over a wick of twisted flax, consisting of three loops (V28).",Phonemogram,L
V029,1339D,U+1339D,V29,V29,V-08-032,A swab made from a hank of fiber with two loops.,Phonemogram,C
V029A,1339E,U+1339E,V90,V90,V-08-047,"A swab made from a hank of fiber with two loops (V29), written over a wickerwork basket with a handle, orientated with the handle to the back (V31).",Phonemogram,L
V030,1339F,U+1339F,V30,V30,V-09-001,A wickerwork basket.,Phonemogram,C
V030A,133A0,U+133A0,,,V-09-002,,,L
V031,133A1,U+133A1,V31,V31,V-09-009," A wickerwork basket with a handle, orientated with the handle to the back.",Phonemogram,C
V031A,133A2,U+133A2,V31A,V31A,V-09-010," A wickerwork basket with a handle, orientated with the handle to the front.",Phonemogram,L
V032,133A3,U+133A3,V32,V32,V-11-003,A wickerwork frail with ties.,Phonemogram,C
V033,133A4,U+133A4,V33,V33,V-12-003,"A bag or a sack of linen, with a tie towards the front, and a (small) loop at the back.",Classifier linen,C
V033A,133A5,U+133A5,,US1V33AEXTU,V-12-005,"An oval bag or sack with linen, without ties or loops, with three horizontal lines over the bag.","Classifier sack, bundle",C
V034,133A6,U+133A6,V34,V34,V-12-006,"A bag or a sack of linen, with a tie towards the front, and a (small) loop at the back, with a horizontal line over the bag.",Classifier (perfume),C
V035,133A7,U+133A7,V35,V35,V-13-001,"A bag or sack of linen, with a hollow bottom.",Logogram (linen),C
V036,133A8,U+133A8,V36,V36,V-14-009,"A sheath or receptacle with V shaped indentation at the top, bound at the top with a tie at the backside.",Phonemogram,C
V037,133A9,U+133A9,V37,V37,V-15-002,A fastening knot of a dress on the shoulder.,Phono-repeater,C
V037A,133AA,U+133AA,F143A,F143A,V-15-006,"A basket-shaped bag with a tied off end at the front, resembling a loop / A uterus of a cow, tied off at the front.",Phonemogram,C
V038,133AB,U+133AB,V38,V38,V-15-001,A bandage.,"Classifier to bandage, to wrap",C
V039,133AC,U+133AC,V39,V39,S-18-001,"A tie or straps with a loop at the top, and a downward hanging loop at either side of the strings.",Logogram (Tit-amulet),C
V040,133AD,U+133AD,V20h,V20h,V-04-052,,10,C
V040A,133AE,U+133AE,,,V-04-053,,20,C
W001,133AF,U+133AF,W1,W1,W-01-001,"A sealed ointment jar, with ties.","Classifier oil, unguent",C
W002,133B0,U+133B0,W2,W2,W-01-002,"A sealed ointment jar, without ties.",Phonemogram,C
W003,133B1,U+133B1,W3,W3,W-02-001,An alabaster basin with a diamond shaped inner marking.,Logogram (festival),C
W003A,133B2,U+133B2,,,W-02-002,,,L
W004,133B3,U+133B3,W4,W4,O-11-013,"An open booth supported by a pole (O22), on top of an alabaster basin with a diamond shaped inner marking (W3).",Logogram (festival),C
W005,133B4,U+133B4,W5,W5,W-02-009,"A butcher's block (T28), on top of an alabaster basin with a diamond shaped inner marking (W3).",Logogram (lector priest),C
W006,133B5,U+133B5,W6,W6,W-11-077,A flat bottom cauldron with handles and an upstanding rim.,Classifier cauldron,C
W007,133B6,U+133B6,W7,W7,W-11-012,A granite vessel with small handles.,Classifier granite,C
W008,133B7,U+133B7,W8,W8,W-11-119,"A low broad oval, with a triangular shape at both short ends of the oval.",Phono-repeater,C
W009,133B8,U+133B8,W9,W9,W-03-007,"A stone jug with a large handle connecting to the rim, and a small round handle.",Phonemogram,C
W009A,133B9,U+133B9,,W9R,W-03-008,,,L
W010,133BA,U+133BA,W10,W10,W-04-001,A wide cup.,Phonemogram,C
W010A,133BB,U+133BB,W10A,W10A,W-04-002,A wide cup with a spout.,Phonemogram,C
W011,133BC,U+133BC,W11,W11,W-05-005,A ring-stand for jars.,Phonemogram,C
W012,133BD,U+133BD,W12,W12,W-05-007,"A ring-stand for jars, with a level bottom.",Phonemogram,C
W013,133BE,U+133BE,W13,W13,W-05-008,A red earthenware pot.,Classifier red (earthenware) vessel,C
W014,133BF,U+133BF,W14,W14,W-06-001,A tall water pot.,Phonemogram,C
W014A,133C0,U+133C0,,,W-06-033,,,L
W015,133C1,U+133C1,W15,W15,W-06-018,"A tall water pot, with a forward, downward line of liquid coming from the top of the vessel.","Logogram (to be cool, to cool)",C
W016,133C2,U+133C2,W16,W16,W-06-032,"A tall water pot with a spout at the back, with a forward, downward line of liquid coming from the top of the vessel; inside a ring-stand.",Classifier libation water,C
W017,133C3,U+133C3,W17,W17,W-06-034,Three sealed water pots in a rack.,Phonemogram,C
W017A,133C4,U+133C4,,US22W17BVARE,W-06-051,"A schematic representation of three sealed water pots in a rack, without horizontal line at the bottom, with the downward curving lines descending to the bottom.",Phonemogram,C
W018,133C5,U+133C5,W18,W18,W-06-037,Four sealed water pots in a rack.,Phonemogram,C
W018A,133C6,U+133C6,,US22W17BVARD,W-06-052,,,C
W019,133C7,U+133C7,W19,W19,W-07-001,A milk jar in a carrying sling.,Phonemogram,C
W020,133C8,U+133C8,W20,W20,W-07-006,"A milk jar with two horizontal lines over the jar, with a leaf covering the milk.",Classifier milk,C
W021,133C9,U+133C9,W21,W21,W-10-007,"A twin set of conical wine jars, bound together.",Classifier wine,C
W022,133CA,U+133CA,W22,W22,W-11-042,A beer-jug.,Logogram (beer),C
W023,133CB,U+133CB,W23,W23,W-11-013,A flat bottom jar with handles.,Logogram (beer),C
W024,133CC,U+133CC,W24,W24,W-11-020,A round vessel with an upstanding rim.,Phonemogram,C
W024A,133CD,U+133CD,,,W-11-027,,,L
W025,133CE,U+133CE,W25,W25,W-11-023,"A round vessel with an upstanding rim (W24), on top of long legs in a walking posture, feet orientated towards the reading direction.",Phonemogram,C
X001,133CF,U+133CF,X1,X1,X-01-001,A half round loaf of bread.,Phonemogram,C
X002,133D0,U+133D0,X2,X2,X-02-001,A loaf of bread with a horizontal line inside the bread.,Logogram (bread),C
X003,133D1,U+133D1,X3,X3,X-03-010,"A loaf of bread, without internal detail.",Classifier bread/food,C
X004,133D2,U+133D2,X4F,X4F,X-04-010,"A roll of bread, with a diamond in the middle.",Classifier festival,C
X004A,133D3,U+133D3,,X4A,X-04-008,"An roll of bread, with round imprints at the var sides and in the middle.",Phonemogram,C
X004B,133D4,U+133D4,,,X-04-011,A roll of bread without internal detail.,"Classifier bread, festival; Phonemogram t; Logogram t (bread); Phono-repeater: sn, fḳꜣ",C
X005,133D5,U+133D5,X5,X5,X-05-001,"An horizontal oval shape, with two upward curving strokes added at the front short side.",Phono-repeater,C
X006,133D6,U+133D6,X6,X6,X-06-007,A round loaf with a finger mark at the bottom.,"Classifier offering, cake, loaf",C
X006A,133D7,U+133D7,,US1X6AEXTU,X-06-005,,,L
X007,133D8,U+133D8,X7,X7,X-08-001,A half loaf of bread.,Classifier food,C
X008,133D9,U+133D9,X8,X8,X-07-001,"A conical loaf of bread, with a triangular finger mark at the bottom.",Phonemogram,C
X008A,133DA,U+133DA,,,X-07-002,A conical loaf of bread without internal detail.,Classifier bread,C
Y001,133DB,U+133DB,Y1,Y1,Y-01-006,"A papyrus scroll, rolled-up, tied and sealed, written horizontally, with ties.",Classifier abstract words,C
Y001A,133DC,U+133DC,Y1v,Y1v,Y-01-005,"A papyrus scroll, rolled-up, tied and sealed, written vertically, with ties.","Logogram (papyrus scroll, book)",L
Y002,133DD,U+133DD,Y2,Y2,Y-01-002,"A papyrus scroll, rolled-up, tied and sealed, written horizontally.","Classifier writing, things written",C
Y003,133DE,U+133DE,Y3,Y3,Y-02-005,"A scribe's kit, consisting of a palette, ink or paint pouch and a reed pen.",Logogram (scribe),C
Y004,133DF,U+133DF,Y4,Y4,Y-02-003,"A scribe's kit, consisting of a palette, ink or paint pouch and reed pen, with the reed pen towards the front.",Logogram (scribe),L
Y005,133E0,U+133E0,Y5,Y5,Y-03-002,A game board (of Senet) with game pieces.,Phonemogram,C
Y006,133E1,U+133E1,Y6,Y6,Y-03-005,"A game piece, pawn, or draughtsman.","Classifier game, gamepiece",C
Y007,133E2,U+133E2,Y7,Y7,Y-04-001,A rounded harp.,Classifier harp,C
Y008,133E3,U+133E3,Y8,Y8,Y-06-016,"A sistrum, with the top piece in the form of a shrine encased by two curls.",Classifier sistrum,C
Z001,133E4,U+133E4,Z1,Z1,Z-01-001,A vertical stroke.,Classifier semogram,C
Z002,133E5,U+133E5,Z2,Z2,Z-01-011, Three vertical strokes in a horizontal orientation.,Classifier plural,C
Z002A,133E6,U+133E6,,Z2D,Z-01-017,,,C
Z002B,133E7,U+133E7,,,Z-01-012,,,C
Z002C,133E8,U+133E8,Z2A,Z2A,Z-01-014, Three vertical strokes in a triangular orientation with one stroke a the top.,Classifier plural,C
Z002D,133E9,U+133E9,Z2B,Z2B,Z-01-015, Three vertical strokes in a triangular orientation with one stroke a the bottom.,Classifier plural,L
Z003,133EA,U+133EA,Z3,Z3,Z-01-002,Three vertical strokes in a vertical orientation.,Classifier plural,C
Z003A,133EB,U+133EB,Z3A,Z3A,Z-01-018,Three horizontal strokes arranged vertically.,Classifier plural,L
Z003B,133EC,U+133EC,,,Z-01-013,,,L
Z004,133ED,U+133ED,Z4,Z4,Z-01-008,Two diagonal strokes arranged horizontally.,Phonemogram,C
Z004A,133EE,U+133EE,Z4A,Z4A,Z-01-009,Two vertical strokes arranged horizontally.,Logogram (two),C
Z005,133EF,U+133EF,Z5,Z5,Z-01-005,"A doubly curved, diagonal stroke.",Substitute for dangerous signs,C
Z005A,133F0,U+133F0,Z5A,,Z-01-006,A diagonal stroke.,Classifier divinity (replacing G7),C
Z006,133F1,U+133F1,Z6,Z6,Z-07-004,"A slightly inclined stroke with two smaller strokes protruding at its right lower end, the upper one being shorter than the lower of them.",Classifier death,C
Z007,133F2,U+133F2,Z7,Z7,Z-07-005," A spiral, winding counterclockwise away from its central point, ending at the right lower corner after about one and a half turns.",Phonemogram,C
Z008,133F3,U+133F3,,Z8,Z-06-001,A short horizontal oval.,"Classifier round, oval",C
Z009,133F4,U+133F4,Z9,Z9,Z-02-001,A cross.,Classifier divide,C
Z010,133F5,U+133F5,Z10,Z10,Z-02-002,"Two crossed diagonal strokes with acute angles at the left and right side, and obtuse angles at the upper and lower side. ",Classifier break,C
Z011,133F6,U+133F6,Z11,Z11,Z-02-003,"A short horizontal stroke overlapped by a longer vertical stroke, the crossing point is in the middle of both strokes.",Phonemogram,C
Z012,133F7,U+133F7,Z12,Z12,T-21-003,"Two short horizontal lines, arranged vertically, connected by a downward, outward sloping line. ",Phonemogram,C
Z013,133F8,U+133F8,,US1Z13EXTU,Z-05-003,A geometrical circle.,,C
Z014,133F9,U+133F9,,Ff1,Z-01-019,A curved diagonal stroke.,Classifier semogram,C
Z015,133FA,U+133FA,,,Z-01-023,,"Logogram (one, sole)",C
Z015A,133FB,U+133FB,,,Z-01-024,,Logogram (two),C
Z015B,133FC,U+133FC,,,Z-01-025,,Logogram (three),C
Z015C,133FD,U+133FD,,,Z-01-026,,Logogram (four),C
Z015D,133FE,U+133FE,,,Z-01-027,,Logogram (five),C
Z015E,133FF,U+133FF,,,Z-01-028,,Logogram (six),C
Z015F,13400,U+13400,,,Z-01-029,,Logogram (seven),C
Z015G,13401,U+13401,,,Z-01-030,,Logogram (eight),C
Z015H,13402,U+13402,,,Z-01-031,,Logogram (nine),C
Z015I,13403,U+13403,,,Z-01-032,,Logogram (five),L
Z016,13404,U+13404,,,Z-01-034,,"Logogram (one, sole)",C
Z016A,13405,U+13405,,,Z-01-035,,Logogram (two),C
Z016B,13406,U+13406,,,Z-01-036,,Logogram (three),C
Z016C,13407,U+13407,,,Z-01-037,,Logogram (four),C
Z016D,13408,U+13408,,,Z-01-038,,Logogram (five),C
Z016E,13409,U+13409,,,Z-01-039,,Logogram (six),C
Z016F,1340A,U+1340A,,,Z-01-040,,Logogram (seven),C
Z016G,1340B,U+1340B,,,Z-01-041,,Logogram ḫmn (eight)/Logogram ḫmnw (Hermopolis),C
Z016H,1340C,U+1340C,,,Z-01-042,,Logogram (nine),C
Aa001,1340D,U+1340D,,Aa1,F-31-003,A human placenta (a circle with lines written horizontally).,Phonemogram,C
Aa002,1340E,U+1340E,Aa2,Aa2,F-30-003,"A pustule or gland, or a packet of mummy bandages.",Classifier bad/evil,C
Aa003,1340F,U+1340F,Aa3,Aa3,F-30-008,"A pustule or gland, with a forward, downward line of fluid issuing forth.","Classifier efflux, smell (i.e., excrement)",C
Aa004,13410,U+13410,Aa4,Aa4,W-04-003,A spouted cup.,Phonemogram,C
Aa005,13411,U+13411,Aa5,Aa5,P-11-008,"A part of the steering gear of ships, consisting of two beams.",Classifier oar,C
Aa006,13412,U+13412,Aa6,Aa6,AA-06-001,Two pieces of cloth strung together / a line of thread being woven into a weave.,Phono-repeater,C
Aa007,13413,U+13413,Aa7,Aa7,U-22-022,"A vertical tool, with an upward curved handle, with the handle towards the back.",Classifier to present,C
Aa007A,13414,U+13414,,,U-22-023,"A vertical tool, with an upward curved handle, with the handle towards the front.",Classifier to present,L
Aa007B,13415,U+13415,,Aa7B,F-19-008,,,C
Aa008,13416,U+13416,Aa8,Aa8,N-12-001,A single line of irrigation canals.,"Logogram (nome, district)",C
Aa009,13417,U+13417,Aa9,Aa9,Q-07-006,Part of a carrying-chair.,Classifier suffering,C
Aa010,13418,U+13418,Aa10,Aa10,Y-02-017,A graver.,Classifier writing,C
Aa011,13419,U+13419,Aa11,Aa11,O-24-070,A platform with a sloping front.,Phonemogram,C
Aa012,1341A,U+1341A,Aa12,Aa12,O-24-072,A rectangular platform.,Phonemogram,C
Aa013,1341B,U+1341B,Aa13,Aa13,F-26-017,"A representation of two ribs, top line curving downwards.",Phonemogram,C
Aa014,1341C,U+1341C,Aa14,Aa14,F-26-018,"A representation of two ribs, lines curving outwards.","Logogram (side, half)",C
Aa015,1341D,U+1341D,Aa15,Aa15,F-26-012,"A representation of two ribs, written parallel.",Phonemogram,C
Aa016,1341E,U+1341E,Aa16,Aa16,F-26-019,"A representation of two ribs, written parallel, short form.","Logogram (side, half)",C
Aa017,1341F,U+1341F,Aa17,Aa17,T-07-056,A cover of a quiver.,Phonemogram,C
Aa018,13420,U+13420,Aa18,Aa18,T-07-059,A cover of a quiver with a smaller rectangle inset.,Phonemogram,C
Aa019,13421,U+13421,Aa19,Aa19,V-04-033,A parabolic shape with a dot at each side.,"Classifier shrine, chapel",C
Aa020,13422,U+13422,Aa20,Aa20,S-28-008,"A type of ornament, with two ties at the top.",Phonemogram,C
Aa021,13423,U+13423,Aa21,Aa21,S-27-005,"An object consisting of a horizontal rectangle with a triangular indentation at the bottom, with a vertical line on top of it, connected through a triangle.","Logogram (to judge, to separate)",C
Aa022,13424,U+13424,Aa22,Aa22,S-27-006,"A forearm, with the palm of the hand facing upwards (D36), written over an object consisting of a horizontal rectangle with a triangular indentation at the bottom, with a vertical line on top of it, connected through a triangle (Aa21).","Logogram (to judge, to separate)",L
Aa023,13425,U+13425,Aa23,Aa23,U-18-033,"A warp, stretched between two forked poles.","Logogram (to press, to cling (to))",C
Aa024,13426,U+13426,Aa24,Aa24,U-18-042,"A warp, stretched between two poles resembling cup-like shapes with upward ticks on them.","Logogram (to press, to cling (to))",C
Aa025,13427,U+13427,Aa25,Aa25,AA-22-001,"A crescent moon shape written over a thin triangle, point downwards.",Phonemogram,C
Aa026,13428,U+13428,Aa26,Aa26,AA-22-004,A pole with a hook at the front to which one binds an enemy.,Phonemogram,C
Aa027,13429,U+13429,Aa27,Aa27,U-21-001,"A milling tool, with a long vertical stick under a circle with triangular shapes at the sides and the top.",Phonemogram,C
Aa028,1342A,U+1342A,Aa28,Aa28,U-22-019,"An instrument used by bricklayers, with a triangular extension with a horizontal top at the front.",Phonemogram,C
Aa029,1342B,U+1342B,,Aa29,U-22-021,"An instrument used by bricklayers, with a round extension at the front.",Phonemogram,C
Aa030,1342C,U+1342C,Aa30,Aa30,O-23-001,"An ornamental chevaux de frise on top of walls, with a circle dividing the top and base.",Logogram (ornament),C
Aa031,1342D,U+1342D,,,O-23-008,"An ornamental chevaux de frise on top of walls, with a flat base.",Logogram (ornament),C
Aa032,1342E,U+1342E,Aa32,Aa32,T-06-015,"A bow, of an archaic type, with the ends towards the back.",Logogram (Nubia),C
V011D,1342F,U+1342F,,,V-03-021,,,C
A001F,13460,U+13460,,,A-01-002,"Man, seated, right knee raised, right arm raised, left arm behind body.",Classifier human being,
A001D,13461,U+13461,,,A-01-003,"Man, seated, both knees raised, foot flat on the ground, right arm raised, left arm in front of the body.",Classifier human being,C
A001H,13462,U+13462,,,A-01-004,"Man, seated, right knee raised, right foot in front of the left knee, left foot horizontal, right arm raised in front, left arm in front of the body.",Logogram (first person singular),C
A001G,13463,U+13463,,,A-01-006,"Man, seated on heel, both knees down, right arm raised, left arm in front of body.",Classifier human being,C
A001I,13464,U+13464,,,A-01-007,"Man, squatting, both knees forwards, knees horizontal, right arm raised, left arm in front of body.","Classifier court, entourage",C
A071A,13465,U+13465,,,A-01-010,"Man, seated, both knees raised, foot flat on the ground, right arm raised, left arm hanging beside the body.",Classifier occupation/relationship (fisherman or brewer),C
HJ A426B,13466,U+13466,A426B,A426B,A-01-011,"Man, seated, right knee raised, right arm raised, right hand horizontal, hand palm upwards, left arm in front of body.","Classifier to conspire, to brood",C
A001E,13467,U+13467,,,A-01-012,"Man, seated, right knee raised, right arm raised, left arm in front of body, hand extending beyond the torso.",Classifier personal name,C
A068B,13468,U+13468,A68,A68,A-01-014,"Man, seated on heel, right leg extended with foot in front of left leg, right arm raised with hand held vertically, hand palm outwards, left arm hanging beside the body.",Logogram (enemies),C
A068A,13469,U+13469,,,A-01-015,"Man, seated on heel, both knees down, right arm raised, hand held vertically, hand palm outwards, left arm hanging beside the body.",Classifier human being (poor man),C
A069A,1346A,U+1346A,A69,A69,A-01-018,"Man, seated, right knee raised, right arm raised, hand held vertically, hand palm inwards, left arm hanging beside the body.",Classifier human being,C
HJ A426,1346B,U+1346B,A426,A426,A-01-019,"Man, seated, right knee raised, right arm raised, hand held horizontally, hand palm upwards, left arm hanging beside the body.",Logogram (vocative interjection),C
HJ A072A,1346C,U+1346C,A72A,A72A,A-01-021,"Man, seated, both knees down, right arm raised, hand held vertically, hand palm inwards, left arm held in front of the body, lower arm and hand horizontal, hand palm upwards.",Logogram (first person singular),C
A003D,1346D,U+1346D,,,A-01-023,"Man, seated on heel, both knees down, one arm visible, raised in front, hand at the height of the shoulder.",Classifier sitting,C
HJ A003B,1346E,U+1346E,A3B,A3B,A-01-024,,,
A002F,1346F,U+1346F,,,A-01-028,"Man, seated, both knees down, right arm raised with hand to mouth, left arm hanging beside the body.",Classifier eating/drinking/speech/ silence/thoughts feelings,C
HJ A002A,13470,U+13470,A2A,A2A,A-01-030,"Man seated, right knee raised, right arm raised with hand to mouth, left arm raised in front of the body.",Classifier speech/sound,C
A002G,13471,U+13471,,,A-01-032,"Man, seated, both knees raised, foot flat on the ground, right arm raised with hand to mouth, left arm not visible.",Classifier speech/silence,C
A002H,13472,U+13472,,,A-01-033,"Man, seated, right knee raised, right arm raised, hand vertical, hand palm towards the face, in front of the face, left arm hanging beside the body.","Classifier acclaim, speaking",C
A002I,13473,U+13473,,,A-01-034,"Man, seated, right knee raised, right foot in front of the left knee, left foot horizontal, right arm raised with hand to mouth, left arm hanging beside the body.",Classifier speech/silence,C
HJ A007A,13474,U+13474,A7A,A7A,A-01-038,"Man, seated, both knees down, right and left arm sloping downwards to either side of the body.",Classifier sitting/weak/faint,C
HJ A004B,13475,U+13475,A4B,A4B,A-01-039,,,
A004G,13476,U+13476,,,A-01-042,"Man, seated, right knee raised, back bent forwards, both arms raised in front, hand palms outwards.","Logogram (praise, worship)",C
A004H,13477,U+13477,,,A-01-044,"Man, seated on heel, right knee raised, with arms raised in front, hand palms facing outwards.",Classifier adoration,C
HJ A004C,13478,U+13478,A4C,A4C,A-01-045,"Man, kneeling with both knees on the ground, with arms raised in front, hand palms facing outwards.",Classifier supplication/hiding/rejection,C
HJ A478,13479,U+13479,A478,A478,A-01-046,"Man, kneeling with both knees on the ground, with arms raised in front, hand palms facing inwards.",Classifier harpooner/priest,C
A004I,1347A,U+1347A,,,A-01-049,"Man, kneeling with both knees on the ground, back bent forwards, arms extended forwards, forearms horizontal at the height of the waist, hand palms downwards.",Classifier reverence,C
HJ A075,1347B,U+1347B,A75,A75,A-01-051,"Man, seated, right knee raised, head facing backwards, both arms raised at the back, hands vertical, hand palms outwards.",Classifier enemies,C
A075A,1347C,U+1347C,,,A-01-052,"Man (foreigner), seated on heel, right knee raised, head facing backwards, wearing a Syrian clothing with long open sleeves, both arms raised towards the back, hands vertical, hand palms outwards.",Classifier prisoner,C
HJ A076A,1347D,U+1347D,A76A,A76A,A-01-054,"Man, seated, both knees raised, with covered knees, arms covered by cloth.",Classifier human being/personal name,C
A008A,1347E,U+1347E,A8,,A-01-060,"Man, seated on heel, right leg extended with foot in front of left leg, right arm angled in front of the body, left arm raised, hand held vertically, hand palm inwards (hnw gesture).",Classifier joy,C
A008B,1347F,U+1347F,,,A-01-061,"Man, seated on heel, both knees downwards, right arm angled in front of the body, left arm raised, hand held vertically, hand palm inwards (hnw gesture).",Logogram (joy),C
A008J,13480,U+13480,,,A-01-062,"Man, seated, both knees downward, right arm sloping downwards, left arm raised, hand held vertically, hand palm inwards.",Classifier making music,C
A008G,13481,U+13481,,,A-01-063,"Man, seated, right knee raised, right arm raised in front, left arm raised.",Classifier joy,C
A008I,13482,U+13482,,,A-01-066,"Man, seated, right knee raised, right arm angled behind the back, left arm raised, hand held vertically, hand palm outwards.",Classifier joy,C
HJ A001C,13483,U+13483,A1C,A1C,A-01-067,"Man, seated, right knee raised, right arm raised in front, left arm not shown.",Classifier human being,C
HJ A076,13484,U+13484,A76,A76,A-01-068,"man, seated, right knee raised, without visible arms.",Classifier human being,C
HJ A426A,13485,U+13485,A426A,A426A,A-01-070,"Man, seated, right knee raised, with a hair-lock, arm raised in front, hand held horizontally, hand palm upwards.",Logogram (musician),C
A073E,13486,U+13486,,,A-01-075,"Man, seated, right knee raised, with arms raised at either side of the body, hands on either side of the head.",Classifier bald,C
A073D,13487,U+13487,,,A-01-077,"Man, seated, right knee raised, with arms raised at either side of the body, elbows bent, hand palms inwards.",Classifier music,C
A062A,13488,U+13488,A62,A62,A-02-002,,,
HJ A078,13489,U+13489,A78,A78,A-02-005,"Man, standing, with the arms hanging at either side of the body.",Classifier to totter,C
HJ A109E,1348A,U+1348A,A109E,A109E,A-02-006,"Man, standing, bent slightly forwards, with a feather/cone on his head, angled backwards, with the arms hanging at either side of the body.",Classifier foreigner (Nubian),C
HJ A080,1348B,U+1348B,A80,A80,A-02-008,"Two men standing, facing each other holding hands, with the other arm hanging beside the body.",Logogram (to fraternize),C
A080C,1348C,U+1348C,,,A-02-011,"Two men standing upon a base, facing each other holding hands, with the other arm hanging beside the body.",Logogram (to fraternize),C
HJ A195,1348D,U+1348D,A195,A195,A-02-012,"Two man standing, the first leading the second by the hand.",Classifier deserter/wanderer,C
A202B,1348E,U+1348E,,,A-02-013,"Two man standing, facing each other, holding each other by the arms (wrestling).",Classifier to wrestle,C
HJ A081,1348F,U+1348F,A81,A81,A-02-014,"Naked man, standing, with spread legs, arms hanging beside the body, with a dotted line between the legs.",Classifier to defecate,C
HJ A081A,13490,U+13490,A81A,A81A,A-02-015,"Naked man, standing, with spread legs, arms hanging beside the body.",Classifier to be short,C
HJ A081B,13491,U+13491,A81B,A81B,A-02-016,"Naked man, standing, phallus erect, producing a line of liquid, right arm hanging downwards, hand above the phallus, left arm hanging beside the body.","Logogram (to pour, to drain)",C
HJ A359,13492,U+13492,A359,A359,A-02-018,"Man, standing, with the arms folded over each other.",classifier (the cold one),C
HJ A362,13493,U+13493,A362,A362,A-02-022,"Man, standing, right arm outstretched before him, with the left arm bent, hand on the waist.",Phonemogram,C
HJ A363,13494,U+13494,A363,A363,A-02-023,"Man, standing, bent slightly forward, right arm stretched in front at waist height, left arm hanging beside the body.",Classifier old man,C
HJ A364,13495,U+13495,A364,A364,A-02-025,,,
A364B,13496,U+13496,,,A-02-026,"Man, standing, right arm hanging beside the body, left arm raised, hand on top of the head.",Classifier hair related,C
HJ A031C,13497,U+13497,A31C,A31C,A-02-027,,,
HJ A031A,13498,U+13498,A31A,A31A,A-02-029,"Man, standing, head facing backwards, arms raised in front, hand palms outwards.",Phonemogram,C
HJ A031B,13499,U+13499,A31B,A31B,A-02-031,"Man, standing, head facing backwards, arms raised behind him, hand palms outwards.",Logogram (myrrh),C
HJ A366,1349A,U+1349A,A366,A366,A-02-034,"Man, standing, right arm raised with hand held vertically, hand palm outwards, left arm hanging beside the body.","Classifier official, noble",C
HJ A084,1349B,U+1349B,A84,A84,A-02-035,"Man, standing, right arm raised with hand to mouth, left arm hanging beside the body.",Classifier vocative interjection,C
A083B,1349C,U+1349C,,,A-02-037,"Man, standing, right arm raised in front, hand palm outwards, left arm at 45 degree downwards at the front.",Logogram (to bend),C
HJ A085,1349D,U+1349D,A85,A85,A-02-038,"Man, standing, both arms held in front, about waist height.",Classifier attacker,C
HJ A086,1349E,U+1349E,A86,A86,A-02-039,"Man, standing, both arms held downwards at the front. ",Classifier lifting/carrying,C
HJ A027A,1349F,U+1349F,A27A,A27A,A-02-042,,,
A028A,134A0,U+134A0,,,A-02-045,"Man, standing, with arms raised at either side of the body bent at 90 degree, hand palms inwards.",,C
HJ A343,134A1,U+134A1,A343,A343,A-02-055,"Man, standing, bent forward, arms hanging beside the body.",Classifier bowing,C
HJ A365,134A2,U+134A2,A365,A365,A-02-057,"Man, standing, wearing a lion/leopard-skin, left hand raised in front.",Logogram (sem-priest)?,C
A364C,134A3,U+134A3,,,A-02-060,"Man, naked, standing, right arm hanging beside the body, left arm raised, hand on top of the head.",Classifier bald,C
A526,134A4,U+134A4,,,A-02-061,"Man, standing, with arms raised at either side of the body, hands on either side of the head.",Classifier bald,C
A016D,134A5,U+134A5,,,A-04-002,"Man, standing, bent forwards, both arms raised in front, hand palms outwards.",Classifier adoration,C
HJ A016A,134A6,U+134A6,A16A,A16A,A-04-003,,,
A016G,134A7,U+134A7,,,A-04-007,"Man standing, bent slightly forwards, both arms extended forwards, right hand at the height of the shoulder, hand palm downwards, left arm below the right arm, hand palm downwards, as if to place the hands on something to leap over it.","Classifier leaping, bounding",C
HJ A016C,134A8,U+134A8,A16C,A16C,A-04-008,"Man, standing, bent forwards, front arm hanging downwards towards the front, rear arm bent at 90 degree, forearm and hand horizontal, rear arm hand extending beyond the front arm, at hip level.",Classifier bowing,C
HJ A016B,134A9,U+134A9,A16B,A16B,A-04-009,,,
HJ A087,134AA,U+134AA,A87,A87,A-04-011,"Man, standing, bent forwards with back nearly horizontal, arms hanging downwards, extended towards the front.",Classifier bowing,C
HJ A087A,134AB,U+134AB,A87A,A87A,A-04-012,"Man, standing on top of a base, bent forwards with back nearly horizontal, arms hanging downwards, extended towards the front.",Logogram (kissing the land),C
HJ A090,134AC,U+134AC,A90,A90,A-04-015,"Man, standing, back slightly bent forwards, arms twisted together at the front on a downward angle, line angling forwards from the head (braid, hairlock).",Classifier to twist,C
A092C,134AD,U+134AD,,,A-04-020,"Man, on an incline line, one leg straight at the bottom, the other bent and raised, right arm holding the top of the incline, left arm hanging beside the body at the back.",Phonemogram,C
HJ A091,134AE,U+134AE,A91,A91,A-04-021,,,
HJ A372,134AF,U+134AF,A372,A372,A-04-023,"Man, standing, back bent forwards, back horizontal, head slightly raised, arms hanging downwards, extended towards the front, fingers/hands at the same level as the feet.",Logogram (bowing down),C
A015F,134B0,U+134B0,,,A-05-002,"Man, written at 45 degree forward, one leg extended forwards, arms raised in front.",Classifier falling,C
A015G,134B1,U+134B1,,,A-05-007,"Man, written at an angle, right knee raised at slightly over 90 degree, arms extended forwards, with a knife with a triangular blade and straight handle (T30A) in the head, blade downwards.","Logogram (to overthrow, to cast down)",C
A015H,134B2,U+134B2,,,A-05-008,"Man, written horizontally, facing downwards, back slightly bent, arms raised in front, knife with the blade down, angled with the tip at the waist.",Classifier enemy,C
HJ A092,134B3,U+134B3,A92,A92,A-05-010,"Man, prostrating, right leg extended, left leg bent and raised, both arms downwards, slightly bent, with the hands at the same level as the left knee and toes of the right leg.",Classifier bowing/lowering to the ground,C
A092B,134B4,U+134B4,,,A-05-011,"Man, prostrating on a strip of land, right leg extended, left leg bent and raised, both arms downwards, slightly bent, with the hands at the same level as the left knee and toes of the right leg.",,C
A092E,134B5,U+134B5,,,A-05-012,"Man, written horizontally, facing downwards, both arms raised in front, written upon a base, with the hands and the toes touching the base.",Logogram (kissing the land),C
A092D,134B6,U+134B6,,,A-05-013,"Man, prostrating on a strip of land, with grains of sand written below it, right leg extended, left leg bent and raised, both arms downwards, slightly bent, with the hands at the same level as the left knee and toes of the right leg.",Logogram (kissing the land),C
HJ A093,134B7,U+134B7,A93,A93,A-05-015,,,
A093A,134B8,U+134B8,,,A-05-016,"Man, prostrating, right leg extended, left leg bent and raised, left arm downwards, slightly bent, with the hands at the same level as the left knee and toes of the right leg, right arm raised, hand palm outwards.","classifier bowing, lowering to the ground",C
HJ A095,134B9,U+134B9,A95,A95,A-05-017,"Man, written horizontally, facing downwards, with knees and hips bent, with arms hanging loosely on either side beside the body (i.e., a corpse lying on the ground).",Classifier corpse,C
HJ A097,134BA,U+134BA,A97,A97,A-05-018,"Man, written horizontally, facing upwards, with knees and hips bent, with the arms bent at either side of the body, elbows downwards, hands upwards, facing outwards at either side.",Classifier to overthrow,C
A097A,134BB,U+134BB,,,A-05-019,"Man, naked, written horizontally, facing upwards, with the head looking downwards, with knees and hips bent, lower arm bent beside the body, elbow downwards, hand upwards, facing outwards, upper arm hanging loosely beside the body.",Classifier corpse,C
HJ A098,134BC,U+134BC,A98,A98,A-05-020,"Man, written horizontally, facing upwards, arms hanging on either side of the body.",Classifier to sleep/to awaken,C
HJ A374,134BD,U+134BD,A374,A374,A-05-021,"Man, written horizontally, facing downwards, one leg extended, one leg bent, top arm hanging beside the body, bottom arm bent, forearm written horizontally, hand palm downwards.",Classifier lying on one side,C
HJ A099,134BE,U+134BE,A99,A99,A-05-022,,,
HJ A096,134BF,U+134BF,A96,A96,A-05-023,"Man, written horizontally, facing downwards, knees and hips bent, arms raised at either side of the body, elbow bent downwards, hands upwards, facing inwards, with a round dotted line running between the hands (i.e., a man swimming).",Classifier swimming,C
A100C,134C0,U+134C0,,,A-05-027,"Man, horizontal, in a swimming pose, right arm forwards, left arm beside the body, above a rectangle representing water.",Phonemogram,C
HJ A100B,134C1,U+134C1,A100B,A100B,A-05-028,"Man, horizontal, in a swimming pose, right arm forwards, left arm beside the body, above a rectangle representing water, with a curved line of water over the man starting at the right hand.",Classifier swimming,C
HJ A102,134C2,U+134C2,A102,A102,A-05-029,,,
HJ A101,134C3,U+134C3,A101,A101,A-05-030,"A man, written at 35 degree forwards, as if standing, with both arms raised in front, written inside a circle of wavy lines.",Phonemogram,C
A101E,134C4,U+134C4,,,A-05-031,"Man, rotated 45 degree forwards, hips at 90 degree, knees at 90 degree, legs slightly spread out, both arms forwards, at a downward angle, forearms separated, written inside a circle of wavy lines.",Phonemogram,C
HJ A101D,134C5,U+134C5,A101D,A101D,A-05-035,"Man, written at 45 degree forward, both arms raised at either side of the body, hand palms outwards, inside an oval with a dotted line.",Classifier swimming,C
HJ A021A,134C6,U+134C6,A21A,A21A,A-06-001,"Man, standing, right arm in front, holding a long stick/staff, left arm hanging beside the body.","Logogram (official, noble)",C
HJ A021B,134C7,U+134C7,A21B,A21B,A-06-002,"Man, standing, right arm in front, holding a long stick/staff, left arm hanging beside the body, on top of a standard with the support in the center.",Logogram (9th nome of Lower Egypt),C
A021C,134C8,U+134C8,,,A-06-003,"Man, standing, wearing a long sash-kilt, right arm in front, holding a long stick/staff, left arm hanging beside the body, holding a piece of cloth.",Classifier statue,C
A021D,134C9,U+134C9,,,A-06-004,"Man, standing, wearing a rammiside long garment, right arm in front, holding a long stick/staff, which widens at the top, left arm hanging beside the body, holding a piece of cloth.",Logogram (elder),C
A109J,134CA,U+134CA,,,A-06-006,"Man, standing, wearing a long sash-kilt, right arm in front, holding a long stick/staff, left arm hanging beside the body.","Logogram (elder (in ḥr-wr, Haroeris))",C
HJ A023F,134CB,U+134CB,A23F,A23F,A-06-007,"Man, standing, wearing a fillet with uraeus on its head, right arm in front, holding a long stick/staff, left arm hanging beside the body holding an ankh (tie or strap used with sandals) sign.",Classifier sovereign,C
A019X,134CC,U+134CC,A19,,A-06-013,,,
A019D,134CD,U+134CD,,,A-06-014,"Man, standing, with a bent back, right arm forwards, holding a staff/stick near the top, with the staff at a backward angle, left arm hanging beside the body.",Classifier wisdom,C
HJ A113,134CE,U+134CE,A113,A113,A-06-018,"Man, standing on top of the sky (N1), right arm forwards, holding a stick/staff, left arm hanging beside the body.",Logogram (elder of the court),C
HJ A332,134CF,U+134CF,A332,A332,A-06-020,"Man, standing on a base (statue), right arm in front, holding a long stick/staff, which rests on the same base, left arm hanging beside the body.",Classifier statue,C
HJ A108,134D0,U+134D0,A108,A108,A-06-024,"Man, standing, both arms in front, holding a stick/staff.",Classifier to cut down,C
HJ A109H,134D1,U+134D1,A109H,A109h,A-06-027,"Man, standing, with a backward line on the head, right arm forwards, holding a stick/staff, left arm hanging beside the body.",Logogram (great),C
A109I,134D2,U+134D2,,,A-06-028,"Man, standing, wearing a long sash-kilt, with a backward line on its head, right arm in front, holding a long stick/staff, left arm hanging beside the body, holding a flagellum (S45) horizontally.","Logogram (great one, chief)",C
HJ A109,134D3,U+134D3,A109,A109,A-06-029,"Man, standing, wearing a long sash-kilt, with a cone-like shape on its head, right arm in front, holding a long stick/staff, left arm hanging beside the body.","Logogram (great one, chief)",C
HJ A109C,134D4,U+134D4,A109C,A109C,A-06-032,"Man, standing, wearing a long sash-kilt, with a feather (H6) on his head, right arm in front, holding a stick/staff, left arm hanging beside the body.",Logogram (great),C
HJ A109A,134D5,U+134D5,A109A,A109A,A-06-033,"Man, standing, wearing a long sash-kilt, with two feathers on his head, right arm in front, holding a stick/staff, left arm hanging beside the body.",,C
HJ A109B,134D6,U+134D6,A109B,A109B,A-06-035,"Man, standing, with a palm branch, stripped of leaves and a round notch on front, with the curve at the top backwards (M4), on the head, right arm in forward, holding a stick/staff, left arm hanging beside the body.","Logogram (great one, chief)",C
A110A,134D7,U+134D7,,,A-06-039,"Man, standing, right arm forward, holding a stick/staff, left arm hanging beside the body holding a sceptre (S42), sceptre-head extending in front of the body.",Classifier noble,C
A111A,134D8,U+134D8,,,A-06-040,"Man, standing, right arm forward, right arm forward, holding a body-length wAs scepter (sceptre with a straight shaft, a forked base, topped with the head of the Seth animal (S40)), left arm hanging beside the body, holding a stick.",Classifier Orion,C
HJ A111,134D9,U+134D9,A111,A111,A-06-041,"Man standing, with a feather on his head (H8), right arm forward, holding a body-length wAs scepter (sceptre with a straight shaft, a forked base, topped with the head of the Seth animal (S40)), left arm hanging beside the body.",Logogram (son/child of),C
A112A,134DA,U+134DA,,,A-06-046,"Man, standing, wearing a lion/leopard skin, tail between the legs, with two backward curving lines on the head, right arm extended forwards, forearm on waist height, holding a staff with a triangular shape below the right hand (pointing downwards), left arm raised towards the front hand at shoulder height, holding a book roll, held vertically.",Classifier lector priest,C
HJ A114B,134DB,U+134DB,A114B,A114B,A-07-001,"Man, seated, right knee raised, right arm raised, holding a conical shape at the height of the shoulder, angled forward, left arm in front of body.","Logogram (humankind, patricians)",C
HJ A114,134DC,U+134DC,A114,A114,A-07-002,"Man, seated, right knee raised, right arm raised, holding a conical shape at the height of the shoulder, angled forward, left arm hanging beside the body.","Logogram (humankind, patricians)",C
HJ A116B,134DD,U+134DD,A116B,A116B,A-07-003,"Man, seated, right knee raised, right arm raised, holding a cup or vessel, about the size of the hand, at the height of the shoulder, left arm in front of the body.",Logogram (to drink),C
HJ A115,134DE,U+134DE,A115,A115,A-07-005,"Man, seated, right knee raised, right arm raised, holding a basin or wickerwork basket at the height of the shoulder, left arm hanging beside the body. ",Classifier swallowing,C
HJ A410,134DF,U+134DF,A410,A410,A-07-009,"Man, seated, right knee raised, right arm raised, holding a cup or vessel, with the vessel at the mouth, left arm hanging beside the body.",Logogram (to drink),C
A410A,134E0,U+134E0,,,A-07-010,"Man, seated, right knee raised, both arms raised at the front, holding a cup or vessel, with the vessel at the mouth.",Classifier drinking,C
A117E,134E1,U+134E1,,,A-07-012,"Man, seated on heel, right knee raised, with arms raised in front, hands horizontal, at the height of the shoulder, hand palms upwards, holding a tray with a pile of offerings, resembling a half circle.",Classifier lifting/carrying,C
A057E,134E2,U+134E2,,,A-07-018,"The king, seated on heel, right knee raised, with long straight beard and uraeus, with arms raised in front, hands horizontal at the height of the shoulder, hand palms upwards, holding a tray with three circular items on top of it.",Classifier lifting/carrying,C
A057F,134E3,U+134E3,,,A-07-019,"The king, seated on heel, right knee raised, with long straight beard and uraeus, with arms raised in front, hands horizontal at the height of the shoulder, hand palms upwards, holding a tray with five circular loafs of bread covered by vegetables.",Classifier lifting/carrying,C
HJ A057B,134E4,U+134E4,A57B,A57B,A-07-020,"The king, seated on heel, both knees down, upon a base, with uraeus on brow, long, straight beard and coif, arms extended to the front, carrying a loaf of bread upon a reed mat at the height of the face.",Pictogram kneeling making offering,C
A009G,134E5,U+134E5,,,A-07-022,"Man, seated, right knee raised, a basket with multiple pieces of grain or fruit on his head, right arm raised in front, with the hand at the vessel, left arm hanging beside the body.",Classifier work,C
HJ A009C,134E6,U+134E6,A9C,A9C,A-07-023,"Man, seated, right knee raised, a vessel on his head, right arm raised in front, with the hand at the vessel, left arm in front of the body.",Classifier work,C
A009D,134E7,U+134E7,,,A-07-025,"Man, seated, both knees raised, foot horizontal, a vessel on his head, right arm raised in front, with the hand at the vessel, left arm hanging beside the body.",Phonemogram,C
A072C,134E8,U+134E8,,,A-07-026,"Man, seated, both knees down, a vessel on his head, right arm raised in front, with the hand at the vessel, left arm hanging beside the body.",Classifier work,C
A072D,134E9,U+134E9,,,A-07-029,"Man, seated, both knees raised, foot horizontal, a vessel on his head, right arm raised in front, with the hand at the vessel, left arm raised at the back, with the hand at the vessel.",Classifier work,C
HJ A119,134EA,U+134EA,A119,A119,A-07-031,"Man, seated, right knee raised, horned viper on his head, right arm raised in front, holding the viper at the neck, left arm hanging beside the body.","Logogram (to lift, to carry)",C
A119C,134EB,U+134EB,,,A-07-032,"Man, seated, both knees raised, foot flat on the ground, arms raised at either side of the body, supporting a horned desert viper (Cerastes cerastes) (I9).","Logogram (to lift, to carry)",C
HJ A401,134EC,U+134EC,A401,A401,A-07-033,"Man, seated, right knee raised, a forearm, with the palm of the hand facing upwards (D36) on top of his head, right arm raised in front, hand horizontal, hand palm up, supporting the forearm, left arm hanging beside the body.",Logogram (to lift the arm),C
HJ A121,134ED,U+134ED,A121,A121,A-07-035,"Man, seated, right knee raised, with a circle (sun disk) on his head, arms raised at either side of the body, supporting the sign for the sky (N1) which has the points at the hands, with the sign on top of the circle.",Logogram (Heh (divinity)),C
A121D,134EE,U+134EE,,,A-07-038,"Man, seated, right knee raised, arms raised at either side of the body, supporting the sign for the sky (N1).","Logogram (to suppport, to raise)",C
A121E,134EF,U+134EF,,,A-07-039,"Man, seated, both knees down, arms raised at either side of the body, supporting the sign for the sky (N1).","Classifier to hold up, to support (in the title ꜥḫ-p.t)",C
A482B,134F0,U+134F0,,,A-07-040,"Man, seated, right knee raised, right arm raised in front, left arm behind the back, holding a stick.",Classifier vocative interjection,C
HJ A184,134F1,U+134F1,A184,A184,A-07-042,"Man, seated, right knee raised, right arm raised in front, holding a loop of cord with the ties at the top, at the height of the shoulder, left arm hanging beside the body.","Phonemogram (in snm.t, the island Biga)",C
HJ A376,134F2,U+134F2,A376,A376,A-07-043,"Man, seated, right knee raised, right arm raised in front, holding a round vessel with an upstanding rim (nw-vase, W24), at the height of the shoulder, left arm hanging beside the body.",Phonemogram,C
HJ A377,134F3,U+134F3,A377,A377,A-07-044,"Man, seated, both knees down, foot flat, both arms forwards, hands horizontal, palm upwards, supporting an African sacred ibis (Threskiornis aethiopicus (G26A)).",Phonemogram/logogram (his heart),C
HJ A378,134F4,U+134F4,A378,A378,A-07-045,"Man, seated, right knee raised, right arm raised in front, right hand held horizontally, supporting a duck or goose (G38-G39), left arm hanging beside the body.",Classifier people,C
HJ A379,134F5,U+134F5,A379,A379,A-07-046,,,
A512,134F6,U+134F6,,,A-07-047,"Man, seated, right knee raised, right arm in front, right hand horizontally, supporting a heart (F34), left arm in front of the body.",Logogram (farmer/gardener),C
A512A,134F7,U+134F7,,,A-07-048,"Man, seated, right knee raised, right arm in front, right hand horizontally, supporting a face (D2), left arm hanging beside the body.",Phonemogram (from fꜣꞽ ḥr),C
HJ A380,134F8,U+134F8,A380,A380,A-07-051,"Man, seated, right knee raised, right arm in front, holding a sheaf of grain in the right hand, left arm hanging beside the body.",Classifier reaping,C
A516,134F9,U+134F9,,,A-07-055,"Man, seated, right knee raised, right arm raised in front, holding a papyrus scroll at 45 degree towards the face, left arm in front of the body.",Classifier lector priest,C
HJ A357,134FA,U+134FA,A357,A357,A-07-056,"Man, seated, right knee raised, right arm raised in front, holding a sedge (M23) at the top, left arm raised to the back, holding a sedge (M23) at the top.",Phonemogram,C
HJ A402,134FB,U+134FB,A402,A402,A-07-057,"Man, seated, right knee raised, both arms raised at the front, holding an oval cartouche on his head.",Logogram (his name),C
HJ A131C,134FC,U+134FC,A131C,A131C,A-07-060,"Man, seated on heel, both knees down, both arms extended in front, supporting a child (A17: knees at 90 degree, both lower legs visible, slightly apart, right arm raised with hand to mouth, left arm hanging beside the body).",Phonemogram,C
HJ A009B,134FD,U+134FD,A9B,A9B,A-08-001,"Man, standing, a vessel (W10) on his head, right arm raised in front, with the hand at the vessel, left arm hanging beside the body.","Logogram (to lift, to carry)",C
HJ A123,134FE,U+134FE,A123,A123,A-08-005,"Man, standing, a horizontal oval on his head, right arm raised in front, with the hand at the oval, left arm hanging beside the body.","Classifier to lift, to carry",C
A124A,134FF,U+134FF,,,A-08-007,"Man, standing, a tall oval vessel with upstanding rim on his head, right arm raised in front, with the hand at the vessel, left arm hanging beside the body.",Logogram (work),C
HJ A124,13500,U+13500,A124,A124,A-08-008,"Man, standing, a circle on his head, right arm raised in front, with the hand at the circle, left arm hanging beside the body.",Phonemogram,C
HJ A125,13501,U+13501,A125,A125,A-08-009,"Man, standing, arms raised at either side of the body, supporting a vessel with a small base and a broad rim (W77), with three vertical oval loaves of bread on top of it.",Logogram (to raise up offerings),C
A126A,13502,U+13502,,,A-08-010,"Man, standing, arms raised at either side of the body, supporting a vessel with a small base and a broad rim (W77), with three vertical oval loaves of bread on top of it, interspaced by two round loaves.",Logogram (to raise up offerings),C
HJ A119A,13503,U+13503,A119A,A119A,A-08-013,,,
HJ A121C,13504,U+13504,A121C,A121C,A-08-014,"Man, standing, arms raised at either side of the body, supporting the sign for the sky (N1).",Logogram (to suppport/to raise the sky),C
HJ A407,13505,U+13505,A407,A407,A-08-019,"Man, standing, with a shrine, seen from the side (O18) on his head, both arms raised in front, supporting the shrine.",Phonemogram,C
HJ A406,13506,U+13506,A406,A406,A-08-021,,,
A131B,13507,U+13507,,,A-08-022,"Man, standing, with a child (A17: knees at 90 degree, both lower legs visible, slightly apart, right arm raised with hand to mouth, left arm hanging beside the body) on his head, arms raised at either side of the body, supporting the child.",Phonemogram,C
HJ A131A,13508,U+13508,A131A,A131A,A-08-025,"Man, standing, with a child (A17: knees at 90 degree, both lower legs visible, slightly apart, right arm raised with hand to mouth, left arm hanging beside the body) on his head, right arm raised, supporting the child, left arm hanging beside the body.",Phonemogram,C
A338B,13509,U+13509,,,A-08-029,"Man, standing, both arms towards the front, holding an key for a tumbler lock consisting of a slightly bent vertical line with two shorter horizontal lines attached to the top akin to a flag, pointing outwards, as if to strike with it.",,C
A395B,1350A,U+1350A,,,A-08-032,"Man, running, right arm raised in front, holding a tall water pot (W14) vertically, left arm over the body, holding a tall water pot (W14) which balances against the left shoulder.",Classifier offering,C
A525,1350B,U+1350B,,,A-08-034,"Man, running, right arm raised in front, hand horizontal, hand palm upwards, holding a round vessel with an upstanding rim (W24), left arm over the body, holding a lotus flower at the stem, which rests against the shoulder, with the flower above the shoulder.",Logogram (to bring),C
A525A,1350C,U+1350C,,,A-08-035,"Man, running, right arm raised in front, hand horizontal, hand palm upwards, holding a round vessel with an upstanding rim (W24), left arm over the body.",Logogram (to bring),C
A399A,1350D,U+1350D,,,A-08-040,"Man, standing, both arms towards the front, holding a branch, as if to strike with it.",Classifier force/effort,C
A399B,1350E,U+1350E,,,A-08-041,"Man, standing, back bent forwards, right arm forward, holding a branch, left arm hanging beside the body.",Classifier force/effort,C
HJ A190,1350F,U+1350F,A190,A190,A-08-042,"Man, standing, bent forwards, both arms forwards, holding a cup or vessel at the height of the knees.",Classifier death,C
A006P,13510,U+13510,,,A-09-002,"Man, seated, right knee raised, with a vase on its side, with liquid issuing from it (W54), orientated to the front, on his head, both arms raised towards the front, hand palms inwards.","Logogram (pure, clean)",C
A006R,13511,U+13511,,,A-09-003,"Man, seated on heel, right leg extended with the foot in front of the left knee, with a vase on its side, with liquid issuing from it (W54), orientated to the front, on his head, both arms raised towards the front, hand palms outwards.","Logogram (pure, clean)",C
A006Y,13512,U+13512,,,A-09-004,"Man, seated, both knees down, with a vase on its side, with liquid issuing from it (W54), orientated to the front, on his head, both arms raised towards the front, hand palms upwards.","Logogram (pure, clean)",C
A006V,13513,U+13513,,,A-09-008,"Man, seated, right knee raised, with a vase on its side, with liquid issuing from it (W54), orientated to the front, on his head, right arm extended forwards, hand in the line of water, hand palm forwards, left arm hanging besides the body.",Logogram (wab-priest),C
A006W,13514,U+13514,,,A-09-010,"Man, seated, right knee raised, with a vase on its side, with liquid issuing from it (W54), orientated to the front, on his head, right arm extended forwards, hand in the line of water, hand palm forwards, left arm in front of the body.",Logogram (wab-priest),C
HJ A133A,13515,U+13515,A133A,A133A,A-09-013,,,
A133D,13516,U+13516,,,A-09-014,"Man, standing, knees bent, bent forwards with back nearly horizontal, arms hanging downwards, extended towards the front, touching a block, with a vase with liquid issuing from it floating in front of its head, with the water ending on the block.",Classifier to libate,C
A006C,13517,U+13517,A6B,A6B,A-09-015,"Man, seated, right knee raised, both arms forward, holding a round vessel on its side, with liquid issuing from it, orientated to the front, at the height of his head.","Logogram (pure, clean)",C
A006D,13518,U+13518,,,A-09-016,"Man, seated, right knee raised, both arms forward, holding a tall water pot (W14) on its side, with liquid issuing from it, orientated to the front, at the height of his head.","Logogram (pure, clean)",C
A006X,13519,U+13519,A6A,A6A,A-09-018,"Man, seated, right knee raised, with a tall water pot (W14) on its side, with liquid issuing from it, orientated to the back, on his head, both arms forward, holding the base of the water pot.","Logogram (to be pure, to be clean)",C
HJ A006E,1351A,U+1351A,A6E,A6E,A-09-021,"Man, seated on heel, both knees down, arms raised in front, holding a round vessel on its side, with liquid issuing from it, orientated to the back, going over the head, at the height of the head.","Logogram (pure, clean)",C
HJ A006K,1351B,U+1351B,A6K,A6K,A-09-022,,,
A006O,1351C,U+1351C,,,A-09-028,"Man, seated, right knee raised, with a vessel on its head with an opening at the left and right side, with liquid issuing forth from either side, arms at either side of the body, hands touching the head.",Logogram (wab-priest),C
HJ A133B,1351D,U+1351D,A133B,A133B,A-09-031,"Man, seated on heel, right leg extended with the foot in front of the left knee, both arms extended forwards, one arm at the height of the shoulder, one at the height of the of the chest, hand palms horizontal, hand palms upwards, inside a double dotted line running from two vessels with a small base and a broad rim (W77), in front and behind the man, with the double line of dots curving over the man.","Logogram (pure, clean)",C
HJ A006G,1351E,U+1351E,A6G,A6G,A-09-033,"Man, seated, right knee raised, both arms in front, forearms horizontal, hands upward, with a rectangular vessel below the arms, and two lines of liquid running from the hands over the head to the back, ending around the waist.","Logogram (pure, clean)",C
A135H,1351F,U+1351F,,,A-10-001,"Man, standing, both arms forward, holding a tall water pot with a spout (W14A), as if to pour.",Classifier pouring,C
A135I,13520,U+13520,,,A-10-002,"Man, standing, both arms forward, holding a tall water pot with a spout (W14A), with a forward, downward ripple of water coming from the spout.",Classifier pouring,C
HJ A135B,13521,U+13521,A135B,A135B,A-10-003,,,
HJ A135C,13522,U+13522,A135C,A135C,A-10-007,"Man, standing, right arm forward, holding a tall water pot with a spout at 45 degree, with water issuing from the spout, left arm hanging beside the body.",Logogram (to pour),C
HJ A135D,13523,U+13523,A135D,A135D,A-10-009,"Man, standing, both arms forward, holding a vessel at the height of the waist, with a dotted line coming from the vessel.",Logogram (to libate)?,C
HJ A136,13524,U+13524,A136,A136,A-10-012,"Man, standing, both arms forward, right forearm above left forearm, with a ripple of water (N35) written nearly horizontally above the right forearm and hand.",Classifier greeting,C
HJ A060A,13525,U+13525,A60A,A60A,A-10-014,"Man, standing, right arm forward, forearm horizontal, hand palm upwards, left arm backwards, upper arm horizontal, forearm nearly vertical, hand palm inwards, with a curved line running between the hand palms, continuing downwards to the level of the feet.","Classifier to sprinkle, to scatter",C
A060B,13526,U+13526,,,A-10-015,"Man, standing, right arm forward, forearm horizontal, hand palm upwards, left arm backwards, upper arm horizontal, forearm nearly vertical, hand palm inwards, with a dotted line running between the hand palms, continuing downwards to the level of the feet.","Logogram (to sprinkle, to scatter)",C
A005C,13527,U+13527,,,A-11-004,"Man, seated, both knees down, back straight, both arms raised in front, hand palms outwards, under a corner of a wall.",Logogram (to hide),C
A005H,13528,U+13528,,,A-11-007,"Man, seated, both knees raised, feet flat, near its bottom both arms raised in front, hands horizontal, hand palms upwards, under a corner of a wall.",Classifier hiding/hidden,C
HJ A005B,13529,U+13529,A5B,A5B,A-11-009,"Man, standing, both arms raised in front, hand palms outwards, under a corner of a wall.",Classifier hiding/hidden,C
A421A,1352A,U+1352A,,,A-11-011,"Man, seated, right knee raised, back straight, both arms raised in front, hand palms outward, behind and below a clump of several papyrus flowers, which curve over the man.",Logogram (to hide),C
HJ A141,1352B,U+1352B,A141,A141,A-12-004,"Man, seated on heel, right knee raised, back slightly bent, both arms forward, holding a reed pipe ending in a tuyère at his mouth, behind a vessel from which a flame, which angles away from the man, comes.",Classifier melting/casting,C
HJ A142,1352C,U+1352C,A142,A142,A-12-005,"Man, seated on heel, left knee raised, right hand forward, holding the top of a horizontal drill of a bow-drill, with the point of the drill in a N25-like base, left arm in front of the body, holding the bow of the bow-drill.",Logogram (overseer of the deserts),C
HJ A143,1352D,U+1352D,A143,A143,A-12-006,"Man, kneeling on both knees, toes down, back bent forwards, both arms downwards on top of a grindstone.",Classifier grinding,
A143C,1352E,U+1352E,,,A-12-007,"Man, kneeling, right leg extended, left leg bent, foot at an angle, toes down, both arms forwards, extending downwards towards a grindstone.",Classifier grinding,C
HJ A144,1352F,U+1352F,A144,A144,A-12-009,"Man, standing, back bent forwards, both arms downwards, holding a rectangular grain measure vessel.",Classifier (to measure),C
HJ A148,13530,U+13530,A148,A148,A-12-016,"Man, standing, back bent forward, right arm forward, holding a bundle of grain stalks, left arm in front of the body, holding a sickle with the point at the base of the bundle of grain stalks.",Classifier reaping/harvesting,C
HJ A150,13531,U+13531,A150,A150,A-12-017,"Man, standing, back bent forward, both arms toward the front, holding a hammer with a round head, above a spike or pointy pole.",Logogram (to drive in the mooring post),C
HJ A034B,13532,U+13532,A34B,A34B,A-12-018,,,
A034C,13533,U+13533,,,A-12-021,"Man, standing, both arms forwards, holding a long stick vertically, levering a vertical, rectangular stone.","Logogram (to pound, to build)",C
A034D,13534,U+13534,,,A-12-022,"Man, standing, both arms forwards, holding a long stick vertically, levering a vertical, rectangular stone, with the stick in front of the stone.","Logogram (to pound, to build)",C
HJ A035E,13535,U+13535,A35E,A35E,A-12-027,"Man, standing, both arms raised in front, touching a vertically written wall with battlements near the top, left leg raised, touching the wall near the bottom.",Logogram (to build),C
A035I,13536,U+13536,,,A-12-028,"Man, standing, right arm raised in front, touching a wall, written vertically, with multiple battlements on the long sides (O36C), left leg raised, touching the wall near the bottom; left arm hanging beside the body.",Logogram (to build),C
HJ A035F,13537,U+13537,A35F,A35F,A-12-029,"Man, standing, both arms raised in front, touching a wall, written vertically, with a wide base and battlements on the front, back and top (O36D).",Classifier building/constructing,C
A035H,13538,U+13538,,,A-12-030,"Man, standing, both arms raised in front, touching a wall, written vertically, with multiple battlements on the long sides (O36C).",Classifier building/constructing,C
A035G,13539,U+13539,,,A-12-031,"Man, standing, both arms raised in front, touching a wall, written vertically, with battlements on the front, back and top, left leg raised, touching the wall near the bottom.",Classifier building/constructing,C
HJ A158,1353A,U+1353A,A158,A158,A-12-034,"Man, seated on a chair, at a potter's wheel with a vessel on top of it, both arms forward, near the top of the wheel, right leg extended, right foot at the base of the potter's wheel.","Logogram (to create, to shape)",C
HJ A158B,1353B,U+1353B,A158B,A158B,A-12-036,"Man, standing at a potter's wheel with a lump of clay on top of it, right leg extended, right foot at the base of the potter's wheel, both arms extended in front, right hand above the lump of clay, left hand at the top of the potter's wheel.","Classifier to create, to shape",C
HJ A158D,1353C,U+1353C,A158D,A158D,A-12-040,"Man, kneeling, right foot with the toes on the ground, left foot flat on the ground, back bent forwards, arms extended forward, hands at the rim of a vessel on a low hand operated potter's wheel.",Classifier to create,C
HJ A158F,1353D,U+1353D,A158F,A158F,A-12-041,"Man, standing, back bent forwards, arms extended forward, hands at the rim of a vessel on a low hand operated potter's wheel.",Classifier to create,C
HJ A036C,1353E,U+1353E,A36C,A36C,A-12-044,"Man, standing, arms at either side of the body, extended outward, with the hands at the height of the waist, with a line running between the hands.","Logogram (to sieve, to press)",C
HJ A036A,1353F,U+1353F,A36A,A36A,A-12-046,"Man, standing in a beer-jug (W22/W125), arms at either side of the body, holding the rim of the beer-jug.",Logogram (brewer),C
HJ A143A,13540,U+13540,A143A,A143A,A-12-050,"Man, seated, both knees down, back bent forwards, both arms extended forwards, hands at a brick or block which is at the level of the knees.",Classifier pot-stand/sideboard,C
A152A,13541,U+13541,,,A-12-054,"Man, standing, back bent forwards, arms raised on either side of the body, bent at the elbow, hands at the height of the shoulders, holding an oar with both hands at 45 degree with the blade downwards.",classifier to punt/pole (a boat),C
HJ A398,13542,U+13542,A398,A398,A-12-056,"Man, standing, back bent forward, both arms extended towards the front, forearms horizontal at the height of the waist, holding a bib or garment (V60).","Uncertain, classifier?",C
HJ A415,13543,U+13543,A415,A415,A-12-058,"Man, standing, bent slightly forward, extending the arms forward, forearms horizontal at the level of the waist, holding a piece of clay or mud.",Logogram (builders),C
HJ A416,13544,U+13544,A416,A416,A-12-059,,,
HJ A417,13545,U+13545,A417,A417,A-12-060,"Man, standing, back bent forward, both arms forward, hands inside a W10 type vessel, which is at the level of the feet.",,
HJ A420,13546,U+13546,A420,A420,A-12-061,"Man, seated on heel, right knee raised, right arm in front of body, holding two sticks at the base forming a V shape, left arm in front of the body.","Uncertain (in sꜣ.w (domain), and in an offering list after ḥnḳ.t)",C
HJ A139A,13547,U+13547,A139A,A139A,A-12-064,"A man, seated, right knee raised, both arms forwards, holding a book roll with the first page unrolled.",Classifier to open (a scroll),C
A139E,13548,U+13548,,,A-12-067,"Man, seated, right knee raised, right arm forward, holding a scribe's kit, consisting of a palette, ink or paint pouch and a reed pen (Y3), at the reed pen, left arm in front of the body.",Logogram (scribe),C
HJ A316,13549,U+13549,A316,A316,A-12-072,"Man, seated on heel, right knee raised, right arm raised in front, holding a stick at a backwards angle, left arm in front of the body.",Classifier occupation,C
HJ A351,1354A,U+1354A,A351,A351,A-12-074,,,
HJ A413,1354B,U+1354B,A413,A413,A-12-076,"Man, standing, both arms forward, forearms at the height of the waist, holding a stick, striking a wick of twisted flax.",Logogram (to strike),C
HJ A418,1354C,U+1354C,A418,A418,A-12-077,"Man, standing on top of a branch, back bent forwards, both arms forward, forearms at the height of the waist, hands holding the branch which bends upwards.",Logogram (to bend down),C
A513,1354D,U+1354D,,,A-12-078,"Man, standing, back bent forwards, both arms forward, towards a table or block with an oryx on its back on it, head towards the front, towards the belly of the oryx, legs bundled together, the right hand of the man extended towards the horns of the oryx, the left hand holding a knife near the forelegs of the oryx.",Logogram (slaughtered oryx),C
HJ A160,1354E,U+1354E,A160,A160,A-13-003,"Man, seated, both knees up, with covered legs and arms, with short straight beard and short hair/wig, holding a crook (HqA, S38), with the opening outwards.",Logogram (to guard),C
A047I,1354F,U+1354F,,,A-13-006,"Man (shepherd), seated, both knees up, with covered legs and arms, with a short straight beard and short hair/wig, holding a stick which curves outwards with a band of string or fabric, with the ties towards the body.",Logogram (herdsman),C
A047L,13550,U+13550,,,A-13-007,"Man (shepherd), seated, both knees up, with covered arms and legs, with a short straight beard and long head-cloth, holding a straight stick, with a loop near the bottom of the stick, loop outwards, with strokes on top of the loop.",Classifier herdsman,C
A049E,13551,U+13551,,,A-13-013,"Man (foreigner), seated, both knees raised, with covered legs and arms, wearing foreign headgear, with a bushy beard, holding an axe with a round blade and a curved handle (T7).",Classifier foreigner (Asiatic),C
HJ A048A,13552,U+13552,A48A,A48A,A-13-014,"Man, seated, both knees raised, with covered legs and arms, with a short straight beard and short hair/wig, holding two sticks in a V shape.","Logogram (relating to, belonging to)",C
HJ A048B,13553,U+13553,A48B,A48B,A-13-015,"Man, seated, both knees raised, with covered legs and arms, with short hair/wig, holding two sticks in a V shape.",Logogram (to guard),C
A048F,13554,U+13554,,,A-13-018,"Man (foreigner), seated, both knees raised, with covered legs and arms, with short hair/wig, with a band of cloth around the head, with a vertical feather on the head, holding two sticks with bulbs at the ends.",Logogram (foreigner),C
HJ A047C,13555,U+13555,A47C,A47C,A-13-019,"Man, seated, both knees raised, with covered arms and legs, with a short straight beard and long wig, holding a coil of rope (V1), with the coil towards the body.",Logogram (to guard),C
A047F,13556,U+13556,,,A-13-021,"Man, seated, both knees raised, with covered legs and arms, with short hair/wig, holding an object consisting of one long vertical line at one end, with multiple shorter vertical lines connected to a horizontal line, with the shorter vertical line section away from the body.",Logogram (to guard),C
A047H,13557,U+13557,,,A-13-022,"Man, seated, both knees raised, with covered legs and arms, with short hair/wig, holding an object consisting of one long vertical line at one end, with multiple shorter vertical lines connected to a horizontal line, with the shorter vertical line section towards the body.",Logogram (to guard),C
A461B,13558,U+13558,,,A-13-024,"Man, seated, both knees raised, with covered legs and arms, with a short, straight beard and short hair/wig, holding a key that resembles a plan of a winding wall (O5).",Logogram (to guard),C
A047M,13559,U+13559,A47D,,A-13-026,"Man, seated, both knees raised, with covered legs and arms, with short hair/wig, holding an key for a tumbler lock consisting of a slightly bent vertical line with two shorter horizontal lines attached to the top akin to a flag, pointing outwards.",Logogram (to guard),C
A047D,1355A,U+1355A,,A47D,A-13-027,"Man, seated, both knees raised, with covered legs and arms, with a short straight beard, short hair/wig, holding an key for a tumbler lock consisting of a slightly vertical line with two shorter horizontal lines attached to the top akin to a flag, pointing outwards.",Logogram (to guard),C
HJ A047E,1355B,U+1355B,A47E,A47E,A-13-028,"Man, seated, both knees raised, with covered legs and arms, with a short straight beard and short hair/wig, holding an object consisting of one long vertical line at one end, with multiple shorter vertical lines connected to a horizontal line, with the shorter vertical line section towards the body.",Logogram (to guard),C
A048H,1355C,U+1355C,A48,,A-13-029,"Man, seated, both knees up, with covered legs and arms, with short straight beard and short hair/wig, holding an unknown object (mace/knife/stick?)","Logogram (relating to, belonging to)",C
A049D,1355D,U+1355D,A49,,A-13-031,"Man, seated, both knees up, with covered legs and arms, with a short bushy beard and long wig, holding a stick which angles slightly towards the body.",Classifier foreigner,C
HJ A453,1355E,U+1355E,A453,A453,A-13-033,"Man, seated, both knees up, with covered legs and arms, with a short beard and short hair/wig, with a yoke around his neck.",Classifier enslave,C
HJ A461,1355F,U+1355F,A461,A461,A-13-034,,Uncertain,
HJ A462,13560,U+13560,A462,A462,A-13-035,"Man (foreign), seated, both knees up, with covered legs and arms, with a bushy beard, with a feather (H6) on his head angling backwards, holding a feather (H6), angling forwards.","Classifier bow-people, nomads",C
A462A,13561,U+13561,,,A-13-037,"Man (foreign), seated, both knees up, with covered legs and arms, with a bushy beard, holding a feather (H6), angling forwards.","Classifier bow-people, nomads",C
A048G,13562,U+13562,,,A-13-042,"Man (foreign), seated, both knees up, with covered legs and arms, with a bushy beard, with short hair/wig, with a band of cloth around the head.",Classifier foreigner,C
HJ A033A,13563,U+13563,A33A,A33A,A-14-001,"Man, seated, with both knees raised, with covered legs, both arms forward, holding a stick with a bundle or a mat horizontally over his shoulders, bundle behind the back.",Classifier wandering/displaced,C
A033I,13564,U+13564,,,A-14-003,"Man, standing, right arm forward, holding a stick with a bundle or mat horizontally over his shoulders, bundle behind the back, left arm hanging beside the body.",Logogram (herdsman),C
HJ A166,13565,U+13565,A166,A166,A-14-008,"Man, standing, arms at either side of the body, holding either side of a stick that lies nearly horizontally over his shoulders.",Logogram (herdsman),C
HJ A033D,13566,U+13566,A33D,A33D,A-14-010,"Man, standing, both arms forward, holding a stick with a bundle or a mat horizontally over his shoulders, bundle behind the back, with the ties at the top.","Logogram (wanderer, displaced)",C
HJ A165,13567,U+13567,A165,A165,A-14-012,"Man, seated, right knee raised, right arm extended forward, holding a bag with one tie, oriented away from the body, left arm in front of the body.",Logogram (prospector),C
HJ A383,13568,U+13568,A383,A383,A-14-013,"Man, standing, right arm forward, holding a stick with a bundle or mat horizontally over his shoulders, bundle behind the back, with the ties downwards, left arm forwards at 45 degree downwards, holding a stick which curves slightly inwards.",Logogram (herdsman),C
HJ A419,13569,U+13569,A419,A419,A-14-014,"Man, standing, right arm forward, holding a stick horizontally on the shoulders, with a long bundle or sack at the front, and a vessel hanging by a loop of string at the back, left arm hanging beside the body.",Logogram (herdsman),C
HJ A033E,1356A,U+1356A,A33E,A33E,A-14-015,,,
HJ A168,1356B,U+1356B,A168,A168,A-15-001,"Man, standing, right arm forward, forearm horizontal, holding a sedge plant (M23), which curves towards the front, left arm hanging beside the body.",Logogram (elder),C
A168A,1356C,U+1356C,,,A-15-002,"Man, standing, right arm forward, forearm horizontal, holding a sedge plant (M23), which curves towards the front, with a half circle as the base of the sedge, left arm hanging beside the body.",Classifier elder,C
HJ A355,1356D,U+1356D,A355,A355,A-15-004,,,
HJ A169,1356E,U+1356E,A169,A169,A-15-005,"Man, standing, both arms forward, left arm at the height of the shoulder, right hand at the height of the waist, holding a wick of twisted flax, consisting of a singular loop at the top (V28A).",Logogram (to protect),C
HJ A170,1356F,U+1356F,A170,A170,A-15-006,"Man, standing, both arms forward, right hand on top of a two-pronged mast of a ship with multiple horizontal lines between the prongs (P6), left hand below the two prongs. ",Logogram (to erect),C
HJ A171,13570,U+13570,A171,A171,A-15-008,"Man, standing, right arm forwards, hand at the height of the waist, left arm back, hand a the height of the waist, holding a rope in both hands which is connected to a djed pillar (R011) written at 45 degree forward.",Logogram (to erect the djed pillar),C
HJ A385,13571,U+13571,A385,A385,A-15-009,"Man, standing, both arms extended forwards, hands at waist level, touching a djed pillar (R011) written horizontally.",Classifier erecting the djed pillar (group classifier for sꜥḥꜥ-ḏd-ꞽn-ꞽr.yw-ḫt-n(y)-sw.t),C
A384A,13572,U+13572,,,A-15-010,"Man, standing, facing backwards, both arms raised in front of the man, below the top of a column resembling a stem of papyrus with a bud (M013), without an abacus, angled forwards.",Classifier erecting,C
HJ A174,13573,U+13573,A174,A174,A-15-013,"Man, standing, right arm forward, hand at the height of the waist, holding the sign for longs and windpipe (F36) of the same size as the man, left arm hanging beside the body.",Logogram (elder),C
A174A,13574,U+13574,,,A-15-014,"Man, standing, both arms forwards, holding a windpipe and lungs (F36) of the same length of the man.",Logogram (to be old),C
HJ A176A,13575,U+13575,A176A,A176A,A-15-017,"Man, standing, head facing towards the back, right arm towards the front, hand held horizontally at the height of the shoulder, holding a triangular object, left arm towards the front, left hand nearly vertically, between the triangle and the head.",Logogram (myrrh),C
HJ A457,13576,U+13576,A457,A457,A-15-020,"Man, standing, wearing a lion/leopard skin, tail between the legs, right arm hanging beside the body, holding a scroll horizontally, left arm raised towards the front, left hand held horizontally at shoulder height, hand palm upwards. ",Classifier divinity,C
HJ A369,13577,U+13577,A369,A369,A-15-021,"Man, standing, wearing a lion/leopard-skin, right hand holding up the tail of the skin angling at the front, left hand raised in front.",Logogram (sem-priest),C
A242A,13578,U+13578,,,A-15-026,"Man, standing, both arms forward, holding a foreleg of an ox (F23), near the hoof, with the wide part near the top, as if to strike.",Logogram (to be strong),C
HJ A181,13579,U+13579,A181,A181,A-15-028,"Man, standing, right arm extended forwards, arm horizontal, holding the sky (N1) on his hand, left arm hanging beside the body.",Logogram (Onuris),C
HJ A182,1357A,U+1357A,A182,A182,A-15-029,"Man, standing, right arm forward, right hand held horizontally at the height of the waist, holding an eye with the markings of the head of a falcon (D10), left arm hanging beside the body.",Logogram (Onuris),C
HJ A183,1357B,U+1357B,A183,A183,A-15-030,"Man, standing, left arm hanging beside the body, right arm forward, forearm horizontal, holding a sceptre.",,C
HJ A184A,1357C,U+1357C,A184A,A184A,A-15-031,"Man, standing, right arm forwards, right hand held horizontally at the height of the waist, holding a loop of cord with the ties upwards (V6), left arm hanging beside the body.",Logogram (prospector),C
HJ A187,1357D,U+1357D,A187,A187,A-15-033,,,
A187B,1357E,U+1357E,,,A-15-034,"Man, standing, arms extended at either side of the body, hands at the height of the shoulders, holding a tenoned door (O31), written vertically, at the top tenon, door-leaf inwards, with the sky (N1) on top of the tenons.",Logogram (the one who opens the two doors of the sky),C
HJ A186,1357F,U+1357F,A186,A186,A-15-035,"Man, standing, both arms forward, right forearm above the left forearm, holding a door written horizontally, with the long side toward the body.",Logogram (gatekeeper),C
HJ A458,13580,U+13580,A458,A458,A-15-037,"Man, standing, with a line coming from his back at the waist, going down to the feet, right arm in front, right hand held horizontally at the height of the shoulders, holding D28 (two arms, raised upwards, with the forearms and hands vertical, hand palms inwards), left arm forwards, at 45 degree downwards.",Phonemogram,C
HJ A188,13581,U+13581,A188,A188,A-15-041,,,
A188A,13582,U+13582,,,A-15-042,"Man, standing, right arm towards the front, hand held horizontally at the height of the shoulder, holding two arms, raised upwards, with the forearms and hands vertical, hand palms inwards (D28); left arm towards the front, left hand nearly vertically, between the two arms and the head.",Logogram (to protect),C
HJ A189,13583,U+13583,A189,A189,A-15-044,"Man, standing, right arm extended forwards, arm horizontal, holding a rectangular sail, on a mast of a ship with two prongs, connected by vertical lines (P6), written behind the sail (P5), left arm hanging beside the body.",Logogram (to raise the sail),C
HJ A376A,13584,U+13584,A376A,A376A,A-15-045,"Man, standing, bent slightly forwards, right arm towards the front, holding a round vessel with an upstanding rim (W24) at the height of the shoulder, left arm hanging beside the body.",Classifier presenting,C
A376B,13585,U+13585,,,A-15-046,"Man, standing, right arm towards the front, holding a round vessel with an upstanding rim (W24) at the height of the shoulder, left arm over the body.",Logogram (to bring),C
HJ A384,13586,U+13586,A384,A384,A-15-047,"Man, standing, arms extended at either side of the body, holding a stem of papyrus with a flowering bud (M127) in the right hand, and a stem of papyrus with a bud (M13) in the left hand.",Logogram (lord of the two lands),C
HJ A340,13587,U+13587,A340,A340,A-15-052,"Man, standing, with a bulls tail, arms extended on either side of the body, arms horizontal at the height of the shoulder, holding wings that angle downwards from the hands at a right angle.",Classifier to spread,C
HJ A412,13588,U+13588,A412,A412,A-15-054,"Man, standing, back slightly bent forward, both arms forward, holding a herb, with three flowers or leaves, curving upwards, with the middle flower/leaf higher than the other two (M2).",Phono-repeater,C
HJ A412A,13589,U+13589,A412A,A412A,A-15-055,"Man, standing, back slightly bent forward, both arms forward, holding a flower by the stem.",Classifier to uproot,C
A174B,1358A,U+1358A,,,A-15-071,"Man, walking, with a line (hairlock?) coming from the head, right arm forward, forearm horizontal, holding a leaf, stem (bent forwards) and root of a lotus plant (M12B), left arm hanging beside the body.",Phonemogram,C
A174C,1358B,U+1358B,,,A-15-072,"Man, standing, right arm forward, holding a leaf, stem (bent forwards) and root of a lotus plant (M12B), left arm hanging beside the body.",Phonemogram,C
A174D,1358C,U+1358C,,,A-15-073,"Man, standing, right arm forward, holding a leaf, stem (bent forwards) and root of a lotus plant (M12B), left arm hanging beside the body, holding a knife (T30A) horizontally.",Phonemogram,C
A527,1358D,U+1358D,,,A-15-074,"Man, standing, right arm forward, holding the sun with rays of sunlight coming from it (N8) at the sun disk, at the height of the shoulder, left arm is raised, upper arm horizontal, forearm vertical, left hand palm inwards.",Logogram (to illuminate),C
A196A,1358E,U+1358E,,,A-16-005,"Man, standing, right arm forwards, holding a bow, with the bowstring towards the front, left arm hanging beside the body holding an arrow without fletching, with the arrowhead in front of the body.",Logogram (army),C
A199C,1358F,U+1358F,,,A-16-010,"Man, standing, both arms towards the front, holding a knife (T30), as if to strike with it.",Classifier angry one,C
A199B,13590,U+13590,,,A-16-011,"Man, standing, right arm forward, forearm horizontal at the height of the waist, holding a knife (T30A) at a forward angle, left arm hanging beside the body, holding a knife (T30A) horizontally.",Logogram (messenger/killer),C
HJ A199,13591,U+13591,A199,A199,A-16-014,"Man, standing, arms extended at either side of the body, forearms horizontal at the height of the waist, holding a knife in both hands, angling away from the body.",Classifier driving away,C
A199D,13592,U+13592,,,A-16-015,"Man, standing, right arm forward, hand at the level of the waist, holding a knife vertically, left arm raised, forearm vertically, holding a knife nearly horizontally.",Classifier slayer,C
HJ A200,13593,U+13593,A200,A200,A-16-016,"Man, standing, holding a harpoon with the point down, diagonally over the body, from the tip of the right foot beyond the left shoulder, right arm lowered, right hand holding the harpoon between the waist and knee, left arm raised, holding the shaft near the end.",Classifier (harpooner),C
HJ A059A,13594,U+13594,A59A,A59A,A-16-024,"Man, standing, right arm forward, hand at the level of the waist, holding a stick vertically, left arm raised, forearm vertically, holding a stick nearly horizontally.",Classifier driving away,C
A059C,13595,U+13595,,,A-16-025,"Man, standing, right arm forward, hand at the level of the waist, holding a curved rattle stick vertically, curving outwards, left arm raised, forearm vertically, holding a curved rattle stick nearly horizontally, curving upwards.",Classifier dancing,C
HJ A025A,13596,U+13596,A25A,A25A,A-16-026,"Man, standing, right arm forward, holding a stick horizontally, left arm hanging beside the body.",Logogram (to be strong),C
A202A,13597,U+13597,,,A-16-028,"To men, standing, facing each other, arms forward, holding sticks which cross each other.",Classifier battle,C
A199E,13598,U+13598,,,A-16-030,"Man, standing, looking backwards, right arm forward, forearm and hand at the level of the waist, hand palm upwards, holding a star (N5), left arm raised, forearm vertically, holding a stick nearly horizontally.",Classifier ?,C
A203A,13599,U+13599,,,A-16-032,"Man, standing, both arms forwards, holding a scimitar (khopesh), written vertically, blade curving forwards, with the head of a falcon with a sun disk (N5) on top of it (T073B).",Logogram (to be strong),C
HJ A206,1359A,U+1359A,A206,A206,A-16-035,"Man, standing, right arm forward, forearm and hand at the level of the waist, holding a shield angled backwards, left arm raised, forearm vertically, holding a mace with a pear shaped head, with the head of the mace above the head of the man.",,C
HJ A012C,1359B,U+1359B,A12C,A12C,A-16-041,"Man, seated on heel, right leg extended with foot in front of the left leg, right arm forward, forearm horizontal, holding a shield, left arm in front of the body.",,C
HJ A012D,1359C,U+1359C,A12D,A12D,A-16-042,"Man, seated, right knee raised, right arm forward, holding a mace (T3), angling backwards, left arm over the body, holding a mace (T3), angling backwards against the left shoulder. ",Classifier army,C
A012K,1359D,U+1359D,,,A-16-043,"Man (foreign), seated, right knee raised, wearing a foreign headdress, right arm raised, left arm in front of the body, holding a spear against the shoulder, point upwards.",Classifier foreigner,C
HJ A076C,1359E,U+1359E,A76C,A76C,A-16-044,"Man, standing, upper body in profile, with a covered upper body resembling a circle, hands sticking out.",Classifier hiding/hidden,C
A076E,1359F,U+1359F,,,A-16-046,"Man, standing, arms in front of the body, forearms at waist height, covered by cloth.",Classifier hiding/hidden,C
HJ A211,135A0,U+135A0,A211,A211,A-16-047,,,
A211B,135A1,U+135A1,,,A-16-048,"Man (foreign), standing, with a long dress, right arm forwards, holding a small, peanut shaped shield, seen from the back, hand visible, with the top near the height of the shoulder, left arm in front of the body, holding a spear which rests against the shoulder, spear tip at the top, at the height of the head, spear shaft continuing up to the height of the shin, crossing over the body.",Classifier runner (foreign),C
HJ A211A,135A2,U+135A2,A211A,A211A,A-16-049,"Man (foreign), standing, with a foreign headdress, right arm forward, holding a shield, seen from the back, left arm hanging beside the body, holding a sword, with the tip just under the shield.",Classifier army (semitic loanword),C
HJ A212A,135A3,U+135A3,A212A,A212A,A-16-050,,,
HJ A207A,135A4,U+135A4,A207A,A207A,A-16-052,"Man (king) running, wearing the red crown (S3) right arm in front, hand at the height of the waist, holding a vertical spear with the point at the top, left arm raised, forearm nearly vertical, holding a stick which runs from the head to slightly beyond the hand.",Classifier to trample,C
A077,135A5,U+135A5,,A77,A-17-001,"Man, seated on heel, right knee raised, with a feather on the head (angled backwards). right arm raised, left arm in front of body.",Logogram (army),C
A012L,135A6,U+135A6,,,A-17-004,"Man, seated on heel, right knee up, with two feathers (H6) on his head, arranged in a V shape, straight side inwards; right arm forwards, forearm horizontal, holding a composite bow (T10), left arm in front of the body, holding a stick which angles backwards, leaning against the left shoulder.",Classifier soldiery,C
A012M,135A7,U+135A7,,,A-17-009,"Man, seated on heel, right knee up, with a palm branch, stripped of leaves and notched with a round notch (M4) on its head, right arm forwards, holding a composite bow (T10), left arm in front of the body, holding three arrows, leaning against the shoulder.",Logogram (army),C
A012O,135A8,U+135A8,,,A-17-012,"Man, seated on heel, right knee raised, right foot extending beyond the left knee; with two feathers (H6) on his head, arranged in a V shape, straight side inwards; right arm forwards, forearm horizontal, holding a bow, left arm in front of the body, holding 3 arrows, arrowheads upwards, which angle backwards, leaning against the left shoulder.",Logogram (army)?,C
A012N,135A9,U+135A9,,,A-17-013,"Man, seated on heel, right knee raised, right foot extending beyond the left knee; with two feathers (H6) on his head, arranged in a V shape, straight side inwards; right arm raised in front, holding a vertical arrow with the fletching upwards and arrowhead downwards; left arm in front of the body, holding a bow which angles backwards, leaning against the shoulder.",Logogram (army)?,C
HJ A012A,135AA,U+135AA,A12A,A12A,A-17-015,"Man, seated, right knee raised, right arm in front, forearm horizontal, holding a shield, left arm in front of the body, holding a mace (T3) which angles backwards, leaning against the shoulder, mace head above the shoulder.",Logogram (army),C
A212B,135AB,U+135AB,,,A-17-018,"Man, seated on heel, right knee raised, right foot in front of the left knee, right arm forward, forearm horizontal, holding a bow without bowstring, left arm in front of the body, holding an arrow at the fledging, which goes horizontally beyond the bow (as if the arrow is drawn).",Logogram (1st nome of Upper Egypt),C
A212D,135AC,U+135AC,,,A-17-019,"Man, seated on heel, right knee raised, right foot in front of the left knee, right arm forward, forearm horizontal, holding a bow, left arm in front of the body, elbow raised above the shoulder, holding an arrow at the fledging, which goes horizontally beyond the bow, with the bowstring behind the fletching.",Logogram (army),C
A212C,135AD,U+135AD,,,A-17-020,"Man, seated, both knees down, right arm forward, forearm horizontal, holding a bow or shield, left arm in front of the body, holding multiple sticks or arrows, angling backwards. Leaning against the left shoulder.",Logogram (army)?,C
A012P,135AE,U+135AE,,,A-17-021,"Man, seated on heel, right knee raised, right foot in front of the left knee, right arm forward, forearm horizontal, holding a bundle of arrows in the right hand at the bottom of the shaft, with the arrowheads up; left arm in front of the body, holding a bow, angling backwards, leaning against the left shoulder, bowstring towards the front.",,C
HJ A013A,135AF,U+135AF,A13A,A13A,A-18-003,"Man (enemy), seated on heel, both knees down, with a line of liquid coming from the top of the head, towards the front, curving downwards, both arms behind the back, bound together with rope.",Classifier rebel/enemy ,C
HJ A013B,135B0,U+135B0,A13B,A13B,A-18-007,"Man, seated on heel, both knees down, with a line of liquid coming from the face/neck, towards the front, curving downwards, both arms behind the back, bound together with rope.",Classifier rebel,C
A013Y,135B1,U+135B1,,,A-18-009,"Man, seated on heel, both knees down, right arm forwards, hanging beside the body, left arm hanging beside the body, with a knife (T30A) written at 45 degree over the elbow of the right arm, point at the groin, blade downwards.",Classifier enemy?,C
A014P,135B2,U+135B2,,,A-18-010,"Man, seated on heel, both knees down, right arm raised in front, hand at the height of the face, left arm hanging beside the body, with a rope coming from the neck at the back, curving downwards.",Classifier enemy,C
A014Q,135B3,U+135B3,,,A-18-013,"Man, seated on heel, arms behind the back, bound with rope, with a knife (T30A) with the point against the chest, handle at the height of the face, blade downwards.",Classifier enemy,C
A013Z,135B4,U+135B4,,,A-18-017,"Man, seated on heel, right knee raised, right foot in front of the left knee, with a line of liquid coming from the neck/chest, towards the front, curving downwards, both arms behind the back, bound together with rope.",Classifier rebel,C
A014R,135B5,U+135B5,,,A-18-020,"Man (foreigner), seated on heel, right knee raised, with a foreign headdress and bushy beard, arms behind the back, bound with rope, with a rope coming from the neck, at the front, curving upward, with a triangle pointing downwards at the end of the rope, at about the height of the top of the head.",Logogram (chiefs),C
HJ A013E,135B6,U+135B6,A13E,A13E,A-18-023,"Man (foreigner), seated on heel, right knee raised, with foreign headdress and bushy beard, both arms behind the back, bound with rope. ",Classifier Syrian,C
HJ A013F,135B7,U+135B7,A13F,A13F,A-18-024,"Man (enemy), with hands bound to feet at the back.",Classifier enemy/rebel (Xerxes),C
HJ A013G,135B8,U+135B8,A13G,A13G,A-18-027,"Man (enemy), without head, with hands bound to feet at the back.",Classifier evil one,C
A013AA,135B9,U+135B9,,,A-18-028,"Man (enemy), without head, with hands bound to feet at the back, with a knife with a triangular blade and straight handle (T30A) in its breast (blade downwards).",Classifier enemy/rebel (Xerxes),C
A014S,135BA,U+135BA,,,A-18-031,"Man (enemy), seated on heel, both knees down, without head, both arms behind the back, bound together with rope.",Classifier rebel,C
A014T,135BB,U+135BB,,,A-18-032,"Man, seated on heel, right knee raised, right foot in front of the left knee, without head, both arms behind the back, bound with rope.",Classifier enemy,C
HJ A216,135BC,U+135BC,A216,A216,A-18-038,"Man, with hands bound to feet at the back, in front of a pole which is forked at the top, to which the man is bound.",Logogram (rebel),C
HJ A219A,135BD,U+135BD,A219A,A219A,A-18-046,,,
HJ A219,135BE,U+135BE,A219,A219,A-18-049,"Man, seated on heel, both knees down, both arms behind the back, bound with rope, behind a pole which is forked at the top, to which the man is bound with a line coming from the neck.",Logogram (rebel),C
HJ A216B,135BF,U+135BF,A216B,A216B,A-18-050,"Man, without head, with hands bound to feet at the back, in front of a pole which is forked at the top, to which the man is bound.",Logogram (rebel),C
A216C,135C0,U+135C0,A216C,,A-18-051,"Man, seated on heel, both knees down, with a line of liquid coming from the face/neck, towards the front, curving downwards, both arms behind the back, bound together with rope, in front of a pole which is forked at the top, to which the man is bound.",,
HJ A216D,135C1,U+135C1,A216D,A216D,A-18-052,"Man, seated on heel, both knees down, with a line of liquid coming from the neck/chest, towards the front, curving downwards, both arms behind the back, bound together with rope, in front of a pole which is forked at the top, to which the man is bound.",Classifier rebel,C
HJ A216E,135C2,U+135C2,A216E,A216E,A-18-053,"Man, seated on heel, right knee raised, both arms behind the back, bound together with rope, in front of a pole which is forked at the top, to which the man is bound.",Classifier enemy,C
A216M,135C3,U+135C3,,,A-18-054,"Man, seated on heel, right knee raised, with a line of liquid coming from the neck/chest, towards the front, curving downward, both arms behind the back, bound together with rope, in front of a pole which is forked at the top, to which the man is bound.","Classifier rebel, enemy",C
A216N,135C4,U+135C4,,,A-18-055,"Man, seated on heel, right knee raised, right foot in front of the left knee, a short line of rope or liquid coming from the neck, curving downwards, both arms behind the back, bound with rope, in front of a pole which is forked at the top, to which the man is bound.",Classifier enemy,C
HJ A216F,135C5,U+135C5,A216F,A216F,A-18-056,"Man, seated on heel, right knee raised, right foot in front of the left knee, both arms behind the back, bound with rope, in front of a pole which has a triangular top (or papyrus reed bud), to which the man is bound.",Classifier rebel,C
HJ A216H,135C6,U+135C6,A216H,A216h,A-18-058,"Man, seated on heel, right knee raised, right foot in front of the left knee, a short line of rope or liquid coming from the neck, curving downwards, both arms behind the back, bound with rope, in front of a pole which has a triangular top (or papyrus reed bud), to which the man is bound.",Classifier rebel,C
A216O,135C7,U+135C7,,,A-18-059,"Man, seated on heel, right knee raised, right foot in front of the left knee, right arm raised in front, left arm hanging beside the body, holding the left ankle, in front of a pole which is forked at the top, to which the man is bound, with rope connecting the left arm and the pole.","Classifier rebel, enemy",C
A216P,135C8,U+135C8,,A216C,A-18-060,"Man, seated on heel, both knees down, both arms behind the back, bound together with rope, in front of a pole which is forked at the top, to which the man is bound.","Classifier foes, hostile forces",C
A216Q,135C9,U+135C9,,,A-18-061,"Man, seated on heel, both knees down, with a knife at 45 degree, with the tip on the thighs, blade down; both arms behind the back, bound together with rope, in front of a pole which is forked at the top, to which the man is bound.",Classifier enemy,C
HJ A221,135CA,U+135CA,A221,A221,A-18-065,"A pole which is forked at the top, with a man, bound hand to feet at either side of it, facing outwards, bound to the pole.",Classifier foreigners (as enemies),C
A222A,135CB,U+135CB,,,A-18-068,"Man, standing, both arms behind the back, bound together with rope, in front of a pole which is forked at the top, to which the man is bound.",Classifier rebel,C
HJ A014G,135CC,U+135CC,A14G,A14G,A-18-069,"Man, curled up, right and left leg separated, with a band of cloth around the middle, both arms forward, holding an axe with the axeblade close/in the forehead.",Classifier rebel,C
A014N,135CD,U+135CD,,,A-18-072,"Man, seated on heel, right knee raised, right foot in front of the left knee, back bent forwards, both arms forward, holding an axe with the axeblade in the head of the man.",Logogram enemy,C
HJ A014I,135CE,U+135CE,A14I,A14I,A-18-077,,,
HJ A014B,135CF,U+135CF,A14B,A14B,A-18-078,"Man, seated on heel, both knees down, both arms forward, holding an axe with the axeblade in the head of the man.",Logogram (rebel),C
HJ A014C,135D0,U+135D0,A14C,A14C,A-18-079,"Man, curled up, right and left lower legs separated, back nearly horizontal, both arms forward, holding and axe with the axeblade in the head of the man.",Logogram enemy/rebel,C
HJ A014H,135D1,U+135D1,A14H,A14h,A-18-080,,,
HJ A014D,135D2,U+135D2,A14D,A14D,A-18-082,,,
A014U,135D3,U+135D3,,,A-18-086,"Man, curled up, right and left lower legs separated, back nearly horizontal, with a band of cloth around the middle, both arms forward, holding and axe with the axeblade in the head of the man.",Classifier enemy,C
A223E,135D4,U+135D4,,,A-18-088,"Man (foreigner), standing, wearing a foreign headcloth and bushy beard, arms behind the back, bound with rope.","Classifier bow-people, nomads",C
HJ A223,135D5,U+135D5,A223,A223,A-18-092,"Man, standing, arms behind the back, bound with rope.",Logogram (prisoner),C
HJ A223A,135D6,U+135D6,A223A,A223A,A-18-095,,,
HJ A225,135D7,U+135D7,A225,A225,A-18-098,"Two men, standing, back-to-back, arms behind the back, bound to each other by the arms with rope.",Logogram (foreigner),C
A223K,135D8,U+135D8,,,A-18-100,"Man, standing, looking backwards, both arms in front, upper arms nearly horizontal, bound with rope.",Classifier to drive away,C
A226B,135D9,U+135D9,,,A-18-105,"Man, running, with short wig/coif and uraeus, in front of a smaller naked man, running, both hands behind the back, bound with rope; larger man right arm forward, hand near the bound arms of the smaller man, left arm in front of the body, holding rope which connects to the rope binding the arms of the smaller man.","Logogram (to bend down, to subdue)",C
HJ A422,135DA,U+135DA,A422,A422,A-18-110,"Man (foreigner) seated on heel, both knees down, with foreign headdress, with a rope around the neck, with the ends in the front, making one curl with one rope end towards the top, with triangular end, two ropes end downward.",Classifier foreigner,C
HJ A424,135DB,U+135DB,A424,A424,A-18-111,,,
A538,135DC,U+135DC,,,A-18-117,"3 men, kneeling/walking on knees, ground together around the neck. First man, right knee before left knee, both arms raised in front, hand palms outward, second man, right knee just in front of left knee, both arms behind the back, as if bound, third man, right knee and foot in front of the left knee, left lower leg raised at 45 degree, right arm in front, hand against the head of the second man, left arm behind the back, hand visible in front of the waist. ",Classifier foreign people,C
A538A,135DD,U+135DD,,,A-18-118,"3 men, seated on heel, both knees down, arms behind the back, bound with rope, connected by the neck by a horizontal line (rope), which makes an upward tick at the front.","Classifier weak, downcast",C
A032N,135DE,U+135DE,A32A,A32A,A-19-003,"Man, naked, dancing, right leg vertical, left leg raised, knee in front of the right leg, left foot behind the right leg, right arm raised in front, extended forward, hand at the height of the head, left arm raised at the back, hand at the height of the head.",classifier dancing,C
HJ A032H,135DF,U+135DF,A32H,A32h,A-19-005,"Man, naked, dancing, right leg vertical, left leg raised, knee in front of the right leg, left foot behind the right leg, right arm towards the front, angling downwards towards the left knee, hand at the height of the left knee, left arm raised at the back, hand at the height of the head.","Classifier joy, jubilation",C
A032I,135E0,U+135E0,,,A-19-010,"Man, dancing, right leg straight, left knee in front of the right leg, left foot behind the right leg, lower leg horizontal, right arm in front of the body, left arm raised at the back, hand at the height of the head.",Classifier dancing,C
HJ A032F,135E1,U+135E1,A32F,A32F,A-19-012,"Man, naked, dancing, right leg vertical, left leg forwards, thigh horizontal, lower leg bent downwards, right arm raised in front, left arm hanging beside the body.",Classifier dance,C
HJ A032D,135E2,U+135E2,A32D,A32D,A-19-013,"Man, naked, dancing, right leg vertical, left leg forwards, thigh horizontal, lower leg bent downwards, right arm towards the front, angling downwards towards the left knee, hand at the height of the left knee, left arm raised at the back, hand at the height of the head.",Classifier dance,C
HJ A233,135E3,U+135E3,A233,A233,A-19-016,"Man, dancing, knees bent as if seated on nothing, right arm extended in front, forearm horizontal, left arm raised in back, forearm vertical.",Classifier youthful soldier,C
HJ A032G,135E4,U+135E4,A32G,A32G,A-19-017,"Man, standing, right arm in front of body, left arm raised, forearm vertical.",Classifier fear/veneration,C
HJ A032B,135E5,U+135E5,A32B,A32B,A-19-018,"Man, naked, dancing, right leg vertical, left leg raised, left knee in front of the right leg, left foot behind the right leg, right arm raised in front, left arm hanging beside the body.",Classifier dancing,C
HJ A320,135E6,U+135E6,A320,A320,A-19-021,"Man, dancing, knees bent as if seated on nothing, right arm forwards, angling downwards, left arm raised in back, hand at the height of the neck.",Classifier dancing,C
A082,135E7,U+135E7,A82,,A-19-024,"Man, naked, face forwards, left leg backwards as if walking, right arm forwards, forearm horizontal at the height of the waist, left arm raised in back, hand at the height of the head.",Classifier dancing,C
A082A,135E8,U+135E8,,,A-19-025,"Man, naked, face backwards, left leg backwards as if walking, right arm forwards, forearm horizontal at the height of the waist, left arm raised in back, hand at the height of the head.",Classifier dancing,C
HJ A236,135E9,U+135E9,A236,A236,A-19-027,"Man, dancing, right leg vertical, left knee in front of the right leg, left foot behind the right leg, right arm extended in front, forearm horizontal, hand palm upwards, left arm raised in back, left hand above the head, hand palm inwards, with a dotted line going from hand palm to hand palm.",Classifier fear/veneration,C
HJ A409,135EA,U+135EA,A409,A409,A-19-029,,,
A239,135EB,U+135EB,A239,,A-20-002,"Child, naked, with a side-lock, standing, right arm extended in front, held horizontally, holding a sistrum (Y18), left arm hanging beside the body.",Logogram (the great god),C
A239C,135EC,U+135EC,A239C,,A-20-006,,,
A240G,135ED,U+135ED,,,A-20-008,"Child, naked, with a side-lock and wearing the double-crown (S5), standing, right arm extended in front, held horizontally, holding a sistrum (Y18), with a line running from the wrist to the ankle, left arm hanging beside the body.",Logogram (to make music),C
A239B,135EE,U+135EE,A239B,,A-20-012,"Child, naked, with a side-lock, standing, right arm extended in front, held horizontally, holding a sistrum (Y18), left arm hanging beside the body, holding a bead-necklace with a counterweight (S18) at the counterweight.",Logogram (the great god),C
HJ A302D,135EF,U+135EF,A302D,A302D,A-20-016,"King, standing, wearing the red crown (S3) and a long straight beard, right arm forwards, 45 degree downwards, left arm towards the front, left hand in front of the body, at the height of the shoulder, holding a sceptre (S42).",Logogram (the king of Lower Egypt),C
A302G,135F0,U+135F0,,,A-20-017,"Child, naked, with a side-lock, wearing the double crown (S5), standing, right arm extended in front, held horizontally, holding a sistrum (Y18), left arm hanging beside the body, holding a bead-necklace with a counterweight (S18) at the counterweight.",Classifier divinity,C
A239A,135F1,U+135F1,,A239A,A-20-022,"Man, standing, wearing kilt, right arm extended in front, held horizontally, holding a sistrum (Y18), left arm forwards  45 degree, holding a bead-necklace with counterweight.",Logogram (Ihy (divinity)),C
A239S,135F2,U+135F2,A239A,,A-20-023,"Child, naked, with a side-lock, standing, right arm extended in front, held horizontally, holding a sistrum (Y18), left arm forwards 45 degree, holding a bead-necklace with counterweight.",Logogram (the musician),C
A239F,135F3,U+135F3,,,A-20-024,"Child, naked, with a side-lock, standing, right arm extended in front, held horizontally, holding a sistrum (Y8), left arm forwards 45 degree, holding a bead-necklace with counterweight.",Logogram (the great god),C
A239N,135F4,U+135F4,,,A-20-026,"King, wearing the white crown (S1), standing, right arm in front, right hand at the height of the shoulder, holding a sistrum (Y8), left arm hanging beside the body, holding a flagellum and crook (S38) horizontally.",Logogram (king of Upper Egypt),C
A239R,135F5,U+135F5,,,A-20-027,"Child, naked, with a side-lock, standing, right arm extended in front, held horizontally, holding a sistrum (Y8), with a line running from the wrist to the ankle, left arm hanging beside the body.",Logogram (the great god),C
A239O,135F6,U+135F6,,,A-20-030,"Child, naked, with a side-lock and wearing the double-crown (S5), standing, left arm extended in front, held horizontally, holding a sistrum (Y8), right arm forward, below the left, holding a bead-necklace with counterweight.",Logogram (the great god),C
A239P,135F7,U+135F7,,,A-20-032,"Child, naked, with a sidelock and wearing the double crown (S5), standing, right arm extended in front, held horizontally, holding a sistrum (Y8), left arm hanging beside the body.",Logogram (Ihy (divinity)),C
A239Q,135F8,U+135F8,,,A-20-045,"Child, naked, with side-lock and wearing the hmhm crown (S61), standing, right arm extended in front, held horizontally, holding a sistrum (Y8), left arm hanging beside the body.",Logogram (Harsomtus),C
A239G,135F9,U+135F9,,,A-20-047,"Child, naked, with side-lock and wearing the hmhm crown (S61), standing, right arm extended in front, held horizontally, holding a sistrum (Y8), left arm hanging beside the body, holding a bead-necklace with a counterweight (S18) at the counterweight.",Logogram (Harsomtus),C
A239M,135FA,U+135FA,,,A-20-048,"Child, naked, with side-lock and wearing the hmhm crown (S61), standing, right arm extended in front, held horizontally, holding a sistrum (Y18), left arm forwards 45 degree, holding a bead-necklace with counterweight.",Logogram (Harsomtus),C
HJ A241,135FB,U+135FB,A241,A241,A-20-050,"Man, standing, wearing a long sash-kilt, both arms forward, holding a triangular harp (Y16) at the height of the chest.",Logogram (to sing),C
A243A,135FC,U+135FC,,,A-20-053,"Man, seated, right knee raised, both arms forwards, holding a rounded harp (Y7) at an backwards angle.",Phonemogram,C
A482A,135FD,U+135FD,,,A-20-055,"Man, seated, right knee raised, right arm raised, holding a sistrum (Y8) at an angle towards the head, left arm behind the back, holding a stick with extrudes beyond the left shoulder.",Classifier musician,C
HJ A244,135FE,U+135FE,A244,A244,A-20-056,"Man, seated, right knee raised, arms at either side of the body, holding a flute, which goes from the mouth to the left foot.",Classifier playing music,C
HJ A245A,135FF,U+135FF,A245A,A245A,A-20-057,"Man, standing, arms at either side of the body, holding an oval drum between the waist and the knees.",Classifier drum,C
HJ A245C,13600,U+13600,A245C,A245C,A-20-058,"Man, standing, right arm raised, hand horizontal at the height of the shoulder, hand palm upwards, with a drum/tambourine slightly above the hand, left arm hanging beside the body.",Classifier striking a drum,C
A245E,13601,U+13601,,,A-20-062,"Man, seated, right knee raised, both arms extended forwards, holding a drum/tambourine at the height of the shoulder.",Logogram (musician/percussionist),C
HJ A245D,13602,U+13602,A245D,A245D,A-20-063,"Man, standing, both arms forwards, right hand at the height of the shoulder, holding a tambourine, left arm raised below it, as if to beat the tambourine.","Classifier beating, striking",C
A528,13603,U+13603,,,A-20-066,"Man, standing, arms at either side of the body, right hand at the height of the waist, left land at the height of the head, playing a lute which crosses over the chest.",Classifier lute player,C
A247,13604,U+13604,A247,A247,A-21-003,"Man, standing, arms at either side of the body, holding the necks of two emblematic animals with panther heads, which runs under the feet of the man, overlapping as a two ties.",Logogram (Cusae),C
HJ A248,13605,U+13605,A248,A248,A-21-006,"Man, standing, right arm forward, holding a staff, left arm hanging beside the body, holding a rope/leash connected to a standing hunting hound (E14), behind the man.","Classifier hunter, scout",C
HJ A248B,13606,U+13606,A248B,A248B,A-21-009,"Man, seated, right knee raised, right arm in front of the body, holding a throwing stick (T14), which angles towards the front, left arm hanging beside the body, holding a rope/leash connected to a standing hunting hound (E14), behind the man.","Classifier hunter, scout",C
A249,13607,U+13607,A249,,A-21-010,"Man, seated on a horse, right hand forward, holding the reins, left arm hanging beside the body.","Logogram (to be strong, valiant)",C
HJ A427,13608,U+13608,A427,A427,A-21-011,"Man, seated on a horse, right arm raised forward, holding a vertical dagger with a rounded tip above the head of the horse, left arm forward, holding the reins.",Logogram (the good beginning),C
HJ A249A,13609,U+13609,A249A,A249A,A-21-012,"Man, seated on a combination of two front-parts of a horse, facing forward and backwards, arms extended at either side of the body, holding the reins of both horseheads.",Logogram (Cusae),C
A249X,1360A,U+1360A,,A249,A-21-014,"Man, seated on a rearing horse, body of the horse mostly horizontal, rear legs nearly vertical; right arm forwards, holding the horse by the neck, left arm hanging beside the body, holding a stick over the thigh of the horse.","Logogram (to be strong, valiant)",C
A249C,1360B,U+1360B,,,A-21-015,"Man, seated on a rearing horse, body of the horse mostly horizontally; right arm forward, holding the reins of the horse, left arm raised at the back, holding a stick, angled towards the head.","Logogram (to be strong, valiant)",C
HJ A250,1360C,U+1360C,A250,A250,A-21-016,"Man, standing in a chariot, drawn by a span of 4 rearing horses, both arms forward, one holding a stick, the other holding the reins.",Classifier chariot,C
HJ A251,1360D,U+1360D,A251,A251,A-21-018,"Man, standing, right arm forward, holding a spear with the point downwards, left arm hanging beside the body, on top of a bovid, lying on the ground, legs folded under the body, tail down.",Logogram (triomphator),C
HJ A252,1360E,U+1360E,A252,A252,A-21-019,,,
HJ A253,1360F,U+1360F,A253,A253,A-21-020,"Man, standing behind a bovid, lying on the ground, legs folded under the body, tail down; left leg raised, with the foreleg of the man on top of the back of the bovid, right arm forward, holding the forward horn, left arm hanging beside the body, hand touching the back of the bovid.","Logogram (butchery, animals for sacrifice)",C
A253A,13610,U+13610,,,A-21-021,"A span of oxen with a plough, which is held by a man, standing, bent forward, and with another man, standing, bent forward, holding a stick in his right hand, as if to strike, with the left arm hanging beside the body, behind the plough, between the span of oxen and the man holding the plough.","Pictogram ((with) a plough, (with) a yoke of oxen, (as) the first of men)",C
HJ A254,13611,U+13611,A254,A254,A-21-022,"Child, with N6 (The sun, encircled by a cobra (Naja haje), standing up, with expanded hood (uraeus)) upon his head, seated between the horns of a bull (bovid), standing; arms at either side of the child, holding the horns of the bull.",Logogram (part of the sꜣ-rꜥ nb ḫꜥ.w construction),C
A517,13612,U+13612,,,A-21-023,"Child, seated between the horns of a bull (bovid), lying on the ground, legs folded under the body, tail down; arms at either side of the child, holding the horns of the bull.",Phonemogram/logogram (part of the sꜣ-rꜥ nb ḫꜥ.w construction),C
HJ A428,13613,U+13613,A428,A428,A-21-025,"The king, standing on top of a bovid, lying down, legs folded under the body, tail down; wearing the red crown (S3), right arm forward, holding a staff and a piece of rope which loops in front of the staff, connecting to the head of the bovid, left arm in front of the body, holding the flagellum and crook, resting against the left shoulder.",Classifier?,C
HJ A256,13614,U+13614,A256,A256,A-21-027,"A child, seated on an elephant, left leg visible, right arm raised with hand to mouth, left arm hanging beside the body.",Phonemogram aromatic resin (styrax?),C
HJ A342,13615,U+13615,A342,A342,A-21-028,"Man, standing behind a hippopotamus, right arm forward, holding the tail of the hippopotamus, left arm hanging beside the body.",Phonemogram (lapis-lazuli),C
HJ A259,13616,U+13616,A259,A259,A-21-029,"Man, standing on top of a hippopotamus, right arm forward, holding a horizontal staff or spear (if spear, spear tip down), left arm hanging beside the body.",Logogram (triomphator),C
HJ A257,13617,U+13617,A257,A257,A-21-031,"Man, standing behind a pig, right arm forward, holding the tail of the pig, left arm hanging beside the body.",Phonemogram (lapis-lazuli),C
HJ A429,13618,U+13618,A429,A429,A-21-032,"Man, standing, arms hanging at either side of the body, behind a lion, standing, tail down.",Logogram (to go around),C
A248D,13619,U+13619,,,A-21-033,"Man, standing, arms hanging on either side of the body, behind a hunting hound, standing, tail curling upwards (E14).","Classifier hunter, scout",C
HJ A431,1361A,U+1361A,A431,A431,A-21-034,"Man, standing, wearing a lion/leopard skin, tail between the legs, facing away from the reading direction, right arm hanging beside the body, left arm forward, holding the hand of a hamadryas baboon (Papio hamadryas), standing on the legs, facing the man, tail down.",Classifier priest,C
HJ A430,1361B,U+1361B,A430,A430,A-21-036,"Man, standing, both arms forward, holding a fishing rod 45 degree upwards, fishing line vertical, connecting to a fish, between the fishing line and the toes of the man, slightly tilted upwards.",Phonemogram,C
HJ A261,1361C,U+1361C,A261,A261,A-22-001,,,
HJ A017D,1361D,U+1361D,A17D,A17D,A-23-003,"A child, seated on nothing, forelegs separated, with a side-lock written behind the head, right arm raised with hand to mouth, left arm hanging beside the body.",Classifier youth/child,C
A275,1361E,U+1361E,A17A,A275,A-23-008,"Child, seated on nothing, forelegs spread, right arm raised in front, hand vertical, hand palm outwards, left arm hanging beside the body.","Classifier to sit, to be comfortable",C
HJ A262,1361F,U+1361F,A262,A262,A-23-009,"Child, seated on nothing, forelegs spread, right arm forward, holding a knife (T30A), angled toward the body, left arm hanging beside the body.",Phonemogram,C
A263A,13620,U+13620,,,A-23-011,"Child, seated on nothing, forelegs spread, right arm forward, holding a sistrum (Y18), angled toward the body, left arm hanging beside the body.",Classifier musician,C
A529,13621,U+13621,,,A-23-014,"Child, seated on nothing, one leg visible, right arm extended in front, hand horizontal, holding a round vase with a upstanding rim (nw-vessel, W24), left arm hanging beside the body.","Classifier child, youth, young man",C
A530,13622,U+13622,,,A-23-015,"Child, seated on nothing, forelegs spread, right arm extended forward, holding a clump with one papyrus stem and bud, with two buds bent down (M015D), at the stem, below the bud; left arm hanging beside the body.",Logogram (weaned child),C
HJ A267,13623,U+13623,A267,A267,A-23-016,"Child, seated on top of a horn, forelegs spread, right arm extended forwards, forearm horizontal, holding the tip of the horn, left arm hanging beside the body.",Phonemogram,C
HJ A270,13624,U+13624,A270,A270,A-23-019,,,
HJ A272,13625,U+13625,A272,A272,A-23-023,"Child, with N6 (The sun, encircled by a cobra (Naja haje), standing up, with expanded hood (uraeus)) upon his head, seated on nothing, forelegs spread, right arm raised in front with hand to mouth, left arm hanging beside the body.",Logogram (son of Re),C
A272B,13626,U+13626,,,A-23-024,"Child, with N6 (The sun, encircled by a cobra (Naja haje), standing up, with expanded hood (uraeus)) upon his head, seated on nothing, one leg visible, right arm raised in front with hand to mouth, left arm hanging beside the body.",Logogram (son of Re),C
HJ A273,13627,U+13627,A273,A273,A-23-025,"Child, with a cobra in repose (Naja haje), standing up (I80) on his head, seated on nothing, forelegs spread, right arm raised in front with hand to mouth, left arm hanging beside the body.",Phonemogram,C
A273A,13628,U+13628,,,A-23-026,"Child, with the head of a cobra (Naja haje), standing up, with expanded hood (uraeus) on his head, seated on nothing, forelegs spread, right arm raised in front with hand to mouth, left arm hanging beside the body.",Classifier child,C
HJ A274,13629,U+13629,A274,A274,A-23-028,"Child, wearing the white crown (S1), seated on nothing, forelegs spread, right arm raised in front with hand to mouth, left arm hanging beside the body.",Classifier child,C
A018A,1362A,U+1362A,,,A-23-031,"Child, wearing the red crown (S3), seated on nothing, one leg visible, right arm raised in front with hand to mouth, left arm hanging beside the body.",Phonemogram,C
HJ A017C,1362B,U+1362B,A17C,A17C,A-23-032,,,
A264A,1362C,U+1362C,,,A-23-035,"Child, seated on nothing, forelegs spread, both arms forward, left arm angling downwards, holding a cone vertically at the height of the waist, right arm raised, angled up, right hand above the cone, hand palm down.",Phonemogram,C
A264B,1362D,U+1362D,,,A-23-036,"Child, seated on nothing, one leg visible, both arms forward, left arm angling downwards, holding a cone vertically at the height of the waist, right arm raised, angled up, right hand above the cone, hand palm down.",Phonemogram,C
HJ A442,1362E,U+1362E,A442,A442,A-23-037,"Child, seated on nothing, forelegs spread, right arm forward, holding a flagellum (S45), left arm hanging beside the body.",Classifier protector,C
HJ A444,1362F,U+1362F,A444,A444,A-23-039,"Child, seated on nothing, forelegs spread, right arm extended forward, hand horizontal, palm upwards, holding a feather (H6), left arm hanging beside the body.",Phonemogram,C
HJ A446,13630,U+13630,A446,A446,A-23-041,"Child, seated on nothing, forelegs spread, right arm extended forward, hand horizontal, palm upwards, holding a hill with a halo of sun rays behind it (N28), left arm hanging beside the body.",Phonemogram,C
HJ A491,13631,U+13631,A491,A491,A-23-043,,,
A491A,13632,U+13632,,,A-23-044,"A god, with a long-curved beard, seated on nothing, forelegs spread, right arm extended forwards, holding a sceptre with a straight shaft, a forked base, topped with the head of the Seth animal (wAs, S40) of the height of the seated god, left arm hanging beside the body.",Classifier Orion,C
A276A,13633,U+13633,,,A-23-046,"Child, seated on a stool, forelegs separated, right hand raised in front with hand to mouth, left arm hanging beside the body.",Classifier child divinity,C
HJ A278A,13634,U+13634,A278A,A278A,A-23-051,"A child, seated on a mat, wearing a coif with uraeus, covered in cloth, legs bent in front, feet at the same level as the mat, right arm raised in front with hand to mouth, left arm in front, hand upon the knee.",Classifier child,C
HJ A278B,13635,U+13635,A278B,A278B,A-23-052,,,
HJ A017B,13636,U+13636,A17B,A17B,A-23-054,"Child, seated on nothing, one leg visible, right arm raised in front with hand to mouth, left arm hanging beside the body.",Logogram (son/child of),C
HJ A279,13637,U+13637,A279,A279,A-23-055,"Child, seated, both knees raised, feet horizontal, heels touching ties, right arm raised in front with hand to mouth, left arm hanging beside the body; on top of a lotus flower, facing upwards, with a short stalk, and a bud at either side (M224A).","Logogram (crowns, appearances)",C
HJ A281,13638,U+13638,A281,A281,A-23-057,"Child, naked, standing, right arm raised in front with hand to mouth, left arm hanging beside the body.",Logogram (son/child of),C
A281A,13639,U+13639,,,A-23-058,"Child, naked, standing, right arm raised in front with hand to mouth, with a curved line running from the right wrist/elbow the left foot, left arm hanging beside the body.",Classifier child,C
HJ A441,1363A,U+1363A,A441,A441,A-23-064,,,
A531,1363B,U+1363B,,,A-23-065,"Child seated on nothing, one leg visible, both arms raised in front, hands at the height of the face, hand palms outwards.",Phonemogram,C
A017I,1363C,U+1363C,,,A-23-069,"A child, seated on nothing, forelegs separated, right arm raised with hand to mouth, left arm hanging beside the body, under a curved dotted line.","Classifier expelling, spitting",C
HJ A282,1363D,U+1363D,A282,A282,A-24-003,"A dwarf, naked, standing, arms hanging at either side of the body.","Logogram (dwarf, pigmy)",C
HJ A050B,1363E,U+1363E,A50B,A50B,A-25-001,"A man, with short straight beard, seated on a chair, both arms extended forwards, forearms horizontal, one arm above the other, hands above the knee.",Classifier revered person,C
A050H,1363F,U+1363F,,,A-25-002,"A man, with short straight beard, seated on a chair, right arm in front of the chest, left arm extended forwards, hand above the knee.",Classifier revered person,C
HJ A050C,13640,U+13640,A50C,A50C,A-25-003,"A man, with short straight beard, seated on a block throne, both arms extended forwards, forearms horizontal, one arm above the other, hands above the knee.",Classifier revered person,C
HJ A051A,13641,U+13641,A51A,A51A,A-25-011,"God, with long-curved beard and long wig, seated on a block throne, both arms extended forwards, forearms horizontal, one above another, holding a flagellum (S45).",Logogram (to be noble),C
A051Q,13642,U+13642,,,A-25-012,"God, with long-curved beard and long wig, seated on a block throne, on top of a base, both arms extended forwards, forearms horizontal, one above another, holding a flagellum (S45); with a spear, with a straight shaft, topped with the head of a falcon, with a triangular spearhead above the head of the falcon, in front of the throne, on the base.",Logogram (the noble speech),C
HJ A051B,13643,U+13643,A51B,A51B,A-25-015,"Man, with short straight beard, seated on a block throne, without visible arms, with a flagellum (S45) and crook, opening inwards (S38) on his knee.",Classifier revered person,C
HJ A051C,13644,U+13644,A51C,A51C,A-25-018,"Man, with short straight beard, seated on a chair, both arms extended forwards, forearms horizontal, one above the other, holding a flagellum (S45) and crook, opening inwards (S38).",Logogram/phonemogram (costly offerings),C
HJ A051D,13645,U+13645,A51D,A51D,A-25-019,"God, with long-curved beard and long wig, seated on a block throne, both arms extended forwards, forearms horizontal, one above another, holding a sceptre with a straight shaft, topped with the head of the Seth animal.","Logogram (noble, splendid)",C
A051H,13646,U+13646,,,A-25-021,"God, with a long-curved beard and long wig, seated on a block throne, both arms extended forwards, forearms horizontal, one above the other, top hand holding a tie or strap, used with sandals (ankh sign, S34) in one hand, horizontally, with the bottom hand opened with the palm facing upwards.",Logogram (to be noble),C
A051R,13647,U+13647,,,A-25-022,"God, with a long-curved beard and long wig, seated on a block throne, on top of a base, right arm extended forwards, hand at the height of the waist, extended beyond the knee, holding a sceptre with a straight shaft, forked bottom and head of the Seth animal (S40), and a tie or strap, used with sandals (ankh sign, S34), at the loop, horizontally; left arm forward, hand above the lap, holding a tie or strap, used with sandals (ankh sign, S34), at the loop, horizontally.",Classifier divinity,C
HJ A285,13648,U+13648,A285,A285,A-25-024,"Man, seated on a chair, right arm extended forwards, holding a staff at an angle, left arm in front of the body, with the hand on the lap.","Classifier to abide, to occupy",C
HJ A063A,13649,U+13649,A63A,A63A,A-25-033,,,
A063C,1364A,U+1364A,,,A-25-034,"God, with long-curved beard and uraeus on the forehead, seated on a block throne on a base, no arms visible, with a flagellum (S45) on top of its knee.",Logogram (to be noble),C
HJ A063B,1364B,U+1364B,A63B,A63B,A-25-035,"God, with long-curved beard and uraeus on the forehead, seated on a block throne, both arms in front of the chest, right hand holding a crook (S38), opening inward, angled over the right shoulder, left hand holding a flagellum (S45), angled over the left shoulder.",,C
HJ A050A,1364C,U+1364C,A50A,A50A,A-25-036,"Man, without beard, short hair/wig, seated on a block throne, no arms visible.",Classifier noble,C
HJ A288,1364D,U+1364D,A288,A288,A-25-037,"God, with long-curved beard, seated on a chair, with a two-feather headdress mounted on the horns of a ram on its head, both arms extended forwards, forearms horizontal, one above the other, holding a flagellum (S45) and crook, opening inwards (S38). ",Logogram/phonemogram (costly offerings),C
HJ A051G,1364E,U+1364E,A51G,A51G,A-25-041,"Man, with a short straight beard, seated on nothing, both arms extended forward, forearms horizontal, one above another, holding a flagellum (S45).",Logogram (to be noble),C
HJ A050G,1364F,U+1364F,A50G,A50G,A-25-044,,,
A050I,13650,U+13650,,,A-25-045,"Man, with short straight beard, seated on a chair, no arms visible, with a tie or strap, used with sandals (ankh sign, S34), which angles forward, on the knee.",Classifier revered person,C
A532,13651,U+13651,,,A-25-046,"Child, naked, wearing the hmhm crown (S61), seated upon a block throne on a base, right arm raised in front with hand to mouth, left arm in front, forearm horizontal, holding a tie or strap, used with sandals (ankh sign, S34), which angles forward.",Logogram (Harsomtus),C
A515,13652,U+13652,,,A-26-006,"God, seated, both knees up, with covered legs and arms, with long wig, without a beard.",Classifier divinity,C
A041B,13653,U+13653,,,A-26-009,"God, seated, both knees up, with covered legs and arms, with a long-curved beard, wearing a coif with uraeus.",,C
A515A,13654,U+13654,,,A-26-015,"God, seated, both knees up, with covered legs and arms, with a long wig, without a beard, holding a sceptre with a straight shaft, topped with the head of the Seth animal.",Classifier divinity,C
A040B,13655,U+13655,,A40B,A-26-016,"God, seated, both knees up, with covered legs and arms, with a long-curved beard and long wig, holding a holding a flagellum (S45).",Classifier divinity,C
A040S,13656,U+13656,A40B,,A-26-017,"King, seated, both knees up, with covered legs and arms, with a long straight beard and long wig, holding a flagellum (S45).",Classifier king,C
A040P,13657,U+13657,,,A-26-021,"God/king, seated, both knees up, with covered legs and arms, with a long wig, without a beard, holding a crook (S38) with the opening outwards.",Classifier king,C
HJ A040C,13658,U+13658,A40C,A40C,A-26-022,,,
A042F,13659,U+13659,A42A,A42A,A-26-025,"King, seated, both knees up, with covered legs and arms, with a long straight beard, wearing a coif with uraeus, holding a crook (S38) with the opening inwards.",Logogram (first person singular),C
HJ A040D,1365A,U+1365A,A40D,A40D,A-26-026,,,
A040E,1365B,U+1365B,,A40E,A-26-035,"God, seated, both knees up, with covered legs and arms, with a long-curved beard and long wig, holding a tie or strap, used with sandals (ankh sign, S34), which angles forward.",Classifier divinity,C
HJ A042C,1365C,U+1365C,A42C,A42C,A-26-037,"King, seated, both knees up, with covered legs and arms, with a long straight beard, wearing a coif with uraeus, holding a tie or strap, used with sandals (ankh sign, S34), which angles forward.",Logogram (first person singular),C
HJ A290,1365D,U+1365D,A290,A290,A-26-038,"God, seated, both knees up, with covered legs and arms, with a long-curved beard and long wig, holding a knife (T30A), angled slightly forward.",Logogram (first person singular),C
HJ A291,1365E,U+1365E,A291,A291,A-26-039,"God, seated, both knees up, with covered legs and arms, with a long-curved beard and long wig, holding a sceptre (S42) vertically.",Logogram (powerful one),C
HJ A292,1365F,U+1365F,A292,A292,A-26-040,"God, seated, both knees up, with covered legs and arms, with a long-curved beard and long wig, holding a club used by washermen for beating laundry (U36) vertically.",Logogram (majesty),C
A040G,13660,U+13660,,,A-26-046,"King, seated, both knees up, with covered legs and arms, with a long straight beard, wearing a coif with uraeus, holding a sedge (M23), with the tip curving outwards.",Logogram (king),C
A533,13661,U+13661,,,A-26-052,"Man, seated, both knees up, with covered legs and arms, with long, curved beard, short hair/wig, holding a dung beetle (scarab, L1).",Logogram (Khepri),C
HJ A296E,13662,U+13662,A296E,A296E,A-27-001,"Man, standing, right arm forward, holding a crook (S38) at the same size as the man vertically, left arm hanging beside the body.",Logogram (to rule),C
A021G,13663,U+13663,,,A-27-002,"Man, standing, right arm forward, holding a crook (S38) at the same size as the man vertically, left arm hanging beside the body, standard used for carrying religious symbols, with a loop under the horizontal beam, running over the vertical pole (R12A).",Logogram (ruler of the 9th nome of Lower Egypt),C
HJ A296,13664,U+13664,A296,A296,A-27-003,"Man, standing, right arm forward, holding a crook (S38) at the same size as the man vertically, left arm hanging beside the body, holding a flagellum (S45) horizontally.",Logogram (ruler),C
HJ A023C,13665,U+13665,A23C,A23C,A-27-006,"King, standing, with a long wig or headcloth, with uraeus, right arm in front of the body, holding a stick angled against the right shoulder, left arm hanging beside the body.",Classifier statue,C
HJ A296B,13666,U+13666,A296B,A296B,A-27-008,"Man, standing, right arm forward, holding a sceptre with a straight shaft, a forked base, topped with the head of the Seth animal (wAs, S40); left arm hanging beside the body.",Logogram (sovereign),C
HJ C261,13667,U+13667,C261,C261,A-27-010,"God, standing, with N6 (The sun, encircled by a cobra (Naja haje), standing up, with expanded hood (uraeus)) upon his head, with long-curved beard and long wig, right arm forward, holding a sceptre with a straight shaft, a forked base, topped with the head of the Seth animal (wAs, S40); left arm hanging beside the body.","Logogram (noble, splendid)",C
HJ A023A,13668,U+13668,A23A,A23A,A-27-015,"The king, standing, with a long wig and uraeus, right arm forward, holding a stick/staff which is angled towards the body, left arm hanging beside the body, holding a piece of cloth.",Classifier sovereign,C
HJ A508,13669,U+13669,A508,A508,A-27-018,"Man, standing, right arm forward, holding a staff/stick; left arm hanging beside the body, holding a flagellum (S45) horizontally.",Logogram (sovereign),C
HJ A023E,1366A,U+1366A,A23E,A23E,A-27-020,,,
HJ A023H,1366B,U+1366B,A23H,A23h,A-27-025,,,
HJ A455,1366C,U+1366C,A455,A455,A-27-026,"Man, standing, wearing a long sash-kilt, right arm forward, hand below the waist, holding a one handed fan (S37), with the curve outward, left arm hanging beside the body.",Classifier personal name,C
HJ A298,1366D,U+1366D,A298,A298,A-27-029,"A statue of the king, standing, with a long straight beard, uraeus and coif, with the left arm vertically over the body.",Classifier statue,C
A030A,1366E,U+1366E,,,A-27-031,"Man, standing, with uraeus on the forehead, both arms raised in front, hands held vertically, hand palms outwards.","Classifier praying, worshipping",C
A043N,1366F,U+1366F,,,A-28-003,"King, seated, both knees up, with covered legs and arms, with a long straight beard, wearing the white crown (S1).",Classifier king,C
A043X,13670,U+13670,,,A-28-004,"God, seated, both knees up, with covered legs and arms, with a long-curved beard, wearing the white crown (S1).",Classifier divinity,C
A043U,13671,U+13671,A43A,A43A,A-28-006,"King, seated, both knees up, with covered legs and arms, with a long straight beard, wearing the white crown with uraeus (S1A), holding a tie or strap, used with sandals (ankh sign, S34) vertically.",Classifier king,C
A043Q,13672,U+13672,,,A-28-009,"God, seated, both knees up, with covered legs and arms, with a long-curved beard, wearing the white crown (S1), holding a flagellum (S45).",Classifier divinity,C
HJ A043B,13673,U+13673,A43B,A43B,A-28-011,"King, seated, both knees up, with covered legs and arms, with a long straight beard, wearing the white crown with uraeus (S1A), holding a flagellum (S45).",Classifier king,C
A043R,13674,U+13674,,,A-28-012,"King, seated, both knees up, with covered legs and arms, with a long straight beard, wearing the white crown (S1), holding a crook (S38) vertically, with the opening inwards.",Classifier king,C
HJ A043C,13675,U+13675,A43C,A43C,A-28-013,"God, seated, both knees up, with covered legs and arms, with a long-curved beard, wearing the white crown with uraeus (S1A), holding a crook vertically, with the opening inwards.",Classifier divinity,C
HJ A043J,13676,U+13676,A43J,A43J,A-28-014,"King, seated, both knees up, with covered legs and arms, with a long straight beard, wearing the white crown with uraeus (S1A), holding a crook (S38) vertically, with the opening outwards.",Logogram (king of Upper Egypt),C
A043S,13677,U+13677,,,A-28-015,"King, seated, both knees up, with covered legs and arms, with a long straight beard, wearing the white crown (S1), holding a crook (S38) vertically, with the opening outwards.",Classifier king,C
HJ A043D,13678,U+13678,A43D,A43D,A-28-018,"King, seated, both knees up, with covered legs and arms, with a long straight beard, wearing the white crown with uraeus (S1A), holding a sceptre with a straight shaft, topped with the head of the Seth animal vertically.",Classifier king,C
HJ A043L,13679,U+13679,A43L,A43L,A-28-020,"God, seated, both knees up, with covered legs and arms, with a long-curved beard, wearing the white crown (S1), holding a flagellum (S45) and crook (S38), with the opening inwards.",Classifier divinity,C
HJ A043E,1367A,U+1367A,A43E,A43E,A-28-021,"God, seated, both knees up, with covered legs and arms, with a long-curved beard, wearing the white crown with uraeus (S1A), holding a flagellum (S45) and crook (S38), with the opening inwards.",Logogram (king of Upper Egypt),C
HJ A043I,1367B,U+1367B,A43I,A43I,A-28-024,"King, seated, both knees up, with covered legs and arms, with a long straight beard, wearing the white crown with uraeus (S1A), holding a flagellum (S45) and mace (T3).",Logogram (king of Upper Egypt),C
HJ A043F,1367C,U+1367C,A43F,A43F,A-28-025,"King, seated, both knees up, with covered legs and arms, with a long straight beard, wearing the white crown with uraeus (S1A), holding a sedge (M23), with the tip curving outwards.",Logogram (king of Upper Egypt),C
HJ A043G,1367D,U+1367D,A43G,A43G,A-28-026,"King, seated, both knees up, with covered legs and arms, with a long straight beard, wearing the white crown with uraeus (S1A), holding a club used by washermen for beating laundry (U36) vertically.",Logogram (majesty),C
A043P,1367E,U+1367E,,,A-28-029,"God, seated, both knees up, with covered legs and arms, wearing the white crown (S1), holding a column with a base, with a tenon at the top (O28B).",Logogram (he of Heliopolis),C
A043T,1367F,U+1367F,,,A-28-030,"King, seated, both knees up, with covered legs and arms, with a long straight beard, wearing the white crown (S1), holding the white crown (S1).",Logogram (the white crown),C
HJ A274A,13680,U+13680,A274A,A274A,A-28-031,"God, seated, both knees up, foot flat on the ground, heels touching the thighs, with a long-curved beard, wearing the white crown (S1), both arms forward, holding a flagellum (S45).",Classifier divinity,C
A299G,13681,U+13681,,,A-28-033,"God, seated on a block throne, with a long-curved beard, wearing the white crown (S1), no arms visible.",Classifier Osiris,C
A299I,13682,U+13682,,,A-28-036,"King, seated on a block-throne, with a long straight beard, wearing the white crown (S1), no arms visible, with a flagellum on his knee.",Classifier king,C
A299H,13683,U+13683,,,A-28-037,"God, seated on a block-throne, with a long-curved beard, wearing the white crown (S1), no arms visible, with a flagellum (S430 and a crook (S38), opening upwards, on his knee.",,C
HJ A300,13684,U+13684,A300,A300,A-28-042,"King, standing, with a long straight beard, wearing the white crown with uraeus (S1A), right arm forward, holding a crook (S38) of the size of the king vertically, opening outwards, left arm hanging beside the body, holding a flagellum (S45) horizontally.",Logogram (king of Upper Egypt),C
A300K,13685,U+13685,,,A-28-043,"King, standing, with a long straight beard, wearing the white crown with uraeus (S1A), right arm forward, holding a crook (S38) of the size of the king vertically, opening outwards, and a flagellum (S45) in front of the crook, left arm hanging beside the body, holding a flagellum (S45) horizontally.",Logogram (king of Upper Egypt),C
A300H,13686,U+13686,,,A-28-054,"King, standing, with a long straight beard, wearing the white crown (S1), right arm forward, holding a stem of papyrus with a flowering bud (M127), of the height of the king, left arm hanging beside the body, holding a flagellum (S45) horizontally.","Logogram (king of Upper Egypt and land, when occurring together with king of Lower Egypt forms n(.y)-sw.t-bꞽ.ty nb tꜣ.wy)",C
A300I,13687,U+13687,,,A-28-055,"King, standing, with a long straight beard, wearing the white crown (S1), right arm forward, holding a stem of papyrus with a flowering bud (M127), of the height of the king, left arm hanging beside the body.",Logogram (king of Upper Egypt and land when occurring together with red crown wearing variant forms n(.y)-sw.t-bꞽ.ty nb tꜣ.wy),C
A300J,13688,U+13688,,,A-28-056,"King, standing, with a long straight beard, wearing the white crown (S1), right arm forward, holding a sceptre with a straight shaft, a forked base, topped with the head of the Seth animal (wAs, S40) of the height of the king, left arm hanging beside the body, holding a flagellum (S45) horizontally.",Logogram (king of Upper Egypt),C
A521,13689,U+13689,,,A-28-057,"God, in mummy form, standing upright on a platform, with a long-curved beard, wearing the white crown (S1), both arms forward, holding a sceptre with a straight shaft, forked bottom and head of the Seth animal (S40) of the same size as the god, vertically, with a tie or strap, used with sandals (ankh sign, S34), on the middle of the headpiece of the staff, angled forwards.",Logogram (Osiris),C
A045X,1368A,U+1368A,,,A-29-002,"King, seated, both knees up, with covered legs and arms, with a long straight beard, wearing the red crown with (S3).",Logogram (king of Lower Egypt),C
A045F,1368B,U+1368B,A45A,A45A,A-29-003,"King, seated, both knees up, with covered legs and arms, with a long straight beard, wearing the red crown with (S3), holding a flagellum (S45).",Logogram (king of Lower Egypt),C
HJ A045C,1368C,U+1368C,A45C,A45C,A-29-008,"King, seated, both knees up, with covered legs and arms, with a long straight beard, wearing the red crown with (S3), holding a flagellum (S45) and a crook (S38) with the opening inwards.",Logogram (king of Lower Egypt),C
HJ A045D,1368D,U+1368D,A45D,A45D,A-29-012,"King, seated, both knees up, with covered legs and arms, with a long straight beard, wearing the red crown with (S3), holding a crook (S38) vertically, with the opening inwards.",Logogram (king of Lower Egypt),C
A045G,1368E,U+1368E,,,A-29-013,"King, seated, both knees up, with covered legs and arms, with a long straight beard, wearing the red crown with (S3), holding a crook (S38) vertically, with the opening outwards.",Logogram (king of Lower Egypt),C
HJ A045E,1368F,U+1368F,A45E,A45E,A-29-014,"King, seated, both knees up, with covered legs and arms, with a long straight beard, wearing the red crown with (S3), holding a tie or strap, used with sandals (ankh sign, S34) vertically.",Classifier king,C
HJ A302B,13690,U+13690,A302B,A302B,A-29-017,"King, standing, with a long straight beard, wearing the red crown (S3), right arm forward, right hand at the height of the shoulder, holding a sceptre (S42), left arm forward, left hand at the height of the waist, holding a stick/staff which runs from the right toe to the left hand, and a mace (T3), angled forward.",Logogram (king of Lower Egypt),C
HJ A301,13691,U+13691,A301,A301,A-29-018,"King, seated on a block-throne, with a long straight beard, wearing the red crown (S3), no arms visible.",Classifier sovereign,C
HJ A301A,13692,U+13692,A301A,A301A,A-29-019,"King, seated on a block-throne, with a long straight beard, wearing the red crown (S3), both arms forward, forearms horizontal, one above the other, holding a flagellum (S45).",Classifier king,C
A302H,13693,U+13693,,,A-29-022,"King, standing, with a long straight beard, wearing the red crown (S3), right arm forward, holding a stem of papyrus with a bud (M131), of the height of the king, left arm hanging beside the body, holding a flagellum (S45) horizontally.","Logogram (king of Lower Egypt and land, when occurring together with king of Upper Egypt forms n(.y)-sw.t-bꞽ.ty nb tꜣ.wy)",C
A302I,13694,U+13694,,,A-29-023,"King, standing, with a long straight beard, wearing the red crown (S3), right arm forward, holding a stem of papyrus with a bud (M131), of the height of the king, left arm hanging beside the body.","Logogram (king of Lower Egypt and land, when occurring together with a white crown variant forms n(.y)-sw.t-bꞽ.ty nb tꜣ.wy)",C
A302J,13695,U+13695,,,A-29-024,"King, standing, with a long straight beard, wearing the red crown (S3), right arm forward, holding a sceptre with a straight shaft, a forked base, topped with the head of the Seth animal (wAs, S40) of the height of the king, left arm hanging beside the body, holding a flagellum (S45) horizontally.",Logogram (king of Upper Egypt),C
A303A,13696,U+13696,,,A-29-027,"King, running, with a long straight beard, wearing the red crown (S3), right arm extended forwards, hand at the height of the shoulder, holding a vertical hourglass-shaped shaped document holder (R88), left arm in front of the body.",Logogram (to run),C
HJ A057D,13697,U+13697,A57D,A57D,A-29-030,"King, seated on heel, right knee raised, with a long straight beard, wearing the red crown (S3), both arms forward, holding a loaf of bread on a reed mat (R4) horizontally.",Logogram (an offering that the king gives),C
HJ A304,13698,U+13698,A304,A304,A-30-001,"King, seated, both knees up, with covered legs and arms, with a long straight beard, wearing the double crown (S5).",Phonemogram,C
HJ C032B,13699,U+13699,C32B,C32B,A-30-002,"God, seated, both knees up, with covered legs and arms, with a long, curved beard, wearing the double crown (S5).",Logogram (Atum),C
HJ A304A,1369A,U+1369A,A304A,A304A,A-30-003,"King, seated, both knees up, with covered legs and arms, with a long straight beard, wearing the double crown (S5), holding a tie or strap, used with sandals (ankh sign, S34), angled forwards.",Logogram (first person singular),C
HJ A304C,1369B,U+1369B,A304C,A304C,A-30-006,"King, seated, both knees up, with covered legs and arms, with a long straight beard, wearing the double crown (S5), holding a flagellum (S45) and a crook (S38) with the opening inwards.",Logogram (king of Upper and Lower Egypt),C
HJ A304D,1369C,U+1369C,A304D,A304D,A-30-007,"King, seated, both knees up, with covered legs and arms, with a long straight beard, wearing the double crown (S5), holding a club used by washermen for beating laundry (U36) vertically.",Classifier king/divinity,C
HJ A304E,1369D,U+1369D,A304E,A304E,A-30-008,"God, seated, both knees up, with covered legs and arms, with a long-curved beard, wearing the double crown (S5), holding a crook (S38) vertically, with the opening inward.",Classifier king/divinity,C
HJ A304F,1369E,U+1369E,A304F,A304F,A-30-009,"God, seated, both knees up, with covered legs and arms, with a long-curved beard, wearing the double crown (S5), holding a flagellum (S45).",Logogram (Atum),C
HJ A304G,1369F,U+1369F,A304G,A304G,A-30-010,"King, seated, both knees up, with covered legs and arms, with a long straight beard, wearing the double crown (S5), holding a sceptre with a straight shaft, topped with the head of the Seth animal vertically.",Classifier divinity,C
HJ C032,136A0,U+136A0,C32,C32,A-30-011,"God, seated, both knees up, with covered legs and arms, with a long, curved beard, wearing the double crown (S5), holding a sceptre with a straight shaft, topped with the head of the Seth animal vertically. ",Logogram (Atum),C
HJ A305,136A1,U+136A1,A305,A305,A-30-013,"King, seated on a block-throne, with a long straight beard, wearing the double crown (S5), both arms forward, forearms horizontal, one above the other, holding a flagellum (S45).",Classifier sovereign,C
A310E,136A2,U+136A2,,,A-30-021,"King, standing, with a long straight beard, wearing the double crown (S5), right arm forward, hand at the height of the waist, holding a sceptre with a straight shaft, forked bottom and head of the Seth animal (S40) of the same size as the king, vertically, left arm hanging beside the body holding a flagellum (S45) horizontally.",Logogram (king of Upper and Lower Egypt),C
HJ A307,136A3,U+136A3,A307,A307,A-30-026,,,
A307A,136A4,U+136A4,,US1A22VARA,A-30-027,"The king, wearing the blue crown, prostrating on a base, right knee forward, left leg nearly horizontal, arm forward, holding a vessel with a pellet of incense upon it.",Pictogram prostrate offering a vase of myrrh,C
HJ A311,136A5,U+136A5,A311,A311,A-30-038,"Man, standing, wearing headdress consisting of a double plume mounted on ram horns, right arm forward, holding a staff/stick that angles towards the man, left arm hanging besides the body.",Logogram (sovereign),C
HJ A311A,136A6,U+136A6,A311A,A311A,A-30-042,"Man, standing, wearing headdress consisting of a double plume mounted on ram horns, right arm forward, holding a crook (S38) of the size of the man, vertically, left arm hanging besides the body, holding a flagellum (S45) horizontally.",Classifier sovereign,C
HJ A311B,136A7,U+136A7,A311B,A311B,A-30-043,"Man, standing, wearing headdress consisting of a double plume mounted on ram horns, right arm forward, holding a staff/stick that angles towards the man, left arm hanging besides the body, holding a flagellum (S45) horizontally.",Classifier sovereign,C
HJ A311D,136A8,U+136A8,A311D,A311D,A-30-044,,,
HJ A311C,136A9,U+136A9,A311C,A311C,A-30-045,"Man, standing, wearing headdress consisting of a double plume mounted on ram horns, right arm forward, holding a staff/stick that angles towards the man, left arm hanging besides the body, holding a mace with a pear-shaped head (T3) horizontally, mace-head sticking out in front of the legs.",Logogram (sovereign),C
HJ A311E,136AA,U+136AA,A311E,A311E,A-30-046,"Man, standing, wearing headdress consisting of a double plume mounted on ram horns, right arm forward, holding a crook (S38) of the size of the man, vertically, left arm hanging besides the body.",Logogram (sovereign),C
HJ A311F,136AB,U+136AB,A311F,A311F,A-30-047,,,
HJ A466,136AC,U+136AC,A466,A466,A-30-049,"Man, standing upon a standard used for carrying religious symbols (R12), wearing headdress consisting of a double plume mounted on ram horns, right arm forward, holding a crook (S38) of the size of the man, vertically, left arm hanging besides the body.",Logogram/phonemogram (in ꜥnḏ.ty (Busiris)),C
HJ A466A,136AD,U+136AD,A466A,A466A,A-30-050,"Man, standing on a standard used for carrying religious symbols (R12), wearing headdress consisting of a double plume mounted on ram horns, right arm forward, holding a staff/stick that angles towards the man, left arm hanging besides the body.",Logogram (9th nome of Lower Egypt),C
A534,136AE,U+136AE,,,A-30-055,"God (Shu) seated, both knees up, with covered legs and arms, with a long, curved beard, with a feather (H6) on the head, holding a sceptre with a straight shaft, topped with the head of the Seth animal vertically.",Classifier majesty (specifically referring to Shu),
A535,136AF,U+136AF,,,A-30-057,"God, seated, both knees up, with covered legs and arms, with a long, curved beard, wearing the red crown (S1)/Double crown (S5), with 2 plumes on top of the horns of a ram on top/within the red crown/double crown; holding a sceptre with a straight shaft, topped with the head of the Seth animal vertically.",Classifier divinity (Geb),C
HJ A052J,136B0,U+136B0,A52J,A52J,A-31-004,,,
HJ A052A,136B1,U+136B1,A52A,A52A,A-31-006,"Man, seated, both knees down, with short straight beard, without arms, with a flagellum (S45) on its knees.",Classifier name (deceased person),C
HJ A052B,136B2,U+136B2,A52B,A52B,A-31-007,"Man, seated, both knees down, with short straight beard, without arms, with a tie or strap, used with sandals (ankh sign, S34), angled forwards, on its knees.",Classifier name (deceased person),C
HJ A052E,136B3,U+136B3,A52E,A52E,A-31-011,,,
HJ A052F,136B4,U+136B4,A52F,A52F,A-31-012,"Man, seated, both knees down, with short straight beard, without arms, with a flower on the knee, which curves towards the face, with the flower in front of the face.",Classifier name (deceased person),
HJ A341,136B5,U+136B5,A341,A341,A-32-003,"A mummy with a long-curved beard, wearing the white crown (S1), standing upright.",Classifier divinity,C
A341A,136B6,U+136B6,,,A-32-004,"A mummy with a long-curved beard, wearing the white crown (S1), standing upright, covered arms crossed in front of the chest.",Classifier divinity,C
HJ A053A,136B7,U+136B7,A53A,A53A,A-32-005,"A mummy with a long-curved beard, standing upright, both arms forward, forearms horizontally, one above another.",Classifier creation/form,C
HJ A055A,136B8,U+136B8,A55A,A55A,A-32-009,"A mummy with a long-curved beard, lying horizontally (A54) on top of a bed, with a leonid head, legs and tail (Q19), with the head towards the front.",Classifier to sleep/to spend the night,C
A023I,136B9,U+136B9,,,A-33-003,"A statue of the king, standing on a base, with a long straight beard, uraeus and coif, right arm forward, holding a staff/stick, left hand hanging beside the body, holding a piece of cloth.",Classifier statue,C
HJ B073,136BA,U+136BA,B73,B73,A-33-004,,,
A313,136BB,U+136BB,,A313,A-33-007,"A block statue of a seated man, knees raised with arms on the knees, while covered, without beard.",Classifier statue,C
HJ A333,136BC,U+136BC,A333,A333,A-33-009,,,
A333A,136BD,U+136BD,,,A-33-010,"A statue of a man, standing on a base, with a support at the back, with the left arm vertically over the body.",Logogram (statue),C
HJ A336,136BE,U+136BE,A336,A336,A-33-011,"A statue of a mummy with a long-curved beard, standing upright on a base, with a support at the back.",Classifier statue,C
HJ A450,136BF,U+136BF,A450,A450,A-33-014,"A god, with slightly curved beard and straight wig, recumbent on a rectangular carrying chair, covered by cloth.",Classifier carrying chair,C
A450A,136C0,U+136C0,,,A-33-015,"A god, with a long-curved beard and short hair/wig, with a forwards and backwards curving line on the head, recumbent on a rectangular carrying chair, covered by cloth.",Classifier divinity,C
A536,136C1,U+136C1,,,A-33-017,"A statue of a woman, wearing a long dress, standing on a base, with a support at the back, with the left arm vertically over the body.",Classifier statue,C
A066B,136C2,U+136C2,A66,A66,A-33-018,"A mummy, with a long-curved beard, standing on a platform in front of an obelisk.",Logogram (monument)?,C
HJ A033C,136C3,U+136C3,A33C,A33C,A-34-003,"A cursive form of a man, standing, bent forwards, one arm forward, carrying a stick with a bundle or a mat over his shoulders, bundle behind the back.",,C
HJ A103,136C4,U+136C4,A103,A103,A-34-004,"A man, lying down on a bed, facing upwards, knees slightly bent, right arm under the body, left arm over the body.",Classifier to awake,C
HJ A104,136C5,U+136C5,A104,A104,A-34-005,"Man, written horizontally, facing down, right arm in front, left arm over the body, on top of a bed.",Classifier to sleep,C
A104D,136C6,U+136C6,,,A-34-007,"A naked man, lying face down, arms extended in front, on top of a bed with leonid legs and tail.",Classifier,C
A104C,136C7,U+136C7,,,A-34-008,"A mummy with a long straight beard and uraeus, lying belly down, head raised on top of a bed, with a leonid legs and tail.",Classifier corpse,C
HJ A104B,136C8,U+136C8,A104B,A104B,A-34-009,"A man, mummy form, without beard, lying on a bed with short triangular bedposts, facing upwards.",Classifier to sleep,C
HJ A153,136C9,U+136C9,A153,A153,A-34-010,"The king, seated on heel, both knees down, with a long straight beard, uraeus and coif/long wig, both arms forward, at the top of a sealed ointment jar (W2).",Classifier (ointment vessel in the shape of the king),C
HJ A153A,136CA,U+136CA,A153A,A153A,A-34-011,"The king, seated on heel, both knees down, with a long straight beard, uraeus and coif/long wig, back bent forward, arm forward, hand at the height of the waist, holding a cup or vessel (W10).",Classifier wine,C
A153B,136CB,U+136CB,,,A-34-012,"The king, seated on heel, right knee raised, with long straight beard and uraeus, with arms raised in front, hand palms facing outwards.",Logogram (to venerate),C
A537,136CC,U+136CC,,,A-34-013,"Man/king, seated, right knee raised, arms raised at either side of the body, right hand holding a tie or strap, used with sandals (ankh sign, S34) of the same height as the man, left hand holding a sceptre with a straight shaft, a forked base, topped with the head of the Seth animal (wAs, S40) in the left hand.",Phonemogram/logogram (million/many),C
HJ A432,136CD,U+136CD,A432,A432,A-34-014,"Two men, standing, facing each other, arms extended forwards, hands at the height of the waist, holding one side of a loop of cord with the ends upwards (V6).",Phonemogram,C
HJ A433,136CE,U+136CE,A433,A433,A-34-015,"Two men, standing, both facing forwards, back bent forwards, arms down at either side of the body, holding a rope at the height of the knees, which curves downwards at either end.",,C
HJ A437,136CF,U+136CF,A437,A437,A-34-018,"Man and woman, standing, facing each other, man, left arm raised, extended towards the face of the woman, right arm hanging beside the body; woman, arms hanging at either side of the body.",Logogram (to love),C
HJ A438,136D0,U+136D0,A438,A438,A-34-019,"Man and woman, copulating on a bed.",Logogram (his townsman),C
HJ A470,136D1,U+136D1,A470,A470,A-34-020,"Man, kneeling, both knees down, arms extended forward, facing another man in the same position, holding hands.",Classifier playing,C
A470A,136D2,U+136D2,,,A-34-021,"Man, seated, right knee raised, arms extended forwards, hand palms forwards, facing another man in the same position, hands touching. ",Classifier playing,C
HJ A488,136D3,U+136D3,A488,A488,A-34-028,"God, seated, both knees up, with covered legs and arms, with a long-curved beard and long wig, with two heads with long-curved beard and long wig written overlapping behind the head.",Logogram (gods),C
HJ B001A,136D4,U+136D4,B1A,B1A,B-01-005,"Woman, seated, both knees up, with covered legs and arms, with long hair, holding a stem of papyrus with a bud (M131) or flower vertically.",Phonemogram,C
HJ B001B,136D5,U+136D5,B1B,B1B,B-01-007,"Woman, seated, both knees up, with covered legs and arms, with long hair, holding a club used by washermen for beating laundry (U36) vertically.",Logogram (majesty),C
HJ B007C,136D6,U+136D6,B7C,B7C,B-01-009,"Woman, seated, both knees up, with covered legs and arms, with long hair, wearing a diadem.",Logogram (feminine first person singular),C
B007O,136D7,U+136D7,,,B-01-010,"Woman, seated, both knees up, with covered legs and arms, with long hair, wearing a diadem and uraeus.",Classifier divinity,C
HJ B007A,136D8,U+136D8,B7A,B7A,B-01-011,,,
B007P,136D9,U+136D9,,,B-01-013,"Woman, seated, both knees up, with covered legs and arms, with long hair, wearing a diadem and uraeus, holding a tie or strap, used with sandals (ankh sign, S34), which angles forward.",Classifier divinity,C
HJ B007J,136DA,U+136DA,B7J,B7J,B-01-015,"Woman, seated, both knees up, with covered legs and arms, with long hair, wearing a diadem, holding a sceptre with a straight shaft, topped with the head of the Seth animal vertically.",Phonemogram,C
HJ B007E,136DB,U+136DB,B7E,B7E,B-01-017,"Woman, seated, both knees up, with covered legs and arms, with long hair, wearing a diadem, holding a stem of papyrus with a bud (M131) or flower vertically.",Classifier divinity,C
HJ B007F,136DC,U+136DC,B7F,B7F,B-01-019,"Woman, seated, both knees up, with covered legs and arms, with long hair, wearing a diadem, holding a flagellum (S45).",Classifier ruler,C
HJ B007I,136DD,U+136DD,B7I,B7I,B-01-025,,,
B007N,136DE,U+136DE,,,B-01-026,"Woman, seated, both knees up, with covered legs and arms, with long hair, wearing a cup (W10) on her head, holding a stem of papyrus with a bud (M13).",Logogram (mistress),C
HJ B001F,136DF,U+136DF,B1F,B1F,B-01-028,"Woman, seated, both knees up, with covered legs and arms, with long hair, holding a flower which curves forward, with the flower orientated downwards.",Classifier personal name,C
HJ B001G,136E0,U+136E0,B1G,B1G,B-01-030,"Woman, seated, both knees up, with covered legs and arms, with long hair, holding a flower which curves towards the face, with the flower in front of the face.",Classifier personal name,C
HJ B001I,136E1,U+136E1,B1I,B1I,B-01-032,"Woman, seated, both knees up, with covered legs and arms, with long hair, holding a round vessel with an upstanding rim (W24).",Phonemogram,C
HJ B001E,136E2,U+136E2,B1E,B1E,B-01-033,"Woman, seated, both knees up, with covered legs and arms, with long hair, holding a feather (H6) vertically.",Logogram (Maat),C
HJ B051,136E3,U+136E3,B51,B51,B-01-034,"Woman, seated, both knees up, with covered legs and arms, with long hair, holding two sticks in a 'v' shape.",Phonemogram (in ḥw.t-ꞽr.yw (hall of records/scriptorium)),C
HJ B053,136E4,U+136E4,B53,B53,B-01-035,"Woman, seated, both knees up, with covered legs and arms, with long hair, with a line coming from the back of the head 45 degree upwards.",Classifier enemy,C
HJ B056,136E5,U+136E5,B56,B56,B-01-036,"Woman, seated, both knees up, with covered legs and arms, with long hair, and uraeus on the forehead. ",Logogram (first person singular),C
HJ B076,136E6,U+136E6,B76,B76,B-01-037,"Woman, seated, both knees up, with covered legs and arms, with long hair, with a dotted line coming from the face which angles downwards.",Classifier youth,C
HJ B001D,136E7,U+136E7,B1D,B1D,B-01-039,"Woman, seated, both knees up, with covered legs and arms, with long hair, holding a tie or strap, used with sandals (ankh sign, S34), which angles forward.",Phonemogram,C
B001K,136E8,U+136E8,B1J,B1K,B-01-040,"Woman, seated, both knees up, with covered legs and arms, with long hair, holding a sceptre with a straight shaft, topped with the head of the Seth animal vertically.",Classifier divinity,C
B001J,136E9,U+136E9,B1K,B1J,B-01-041,"Woman, seated, both knees up, with covered legs and arms, with long hair, holding a flagellum (S45).",Classifier ruler,C
B001Q,136EA,U+136EA,,,B-01-047,"Woman, seated, both knees up, with covered legs and arms, with long hair, holding a cup (W10).",Logogram (mistress),C
HJ B001C,136EB,U+136EB,B1C,B1C,B-01-049,"Woman, seated, both knees up, with covered legs and arms, with long hair, holding a stem of papyrus with a bud (M13).",Classifier divinity,C
HJ B010,136EC,U+136EC,B10,B10,B-01-051,,,
HJ B054,136ED,U+136ED,B54,B54,B-01-053,"Woman, seated, both knees up, with covered legs, with long hair, with a cup/vessel (W10) on her head, right arm forward, supporting the cup/vessel at the front, left arm hanging beside the body.",Phonemogram,C
HJ B018A,136EE,U+136EE,B18A,B18A,B-01-054,"Woman, seated, both knees up, with covered legs, with long hair, arms raised in front, hands near the height of the face, hand palms outwards.",Classifier woman,C
HJ B029,136EF,U+136EF,B29,B29,B-01-055,"Woman, seated, both knees up, with covered legs, with long hair, left arm forward, with the wrist on the knee, right arm forward, upper arm horizontal, forearm vertical, right hand grasping the wrist of the left arm.",Classifier divinity (title of šntꜣyt),C
HJ B008A,136F0,U+136F0,B8A,B8A,B-02-001,"Woman, seated, both knees down, no arms visible.",Classifier relationship,C
HJ B008C,136F1,U+136F1,B8C,B8C,B-02-004,,,
HJ B008B,136F2,U+136F2,B8B,B8B,B-02-006,"Woman, seated, both knees down, no arms visible, with a lotus bud and stem on the knee, which curves upwards, with the bud pointing upwards at the height of the face.",Phonemogram,C
HJ B008D,136F3,U+136F3,B8D,B8D,B-02-007,"Woman, seated, both knees down, wearing a diadem, no arms visible, with a flower on the knee, which curves towards the face, with the flower in front of the face.",Classifier name (deceased person),C
HJ B105,136F4,U+136F4,B105,B105,B-02-012,"Woman, seated, both knees down, with long hair, with a spindle or spinning tool coming from her waist at 45 degree.",spindle/spinning tool,C
HJ B008G,136F5,U+136F5,B8G,B8G,B-02-014,,,
HJ B012,136F6,U+136F6,B12,B12,B-03-001,"Woman, seated, both knees down, long hair, arms extended at either side of the body, angling downwards.",Classifier barren woman,C
HJ B013,136F7,U+136F7,B13,B13,B-03-002,"Woman, seated, both knees down, with long hair, arms extended forwards, towards the knees.",Classifier to mourn,C
HJ B065,136F8,U+136F8,B65,B65,B-03-004,"Woman, seated, both knees down, with long hair, arm raised in front , hand at the height of the face, hand horizontal, hand palm up.",Phonemogram (to form mr.ty (the two eyes)),C
HJ B016,136F9,U+136F9,B16,B16,B-03-005,"Woman, seated, both knees down, with long hair, arms extended forwards, towards the knees, hand palms upwards, with a ripple of water (N35) above the hands.",Classifier to welcome,C
HJ B015,136FA,U+136FA,B15,B15,B-03-009,"Woman, seated, both knees down, with long hair, arms raised in front, hands vertical, hand palms outwards.",Classifier to praise,C
HJ B059,136FB,U+136FB,B59,B59,B-03-011,"Woman, seated, both knees down, with long hair, arm raised in front, hand at the face, hand palm inwards.",Classifier (mourner),C
HJ B011,136FC,U+136FC,B11,B11,B-03-014,"Woman, seated, both knees down, with long hair, right arm in front of the body, left arm extended forward, hand on the knee.",classifier divinity,C
HJ B019,136FD,U+136FD,B19,B19,B-03-015,,,
HJ B082,136FE,U+136FE,B82,B82,B-03-019,"Woman, seated, both knees down, with long hair, both arms forward, with a ball or other round object (tambourine?) between the two hands.",Classifier fortune,C
B120,136FF,U+136FF,,,B-03-020,"Woman, seated, both knees down, arms raised in front, upper arms horizontal, hands in a clapping motion, on top of a cover of a quiver without a loop on top.",Classifier to clap & phonemogram,C
HJ B021A,13700,U+13700,B21A,B21A,B-04-001,"Woman, seated on a chair, with long hair, lower legs separated, no arms visible.",Logogram (to be noble),C
HJ B021B,13701,U+13701,B21B,B21B,B-04-002,"Woman, seated on a chair, with long hair, lower legs separated, no arms visible, with a flagellum (S45) on her knee.",Logogram (to be noble),C
B021J,13702,U+13702,,,B-04-003,"Woman, seated on a chair, with long hair, both arms forward, forearms horizontal, one above the other, holding a flagellum (S45).",Logogram (to be noble),C
HJ B021,13703,U+13703,B21,B21,B-04-006,"Woman, seated on a chair, with long hair, lower legs separated, no arms visible, with a flower on the knee, which curves towards the face, with the flower in front of the face.",Logogram (noblewoman),C
B021H,13704,U+13704,,,B-04-008,"Woman, seated on a chair, with long hair, lower legs separated, no arms visible, with a flower on the knee, which curves forwards, flower hanging downwards near the knee.",Logogram (noblewoman),C
HJ B023B,13705,U+13705,B23B,B23B,B-04-011,"Woman, seated on a block throne, with long hair, no arms visible.",Logogram (noblewoman),C
HJ B094,13706,U+13706,B94,B94,B-04-012,"Woman, seated on a block throne, with long hair, with an uraeus on the forehead, no arms visible.",Classifier name female royalty,C
HJ B022,13707,U+13707,B22,B22,B-04-013,,,
B023X,13708,U+13708,,,B-04-015,"Woman, seated on a block throne without internal detail, on a base, with long hair, right arm in front of the body, left arm extended forward, hand on the knee.",Classifier personal name,C
HJ B023A,13709,U+13709,B23A,B23A,B-04-016,"Woman, seated on a block throne, with long hair, both arms forward, forearms horizontal, one above the other, holding a flagellum (S45).",Classifier personal name,C
B023G,1370A,U+1370A,,,B-04-017,"Woman, seated on a block throne on a base, with long hair, both arms forward, forearms horizontal, one above the other, holding a flagellum (S45).",Logogram (to be noble),C
HJ B023F,1370B,U+1370B,B23F,B23F,B-04-018,,,
B121,1370C,U+1370C,,,B-04-023,"Woman, seated on a chair, with long hair, both arms forward, forearms horizontal, one above the other, holding a stem of papyrus with a bud (M131) or flower, of the length of the seated figure, vertically.",Logogram (to be noble),C
HJ B021D,1370D,U+1370D,B21D,B21D,B-04-024,"Woman, seated on nothing, arms at either side of the body, hanging beside the body.",Classifier resting,C
HJ B078,1370E,U+1370E,B78,B78,B-04-025,"Girl, with long hair, seated on nothing, forelegs separated, right arm raised with hand to mouth, left arm hanging beside the body.",classifier youth,C
B032A,1370F,U+1370F,,,B-05-002,"Woman, standing, right arm forward, arm bent, hand slightly higher than the shoulder, holding a flower with a long stem which angles forwards and downwards, just under the flower, which is in front of the face, left arm hanging beside the body.",Classifier name,C
HJ B027,13710,U+13710,B27,B27,B-05-003,"Woman, standing, back slightly bent forwards, arms extended forwards, hands at the height of the waist, hand palms upwards, with a ripple of water (N35) above the hands.",Classifier to welcome,C
B027B,13711,U+13711,,,B-05-005,"Woman, standing, wearing a diadem, back slightly bent forwards, arms extended forwards, hands at the height of the waist, hand palms upwards, with a ripple of water (N35) above both hands.",Classifier to welcome,C
B028A,13712,U+13712,B28,,B-05-010,,,
B028,13713,U+13713,,B28,B-05-011,"Woman, standing, with long hair, arms raised in front, hands to the face, hand palms outwards.",Classifier mourners,C
HJ B088,13714,U+13714,B88,B88,B-05-012,"Woman, standing, with long hair, arm raised in front, hand to mouth.","classifier (screamers, mourners)",C
HJ B024,13715,U+13715,B24,B24,B-05-013,"Woman, standing, with long hair, arms hanging at either side of the body.",Classifier divinity,C
HJ B024A,13716,U+13716,B24A,B24A,B-05-015,"Woman, standing, with long hair, right arm forward, hand at the height of the waist, left arm over the body, left hand on the waist.",Classifier relationship,C
HJ B064,13717,U+13717,B64,B64,B-05-016,"Woman, standing, with long hair, arms raised at either side of the body, hands horizontal at the height of the top of the head, hand palms upwards.",Classifier to raise/to support,C
HJ B065A,13718,U+13718,B65A,B65A,B-05-017,"Woman, standing, with long hair, arm in front, hand horizontal at the height of the face, hand palm upwards.",Classifier singing,C
HJ B034,13719,U+13719,B34,B34,B-05-021,"Woman, standing, with long hair, right arm forward, hand at the height of the waist, holding a sedge (M23) of the height of the woman, with the tip curving forward, left arm hanging beside the body.",Phonemogram,C
HJ B035,1371A,U+1371A,B35,B35,B-05-022,"Woman, standing, with long hair, right arm forward, hand at the height of the waist, holding a crook (S38) of the height of the woman, with the opening outward, left arm hanging beside the body.",Logogram (to rule),C
B036C,1371B,U+1371B,,,B-05-024,"Woman, standing, with long hair, bent forward, back nearly horizontal, arms extended forward, hands in an object which resembles a sand covered mountain over the edge of the cultivated areas (N26), in front of the feet.",Phonemogram,C
HJ B052,1371C,U+1371C,B52,B52,B-05-025,"Woman, standing, with long hair, arms raised in front, upper arms horizontal, forearms vertical, holding a snake (or wavy stick) over their head.",Classifier mourner,C
HJ B058,1371D,U+1371D,B58,B58,B-05-026,"Woman, standing, with long hair, arms raised at either side of the body, hands horizontal at the height of the top of the head, hand palms upwards, holding up the sky (N1).",,C
B049C,1371E,U+1371E,,,B-05-029,"Woman, standing, with long hair, right arm forward, holding a stick/staff, left arm hanging beside the body.",Logogram (noblewoman),C
B049B,1371F,U+1371F,,,B-05-031,"Woman, standing, with long hair, right arm forward, holding a stick/staff, left arm hanging beside the body, holding a flagellum (S45) horizontally.",Logogram (sovereign),C
HJ B072,13720,U+13720,B72,B72,B-05-032,"Woman, standing, with long hair, right arm forward, hand at the height of the waist, holding a sceptre with a straight shaft, forked bottom and head of the Seth animal (S40) of the same size as the woman, left arm hanging beside the body, holding a tie or strap, used with sandals (ankh sign, S34), at the loop.",Phonemogram,C
HJ B068,13721,U+13721,B68,B68,B-05-034,"Woman, standing, with long hair, right arm forward, hand at the height of the shoulder, holding a long staff or pole with a two-pronged end piece for holding down snakes (U116), left arm hanging beside the body.","Logogram (to be old, old age)",C
B106,13722,U+13722,,,B-05-035,"Woman, standing, with long hair, right arm forward, hand at the height of the waist, holding a stem of papyrus with a bud (M131) or flower, of the height of the woman, vertically, left arm hanging beside the body, holding a tie or strap, used with sandals (ankh sign, S34), at the loop.",Logogram (noble lady),C
B122,13723,U+13723,,,B-05-036,"Woman, standing, with long hair, right arm forward, hand at the height of the waist, holding a stem of papyrus with a bud (M131) or flower, of the height of the woman, vertically, left arm hanging beside the body.",Logogram (sovereign),C
HJ B070,13724,U+13724,B70,B70,B-05-037,"Woman, standing, with long hair, right arm forward, hand at the height of the waist, holding a palm branch, stripped of leaves, with multiple sharp notches (M4A), tip curving outwards, notches towards the body, left arm hanging beside the body, holding a tie or strap, used with sandals (ankh sign, S34), at the loop.",Phonemogram (cryptography),C
HJ B077,13725,U+13725,B77,B77,B-05-039,"Woman, standing, back bent forward, with a line coming from the head, curving forward, arms extended forward, forearms horizontal at the height of the waist.",Classifier mourner,C
B077B,13726,U+13726,,,B-05-040,"Woman, standing, back slight bent forwards, with two lines coming from the head, one bending forward, one bending backwards, both arms forward, twisted together.",Classifier?,C
HJ B079,13727,U+13727,B79,B79,B-05-042,"Woman, standing, with long hair, wearing a diadem, both arms raised at either side of the body, hands a the height of the face, holding a stick in each hands, which is angled inwards.",Classifier danceress,C
HJ B083,13728,U+13728,B83,B83,B-05-043,"Woman standing, arms extended forwards, holding a child, with the arms and child covered in a cloth, only the head of the child visible.","Classifier nursing, rearing",C
B031A,13729,U+13729,,,B-05-045,"Woman, standing, with long hair, arms extended in front, hands at the height of the shoulder, with a vertical line descending from each hand, which end at the height of the bottom of the dress.",Classifier,C
HJ B038,1372A,U+1372A,B38,B38,B-06-001,,,
HJ B038A,1372B,U+1372B,B38A,B38A,B-06-002,"Woman, seated, both knees up, with covered arms and legs, with long hair, wearing a headdress consisting of a sun disk in horns, with two plumes on top of the sun disk (S65) and a vulture headdress, holding a stem of papyrus with a bud (M131) or flower vertically.",Classifier royal sister,C
HJ B039,1372C,U+1372C,B39,B39,B-06-004,"Woman, seated, both knees up, with covered legs and arms, with long hair, with two plumes on her head, holding a flower which curves forward, with the flower orientated downwards.",Classifier royal personal name,C
B040A,1372D,U+1372D,,,B-07-002,,,
HJ B041,1372E,U+1372E,B41,B41,B-07-003,,,
HJ B043,1372F,U+1372F,B43,B43,B-07-007,"Woman, standing, wearing the white crown (S1), right arm forward, hand at the height of the waist, holding a stem of papyrus with a bud (M131) or flower, of the size of the woman, vertically, left arm hanging beside the body, holding a tie or strap, used with sandals (ankh sign, S34), at the loop.",Logogram (king of Upper Egypt),C
HJ B081,13730,U+13730,B81,B81,B-07-009,"Woman, standing, wearing the red crown (S3), arms hanging at either side of the body.",Phonemogram,C
B045D,13731,U+13731,,,B-07-011,"Woman, standing, with long hair, both arms forward, hands at the height of the shoulder, holding a plan of a crossroads in a village (O49).",,C
HJ B045,13732,U+13732,B45,B45,B-08-001,"Woman, standing, with long hair, both arms forward, hands at the height of the shoulder, holding a tambourine.",Logogram (rejoicing),C
HJ B045B,13733,U+13733,B45B,B45B,B-08-002,"Woman, standing, with long hair, both arms forward, hands at the height of the shoulder, with a circle (tambourine?) floating above the hands.",Classifier (to rejoice),C
HJ B045A,13734,U+13734,B45A,B45A,B-08-003,"Woman, seated, both knees down, with long hair, both arms forward, holding a tambourine.",Classifier jubilation,C
HJ B057,13735,U+13735,B57,B57,B-08-006,"Woman, seated, both knees down, wearing a diadem, right arm extended forward, held horizontally, holding a tie or strap, used with sandals (ankh sign, S34) vertically, left arm extended forwards, between the legs and the right arm, holding a bead-necklace with counterweight.",Classifier sistrum player,C
B045C,13736,U+13736,,,B-08-013,"Woman, standing, with long hair, both arms forward, hands at the height of the forehead, nearly horizontal, hands as if clapping.",Classifier female rhythm maker,C
HJ B002A,13737,U+13737,B2A,B2A,B-09-003,"Woman, pregnant, seated, both knees down, no arms visible.",Classifier birth,C
HJ B003A,13738,U+13738,B3A,B3A,B-09-005,"Woman, pregnant, seated, both knees down, right arm forward, angling down towards the knee, left arm hanging beside the body, with three lines coming from the legs, central one vertical, the outer two curving from the same point as the central line.",Classifier nurse,C
HJ B003B,13739,U+13739,B3B,B3B,B-09-006,"Woman, pregnant, seated, both knees down, right arm forward, angling down towards the knee, left arm hanging beside the body, with four vertical lines coming from the legs.","Logogram (to birth, to bring forth)",C
B003F,1373A,U+1373A,,,B-09-007,"Woman, seated, both knees down, wearing a fillet with uraeus on her head, without arms, with four vertical lines coming from the legs.",Classifier birth,C
B003G,1373B,U+1373B,,,B-09-008,"Woman, seated, both knees down, wearing a fillet with uraeus on her head, arms hanging on either side of the body, with multiple backwards angled lines below the legs.",Classifier birth,C
B003H,1373C,U+1373C,,,B-09-013,"Woman, pregnant, seated, both knees down, with a hairlock coming from either side of the head, arms hanging on either side of the body, with the head and arms of a child coming from the legs.",Classifier birth,C
HJ B005D,1373D,U+1373D,B5D,B5D,B-09-015,"Woman, seated, both knees down, both arms forward, hands in front of the belly, holding a child, seated on the arms of the woman, facing towards her, both arms beside the body.",Classifier nurse,C
B005G,1373E,U+1373E,B5A,B5A,B-09-017,,,
HJ B005B,1373F,U+1373F,B5B,B5B,B-09-018,"Woman, seated, both knees down wearing a red crown (S3), nursing a child, seated on her lap, left arm forward, hand over the chest of the woman, right arm hanging beside the body; right arm forward, embracing/holding the child, left arm over the chest.",Logogram (nurse),C
HJ B005C,13740,U+13740,B5C,B5C,B-09-019,"Woman, seated, both knees down wearing a white crown (S1), nursing a child, seated on her lap, left arm forward, hand over the chest of the woman, right arm hanging beside the body; right arm forward, embracing/holding the child, left arm over the chest.",Logogram (nurse),C
HJ B006C,13741,U+13741,B6C,B6C,B-09-021,,,
HJ B006A,13742,U+13742,B6A,B6A,B-09-022,"Woman, seated on nothing, with a child on her lap, facing her, both arms down; both arms forward, right arm behind the child, left arm in front of the child.","Classifier nursing, rearing",C
HJ B006B,13743,U+13743,B6B,B6B,B-09-023,"Woman, seated on a chair, both arms forward, holding a child, seated, both arms at either side of the body.","Classifier nursing, rearing",C
B037A,13744,U+13744,,,B-10-003,"Woman, bent backwards, facing up, arms and feet on the ground, hair hanging downwards.",classifier (dancer/acrobat),C
HJ B036A,13745,U+13745,B36A,B36A,B-10-004,"Woman, standing, bent forwards, arms extended forwards, hands towards a rectangular object in front of the feet.",Phonemogram,C
HJ B067,13746,U+13746,B67,B67,B-10-006,,,
B067A,13747,U+13747,,,B-10-007,"Woman, standing, bent forwards, back horizontal, hair hanging forwards in front of the face, arms extended towards the ground, hands horizontal at the height of the middle of the shins, hand palms downwards.",Classifier moving back and forth,C
HJ B085,13748,U+13748,B85,B85,B-10-008,"Woman, seated, with both knees down, with the head and arms of a child coming from the legs, both arms raised at either side of the body, hands at the height of the top of the head, supporting a duck or goose (G38-G39) on each hand, looking outwards, with a half round loaf of bread (X1) over the shoulder of each bird.",Phonemogram (cryptography),C
HJ C118A,13749,U+13749,C118A,C118A,C-01-002,"God, seated, both knees up, with covered legs and arms, with a long-curved beard and long hair/wig, with a crescent moon with the entire moon disk (N62) on its head, holding a sceptre with a straight shaft, topped with the head of the Seth animal vertically.",Logogram (in combination with \C268B),C
HJ C118,1374A,U+1374A,C118,C118,C-01-003,"God, seated, both knees up, with covered legs and arms, with a long-curved beard and long hair/wig, with a crescent moon with the entire moon disk (N62) on its head.",Classifier moon,C
C118B,1374B,U+1374B,,,C-01-004,"God, seated, both knees up, with covered legs and arms, with a long-curved beard and long hair/wig, with a crescent moon with the entire moon disk (N62) on its head, holding a tie or strap, used with sandals (ankh sign, S34), angling forward.","Classifier moon/light (together with Re, representing the sun and the moon as the two lights)",C
C119X,1374C,U+1374C,C119,,C-01-007,,,
HJ C119B,1374D,U+1374D,C119B,C119B,C-01-008,"God, seated, both knees up, with covered legs and arms, with a long-curved beard and short hair/wig, with a uraeus on his forehead, with a star upon his head (N14).",Logogram (Geb),C
C119,1374E,U+1374E,,C119,C-01-009,"God, seated, both knees up, with covered legs and arms, with a long-curved beard and short hair/wig, with a uraeus on his forehead, with a star upon his head (N14), holding a sceptre with a straight shaft, topped with the head of the Seth animal vertically.",Logogram (Geb),C
HJ C121,1374F,U+1374F,C121,C121,C-01-011,"God, seated, both knees up, with covered legs and arms, with a long-curved beard and short hair/wig, with an eye (D4) upon his head, holding a sceptre with a straight shaft, topped with the head of the Seth animal vertically.",Logogram (the earthmaker (divinity)),C
HJ C122,13750,U+13750,C122,C122,C-01-012,,,
HJ C123,13751,U+13751,C123,C123,C-01-013,"God, seated, both knees up, with covered legs and arms, with a long-curved beard and short hair/wig, with an elephant tusk (F18) upon his head, holding a sceptre with a straight shaft, topped with the head of the Seth animal vertically.","Logogram (the utterance, divinity)",C
C340,13752,U+13752,,,C-01-014,"God, standing, with long-curved beard and long wig, with an elephant tusk (F18) upon his head, right arm forward, holding a sceptre with a straight shaft, a forked base, topped with the head of the Seth animal (S40); left arm hanging beside the body, holding tie or strap, used with sandals (ankh sign S34) at the loop.","Logogram (the utterance, divinity)",C
C124B,13753,U+13753,,,C-01-016,"God, seated, both knees up, with covered legs and arms, with a long-curved beard and short hair/wig, with a rectangular piece of cloth, with fringes on one of its short sides (S32) upon his head, holding a sceptre with a straight shaft, topped with the head of the Seth animal vertically.",Logogram (perception/knowledge (divinity)),C
C341,13754,U+13754,,,C-01-017,"God, standing, with long-curved beard and long wig, with a rectangular piece of cloth, with fringes on one of its short sides (S32) upon his head, right arm forward, holding a sceptre with a straight shaft, a forked base, topped with the head of the Seth animal (S40); left arm hanging beside the body, holding tie or strap, used with sandals (ankh sign S34) at the loop.",Logogram (perception/knowledge (divinity)),C
HJ C125A,13755,U+13755,C125A,C125A,C-01-020,,,
HJ C126,13756,U+13756,C126,C126,C-01-022,,,
HJ C127,13757,U+13757,C127,C127,C-01-025,,,
C129B,13758,U+13758,,,C-01-029,"God, seated, both knees up, with covered legs and arms, with a long-curved beard and short hair/wig, wearing the hmhm crown (S61), holding a sceptre with a straight shaft, topped with the head of the Seth animal vertically.","Logogram (first person singular, for Harsomtus)",C
HJ C132,13759,U+13759,C132,C132,C-01-032,"God, seated, both knees up, with covered legs and arms, with a long-curved beard and short hair/wig, with a dung beetle (scarab (L1)) upon his head, holding a sceptre with a straight shaft, topped with the head of the Seth animal vertically.",Classifier Khepri (divinity),C
HJ C133,1375A,U+1375A,C133,C133,C-01-033,"God, seated, both knees up, with covered legs and arms, with a long-curved beard and short hair/wig, with two arms, raised, with the palms of the hands towards each other (D28) upon his head, holding a sceptre with a straight shaft, topped with the head of the Seth animal vertically.",Logogram (spirit),C
HJ C136,1375B,U+1375B,C136,C136,C-01-037,"God, seated, both knees up, with covered legs and arms, with a long-curved beard and short hair/wig, with the hindquarters of a seated lion or leopard (F22) on its head, holding a sceptre with a straight shaft, topped with the head of the Seth animal vertically.",Logogram (god),C
HJ C262A,1375C,U+1375C,C262A,C262A,C-01-038,"God, seated, both knees up, with covered legs and arms, with a long-curved beard and short hair/wig, with a cobra in repose (Naja haje (I10)) upon his head, holding a sceptre with a straight shaft, topped with the head of the Seth animal vertically.",Classifier divinity (Chay),C
C342,1375D,U+1375D,,,C-01-042,"God, seated, both knees up, with covered legs and arms, with a long-curved beard and long hair/wig, with an uraeus on the forehead, wearing a headdress consisting of two feathers and a sun disk on ram horns, with an uraeus at either side of the feathers; holding a sceptre with a straight shaft, topped with the head of the Seth animal vertically.",Classifier divinity,C
HJ C140A,1375E,U+1375E,C140A,C140A,C-02-002,,,
HJ C270,1375F,U+1375F,C270,C270,C-02-004,"God, both knees up, with covered legs and arms, with the head of a vulture, holding a knife (T30A).",Classifier divinity,C
C343,13760,U+13760,,,C-02-005,"God, both knees up, with covered legs and arms, with the head of a vulture, with a Atef crown without horns (S8A) on its head.",Classifier divinity (Nekhbet),C
HJ C308,13761,U+13761,C308,C308,C-02-008,"God, both knees up, with covered legs and arms, with the head replaced by a dung beetle (scarab, L1).",Logogram (Khepri),C
HJ C309,13762,U+13762,C309,C309,C-02-009,"God, both knees up, with covered legs and arms, with the head replaced by a dung beetle with outstretched wings, resembling the wings of a bird (L12A).",Classifier Khepri (divinity),C
HJ C012A,13763,U+13763,C12A,C12A,C-03-001,"God, seated, knees up, with covered legs and arms, with a long-curved beard, wearing the double-plume headdress (S72A), with a line running from the crown down the back.",Logogram (Amon),C
HJ C012K,13764,U+13764,C12K,C12K,C-03-002,"God, seated, knees up, with covered legs and arms, with a long-curved beard, wearing the double-plume headdress (S72A).",Classifier divinity,C
HJ C012B,13765,U+13765,C12B,C12B,C-03-005,"God, seated, knees up, with covered legs and arms, with a long-curved beard, wearing the double-plume headdress (S72A), with a line running from the crown down the back, holding a feather (H6).",Logogram (Maat and Amon),C
HJ C012C,13766,U+13766,C12C,C12C,C-03-006,"God, seated, knees up, with covered legs and arms, with a long-curved beard, wearing the double-plume headdress (S72A), with a line running from the crown down the back, holding a tie or strap, used with sandals (ankh sign, S34), vertically.",Logogram (Amon),C
HJ C012L,13767,U+13767,C12L,C12L,C-03-007,"God, seated, knees up, with covered legs and arms, with a long-curved beard, wearing the double-plume headdress (S72A), holding a tie or strap, used with sandals (ankh sign, S34), vertically.",Logogram (Amon),C
HJ C012D,13768,U+13768,C12D,C12D,C-03-008,"God, seated, knees up, with covered legs and arms, with a long-curved beard, wearing the double-plume headdress (S72A), with a line running from the crown down the back, holding a sceptre (S42).",Logogram (living image of Amon),C
HJ C012E,13769,U+13769,C12E,C12E,C-03-009,"God, seated, knees up, with covered legs and arms, with a long-curved beard, wearing the double-plume headdress (S72A), with a line running from the crown down the back, holding a tie or strap, used with sandals (ankh sign, S34), written over a sceptre with a straight shaft, topped with the head of the Seth animal vertically. ",Logogram divinity,C
HJ C012M,1376A,U+1376A,C12M,C12M,C-03-018,,,
HJ C304,1376B,U+1376B,C304,C304,C-03-019,,,
C311A,1376C,U+1376C,,,C-03-021,"God, seated on a block throne on a base, with a long-curved beard, wearing the double plume headdress (S72A), with a line running from the crown down the back, with a child seated on his lap, facing the god, both arms down; both arms forward, right arm behind the child, left arm in front of the child.","Classifier nursing, rearing",C
HJ C012I,1376D,U+1376D,C12I,C12I,C-03-022,"God, standing, with a long-curved beard, wearing the double plume headdress (S72A), right arm forward, hand at the height of the waist, holding a sceptre with a straight shaft, forked bottom and head of the Seth animal (S40) of the same size as the god, vertically, left arm hanging beside the body.",Logogram (Amon),C
HJ C006B,1376E,U+1376E,C6B,C6B,C-04-002,"God, seated, knees up, with covered legs and arms, with the head of a jackal, holding a sceptre with a straight shaft, topped with the head of the Seth animal vertically.",Classifier Wepwawet (divinity),C
HJ C006D,1376F,U+1376F,C6D,C6D,C-04-004,,,
HJ C006E,13770,U+13770,C6E,C6E,C-04-005,"God, seated, knees up, with covered legs and arms, with the head of a jackal, holding a knife (T30A).",Classifier divinity,C
HJ C006A,13771,U+13771,C6A,C6A,C-04-007,"God, seated, knees up, with covered legs and arms, with the head of a jackal, holding a tie or strap, used with sandals (ankh sign, S34), angling forward.",Phonemogram,C
C021B,13772,U+13772,C21,C21,C-04-011,"God, seated on heel, right knee raised, with the head of a jackal, right arm angled in front of the body, left arm raised, hand held vertically, hand palm inwards (hnw gesture).",Classifier jubilation,C
HJ C022B,13773,U+13773,C22B,C22B,C-04-013,"God, seated on nothing, with the head of a jackal and tail, right arm forwards, hand at the height of the face, left arm raised at the back, forearm vertical, holding a stick.",Logogram (to drive away),C
HJ C022A,13774,U+13774,C22A,C22A,C-04-015,"God, seated on nothing, with the head of a jackal and tail, right arm forwards, holding a shield, left arm raised at the back, forearm vertical, holding a stick.",Logogram (to drive away),C
C022N,13775,U+13775,C22,C22,C-04-017,,,
C022P,13776,U+13776,,,C-04-018,"God, seated on nothing, with the head of a jackal and tail, right arm forwards, hand at the height of the shoulder, holding a shield/buckler resembling a half circle, left arm raised at the back, forearm vertical, holding a knife with a triangular blade and straight handle (T30A) horizontally, blade downwards.",Logogram (to drive away),C
HJ C022C,13777,U+13777,C22C,C22C,C-04-019,"God, seated on nothing, with the head of a jackal and tail, right arm forwards, hand at the height of the shoulder, holding a knife (T30A) vertically, left arm raised at the back, forearm vertical, holding a stick.",Logogram (to drive away),C
C023B,13778,U+13778,C23,C23,C-04-021,"God, seated on nothing, with the head of a jackal and tail, right arm forwards, hand at the height of the shoulder, holding a stick vertically, running from the hand to the knee, left arm raised at the back, forearm vertical, holding a stick.",Classifier driving away,C
C024A,13779,U+13779,C24,C24,C-04-022,"A mummy, with the head of a jackal, standing upright.",Logogram (Duamutef),C
HJ C025,1377A,U+1377A,C25,C25,C-04-023,"God, standing, with the head of a jackal, right arm forward, hand at the height of the waist, holding a sceptre with a straight shaft, forked bottom and head of the Seth animal (S40) of the same size as the god, vertically, left arm hanging beside the body.",Logogram (to be strong),C
C025B,1377B,U+1377B,,,C-04-024,"Goddess, standing, with the head of a jackal, right arm forward, hand at the height of the waist, holding a sceptre with a straight shaft, forked bottom and head of the Seth animal (S40) of the same size as the goddess, vertically, left arm hanging beside the body.",Logogram (sovereign),C
HJ C025A,1377C,U+1377C,C25A,C25A,C-04-025,"God, standing, with the head of a jackal, right arm forward, hand at the height of the shoulder, holding the top of a staff, which angles towards the body, left arm hanging beside the body",Logogram (Anubis),C
HJ C026,1377D,U+1377D,C26,C26,C-04-026,"God, standing, with the head of a jackal, both arms forward, right hand at the height of the shoulder, left hand at the height of the waist, both holding a knife (T30A).",Classifier messenger,C
C026C,1377E,U+1377E,,,C-04-028,"God, standing, with the head of a jackal, right arm forward, hand at the height of the shoulder, holding a knife (T30A), left arm hanging beside the body, holding a knife horizontally.",Logogram (messenger),C
C027E,1377F,U+1377F,,,C-04-029,"God, standing, with the head of a jackal, right arm forward, hand at the height of the waist, holding a knife (T30A), left arm raised at the back, forearm vertical, holding a knife (T30A) with the blade upwards.",Logogram (to drive away),C
HJ C027A,13780,U+13780,C27A,C27A,C-04-031,"God, standing, with the head of a jackal, right arm forward, hand at the height of the waist, holding an oval shield, left arm raised at the back, forearm vertical, holding a stick horizontally.",Logogram (to drive away),C
HJ C028,13781,U+13781,C28,C28,C-04-033,,,
HJ C022D,13782,U+13782,C22D,C22D,C-04-036,,,
HJ C022F,13783,U+13783,C22F,C22F,C-04-038,,,
C022Q,13784,U+13784,,,C-04-041,"God, seated, right knee raised, with the head of a jackal, right arm forward, forearm horizontal, hand in front of the chest, left arm raised, forearm vertical, holding a stick which extends over the head.",Logogram (to drive away),C
HJ C022H,13785,U+13785,C22H,C22h,C-04-043,"God, seated on nothing, with the head of a jackal and tail, right arm forwards, hand at the height of the shoulder, holding a knife (T30A) vertically, left arm raised at the back, forearm vertical, holding a knife (T30A) with the blade downwards.",Logogram,C
HJ C027B,13786,U+13786,C27B,C27B,C-04-044,"God, standing, with the head of a jackal, right arm forward, hand at the height of the waist, holding a knife (T30A), left arm raised at the back, forearm vertical, left hand as a fist.",Classifier,C
HJ C027D,13787,U+13787,C27D,C27D,C-04-045,,,
C250A,13788,U+13788,,,C-04-049,"God, standing, with the head of a jackal, with a tail, both arms forward, holding a stick with a bundle or a mat horizontally over his shoulders, bundle behind the back, with the ties at the top.",Logogram (decease deamon),C
C250B,13789,U+13789,,,C-04-050,"God, standing, with the head of a jackal, right arm extended forwards, holding a stick with a bundle or a mat at a slight angle over his shoulder, bundle behind the back, with the ties at the top, left arm hanging beside the body.",Logogram (decease deamon),C
HJ C027,1378A,U+1378A,C27,C27,C-04-054,"God, standing, with the head of a jackal, right arm forward, hand at the height of the waist, holding a stick, left arm raised at the back, forearm vertical, holding a stick.",Logogram (decease deamon),C
C022Q,1378B,U+1378B,,,C-04-057,"God, seated, both knees up, foot flat on the ground, with the head of a jackal, both arms raised at either side of the body, forearms vertical, hand palms inwards.",Logogram (to drive away),C
HJ Q044,1378C,U+1378C,Q44,Q44,C-04-058,"God, standing, with the head of a jackal, arms hanging on either side of the body, standing behind a mummy with a long-curved beard, lying horizontally (A54) on top of a bed, with a leonid head, legs and tail (Q19), with the head towards the front (A55A).",Logogram (burial),C
HJ C030,1378D,U+1378D,C30,C30,C-05-001,"God/goddess, seated, knees up, with covered legs and arms, with the head of a bovid, holding a sceptre with a straight shaft, topped with the head of the Seth animal vertically.",Classifier protector,C
HJ C030A,1378E,U+1378E,C30A,C30A,C-05-002,,,
C030B,1378F,U+1378F,,,C-05-003,"God, seated, knees up, with covered legs and arms, with the head of a bovid.",Classifier divinity (Apis),C
HJ C272,13790,U+13790,C272,C272,C-05-005,"God, standing, with the head of a bovid, right arm forward, hand at the height of the shoulder, holding a knife (T30A), left arm hanging beside the body.",Classifier protector,C
HJ C280,13791,U+13791,C280,C280,C-05-006,"God, standing, with the head of a bovid, right arm forward, hand at the height of the waist, holding a sceptre with a straight shaft, forked bottom and head of the Seth animal (S40) of the same size as the god, vertically, left arm hanging beside the body.",Phonemogram,C
HJ C034,13792,U+13792,C34,C34,C-07-005,,,
C104X,13793,U+13793,,,C-08-002,"God, seated, knees up, with covered legs and arms, with a long-curved beard, with a feather (H6) on his head.",Phonemogram,C
C104Y,13794,U+13794,,,C-08-005,"God, seated, knees up, with covered legs and arms, with a long-curved beard, with a feather (H6) on his head, holding a sceptre with a straight shaft, topped with the head of the Seth animal vertically. ",Logogram (Shu),C
HJ C104D,13795,U+13795,C104D,C104D,C-08-009,"God, seated, knees up, with covered legs and arms, with a long-curved beard, with a feather (H6) on his head, holding a feather (H6), vertically.",Logogram (son/child of),C
HJ C039,13796,U+13796,C39,C39,C-09-002,"God, seated, knees up, with covered legs and arms, with the head of a falcon.",Logogram (Horus),C
HJ C040,13797,U+13797,C40,C40,C-09-003,"God, seated on heel, right knee raised, with the head of a falcon, right arm angled in front of the body, left arm raised, hand held vertically, hand palm inwards (hnw gesture).",Classifier joy,C
HJ C039A,13798,U+13798,C39A,C39A,C-09-007,"God, seated, knees up, with covered legs and arms, with the head of a falcon, holding a sceptre with a straight shaft, topped with the head of the Seth animal vertically. ",Classifier falcon divinity,C
HJ C039C,13799,U+13799,C39C,C39C,C-09-009,"God, seated, knees up, with covered legs and arms, with the head of a falcon, holding a mace with a pear-shaped head (T3), angled forwards.",Classifier divinity,C
HJ C039D,1379A,U+1379A,C39D,C39D,C-09-010,"God, seated, knees up, with covered legs and arms, with the head of a falcon, holding a club used by washermen for beating laundry (U36) vertically.",Logogram (majesty),C
HJ C039E,1379B,U+1379B,C39E,C39E,C-09-011,"God, seated, knees up, with covered legs and arms, with the head of a falcon, holding a sceptre (S42) vertically.",Phonemogram/logogram,C
HJ C039F,1379C,U+1379C,C39F,C39F,C-09-012,"God, seated, knees up, with covered legs and arms, with the head of a falcon, holding a knife (T30A) vertically.",Classifier divinity,C
HJ C268A,1379D,U+1379D,C268A,C268A,C-09-020,"God, seated, knees up, with covered legs and arms, with the head of a falcon, with N6 (The sun, encircled by a cobra (Naja haje), standing up, with expanded hood (uraeus)) on its head.",Logogram (Re),C
C002L,1379E,U+1379E,C2B,C2B,C-09-021,"God, seated, knees up, with covered legs and arms, with the head of a falcon, with a sun disk (N5) on its head, holding a sceptre with a straight shaft, topped with the head of the Seth animal vertically. ",Logogram (Re),C
HJ C268B,1379F,U+1379F,C268B,C268B,C-09-024,"God, seated, knees up, with covered legs and arms, with the head of a falcon, with N6 (The sun, encircled by a cobra (Naja haje), standing up, with expanded hood (uraeus)) on its head, holding a sceptre with a straight shaft, topped with the head of the Seth animal vertically. ",Logogram (Re),C
HJ C268C,137A0,U+137A0,C268C,C268C,C-09-028,"God, seated, knees up, with covered legs and arms, with the head of a falcon, with N6 (The sun, encircled by a cobra (Naja haje), standing up, with expanded hood (uraeus)) on its head, holding a harpoon head made of bone, with one curl (T19), with the curl facing forward.",Logogram (day),C
HJ C268,137A1,U+137A1,C268,C268,C-09-031,"God, seated, knees up, with covered legs and arms, with the head of a falcon, with N6 (The sun, encircled by a cobra (Naja haje), standing up, with expanded hood (uraeus)) on its head, holding a tie or strap, used with sandals (ankh sign, S34), angling forward. ",Logogram (Re),C
HJ C002F,137A2,U+137A2,C2F,C2F,C-09-034,"God, seated, knees up, with covered legs and arms, with the head of a falcon, with a sun disk (N5) on its head, holding a crook (S38) vertically, with the opening inwards.",Logogram (Re),C
C002M,137A3,U+137A3,,,C-09-036,"God, seated, knees up, with covered legs and arms, with the head of a falcon, with N6 (The sun, encircled by a cobra (Naja haje), standing up, with expanded hood (uraeus)) on its head, holding an eye, with the markings of the head of a falcon (wdꜣ.t) on top of a basket.",,C
HJ C002I,137A4,U+137A4,C2I,C2I,C-09-038,"God, seated, knees up, with covered legs and arms, with the head of a falcon, with a sun disk (N5) on its head, holding a feather (H6) vertically.",Logogram (Re),C
HJ C002D,137A5,U+137A5,C2D,C2D,C-09-039,"God, seated, knees up, with covered legs and arms, with the head of a falcon, with a sun disk (N5) on its head, holding a sceptre (S42) vertically.",Logogram (Re and image),C
HJ C268D,137A6,U+137A6,C268D,C268D,C-09-040,"God, seated, knees up, with covered legs and arms, with the head of a falcon, with N6 (The sun, encircled by a cobra (Naja haje), standing up, with expanded hood (uraeus)) on its head, holding a sceptre (S42) vertically.",Logogram (Re and image),C
HJ C268G,137A7,U+137A7,C268G,C268G,C-09-043,"God, seated, knees up, with covered legs and arms, with the head of a falcon, with N6 (The sun, encircled by a cobra (Naja haje), standing up, with expanded hood (uraeus)) on its head, holding an eye, with the markings of the head of a falcon (wdꜣ.t, D10).",Logogram (the eye of Re),C
C268L,137A8,U+137A8,,,C-09-047,"God, seated, knees up, with covered legs and arms, with the head of a falcon, with N6 (The sun, encircled by a cobra (Naja haje), standing up, with expanded hood (uraeus)) on its head, holding a round vessel with an upstanding rim (W24).",Logogram (of Re),C
C268M,137A9,U+137A9,,,C-09-048,"God, seated, knees up, with covered legs and arms, with the head of a falcon, with N6 (The sun, encircled by a cobra (Naja haje), standing up, with expanded hood (uraeus)) on its head, holding an egg (H8).",Logogram (son of Re),C
HJ C043,137AA,U+137AA,C43,C43,C-09-051,"God, seated, knees up, with covered legs and arms, with the head of a falcon, wearing the double crown (S5).",Classifier statue/likeness,C
HJ C043A,137AB,U+137AB,C43A,C43A,C-09-054,"God, seated, knees up, with covered legs and arms, with the head of a falcon, wearing the double crown (S5), holding a sceptre with a straight shaft, topped with the head of the Seth animal vertically. ",Classifier divinity,C
HJ C043B,137AC,U+137AC,C43B,C43B,C-09-055,"God, seated, knees up, with covered legs and arms, with the head of a falcon, wearing the double crown (S5), holding a tie or strap, used with sandals (ankh sign, S34), angling forward. ",Logogram (to live),C
HJ C043C,137AD,U+137AD,C43C,C43C,C-09-056,"God, seated, knees up, with covered legs and arms, with the head of a falcon, wearing the double crown (S5), holding an eye, with the markings of the head of a falcon (wdꜣ.t, D10).",Logogram (eye of Horus),C
HJ C043D,137AE,U+137AE,C43D,C43D,C-09-057,"God, seated, knees up, with covered legs and arms, with the head of a falcon, wearing the double crown (S5), holding a sceptre (S38), vertically.",Phonemogram/logogram (lord),C
HJ C043E,137AF,U+137AF,C43E,C43E,C-09-059,"God, seated, knees up, with covered legs and arms, with the head of a falcon, wearing the double crown (S5), holding a club used by washermen for beating laundry (U36) vertically.",Logogram (majesty),C
HJ C043G,137B0,U+137B0,C43G,C43G,C-09-061,"God, seated, knees up, with covered legs and arms, with the head of a falcon, wearing the double crown (S5), holding two arms, raised, with the palms of the hands towards each other (D28).",Logogram (spirit),C
C043H,137B1,U+137B1,,,C-09-062,"God, seated, knees up, with covered legs and arms, with the head of a falcon, wearing the double crown (S5), holding a scepter with the head of a falcon with a sun disk on top of the head.","Logogram (power, strength)",C
C043I,137B2,U+137B2,,,C-09-063,"God, seated, knees up, with covered legs and arms, with the head of a falcon, wearing the double crown (S5), holding a sistrum (Y18).",Phonemogram/logogram,C
HJ C291,137B3,U+137B3,C291,C291,C-09-064,"God, seated, knees up, with covered legs and arms, with the head of a falcon, wearing the double crown (S5), holding a sceptre with a straight shaft, topped with the head of the Seth animal vertically, upon a standard used for the carrying of religious symbols with the vertical stick at the far side (R92A).",Logogram (god),C
HJ C292,137B4,U+137B4,C292,C292,C-09-065,"God, seated, knees up, with covered legs and arms, with the head of a falcon, wearing the double crown (S5), holding a sceptre with a straight shaft, topped with the head of the Seth animal vertically, upon a canal (N36).",Logogram (beloved of Horus),C
HJ C045,137B5,U+137B5,C45,C45,C-09-067,"God, seated, knees up, with covered legs and arms, with the head of a falcon, wearing the white crown (S1), holding a sceptre with a straight shaft, topped with the head of the Seth animal vertically.",Classifier Sokar (divinity),C
HJ C046,137B6,U+137B6,C46,C46,C-09-070,"God, seated, knees up, with covered legs and arms, with the head of a falcon, wearing the Atef crown without horns (S8A), holding a sceptre with a straight shaft, topped with the head of the Seth animal vertically.",Classifier Sokar (divinity),C
HJ C046C,137B7,U+137B7,C46C,C46C,C-09-074,"God, seated, knees up, with covered legs and arms, with the head of a falcon, wearing the Atef crown without horns (S8A),",,C
HJ C017A,137B8,U+137B8,C17A,C17A,C-09-075,"God, seated, knees up, with covered legs and arms, with the head of a falcon, wearing a headdress consisting of two plumes with a sun disk (S63A/S70).",Classifier Montu (divinity),C
HJ C017B,137B9,U+137B9,C17B,C17B,C-09-076,"God, seated, knees up, with covered legs and arms, with the head of a falcon, wearing a headdress consisting of two plumes with a sun disk (S63A/S70), holding a sceptre with a straight shaft, topped with the head of the Seth animal vertically.",Classifier divinity,C
C017F,137BA,U+137BA,,,C-09-081,"God, seated, knees up, with covered legs and arms, with the head of a falcon, wearing a headdress consisting of two plumes on a pair of ram horns, each ram horn supporting a uraeus with a sun disk on its head (S75). ",Logogram (first person singular),C
HJ C048,137BB,U+137BB,C48,C48,C-09-083,,,
HJ C049,137BC,U+137BC,C49,C49,C-09-084,"God, seated, knees up, with covered legs and arms, with the head of a falcon, with a crescent moon with the entire moon disk (N62) on its head, holding a sceptre with a straight shaft, topped with the head of the Seth animal vertically.",Logogram (Khonsu),C
HJ C049A,137BD,U+137BD,C49A,C49A,C-09-085,"God, seated, knees up, with covered legs and arms, with the head of a falcon, with a crescent moon with the entire moon disk (N62) on its head, holding a tie or strap, used with sandals (ankh sign, S34), angling forward. ",Classifier Khonsu (divinity),C
HJ C050A,137BE,U+137BE,C50A,C50A,C-09-087,,,
HJ C050,137BF,U+137BF,C50,C50,C-09-088,"God, seated, knees up, with covered legs and arms, with the head of a falcon, with the sun rising over a sand covered mountain over the edge of the cultivated areas (N27) on its head, holding a sceptre with a straight shaft, topped with the head of the Seth animal vertically.",Logogram (the one of the horizon),C
HJ C052,137C0,U+137C0,C52,C52,C-09-092,,,
HJ C052A,137C1,U+137C1,C52A,C52A,C-09-093,"God, seated, knees up, with covered legs and arms, with the head of a falcon, with the hindquarters of a seated lion or leopard (F22) on its head, holding a sceptre with a straight shaft, topped with the head of the Seth animal vertically.",Logogram (god),C
HJ C052B,137C2,U+137C2,C52B,C52B,C-09-094,"God, seated, knees up, with covered legs and arms, with the head of a falcon, with the hindquarters of a seated lion or leopard (F22) on its head, holding a tie or strap, used with sandals (ankh sign, S34), angling forward. ",Logogram (in the ꜥnḫ-nṯr-nfr construction),C
HJ C052D,137C3,U+137C3,C52D,C52D,C-09-096,"God, seated, knees up, with covered legs and arms, with the head of a falcon, with the hindquarters of a seated lion or leopard (F22) on its head, holding a cobra (Naja haje), standing up, with expanded hood (uraeus, I64).",Logogram (god and goddess),C
C344,137C4,U+137C4,,,C-09-097,"God, seated, knees up, with covered legs and arms, with the head of a falcon, with the hindquarters of a seated lion or leopard (F22) on its head, holding a sceptre with a straight shaft, topped with the head of the Seth animal vertically, upon a standard used for the carrying of religious symbols with the vertical stick at the far side (R92A). ",Logogram (god),C
HJ C053B,137C5,U+137C5,C53B,C53B,C-09-100,"God, seated on a block throne, with the head of a falcon, with N6 (The sun, encircled by a cobra (Naja haje), standing up, with expanded hood (uraeus)) on its head, right arm forward, holding a sceptre with a straight shaft, a forked base, topped with the head of the Seth animal (wAs, S40) of the length of the god, left arm forward, hand on the knee, holding a tie or strap, used with sandals (ankh sign, S34), angling forward.",Logogram (Re),C
C054A,137C6,U+137C6,,,C-09-104,"God, seated on a block throne, with the head of a falcon, with the sun rising over a sand covered mountain over the edge of the cultivated areas (N27) on its head , right arm forward, holding a sceptre with a straight shaft, a forked base, topped with the head of the Seth animal (wAs, S40) of the length of the god, left arm forward, hand on the knee.",Logogram (the one of the horizon),C
C055A,137C7,U+137C7,,,C-09-106,"God, seated on a block throne on a base, with the head of a falcon, wearing the double crown (S5), right arm forward, holding a sceptre with a straight shaft, a forked base, topped with the head of the Seth animal (wAs, S40) of the length of the god, left arm forward, hand on the knee.","Logogram (Horus, Behedety)",C
C056B,137C8,U+137C8,,,C-09-109,"God, seated on a block throne on a base, with the head of a falcon, wearing the double crown (S5), right arm forward, hand a the height of the face, holding a tie or strap, used with sandals (ankh sign, S34) horizontally at the base, left arm forward, hand at the knee, holding a tie or strap, used with sandals (ankh sign, S34) horizontally at the loop.",Logogram (Horus),C
C056C,137C9,U+137C9,,,C-09-111,"God, seated on a block throne on a base, with the head of a falcon, wearing the double crown (S5), left arm forward, hand near the knee, holding a sceptre with a straight shaft, a forked base, topped with the head of the Seth animal (wAs, S40), right arm forward, holding a tie or strap, used with sandals (ankh sign, S34) horizontally at the base, above the wAs scepter.","Logogram (Horus, protector of his father, Behedety, the many-coloured of plumage, giving life)",C
C312,137CA,U+137CA,C312,,C-09-114,,,
C337,137CB,U+137CB,,,C-09-116,"God, seated, knees up, with covered legs and arms, with the head of a falcon, with a star (N14) on its head, holding a sceptre with a straight shaft, topped with the head of the Seth animal vertically.",Logogram (god),C
HJ C058,137CC,U+137CC,C58,C58,C-10-002,"God, standing, with the head of a falcon, wearing the double crown (S5), right arm forward, hand at the height of the waist, holding a sceptre with a straight shaft, forked bottom and head of the Seth animal (S40) of the same size as the god, vertically, left arm hanging beside the body, holding a tie or strap, used with sandals (ankh sign, S34) vertically at the loop.",Logogram (the one of the horizon),C
HJ C059C,137CD,U+137CD,C59C,C59C,C-10-004,"God, standing, with the head of a falcon, with N6 (The sun, encircled by a cobra (Naja haje), standing up, with expanded hood (uraeus)) on its head, right arm forward, hand at the height of the waist, holding a sceptre with a straight shaft, forked bottom and head of the Seth animal (S40) of the same size as the god, vertically, left arm hanging beside the body, holding a tie or strap, used with sandals (ankh sign, S34) vertically at the loop.",Logogram (Re),C
C345,137CE,U+137CE,,,C-10-009,"God, standing, with the head of a falcon, with N6 (The sun, encircled by a cobra (Naja haje), standing up, with expanded hood (uraeus)) on its head, right arm forward, hand at the height of the waist, holding a spear made into a standard (R15A), left arm hanging beside the body, holding a tie or strap, used with sandals (ankh sign, S34) vertically at the loop.",Logogram (Horus of the east),C
HJ C061,137CF,U+137CF,C61,C61,C-10-010,,,
HJ C061A,137D0,U+137D0,C61A,C61A,C-10-011,"God, standing, with the head of a falcon, with a headdress consisting of two plumes and a sun disk (S63A/S70) and an uraeus at the front on its head, right arm forward, hand at the height of the waist, holding a sceptre with a straight shaft, forked bottom and head of the Seth animal (S40) of the same size as the god, vertically, left arm hanging beside the body.","Logogram (strength, power)",C
HJ C064,137D1,U+137D1,C64,C64,C-10-014,"God, standing, with the head of a falcon, with the sun rising over a sand covered mountain over the edge of the cultivated areas (N27) on its head, arms raised at either side of the body, hands at the height of the shoulders, holding a stick/staff topped with a sand covered mountain over the edge of the cultivated areas (N26) sign.",Logogram (eternity),C
C064C,137D2,U+137D2,,,C-10-015,"God, standing, with the head of a falcon, with the sun rising over a sand covered mountain over the edge of the cultivated areas (N27) on its head, arms extended at either side of the body, hands at the height of the waist, holding a wick of twisted flax, consisting of three loops (V28), below the third loop.",Logogram nHH (eternity),C
HJ C064A,137D3,U+137D3,C64A,C64A,C-10-016,"God, standing, with the head of a falcon, arms raised at either side of the body, hands at the height of the shoulders, holding a stick/staff topped with a sand covered mountain over the edge of the cultivated areas (N26) sign.",Logogram (eternity),C
C064B,137D4,U+137D4,,,C-10-017,"God, standing, with the head of a falcon, with a sun disk (N5) on its head, arms raised at either side of the body, hands at the height of the shoulders, holding a stick/staff topped with a sand covered mountain over the edge of the cultivated areas (N26) sign.",Logogram (eternity),C
HJ C066,137D5,U+137D5,C66,C66,C-10-018,"God, standing, with the head of a falcon, wearing the double crown (S5), right arm forward, hand at the height of the waist, holding a spear/harpoon of the same size as the god, vertically, point towards the top, left arm hanging beside the body.","Logogram (the sole one, unique)",C
HJ C065,137D6,U+137D6,C65,C65,C-10-019,"God, standing, with the head of a falcon, right arm forward, hand at the height of the waist, holding a spear/harpoon of the same size as the god, vertically, point towards the top, left arm hanging beside the body.",Classifier divinity,C
HJ C065A,137D7,U+137D7,C65A,C65A,C-10-020,"God, standing, with the head of a falcon, right arm forward, hand at the height of the waist, holding a sceptre with a straight shaft, forked bottom and head of the Seth animal (S40) of the same size as the god, vertically, left arm hanging beside the body.","Logogram (lord of the two lands, when used in connection with a Seth-headed figure)",C
HJ C067,137D8,U+137D8,C67,C67,C-10-021,"God, standing, with the head of a falcon, holding a harpoon with the point down, diagonally over the body, from the tip of the right foot beyond the left shoulder, right arm lowered, right hand holding the harpoon between the waist and knee, left arm raised, holding the shaft near the end.",Classifier harpooner,C
HJ C068,137D9,U+137D9,C68,C68,C-10-022,,,
HJ C069,137DA,U+137DA,C69,C69,C-10-025,"God, standing, with the head of a falcon, wearing the double crown (S5), right arm extended forwards, arm horizontal, holding a scimitar (khopesh), written vertically, blade curving forwards, with the head of a falcon with a sun disk (N5) on top of it, left arm forwards, hand at the height of the waist, holding a tie or strap, used with sandals (ankh sign, S34) at an downward angle at the loop.","Logogram (valour, strength)",C
HJ C069A,137DB,U+137DB,C69A,C69A,C-10-026,"God, standing, with the head of a falcon, wearing the double crown (S5), right arm extended forwards, arm horizontal, holding a scimitar (khopesh), written vertically, blade curving forwards, with the head of a falcon with a sun disk (N5) on top of it, left arm hanging beside the body.","Logogram (valour, strength)",C
HJ C070,137DC,U+137DC,C70,C70,C-10-028,"A mummy, with the head of a falcon, standing upright.",Logogram (Qebehsenuef),C
HJ C293,137DD,U+137DD,C293,C293,C-10-030,,,
C293A,137DE,U+137DE,,,C-10-031,"God, standing, with the head of a falcon, with the sign for the hill country over the edge of the cultivated areas (N25) on its head, arms hanging downwards on either side of the body, holding a cobra in repose (Naja haje (I10)), with the horizontal part of the body at the height of the waist.",Phonemogram,C
HJ C071,137DF,U+137DF,C71,C71,C-11-001,"God, standing, with the head of a falcon, right arm forwards, holding a spear with the point downwards, left arm hanging beside the body, on top of a bovid, lying on the ground, legs folded under the body, tail down.",Logogram (Wenty),C
HJ C072,137E0,U+137E0,C72,C72,C-11-003,"God, standing, with the head of a falcon, wearing the double crown (S5), right arm forward, holding a sceptre with a straight shaft, forked bottom and head of the Seth animal (S40) of the same size as the god, vertically , left arm hanging beside the body, on top of a bovid, lying on the ground, legs folded under the body, tail down.",Logogram (Wenty),C
HJ C071A,137E1,U+137E1,C71A,C71A,C-11-004,,,
C071B,137E2,U+137E2,,,C-11-005,"God, standing, with the head of a falcon, wearing the double crown (S5), right arm forwards, holding a spear with the point downwards, left arm hanging beside the body, on top of a bovid, lying on the ground, legs folded under the body, tail down.",Logogram (Wenty),C
HJ C073,137E3,U+137E3,C73,C73,C-11-006,"God, standing, with the head of a falcon, right arm forwards, holding a spear with the point downwards, left arm hanging beside the body, on top of a crocodile (I3).",Classifier divinity,C
HJ C076,137E4,U+137E4,C76,C76,C-11-008,"God, standing, with the head of a falcon, wearing the double crown (S5), holding a harpoon with the point down, diagonally over the body, from the tip of the right foot beyond the left shoulder, right arm lowered, right hand holding the harpoon between the waist and knee, left arm raised, holding the shaft on top of a crocodile, head looking backwards (I3E).",Classifier harpooner,C
HJ C076A,137E5,U+137E5,C76A,C76A,C-11-009,"God, standing, with the head of a falcon, wearing the double crown (S5), holding a harpoon with the point down, diagonally over the body, from the tip of the right foot beyond the left shoulder, right arm lowered, right hand holding the harpoon between the waist and knee, left arm raised, holding the shaft near the end, on top of a crocodile (I3).",Logogram (harpooner) or Logogram (Wenty),C
HJ C074,137E6,U+137E6,C74,C74,C-11-010,"God, standing, with the head of a falcon, wearing the double crown (S5), right arm forwards, holding a spear with the point downwards, left arm hanging beside the body, on top of a crocodile (I3).",Logogram (Wenty),C
HJ C077,137E7,U+137E7,C77,C77,C-12-001,"God, seated, both knees up, with covered legs and arms, with a long-curved beard, wearing a headdress consisting of a combination of the Atef crown and the red crown (S53vara?), holding a sceptre with a straight shaft, topped with the head of the Seth animal vertically.",Classifier divinity (Geb),C
A073C,137E8,U+137E8,,,C-13-002,"God, seated, right knee raised, with long-curved beard and long wig, raised arms at either side of the body, hands held vertically, with the hand palms inwards.","Logogram (million, many)",C
C011M,137E9,U+137E9,,,C-13-005,"God, seated, right knee raised, with long-curved beard and long wig, with a palm branch, stripped of leaves and notched on his head (M4), notch forward, raised arms at either side of the body, hands held vertically, with the hand palms inwards.","Logogram (million, many)",C
C011N,137EA,U+137EA,,,C-13-006,"God, seated, right knee raised, with long-curved beard and coif, with a palm branch, stripped of leaves and notched on his head (M4), notch forward, raised arms at either side of the body, hands held vertically, with the hand palms outwards.","Logogram (million, many)",C
C011A,137EB,U+137EB,C11,,C-13-007,"Man/god, seated on heel, right knee raised, with coif/short hair, without beard, with a palm branch, stripped of leaves and notched on his head (M4), notch forward, raised arms at either side of the body, hands held vertically, with the hand palms inwards.","Logogram (million, many)",C
HJ C011L,137EC,U+137EC,C11L,C11L,C-13-010,"Man/god, seated on heel, both knees down, with coif/short hair, without beard, with a palm branch, stripped of leaves and notched on his head (M4), notch forward, raised arms at either side of the body, hands held vertically, with the hand palms inwards.","Logogram (million, many)",C
C110,137ED,U+137ED,,,C-13-011,"God, seated, right knee raised, with long-curved beard and long wig, with a tie or strap, used with sandals (ankh sign, S34) vertically on its head, raised arms at either side of the body, hands held vertically, with the hand palms inwards.",Logogram (millions of years),C
C011I,137EE,U+137EE,,,C-13-013,"Man/god, seated, right knee up, with coif/short hair, without beard, with a palm branch, stripped of leaves and notched on his head (M4), notch forward, raised arms at either side of the body, forearms vertical, holding a tie or strap, used with sandals (ankh sign, S34) vertically at the base in each hand.","Logogram (million, many)",C
HJ C011B,137EF,U+137EF,C11B,C11B,C-13-014,"Man/god, seated on heel, right knee raised, with coif/short hair, without beard, with a palm branch, stripped of leaves and notched on his head (M4), notch forward, arms extended at either side of the body, holding a palm branch, stripped of leaves with multiple notches (M4A), with the notches outwards.","Logogram (million, many)",C
C011Q,137F0,U+137F0,,,C-13-015,"Man/god, seated on heel, right knee raised, with coif/short hair, without beard, with a palm branch, stripped of leaves and notched on his head (M4), notch forward, arms extended at either side of the body, holding a palm branch, stripped of leaves with multiple notches (M4A), with the notches outwards, on top of a base.",Logogram (eternity),C
HJ C011C,137F1,U+137F1,C11C,C11C,C-13-017,,,
HJ C011E,137F2,U+137F2,C11E,C11E,C-13-019,"Man, seated on heel, right knee raised, with coif/short hair, without beard, arms extended at either side of the body, holding a palm branch, stripped of leaves with multiple notches (M4A), with the notches outwards.","Logogram (million, many)",C
C346,137F3,U+137F3,,,C-13-021,"Man/god, seated on heel, right knee raised, with coif/short hair, without beard, with a palm branch, stripped of leaves and notched on his head (M4), notch forward, arms extended at either side of the body, holding a palm branch, stripped of leaved with multiple notches (M4A), with the notches outwards, on top of frogs, looking inwards; on top of a basket (V30).",Logogram (all eternity),C
HJ C011G,137F4,U+137F4,C11G,C11G,C-13-023,,,
HJ C011J,137F5,U+137F5,C11J,C11J,C-13-024,"Man/god, seated on heel, right knee raised, with coif/short hair, without beard, with a palm branch, stripped of leaves and notched on his head (M4), notch forward, arms extended at either side of the body, holding a palm branch, stripped of leaves, curving inwards at the top, connecting at the top of the M4 sign on the head.","Logogram (million, many)",C
C011P,137F6,U+137F6,,,C-13-025,"Man/god, seated, right knee raised, with coif/short hair, without beard, arms extended at either side of the body, holding a palm branch, stripped of leaves, curving inwards at the top, connecting to the top of the head.","Logogram (million, many)",C
HJ C078,137F7,U+137F7,C78,C78,C-13-027,"Man/god, seated on heel, right knee raised, with coif/short hair, without beard, with a sun disk (N5) on his head, raised arms at either side of the body, hands held vertically, with the hand palms inwards.","Logogram Heh (million, many)",C
HJ C078A,137F8,U+137F8,C78A,C78A,C-13-029,"Man/god, seated on heel, right knee raised, with coif/short hair, without beard, with a sun disk (N5) on his head, arms extended at either side of the body, holding a palm branch, stripped of leaves with multiple notches (M4A), with the notches outwards.","Logogram (million, many)",C
HJ C078C,137F9,U+137F9,C78C,C78C,C-13-030,"Man/god, seated on heel, right knee raised, with coif/short hair, without beard, with a sun disk (N5) on his head, arms extended at either side of the body, holding a palm branch, stripped of leaves with multiple notches (M4A), with the notches outwards, on top of frogs, looking inwards.",Phonemogram,C
HJ C078B,137FA,U+137FA,C78B,C78B,C-13-031,"Man/god, seated on heel, right knee raised, with coif/short hair, without beard, with a sun disk (N5) on his head, arms extended at either side of the body, holding a lotus bud with a long stem, with the buds orientated towards the sun disk, with a tie or strap, used with sandals (ankh sign, S34) around each elbow.","Logogram (million, many)",C
HJ C078G,137FB,U+137FB,C78G,C78G,C-13-033,,,
C078H,137FC,U+137FC,,,C-13-035,"Man/god, seated on heel, right knee raised, with coif/short hair, without beard, with a sun disk (N5) on his head, arms extended at either side of the body, holding a palm branch, stripped of leaves, curving inwards at the top, connecting at the sun disk on the head; on a base.","Logogram (million, many)",C
C078I,137FD,U+137FD,,,C-13-036,"Man/god, seated on heel, right knee raised, with coif/short hair, without beard, with a sun disk (N5) on his head, arms extended at either side of the body, holding a palm branch, stripped of leaves, with multiple notches (M4A), with the notches outwards, connecting at the sun disk on the head.","Logogram (million, many)",C
C078J,137FE,U+137FE,,,C-13-037,"Man/god, seated on heel, right knee raised, with coif/short hair, without beard, with a sun disk (N5) on his head, arms extended at either side of the body, holding a palm branch, stripped of leaves, curving inwards at the top, connecting at the sun disk on the head; on top of a collar of beads, without detail (S12A).","Logogram (million, many)",C
HJ C078D,137FF,U+137FF,C78D,C78D,C-13-040,"Man/god, seated on heel, right knee raised, with coif/short hair, without beard, with a sun disk (N5) on his head, arms extended at either side of the body, holding a palm branch, stripped of leaves, curving inwards at the top, connecting at the sun disk on the head, branches on top of frogs, looking inwards.","Logogram (million, many)",C
HJ C078E,13800,U+13800,C78E,C78E,C-13-041,"Man/god, seated on heel, right knee raised, with coif/short hair, without beard, with a sun disk (N5) on his head, arms extended at either side of the body, holding a palm branch, stripped of leaves, curving inwards at the top, connecting at the sun disk on the head; on top of a basket (V30).","Logogram (million, many)",C
C078P,13801,U+13801,,,C-13-043,"Man/god, seated, right knee up, with long hair, without beard, with a sun disk with an uraeus at either side (N6B) on his head, arms extended at either side of the body, holding a palm branch, stripped of leaves, curving inwards, with a forked top end, on top of frogs, looking inwards. ","Logogram (million, many)",C
C078Q,13802,U+13802,,,C-13-044,"Man/god, seated, right knee up, with long hair, without beard, with a sun disk with an uraeus at either side (N6B) on his head, arms extended at either side of the body, holding a palm branch, stripped of leaves, curving inwards; on top of a basket (V30).","Logogram (million, many)",C
C078R,13803,U+13803,,,C-13-045,"Man/god, seated, right knee up, with long hair, without beard, with a sun disk with an uraeus at either side (N6B) on his head, arms extended at either side of the body, holding a palm branch, stripped of leaves, curving inwards.","Logogram (million, many)",C
C079A,13804,U+13804,C79,,C-14-001,"Youth, standing, right arm raised in front, with hand to mouth, with a line running from the elbow to the ankle, left arm hanging beside the body.",Classifier to wean,
C079,13805,U+13805,,C79,C-14-002,"Youth, standing, right arm raised in front, with hand to mouth, with a line running from the elbow to the ankle, left arm hanging beside the body.",Classifier to wean,C
C347,13806,U+13806,,,C-14-008,"Youth, standing, wearing the double crown (S5), right arm raised in front, with hand to mouth, with a line running from the elbow to the ankle, left arm hanging beside the body.",Logogram (Atum),
C338,13807,U+13807,,,C-14-009,"Child, naked, wearing the double crown, right arm raised, hand in front of the mouth, with a line running from the wrist to the left ankle, left arm hanging beside the body.",,C
A272C,13808,U+13808,,,C-14-012,"Youth, seated, both knees up, feet on the ground, right arm raised in front, with hand to mouth, left arm in front of the body, holding a flagellum (S45) which angles against the left shoulder.",Classifier child,C
C084B,13809,U+13809,,,C-14-014,"Youth, seated, right knee up, wearing the red crown (S3), right arm raised in front, with hand to mouth, left arm in front of the body.",Logogram (first person singular),C
HJ C084,1380A,U+1380A,C84,C84,C-14-015,"Youth, seated, both knees up, feet on the ground, wearing the double crown (S5), right arm raised in front, with hand to mouth, left arm in front of the body, holding a flagellum (S45) which angles against the left shoulder.",Logogram (Horus the child),C
HJ C004J,1380B,U+1380B,C4J,C4J,C-15-002,"God, seated, knees up, with covered legs and arms, with the head of a ram, with forward curling horns.",Classifier creator,C
HJ C004A,1380C,U+1380C,C4A,C4A,C-15-004,"God, seated, knees up, with covered legs and arms, with the head of a ram with horizontal twisted horns, holding a sceptre with a straight shaft, topped with the head of the Seth animal vertically. ",Logogram (Khnum),C
HJ C004B,1380D,U+1380D,C4B,C4B,C-15-006,"God, seated, knees up, with covered legs and arms, with the head of a ram with horizontal twisted horns, with the head of a cobra in the middle of the horns, holding a sceptre with a straight shaft, topped with the head of the Seth animal vertically. ",Logogram (Khnum),C
HJ C004D,1380E,U+1380E,C4D,C4D,C-15-009,"God, seated, knees up, with covered legs and arms, with the head of a ram with horizontal twisted horns, holding a stone jug with a large handle connecting to the rim, with small handle (W9), with the large handle forward.",Phonemogram,C
C004K,1380F,U+1380F,,,C-15-012,"God, seated, knees up, with covered legs and arms, with the head of a ram, with a headdress consisting of two feathers with a sun disk on ram horns, with an uraeus at either side of the feathers; holding a sceptre with a straight shaft, topped with the head of the Seth animal vertically. ",Logogram (Khnum),C
C004L,13810,U+13810,,,C-15-013,"God, seated, knees up, with covered legs and arms, with the head of a ram, with a headdress consisting of two feathers with a sun disk on ram horns; holding a sceptre with a straight shaft, topped with the head of the Seth animal vertically. ",Logogram (Khnum),C
C004M,13811,U+13811,,,C-15-015,"God, seated, knees up, with covered legs and arms, with the head of a ram, with a headdress consisting of two plumes with a sun disk on ram horns, with an uraeus at either side of the plumes; holding a sceptre with a straight shaft, topped with the head of the Seth animal vertically. ",Logogram (Khnum),C
HJ C004F,13812,U+13812,C4F,C4F,C-15-018,"God, seated, knees up, with covered legs and arms, with the head of a ram, wearing the Atef crown (without sun disk), holding a sceptre with a straight shaft, topped with the head of the Seth animal vertically. ",Classifier Khnum,C
HJ C004I,13813,U+13813,C4I,C4I,C-15-021,"God, seated, knees up, with covered legs and arms, with the head of a ram with horizontal twisted horns, holding a sceptre with a straight shaft, topped with the head of the Seth animal vertically. ",Classifier Khnum,C
HJ C004G,13814,U+13814,C4G,C4G,C-15-022,,,
C004N,13815,U+13815,,,C-15-023,"God, seated, knees up, with covered legs and arms, with the head of a ram, with forward curling horns, with a sun disk (N5) on its head, holding a sceptre with a straight shaft, topped with the head of the Seth animal vertically. ",Logogram (Khnum),C
HJ C035,13816,U+13816,C35,C35,C-15-026,"God, seated on a block, with the head of a ram with horizontal twisted horns, in front of a potter's wheel with a vessel on it, both arm forwards, right hand inside the vessel, left hand at the wheel.",Logogram (creator),C
C348,13817,U+13817,,,C-15-028,"God, seated on a block throne on a base, with the head of a ram with horizontal twisted horns, in front of a potter's wheel with a lump of clay on it, right leg forward, with the foot at the base of the potter's wheel, both arm forwards, hands at the vessel.",Logogram (creator),C
C349,13818,U+13818,,,C-15-030,"God, with the head of a ram with horizontal twisted horns, standing at a potter's wheel with a round vessel with an upstanding rim (W24) on it, right leg extended, right foot at the base of the potter's wheel, both arm forwards, right hand above the vessel, left hand at the wheel.","Logogram (to build, to create)",C
C336A,13819,U+13819,,,C-15-032,"God, with the head of a ram with horizontal twisted horns, with a sun disk (N5) on its head, seated on nothing, in front of a potter's wheel with a lump of clay on it, right leg extended, right foot at the base of the potter's wheel, both arms extended in front, right hand above the lump of clay, left hand at the top of the potter's wheel.","Logogram (to create, to form)",C
C036A,1381A,U+1381A,,,C-15-034,"God, standing, with the head of a ram with forward curving horns, both arms raised in front, touching a vertically written wall with battlements near the top, left leg raised, touching the wall near the bottom.",Logogram (to build),C
HJ C088,1381B,U+1381B,C88,C88,C-16-002,"God, standing, with the head of a lion, holding a sceptre with a straight shaft, forked bottom and head of the Seth animal (S40) of the same size as the god, vertically, left arm hanging beside the body.",Phonemogram,C
C316,1381C,U+1381C,,,C-16-003,"God, standing, with the head of a lion, with a feather (H6) on its head, holding a sceptre with a straight shaft, forked bottom and head of the Seth animal (S40) of the same size as the god, vertically, left arm hanging beside the body.",,C
HJ C087,1381D,U+1381D,C87,C87,C-16-005,"God, standing, with the head of a lion, right arm forward, forearm horizontal, holding a knife (T30A) vertically, with the blade outwards, left arm hanging beside the body, holding a stick horizontally.",Logogram (messenger),C
C008B,1381E,U+1381E,,,C-17-004,"An ithyphallic god, with long, curved beard, standing on a platform, wearing a double plume headdress, with a line coming from the back of the head, running down to the base, arm raised in back, with a flagellum (S45) written over the arm, in front of an altar/table with two conical shapes (tree or bread) and a flower (M16A?).",Logogram (Min),C
HJ C008A,1381F,U+1381F,C8A,C8A,C-17-005,,,
HJ C038B,13820,U+13820,C38B,C38B,C-17-006,"An ithyphallic god, with long, curved beard, standing, wearing a double plume headdress, arm raised in back, with a flagellum (S45) written over the arm.",Classifier divinity,C
HJ C089,13821,U+13821,C89,C89,C-18-001,,,
HJ C091,13822,U+13822,C91,C91,C-19-001,,,
HJ C092A,13823,U+13823,C92A,C92A,C-19-004,,,
HJ C091A,13824,U+13824,C91A,C91A,C-19-006,"God with breast, seated, both knees down, with a long-curved beard and long wig/hair, with a clump of three papyrus flowers (M16A) on its head, both arms forward, hands at the height of the chest, holding a tray or reed mat, with a tall water-pot, with spout, with line of fluid coming from the spout (W15A) on top of it, with the spout at the front.",Logogram (the flood),C
HJ C091B,13825,U+13825,C91B,C91B,C-19-007,"God with breast, seated, both knees down, with a long-curved beard and long wig/hair, with a clump of three papyrus flowers (M16A) on its head, both arms forward, hands at the height of the chest, holding a tray or reed mat, with a tall water-pot, with spout, with line of fluid coming from the spout (W15A) on top of it, with the spout at the front, with a lotus flower and stem (M9/rotated M133) written over the water pot.",Logogram (the flood),C
HJ C092,13826,U+13826,C92,C92,C-19-008,"God with breast, seated, both knees down, with a long-curved beard and long wig/hair, with a clump of three papyrus flowers (M16A) on its head, both arms forward, hands at the height of the waist, holding a tall waterpot (W14).",Logogram (the Nile/the flood),C
HJ C092B,13827,U+13827,C92B,C92B,C-19-009,"God with breast, seated, both knees down, with a long-curved beard and long wig/hair, with a clump of three papyrus flowers (M16A) on its head, both arms forward, hands at the height of the waist, holding a tall waterpot, with spout, with line of fluid coming from the spout (W15A), spout at the front.",Logogram (the Nile/the flood),C
HJ C094,13828,U+13828,C94,C94,C-19-012,,,
C094C,13829,U+13829,,,C-19-015,"God with breast, standing, with a long-curved beard and long wig/hair, with a clump of three papyrus flowers, with two buds bent down (M15) on its head, both arms forward, hands at the height of the waist, holding a tray or reed mat, with two tall waterpots (W14) on it.",Logogram (the Nile/the flood),C
C339,1382A,U+1382A,,,C-19-017,"God with breast, standing, with a long-curved beard and long wig/hair, with a clump of three papyrus flowers, with two buds bent down (M15) on its head, both arms forward, hands at the height of the waist, holding a tray or reed mat, with two tall waterpots (W14) on it, with a lotus flower and stem (M9/rotated M133) written over the water pot, with the stem of each flower extending beyond the mat, with a sceptre with a straight shaft, a forked base, topped with the head of the Seth animal (S40) between the two pots, with the lower half of the sceptre extending below the mat.",,C
HJ C095,1382B,U+1382B,C95,C95,C-20-001,"God, seated, knees up, with covered legs and arms, with a long-curved beard, wearing a headdress consisting of four plumes on ram horns (S68), holding a sceptre with a straight shaft, topped with the head of the Seth animal vertically. ",Logogram (Onuris),C
HJ C096,1382C,U+1382C,C96,C96,C-20-002,,,
C095B,1382D,U+1382D,,,C-20-004,"God, seated, knees up, with covered legs and arms, with a long-curved beard, wearing a headdress consisting of two plumes on ram horns (S62).",Logogram (Onuris),C
C097A,1382E,U+1382E,,,C-21-002,"God, walking, looking backwards, with a long-curved beard and long hair/wig, right arm forward, hand at the height of the waist, holding a stick/staff, left arm backwards, hand at the height of the shoulder, holding a star (N14).",Logogram (Orion),C
HJ A479,1382F,U+1382F,A479,A479,C-21-004,"God, walking, wearing the double crown, right arm forward, angling down, left arm raised in back, forearm vertical, holding a stick.",Logogram (Orion),C
HJ C098A,13830,U+13830,C98A,C98A,C-22-001,"God, seated, knees up, with covered legs and arms, with a long-curved beard, wearing the Atef crown without horns (S8A).",Classifier Osiris,C
HJ C098,13831,U+13831,C98,C98,C-22-003,"God, seated, knees up, with covered legs and arms, with a long-curved beard, wearing the Atef crown without horns (S8A), holding a sceptre with a straight shaft, topped with the head of the Seth animal vertically. ",Logogram (Osiris),C
HJ C099,13832,U+13832,C99,C99,C-22-006,,,
HJ C098B,13833,U+13833,C98B,C98B,C-22-008,"God, seated, knees up, with covered legs and arms, with a long-curved beard, wearing the Atef crown without horns (S8A), holding a flagellum (S45) and a crook (S38), opening inwards.",Logogram (one who belongs to Seth),C
HJ C098D,13834,U+13834,C98D,C98D,C-22-010,,,
C098G,13835,U+13835,,,C-22-016,"God, seated on a block throne on a base, with a long-curved beard, wearing the Atef crown without ram horns (S8A), both arms in front of the chest, right hand holding a crook (S38), opening inward, angled over the right shoulder, left hand holding a flagellum (S45), angled over the left shoulder, on top of a base.",Classifier Osiris,C
C098H,13836,U+13836,,,C-22-017,"God, seated on a block throne on a base, with a long-curved beard, wearing the Atef crown with ram horns (S8), both arms in front of the chest, right hand holding a crook (S38), opening inward, angled over the right shoulder, left hand holding a flagellum (S45), angled over the left shoulder, on top of a base.",Classifier Osiris,C
C101,13837,U+13837,,C101,C-22-019,"God, in mummy form, standing upright, with a long-curved beard, wearing the Atef crown with ram horns (S8), both arms forward, holding a sceptre with a straight shaft, forked bottom and head of the Seth animal (S40) of the same size as the god, vertically.",Classifier Osiris,C
HJ C101A,13838,U+13838,C101A,C101A,C-22-021,"God, in mummy form, standing upright on a platform, with a long-curved beard, wearing the Atef crown without ram horns (S8A), both arms in front of the chest, right hand holding a flagellum (S45), angled over the right shoulder, left hand holding a crook (S38), opening inward, angled over the left shoulder.",Logogram (Osiris),C
HJ C102A,13839,U+13839,C102A,C102A,C-23-001,"God, seated, knees up, with covered legs and arms, with a long straight beard, wearing a cap.",Logogram (Ptah),C
HJ C102,1383A,U+1383A,C102,C102,C-23-003,"God, seated, knees up, with covered legs and arms, with a long straight beard, wearing a cap, holding a sceptre with a straight shaft, topped with the head of the Seth animal vertically. ",Classifier Ptah,C
HJ C102D,1383B,U+1383B,C102D,C102D,C-23-007,"God, seated, knees up, with covered legs and arms, with a long straight beard, wearing a cap, holding a tie or strap, used with sandals (ankh sign, S34), angling forward. ",Logogram (Ptah),C
C102I,1383C,U+1383C,,,C-23-012,"God, seated, knees up, with covered legs and arms, with a long straight beard, wearing a cap, holding a papyrus scroll vertically.",Classifier divinity (Imhotep),C
HJ C019A,1383D,U+1383D,C19A,C19A,C-23-013,"God, in mummy form, standing upright, with a long straight beard, wearing a cap, both arms forwards, holding a sceptre with a straight shaft, forked bottom, and the vertically oriented head of the Seth animal (S040), of the same size as the god, adorned with an ankh sign (S034) and a djed pillar (R011).",Logogram (Ptah),C
HJ C019C,1383E,U+1383E,C19C,C19C,C-23-017,"God, in mummy form, standing upright, with a long straight beard, wearing a cap, both arms forward, holding a sceptre with a straight shaft, forked bottom and head of the Seth animal (S40) of the same size as the god, vertically.","Logogram (divine, godly)",C
C020C,1383F,U+1383F,,,C-23-018,"God, in mummy form, standing upright on a platform, with a long straight beard, wearing a cap, both arms forward, holding a sceptre with a straight shaft, forked bottom and head of the Seth animal (S40) of the same size as the god, vertically, inside a shrine without the pillar at the front.",Logogram (Ptah),C
HJ C020A,13840,U+13840,C20A,C20A,C-23-021,"God, in mummy form, standing upright on a platform, with a long straight beard, wearing a cap, both arms forward, holding a sceptre with a straight shaft, forked bottom, and the vertically oriented head of the Seth animal (S040), of the same size as the god, adorned with an ankh sign (S034) and a djed pillar (R011); placed within the façade of a shrine (O021), itself located inside a larger shrine supported by columns resembling papyrus stems with buds (M013).","Logogram (divine, godly)",C
C020D,13841,U+13841,,,C-23-025,"God, seated on a block-throne on a base, with a long straight beard, wearing a cap, both arms forwards, holding a sceptre with a straight shaft, topped with the head of the Seth animal vertically.",Logogram (Ptah),C
C020E,13842,U+13842,,,C-23-026,"God, seated on a block-throne on a base, with a long straight beard, wearing a cap, both arms forward, holding a sceptre with a straight shaft, topped with the vertically oriented head of the Seth animal, adorned with an ankh sign (S034) and a djed pillar (R011).",Classifier divinity,C
HJ C001D,13843,U+13843,C1D,C1D,C-24-001,"God, seated, knees up, with covered legs and arms, with a long-curved beard and long wig/hair, with a sun disk (N5) on his head.",Logogram (Re),C
HJ C001A,13844,U+13844,C1A,C1A,C-24-003,"God, seated, knees up, with covered legs and arms, with a long-curved beard and long wig/hair, with N6 (The sun, encircled by a cobra (Naja haje), standing up, with expanded hood (uraeus)) on its head, holding a sceptre with a straight shaft, topped with the head of the Seth animal vertically. ",Classifier king of Upper Egypt,C
HJ C001B,13845,U+13845,C1B,C1B,C-24-004,"God, seated, knees up, with covered legs and arms, with a long-curved beard and long wig/hair, with a sun disk (N5) on his head, holding a sceptre with a straight shaft, topped with the head of the Seth animal vertically. ",Logogram (Re),C
C001F,13846,U+13846,,,C-24-005,"God, seated, knees up, with covered legs and arms, with a long-curved beard and long wig/hair, with a sun disk (N5) on his head, holding a dung-beetle (scarab, L1).",Logogram (Khepri),C
C001G,13847,U+13847,,,C-24-006,"God, seated, knees up, with covered legs and arms, with a long-curved beard and long wig/hair, with N6 (The sun, encircled by a cobra (Naja haje), standing up, with expanded hood (uraeus)) on its head, holding a sceptre (S42).",Logogram (powerful one),C
HJ C103,13848,U+13848,C103,C103,C-25-001,,,
HJ C007A,13849,U+13849,C7A,C7A,C-26-002,"God, seated, knees up, with covered legs and arms, with the head of a Seth animal, holding a crook (S38), vertically, with the opening inwards.",Logogram (one who belongs to Seth),C
HJ C007D,1384A,U+1384A,C7D,C7D,C-26-005,"God, seated, knees up, with covered legs and arms, with the head of a Seth animal, holding a tie or strap, used with sandals (ankh sign, S34), angling forward. ",Logogram (one who belongs to Seth),C
C007G,1384B,U+1384B,,,C-26-008,"God, seated, knees up, with covered legs and arms, with the head of a Seth animal, on top of a collar of beads (S12).","Classifier misery, pain",C
HJ C106B,1384C,U+1384C,C106B,C106B,C-26-009,,,
HJ C105D,1384D,U+1384D,C105D,C105D,C-26-010,,,
HJ C105C,1384E,U+1384E,C105C,C105C,C-26-012,"Humanoid, with the head of a donkey/ass, with a knife (T30A) at the face, blade towards the back, with hands bound to feet at the back, in front of a pole which is forked at the top, to which the humanoid is bound.",Classifier vile one,C
HJ C105E,1384F,U+1384F,C105E,C105E,C-26-015,"Humanoid, with the head of a donkey/ass, with hands bound to feet at the back, in front of a pole which is forked at the top, to which the humanoid is bound.",Classifier evil one,C
HJ C264,13850,U+13850,C264,C264,C-26-019,"God, in mummy form, standing upright, with the head of a donkey/ass, with a knife (T30A) at the face, blade downwards.","Classifier creation, form",C
HJ C107,13851,U+13851,C107,C107,C-27-001,"God, seated, knees up, with covered legs and arms, with the head of a crocodile.",Logogram (Sobek),C
HJ C107A,13852,U+13852,C107A,C107A,C-27-002,"God, seated, knees up, with covered legs and arms, with the head of a crocodile, holding a sceptre with a straight shaft, topped with the head of the Seth animal vertically. ",Classifier crocodile divinity,C
C107B,13853,U+13853,,,C-27-005,"God, seated, knees up, with covered legs and arms, with the head of a crocodile, with ram horns and a N6 (The sun, encircled by a cobra (Naja haje), standing up, with expanded hood (uraeus)) on its head, holding a sceptre with a straight shaft, topped with the head of the Seth animal vertically. ",Phonemogram (first person for sbk-šmꜥ-nfr),C
HJ C253,13854,U+13854,C253,C253,C-27-006,,,
HJ C303,13855,U+13855,C303,C303,C-27-007,"Goddess, seated, both knees down, with the head of a crocodile, wearing the red crown (S3), arms extended as either side of the body, angling downwards, with a crocodile (I3) under each arm.",Logogram (the one who watches her mansions),C
HJ C108A,13856,U+13856,C108A,C108A,C-28-001,"An archaic image of a falcon, with a thorn, pointing upwards in front of it.",Logogram (Sopdu),C
HJ C111,13857,U+13857,C111,C111,C-29-002,"God, seated, knees up, with covered legs and arms, with the head of a baboon/monkey, holding a mace (T3) angling forward.",Classifier guardian,C
HJ C111B,13858,U+13858,C111B,C111B,C-29-003,"God, seated, knees up, with covered legs and arms, with the head of a baboon/monkey, holding a knife (T30A), vertically.",Classifier guardian,C
C111D,13859,U+13859,,,C-29-005,"God, seated, knees up, with covered legs and arms, with the head of a baboon/monkey, holding a sceptre with a straight shaft, topped with the head of the Seth animal vertically. ",Classifier baboon divinity (i.e. Thot),C
HJ C112,1385A,U+1385A,C112,C112,C-29-007,"God, in mummy form, standing upright, with the head of a baboon/monkey.",Logogram (Hapy),C
HJ C018F,1385B,U+1385B,C18F,C18F,C-30-004,"God, seated, knees up, with covered legs and arms, with a long-curved beard and long hair/wig, wearing a headdress consisting of two feathers on ram horns (S77).",Logogram (Tatenen),C
C018A,1385C,U+1385C,C18A,,C-30-005,"God, seated, knees up, with covered legs and arms, with a long-curved beard and long hair/wig, wearing a headdress consisting of two feathers on ram horns (S77), holding a sceptre with a straight shaft, topped with the head of the Seth animal vertically. ",Logogram (Tatenen),C
C018I,1385D,U+1385D,,,C-30-006,"God, seated, knees up, with covered legs and arms, with a long-curved beard and long hair/wig, wearing a headdress consisting of two feathers on ram horns (S77), holding a pestle (U33), vertically, top curving outwards.",Phonemogram,C
HJ C018C,1385E,U+1385E,C18C,C18C,C-30-010,"God, seated, both knees down, with a long-curved beard and long hair/wig, wearing a headdress consisting of two feathers on ram horns (S77), both arms forward, holding a flagellum (S45).",Classifier Tatenen,C
HJ C018E,1385F,U+1385F,C18E,C18E,C-30-011,"God, seated, both knees down, with a long-curved beard and long hair/wig, wearing a headdress consisting of two feathers on ram horns, with a uraeus at either side of the feathers; both arms forward, holding a flagellum (S45).",Logogram (Tatenen),C
C018J,13860,U+13860,,,C-30-013,"God, seated, both knees down, with a long-curved beard and long hair/wig, wearing a headdress consisting of two feathers and a sun disk on ram horns, with a uraeus with a sun disk on the head at either side of the feathers; both arms forward, holding a flagellum (S45) and a crook (S38), opening inwards.",Logogram (Tatenen),C
HJ C018D,13861,U+13861,C18D,C18D,C-30-014,"God, seated, both knees down, with a long-curved beard and long hair/wig, wearing a headdress consisting of two feathers on ram horns (S77), both arms forward, holding a flagellum (S45) and a crook (S38), opening inwards.",Phonemogram,C
C283A,13862,U+13862,,,C-30-018,"God, standing, wearing a headdress consisting of two feathers and a sun disk on ram horns (S73), right arm forward, forearm horizontal, holding a sedge plant (M23), which curves towards the front, left arm hanging beside the body.",Phonemogram,C
C350,13863,U+13863,,,C-30-019,"God, in mummy form, standing upright, with a long-curved beard, wearing a headdress consisting of two feathers and a sun disk on ram horns (S73).",Logogram (Tatenen),C
HJ C003A,13864,U+13864,C3A,C3A,C-31-002,"God, seated, knees up, with covered legs and arms, with the head of an ibis, holding a sceptre with a straight shaft, topped with the head of the Seth animal vertically. ",Logogram (Thot),C
C003E,13865,U+13865,,,C-31-006,"God, seated, with knees up, feet flat on the ground, with the head of an ibis, arm forward, forearm following the angle of the upper leg, hand on the knee, horizontally, hand palm up, supporting a human face (D2).",Phonemogram,C
C003F,13866,U+13866,,,C-31-007,"God, seated, knees up, with covered legs and arms, with the head of an ibis, holding a heart (F34).",Classifier Thoth,C
HJ C114,13867,U+13867,C114,C114,C-31-010,"God, seated, knees up, with covered legs and arms, with the head of an ibis, with a crescent moon with the entire moon disk (N62) on its head, holding a sceptre with a straight shaft, topped with the head of the Seth animal vertically. ",,C
HJ C114A,13868,U+13868,C114A,C114A,C-31-011,"God, seated, knees up, with covered legs and arms, with the head of an ibis, with a crescent moon with the entire moon disk (N62) on its head.",Classifier moon,C
HJ C115A,13869,U+13869,C115A,C115A,C-31-014,,,
C295A,1386A,U+1386A,,,C-31-017,"God, seated, knees up, with covered legs and arms, with the head of an ibis, wearing the Atef crown with ram's horns, without sun disk, holding a sceptre with a straight shaft, topped with the head of the Seth animal vertically. ",Classifier divinity,C
C322A,1386B,U+1386B,,,C-31-019,"God, seated, knees up, with covered legs and arms, with the head of an ibis, wearing the Atef crown without ram horns (S8A), holding a human face (D2).",Phonemogram,C
C322B,1386C,U+1386C,,,C-31-020,"God, seated, knees up, with covered legs and arms, with the head of an ibis, wearing the Atef crown without ram horns (S8A), holding a heart (F34).",Phonemogram,C
HJ C116,1386D,U+1386D,C116,C116,C-31-021,"God, standing, with the head of an ibis, right arm forward, hand at the height of the waist, holding a sceptre with a straight shaft, forked bottom and head of the Seth animal (S40) of the same size as the god, vertically, left arm hanging beside the body.",Logogram/phonemogram (to be great),C
HJ C116A,1386E,U+1386E,C116A,C116A,C-31-022,,,
HJ C116B,1386F,U+1386F,C116B,C116B,C-31-023,"God, standing, with the head of an ibis, arms hanging at either side of the body.",Logogram (Thot),C
HJ C117,13870,U+13870,C117,C117,C-31-026,,,
HJ C285,13871,U+13871,C285,C285,C-32-001,"God, standing, with a long sash-kilt, no beard and short hair/wig, wearing a headdress consisting of four plumes and a sun disk, right arm forward, hand at the height of the waist, holding a sceptre with a straight shaft, forked bottom and head of the Seth animal (S40) of the same size as the god, vertically, left arm hanging beside the body.",Logogram (son of Re),C
HJ C274,13872,U+13872,C274,C274,C-32-002,"An oval of sand, with two human heads on top, at either end, facing outwards.",Classifier earth-god,C
HJ C286,13873,U+13873,C286,C286,C-32-003,"God/man, standing on a base, with coif/short hair, without beard, with a palm branch, stripped of leaves and notched on his head, notch and curve backwards, arms raised at either side of the body, hands above the height of the head, hand palms inwards.",Logogram (eternity),C
HJ C307,13874,U+13874,C307,C307,C-32-004,"Man/god, with the legs replaced by a star, right arm forward, hand at the height of the waist, holding a sceptre with a straight shaft, forked bottom and head of the Seth animal (S40) of the same size as the god, vertically, left arm hanging beside the body.",Phonemogram,C
C351,13875,U+13875,,,C-32-013,"Man/god, standing, with a sand covered mountain over the edge of the cultivated areas (N26) on his head, right arm forward, hand at the height of the waist, holding a cobra in repose (Naja haje), standing up (I80), left arm hanging beside the body.",Phonemogram,C
C148,13876,U+13876,,C148,C-33-002,"Goddess, seated, knees up, with covered legs and arms, wearing a headdress of outwards waving plumes, holding a holding a stem of papyrus with a bud (M131) or flower vertically.",Classifier Anubis,C
C148A,13877,U+13877,,C148A,C-33-004,"Goddess, seated, knees up, with covered legs and arms, wearing a headdress of outwards waving plumes, holding a tie or strap, used with sandals (ankh sign, S34), angling forward. ",Classifier Anubis,C
HJ C149,13878,U+13878,C149,C149,C-34-004,"Goddess, seated, knees up, with covered legs and arms, with the head of a snake, holding a stem of papyrus with a bud (M13).",Classifier Renenutet,C
HJ C149A,13879,U+13879,C149A,C149A,C-34-005,,,
HJ C138,1387A,U+1387A,C138,C138,C-34-006,"Goddess, seated, knees up, with covered legs and arms, with the head of a snake.",classifier (in ḥs-nb=s),C
HJ C138B,1387B,U+1387B,C138B,C138B,C-34-008,"Goddess, seated, knees up, with covered legs and arms, with the head of a snake, holding a sceptre with a straight shaft, topped with the head of the Seth animal vertically. ",Logogram (Keket),C
HJ C138C,1387C,U+1387C,C138C,C138C,C-34-009,"Goddess, seated, knees up, with covered legs and arms, with the head of a snake, holding a knife (T30A) at a forward angle.",Classifier divinity?,C
C009P,1387D,U+1387D,,C9,C-35-003,"Goddess, seated, knees up, with covered legs and arms, with a headdress of bovine horns with a sun disk (F102), and an uraeus.",Classifier Hathor,C
HJ C009J,1387E,U+1387E,C9J,C9J,C-35-007,"Goddess, seated, knees up, with covered legs and arms, with a headdress of bovine horns with a sun disk (F102) and the vulture headdress, holding a stem of papyrus with a bud (M131) or flower vertically. ",Logogram (Isis),C
HJ C009A,1387F,U+1387F,C9A,C9A,C-35-008,"Goddess, seated, knees up, with covered legs and arms, with a headdress of bovine horns with a sun disk (F102), holding a holding a stem of papyrus with a bud (M131) or flower vertically. ",Classifier female divinity (usually associated with Hathor),C
HJ C009B,13880,U+13880,C9B,C9B,C-35-009,"Goddess, seated, knees up, with covered legs and arms, with a headdress of bovine horns with a sun disk (F102), holding a sceptre with a straight shaft, topped with the head of the Seth animal vertically. ",Logogram,C
HJ C009C,13881,U+13881,C9C,C9C,C-35-010,"Goddess, seated, knees up, with covered legs and arms, with a headdress of bovine horns with a sun disk (F102), holding a holding a sceptre (S42), vertically.",Logogram (powerful one),C
HJ C009D,13882,U+13882,C9D,C9D,C-35-013,"Goddess, seated, knees up, with covered legs and arms, with a headdress of bovine horns with a sun disk (F102), holding a club used by washermen for beating laundry (U36) vertically.",Logogram (majesty),C
HJ C009G,13883,U+13883,C9G,C9G,C-35-015,"Goddess, seated, knees up, with covered legs and arms, with a headdress of bovine horns with a sun disk (F102), holding a knife (T30A), angling forward.",Logogram/phonemogram (lord/lady),C
HJ C009H,13884,U+13884,C9H,C9h,C-35-016,"Goddess, seated, knees up, with covered legs and arms, with a headdress of bovine horns with a sun disk (F102), holding a stem of papyrus with a bud (M13).",Logogram/phonemogram (lady),C
HJ C009E,13885,U+13885,C9E,C9E,C-35-017,"Goddess, seated, knees up, with covered legs and arms, with a headdress of bovine horns with a sun disk (F102), holding a tie or strap, used with sandals (ankh sign, S34), vertically at the base.",Logogram (life),C
HJ C009K,13886,U+13886,C9K,C9K,C-35-018,"Goddess, seated, knees up, with covered legs and arms, with a headdress of bovine horns with a sun disk (F102), holding a chisel (U22).",Logogram/phonemogram (effective/splendid),C
C009M,13887,U+13887,C9M,,C-35-020,,,
C009Q,13888,U+13888,,,C-35-021,"Goddess, seated, knees up, with covered legs and arms, with a headdress of bovine horns with a sun disk (F102), holding a sistrum, with the top piece in the form of a shrine, with the human face on the handle having hair (Y28)",Logogram (mistress of the sistrum),C
C009R,13889,U+13889,,,C-35-022,"Goddess, seated, knees up, with covered legs and arms, with a headdress of bovine horns with a sun disk (F102), holding sistrum, with horizontal wavy lines over the top piece (Y18).",Logogram (mistress of the sistrum),C
C009T,1388A,U+1388A,,,C-35-026,"Goddess, seated, knees up, with covered legs and arms, with a headdress of bovine horns with a sun disk (F102), holding a string wound on a stick (V24) vertically.",Logogram (majesty),C
C009S,1388B,U+1388B,,,C-35-027,"Goddess, seated, knees up, with covered legs, with a headdress of bovine horns with a sun disk (F102), with one visible arm, extended forwards, holding a flagellum (S45). ",Classifier divinity,C
HJ C151,1388C,U+1388C,C151,C151,C-35-028,"Goddess, seated, both knees down, with a headdress of bovine horns with a sun disk (F102), both arms forward, right hand at the height of the shoulder, holding a tambourine, left hand on the tambourine.",Logogram (rejoicing),C
HJ C151A,1388D,U+1388D,C151A,C151A,C-35-029,"Goddess, standing, with a headdress of bovine horns with a sun disk (F102), both arms forward, right hand at the height of the shoulder, holding a tambourine, left hand on the tambourine.",Logogram (rejoicing),C
C152A,1388E,U+1388E,,,C-35-031,"Goddess, seated, both knees down, with a headdress of bovine horns with a sun disk (F102), nursing a child, seated on her lap, left arm forward, hand over the chest of the goddess, right arm hanging beside the body; right arm forward, embracing/holding the child, left arm over the chest.",Classifier to nurse,C
C152B,1388F,U+1388F,,,C-35-032,"Woman, seated, both knees down wearing a headdress consisting of a sun disk between bovid-horns, with a seat on top of the sun disk; nursing a child, seated on her lap, left arm forward, hand over the chest of the woman, right arm hanging beside the body; right arm forward, embracing/holding the child, left arm over the chest.","Logogram (to nurse, to rear (from rnn))",C
HJ C153,13890,U+13890,C153,C153,C-35-033,"Goddess, standing, with a headdress of bovine horns with a sun disk (F102), right arm forward, hand at the height of the waist, holding a stem of papyrus with a bud (M131) or flower, of the height of the woman, vertically, left arm hanging beside the body.",Logogram (Hathor),C
HJ C228,13891,U+13891,C228,C228,C-35-034,"Goddess, standing, with a headdress of bovine horns with a sun disk (F102), right arm forward, hand at the height of the waist, holding a sceptre with a straight shaft, forked bottom and head of the Seth animal (S40) of the same size as the woman, left arm hanging beside the body, holding a tie or strap, used with sandals (ankh sign, S34), at the loop.",Logogram (gold),C
C228A,13892,U+13892,,,C-35-036,"Goddess, standing, with a headdress of bovine horns with a sun disk (F102), right arm forward, hand at the height of the waist, holding a crook (S38) of the size of the king vertically, opening outwards, left arm hanging beside the body.",Logogram (ruler),C
C299A,13893,U+13893,,,C-35-038,"Goddess, standing, with a headdress of bovine horns with a sun disk (F102), with a seat (Q1) on the sun disk, right arm forward, hand at the height of the waist, holding a stem of papyrus with a bud (M131) or flower, of the height of the woman, vertically, left arm hanging beside the body, holding a tie or strap, used with sandals (ankh sign, S34), at the loop.",Logogram (the heavens/sky),C
HJ C282,13894,U+13894,C282,C282,C-35-041,"Goddess, seated on a block throne, wearing a headdress of bovine horns with a sun disk (F102), without visible arms.",Classifier Hathor,C
C154B,13895,U+13895,,,C-35-043,"Goddess, seated on a block throne with a base, wearing a headdress of bovine horns with a sun disk (F102), right arm forward, hand at the height of the waist, holding a stem of papyrus with a bud (M131) or flower, of the length of the seated figure, vertically, left arm forward, hand upon the knee.",Logogram (Hathor),C
C315A,13896,U+13896,,,C-35-046,"Goddess, seated on a block throne with a base, with a seat (Q1) on her head, right arm forward, hand at the height of the waist, holding a stem of papyrus with a bud (M131) or flower, of the length of the seated figure, vertically, left arm forward, hand upon the knee.",Logogram (Isis),C
C155E,13897,U+13897,,,C-35-047,"Goddess, seated on a block throne with a base, wearing a headdress of bovine horns with a sun disk (F102), with a seat (Q1) on the sun disk, right arm forward, hand at the height of the shoulder, holding a tie or strap, used with sandals (ankh sign, S34), horizontally at the base, left arm forward, hand upon the knee, holding a tie or strap, used with sandals (ankh sign, S34), at the loop.",Logogram (Isis),C
HJ C157,13898,U+13898,C157,C157,C-35-049,,,
C154A,13899,U+13899,,,C-35-051,"Goddess, seated on a block throne with a base, wearing a headdress of bovine horns with a sun disk (F102), with a seat (Q1) on the sun disk, right arm forward, hand at the height of the waist, holding a stem of papyrus with a bud (M131) or flower, of the length of the seated figure, vertically, left arm forward, hand upon the knee, holding a tie or strap, used with sandals (ankh sign, S34), at the loop.",Logogram (Isis),C
HJ C155B,1389A,U+1389A,C155B,C155B,C-35-053,,,
C155F,1389B,U+1389B,,,C-35-054,"Goddess, seated on a block throne with a base, wearing a headdress of bovine horns with a sun disk (F102), right arm forward, hand at the height of the shoulder, holding a tie or strap, used with sandals (ankh sign, S34), horizontally at the base, left arm forward, hand upon the knee, holding a tie or strap, used with sandals (ankh sign, S34), at the loop.",Classifier divinity,C
C155X,1389C,U+1389C,,,C-35-057,"Goddess, seated on a block throne with a base, wearing a headdress of bovine horns with a sun disk (F102), right arm forward, hand at the height of the waist, holding a stem of papyrus with a bud (M131) or flower, of the length of the seated figure, vertically, left arm forward, hand above the height of the bud of the papyrus, holding a tie or strap, used with sandals (ankh sign, S34), horizontally at the base. ",Logogram (Hathor),C
HJ C159,1389D,U+1389D,C159,C159,C-35-062,"Goddess, seated, knees up, with covered legs and arms, with a seat (Q1) on her head.",Logogram (Isis),C
HJ C159A,1389E,U+1389E,C159A,C159A,C-35-064,"Goddess, seated, knees up, with covered legs and arms, with a seat (Q1) on her head, holding a stem of papyrus with a bud (M131) or flower vertically. ",Classifier Isis,C
HJ C159B,1389F,U+1389F,C159B,C159B,C-35-066,"Goddess, seated, knees up, with covered legs and arms, with a seat (Q1) on her head, holding a holding a tie or strap, used with sandals (ankh sign, S34), angling forward. ",Logogram (Isis),C
HJ C159D,138A0,U+138A0,C159D,C159D,C-35-067,"Goddess, seated, knees up, with covered legs and arms, with a seat (Q1) on her head, holding a stem of papyrus with a bud (M13).",Classifier divinity,C
HJ C159E,138A1,U+138A1,C159E,C159E,C-35-068,"Goddess, seated, knees up, with covered legs and arms, with a seat (Q1) on her head, holding a two-barbed arrowhead, with the point facing downwards, in the ground, with only the barbs visible (T22A).",Classifier mourner,C
HJ C159H,138A2,U+138A2,C159H,C159h,C-35-069,,,
HJ C159I,138A3,U+138A3,C159I,C159I,C-35-070,,,
C159J,138A4,U+138A4,,,C-35-071,"Goddess, seated, knees up, with covered legs and arms, with a seat (Q1) on her head, holding a sceptre with a straight shaft, topped with the head of the Seth animal.",,C
HJ C159C,138A5,U+138A5,C159C,C159C,C-35-073,"Goddess, seated, knees up, with covered legs and arms, with a headdress of bovine horns with a sun disk (F102) with a seat (Q1) on the sun disk, holding a holding a stem of papyrus with a bud (M131) or flower vertically. ",Logogram (Isis),C
HJ C159G,138A6,U+138A6,C159G,C159G,C-35-074,"Goddess, seated, knees up, with covered legs and arms, with a headdress of bovine horns with a sun disk (F102) with a seat (Q1) on the sun disk, holding a stem of papyrus with a bud (M13).",Logogram (Isis),C
HJ C260,138A7,U+138A7,C260,C260,C-35-080,"Goddess, seated, both knees down, back bent forward, with a seat (Q1) on her head, and a band of cloth around her forehead, both arms forward, hands at the height of the waist.",Logogram (the widow),C
HJ C161,138A8,U+138A8,C161,C161,C-35-083,"Goddess, standing, with a seat (Q3) on her head, right arm forward, hand at the height of the waist, holding a stem of papyrus with a bud (M131) or flower, of the height of the woman, vertically, left arm hanging beside the body.",Logogram (Isis),C
C161B,138A9,U+138A9,,,C-35-084,"Goddess, standing, wearing a vulture headdress, with a seat (Q3) on her head, right arm forward, hand at the height of the waist, holding a stem of papyrus with a bud (M131) or flower, of the height of the woman, vertically, left arm hanging beside the body, holding a tie or strap, used with sandals (ankh sign, S34), at the loop.",Logogram (lord),C
HJ C163,138AA,U+138AA,C163,C163,C-35-087,"Goddess, standing, with a sun disk (N5) on her head, arms covered by wings, right arm raised in front, hand at the height of the shoulder, holding a feather (H6), left arm extended forward, hand at the height of the waist, holding a feather (H6).",Logogram (to protect),C
HJ C163A,138AB,U+138AB,C163A,C163A,C-35-088,"Goddess, standing, with a sun disk (N5) on her head, arms covered by wings, right arm raised in front, hand at the height of the shoulder, holding a feather (H6), left arm extended forward, hand at the height of the waist, holding a flagellum (S45) outwards.",Logogram (to protect),C
HJ C310,138AC,U+138AC,C310,C310,C-35-090,"Goddess, standing, with a headdress of bovine horns with a sun disk (F102), right arm forward, hand at the height of the waist, holding a sceptre with a straight shaft, forked bottom and head of the Seth animal (S40) of the same size as the woman, left arm hanging beside the body, holding a tie or strap, used with sandals (ankh sign, S34); on top of a collar of beads (S12).",Phonemogram,C
C320,138AD,U+138AD,,,C-35-091,"Goddess, seated, knees up, with covered legs and arms, with a headdress of bovine horns with a sun disk (F102), holding a holding a stem of papyrus with a bud (M131) or flower vertically, on top of a collar of beads, without detail (S12A).",Logogram/phonemogram (lady),C
HJ C164,138AE,U+138AE,C164,C164,C-36-001,"Goddess, seated, knees up, with covered legs and arms, with the head of a lion/lioness.",Classifier leonid divinity (female),C
HJ C164A,138AF,U+138AF,C164A,C164A,C-36-003,"Goddess, seated, knees up, with covered legs and arms, with the head of a lion/lioness, holding a stem of papyrus with a bud (M13).",Logogram (Sekhmet),C
HJ C164B,138B0,U+138B0,C164B,C164B,C-36-004,"Goddess, seated, knees up, with covered legs and arms, with the head of a lion/lioness, holding a flagellum (S45).",Classifier leonid divinity (female),C
HJ C164C,138B1,U+138B1,C164C,C164C,C-36-006,,,
HJ C275,138B2,U+138B2,C275,C275,C-36-007,"God, seated, knees up, with covered legs and arms, with the head of a lion, holding a sceptre with a straight shaft, topped with the head of the Seth animal vertically. ",Classifier leonid divinity (male),C
HJ C164D,138B3,U+138B3,C164D,C164D,C-36-009,,,
HJ C275A,138B4,U+138B4,C275A,C275A,C-36-010,"God, seated, knees up, with covered legs and arms, with the head of a lion, holding a knife (T30A), angled forwards.",Classifier leonid divinity (male),C
HJ C164E,138B5,U+138B5,C164E,C164E,C-36-012,,,
HJ C164F,138B6,U+138B6,C164F,C164F,C-36-014,"Goddess, seated, knees up, with covered legs and arms, with the head of a lion/lioness, holding a tie or strap, used with sandals (ankh sign, S34), angling forward. ",Classifier leonid divinity (female),C
HJ C165A,138B7,U+138B7,C165A,C165A,C-36-016,"Goddess, seated, knees up, with covered legs and arms, with the head of a lion/lioness, with N6 (The sun, encircled by a cobra (Naja haje), standing up, with expanded hood (uraeus)) on her head, holding a stem of papyrus with a bud (M13).",Classifier leonid divinity (female),C
C165G,138B8,U+138B8,,,C-36-017,"Goddess, seated, knees up, with covered legs and arms, with the head of a lion/lioness, with a plan of a crossroads in a village (O49) on her head, holding a stem of papyrus with a bud (M13).","Logogram (city, village)",C
HJ C165D,138B9,U+138B9,C165D,C165D,C-36-020,"Goddess, seated, knees up, with covered legs and arms, with the head of a lion/lioness, with N6 (The sun, encircled by a cobra (Naja haje), standing up, with expanded hood (uraeus)) on her head, holding a tie or strap, used with sandals (ankh sign, S34), angled forwards.",Logogram (Sekhmet),C
C165E,138BA,U+138BA,,,C-36-021,"Goddess, seated, knees up, with covered legs and arms, with the head of a lion/lioness, with N6 (The sun, encircled by a cobra (Naja haje), standing up, with expanded hood (uraeus)) on her head, holding a holding a stem of papyrus with a bud (M131) or flower vertically. ",Classifier leonid divinity (female),C
C319A,138BB,U+138BB,,,C-36-022,"Goddess, seated, knees up, with covered legs and arms, with the head of a lion/lioness, with a sun disk (N5) on her head, holding a holding a stem of papyrus with a bud (M131) or flower vertically. ",Classifier leonid divinity (female),C
HJ C289,138BC,U+138BC,C289,C289,C-36-023,,,
HJ C166A,138BD,U+138BD,C166A,C166A,C-36-026,,,
HJ C170,138BE,U+138BE,C170,C170,C-36-030,"Goddess, seated, knees up, with covered legs and arms, with the head of a lion/lioness, holding a stem of papyrus with a bud (M13); on top of a stairway (O40).",Logogram (she who is on the throne/stairs (Bastet)),C
HJ C171A,138BF,U+138BF,C171A,C171A,C-36-031,"Goddess, seated, knees up, with covered legs and arms, with the head of a lion/lioness, with two feathers (H6) on her head, forming a v shape, holding a stem of papyrus with a bud (M13)",Logogram (to be hidden),C
HJ C171,138C0,U+138C0,C171,C171,C-36-032,"Goddess, seated, knees up, with covered legs and arms, with the head of a lion/lioness, with two feathers (H6) on her head, forming a v shape.",Classifier hidden,C
C171B,138C1,U+138C1,,,C-36-033,"Goddess, seated, knees up, with covered legs and arms, with the head of a lion/lioness, with two feathers (H6) on her head, forming a v shape, holding a sceptre with a straight shaft, topped with the head of the Seth animal vertically. ",Logogram (to be hidden),C
C171C,138C2,U+138C2,,,C-36-034,"Goddess, seated, knees up, with covered legs and arms, with the head of a lion/lioness, with a feather (H6) on her head, holding a sceptre with a straight shaft, topped with the head of the Seth animal vertically. ",Classifier divinity?,C
C166B,138C3,U+138C3,,,C-36-036,"Goddess, seated, knees up, with covered legs and arms, with the head of a lion/lioness, with the head of a cobra on her head.",Classifier leonid divinity (female),C
C360,138C4,U+138C4,,,C-36-039,"Goddess, standing, with the head of a lion/lioness, arms hanging on either side of the body, hand palms towards the back.",Classifier leonid divinity (female),C
C353,138C5,U+138C5,,,C-36-040,"Goddess, standing, with the head of a lion/lioness, with N6 (The sun, encircled by a cobra (Naja haje), standing up, with expanded hood (uraeus)) on her head, right arm raised in front, hand at the height of the face, hand palm outwards, left arm hanging beside the body.",Logogram (vocative interjection),C
C354,138C6,U+138C6,,,C-36-041,"Goddess, standing, with the head of a lion/lioness, with N6 (The sun, encircled by a cobra (Naja haje), standing up, with expanded hood (uraeus)) on her head, right arm forward, hand at the height of the waist, holding a stem of papyrus with a bud (M131) or flower, of the height of the woman, vertically, left arm hanging beside the body, holding a tie or strap, used with sandals (ankh sign, S34), at the loop.",Logogram (daughter of Re),C
C355,138C7,U+138C7,,,C-36-042,"God, standing, with the head of a lion, right arm extended forward, right hand at the height of the shoulder, holding a sealed perfume jar with handles, and strings (W27), left arm forward, hand at the height of the waist, holding a sealed ointment jar without ties (W2).",Phonemogram,C
HJ C010B,138C8,U+138C8,C10B,C10B,C-37-003,"Goddess, seated, knees up, with covered legs and arms, with a cloth band around her head, with a feather (H6) on her head, holding a stem of papyrus with a bud (M131) or flower vertically. ",Logogram (Maat),C
HJ C010C,138C9,U+138C9,C10C,C10C,C-37-006,"Goddess, seated, knees up, with covered legs and arms, with a cloth band around her head, with a feather (H6) on her head, holding a crook (S38), vertically, with the opening outwards.",Logogram (ruler of truth/Maat),C
HJ C010D,138CA,U+138CA,C10D,C10D,C-37-007,"Goddess, seated, knees up, with covered legs and arms, with a cloth band around her head, with a feather (H6) on her head, holding a feather (H6), vertically.",Logogram (truth),C
HJ C010F,138CB,U+138CB,C10F,C10F,C-37-009,"Goddess, seated, knees up, with covered legs and arms, with a cloth band around her head, with a feather (H6) on her head, holding the head and neck of a canine animal (F12), vertically.",Logogram (in name Ramses IV),C
HJ C010G,138CC,U+138CC,C10G,C10G,C-37-010,"Goddess, seated, knees up, with covered legs and arms, with a cloth band around her head, with a feather (H6) on her head, holding two maces (T3), both angled forward.",Classifier woman,C
HJ C010E,138CD,U+138CD,C10E,C10E,C-37-012,"Goddess, seated, knees up, with covered legs and arms, with a cloth band around her head, with a feather (H6) on her head, holding a sceptre with a straight shaft, topped with the head of the Seth animal vertically. ",Logogram (Maat),C
C175B,138CE,U+138CE,,,C-37-013,"Goddess, standing, with a cloth band around her head, with a feather (H6) on her head, arms hanging beside the body, hand palms towards the back.",Classifier divinity,C
HJ C175,138CF,U+138CF,C175,C175,C-37-014,"Goddess, standing, with a cloth band around her head, with a feather (H6) on her head, right arm forward, hand at the height of the waist, holding a sceptre with a straight shaft, forked bottom and head of the Seth animal (S40) of the same size as the woman, left arm hanging beside the body, holding a tie or strap, used with sandals (ankh sign, S34).",Classifier truth,C
HJ C175A,138D0,U+138D0,C175A,C175A,C-37-015,"Goddess, standing, with a cloth band around her head, with a feather (H6) on her head, right arm forward, hand at the height of the waist, holding a sceptre with a straight shaft, forked bottom and head of the Seth animal (S40) of the same size as the woman, left arm hanging beside the body, holding a tie or strap, used with sandals (ankh sign, S34); on top of a canal (N36).",Logogram/phonemogram (whom truth/Maat loves),C
C176A,138D1,U+138D1,,,C-37-016,"Goddess, standing, with a cloth band around her head, with a feather (H6) on her head, right arm forward, hand at the height of the waist, holding a stem of papyrus with a bud (M131) or flower, of the height of the woman, vertically, left arm hanging beside the body, holding a tie or strap, used with sandals (ankh sign, S34); on top of a platform (Aa11).",Logogram (Maat),C
C177A,138D2,U+138D2,,,C-37-019,"Goddess, seated on a block throne, with a cloth band around her head, with a feather (H6) on her head, right arm forward, hand at the height of the waist, holding the head and neck of a canine animal (F12) of the length of the figure, vertically, left arm forward, hand on the knee, holding a tie or strap, used with sandals (ankh sign, S34), angled forwards.",Logogram (in name Ramses II),C
HJ C177,138D3,U+138D3,C177,C177,C-37-020,"Goddess, seated on a block throne, with a cloth band around her head, with a feather (H6) on her head, right arm forward, hand at the height of the waist, holding the head and neck of a canine animal (F12) of the length of the figure, vertically, left arm forward, hand on the knee, holding a tie or strap, used with sandals (ankh sign, S34), horizontally at the loop.",Logogram (in name Ramses II),C
HJ C178A,138D4,U+138D4,C178A,C178A,C-37-022,"Goddess, standing, with a cloth band around her head, with a feather (H6) on her head, right arm forward, hand at the height of the waist, holding the head and neck of a canine animal (F12) of the length of the figure, left arm hanging beside the body.",Logogram (in name Ramses II),C
HJ C179,138D5,U+138D5,C179,C179,C-37-023,"Goddess, seated, knees up, with covered legs and arms, with a cloth band around her head, with a feather (H6) on her head, holding a feather (H6), vertically; on top of a gateway (O32B), with a conical loaf of bread (X8) written inside.",Logogram (gate which gives truth),C
HJ C174,138D6,U+138D6,C174,C174,C-37-024,"Goddess, seated, knees up, with covered legs and arms, with two feathers (H6) on her head, in a v shape, holding a stem of papyrus with a bud (M13).",Logogram (to be hidden),C
C180,138D7,U+138D7,,C180,C-38-003,"Goddess, seated, both knees down, with long hair, with a clump of three papyrus flowers (M16A) on her head, arms raised in front, hand horizontally at the height of the shoulder, hand palm up.",Logogram (Meret),C
HJ C276,138D8,U+138D8,C276,C276,C-38-004,"Goddess, seated, both knees down, with long hair, with a clump of three papyrus flowers, with two buds bent down (M15) on her head, arms raised in front, hand horizontally at the height of the shoulder, hand palm up.",Classifier divinity,C
C276A,138D9,U+138D9,,,C-38-005,"Goddess, seated, one knee raised, with long hair, with a clump of three papyrus flowers, with two buds bent down (M15) on her head, arms raised in front, hand horizontally at the height of the shoulder, hand palm up.",Classifier divinity,C
HJ C180B,138DA,U+138DA,C180B,C180B,C-38-008,"Goddess, seated, both knees down, with long hair, with a clump of three papyrus flowers (M16A) on her head, both arms raised in front, hand palms outwards.",Classifier divinity/musician,C
HJ C180C,138DB,U+138DB,C180C,C180C,C-38-009,,,
HJ C182,138DC,U+138DC,C182,C182,C-38-012,"Goddess, standing, with long hair, with a clump of three papyrus flowers (M16A) on her head, arms raised in front, hand horizontally at the height of the shoulder, hand palm up.",Logogram (Meret),C
HJ C182A,138DD,U+138DD,C182A,C182A,C-38-014,"Goddess, standing, with long hair, with a clump of three papyrus flowers (M16A) on her head, arms raised in front, hand horizontally at the height of the shoulder, hand palm up; on top of a collar of beads (S12).",Classifier divinity,C
HJ C183A,138DE,U+138DE,C183A,C183A,C-39-001,"Goddess, seated, knees up, with covered legs and arms, wearing the double crown (S5) and a vulture headdress.",Logogram (Mut),C
C183B,138DF,U+138DF,,,C-39-003,"Goddess, seated, knees up, with covered legs and arms, wearing the double crown (S5) and a vulture headdress, holding a stem of papyrus with a bud (M131) or flower vertically. ","Logogram (together with \C98 and \C43A, representing the triad of Dendera)",C
C183C,138E0,U+138E0,,,C-39-004,"Goddess, seated, knees up, with covered legs and arms, wearing the double crown (S5), holding a stem of papyrus with a bud (M131) or flower vertically. ",Classifier majesty,C
C184A,138E1,U+138E1,,,C-39-006,"Goddess, standing, wearing the double crown (S5), right arm forward, hand at the height of the waist, holding a sceptre with a straight shaft, forked bottom and head of the Seth animal (S40) of the same size as the woman, left arm hanging beside the body, holding a tie or strap, used with sandals (ankh sign, S34)",Logogram (Mut),C
HJ C224,138E2,U+138E2,C224,C224,C-39-007,"Goddess, standing, wearing the double crown (S5), right arm forward, hand at the height of the waist, holding a stem of papyrus with a bud (M131) or flower, of the height of the woman, vertically, left arm hanging beside the body, holding a tie or strap, used with sandals (ankh sign, S34), at the loop.",Logogram (Hathor),C
C356,138E3,U+138E3,,,C-39-011,"Goddess, seated on a block throne on a base, wearing the double crown (S5) and vulture headdress, right arm forward, hand at the height of the waist, holding a sceptre with a straight shaft, forked bottom and head of the Seth animal (S40), which has a horizontal tie or strap, used with sandals (ankh sign, S34) at the head of the sceptre; left arm forward, hand on knee.","Logogram (Hathor, giving life)",C
C357,138E4,U+138E4,,,C-39-013,"Goddess, seated on a block throne on a base, wearing the double crown (S5) and vulture headdress, right arm forward, hand at the height of the waist, holding a stem of papyrus with a bud (M131) or flower, of the height of the woman, vertically, left arm forward, hand on knee.",Logogram (Hathor),C
HJ C185,138E5,U+138E5,C185,C185,C-40-001,"Goddess, seated, knees up, with covered legs and arms, wearing the red crown (S3).",Phonemogram,C
HJ C185D,138E6,U+138E6,C185D,C185D,C-40-002,"Goddess, seated, both knees down, wearing the red crown (S3), no visible arms.",Classifier divinity,C
HJ C185A,138E7,U+138E7,C185A,C185A,C-40-004,"Goddess, seated, knees up, with covered legs and arms, wearing the red crown (S3), holding a stem of papyrus with a bud (M131) or flower vertically. ",Phonemogram,C
C185G,138E8,U+138E8,,,C-40-007,"Goddess, seated on a block throne on a base, wearing the red crown (S3), right arm forward, hand at the height of the waist, holding a sceptre with a straight shaft, forked bottom and head of the Seth animal (S40), left arm forward, hand on knee.",Logogram (Neith),C
C185H,138E9,U+138E9,,,C-40-009,"Goddess, seated, knees up, with covered legs and arms, wearing the red crown (S3), holding a sceptre with a straight shaft, topped with the head of the Seth animal vertically, with one arrow, fletching upwards in front of the sceptre, and two arrows, fletching upwards behind the scepter.",Logogram (Neith),C
HJ C306,138EA,U+138EA,C306,C306,C-40-013,"Goddess, standing, wearing the red crown, left arm forward, forearm horizontal, hand at the height of the waist, holding an eye with the markings of the head of a falcon (D10), right arm forward, hand above the eye.",(cryptography) Phonemogram,C
HJ C188,138EB,U+138EB,C188,C188,C-40-014,"Goddess, standing, wearing the red crown (S3), right arm forward, hand at the height of the waist, holding a stem of papyrus with a bud (M131) or flower, of the height of the woman, vertically, left arm hanging beside the body.",Phonemogram,C
C188Y,138EC,U+138EC,,,C-40-016,"Goddess, standing, wearing the red crown (S3), right arm forward, hand at the height of the waist, holding a stem of papyrus with a bud (M131) or flower, of the height of the woman, vertically, left arm hanging beside the body, holding a tie or strap, used with sandals (ankh sign, S34), at the loop.",Logogram (king of Lower Egypt),C
HJ C188B,138ED,U+138ED,C188B,C188B,C-40-017,"Goddess, standing, wearing the red crown (S3), right arm forward, hand at the height of the waist, holding a sceptre with a straight shaft, forked bottom and head of the Seth animal (S40) of the same size as the woman, left arm hanging beside the body, holding a tie or strap, used with sandals (ankh sign, S34).",Phonemogram,C
C187A,138EE,U+138EE,,,C-40-021,"Goddess, seated, knees up, with covered legs and arms, with two crossed arrows, fletching towards the back, on top of a standard resembling a half circle on top of a long and short stick (T61) on her head.",Classifier divinity (Neith),C
C188D,138EF,U+138EF,,,C-40-022,"Goddess, standing, wearing the red crown, right arm forward, hand at the height of the waist, holding a griffon vulture (Gyps fulvus, G14), left arm hanging beside the body, holding a tie or strap, used with sandals (ankh sign, S34).",Phonemogram,C
C323,138F0,U+138F0,,,C-41-004,"Goddess, seated, knees up, with covered legs and arms, with a enclosed hill, with a shrub at the top (N30A) on top of a conical loaf of bread (X8) on her head, holding a stem of papyrus with a bud (M131) or flower vertically. ",Logogram (Dendera),C
HJ C190,138F1,U+138F1,C190,C190,C-42-001,"Goddess, seated, knees up, with covered legs and arms, with a basket (V30) on top of a plan of a rectangular enclosure, with an internal rectangle in the lower corner away from the reading direction (O6) on her head.",Logogram (Nephthys),C
HJ C190C,138F2,U+138F2,C190C,C190C,C-42-004,"Goddess, seated, knees up, with covered legs and arms, with a basket (V30) on top of a plan of a rectangular enclosure, with an internal rectangle in the lower corner away from the reading direction (O6) on her head, holding a stem of papyrus with a bud (M131) or flower vertically. ",Classifier sister (together with Isis),C
HJ C190D,138F3,U+138F3,C190D,C190D,C-42-005,"Goddess, seated, knees up, with covered legs and arms, with a basket (V30) on top of a plan of a rectangular enclosure, with an internal rectangle in the lower corner away from the reading direction (O6) on her head, holding a two-barbed arrowhead, with the point facing downwards, in the ground, with only the barbs visible (T22A).",Classifier mourner,C
HJ C193,138F4,U+138F4,C193,C193,C-42-010,"Goddess, standing, with a basket (V30) on top of a plan of a rectangular enclosure, with an internal rectangle in the lower corner away from the reading direction (O6) on her head, arms hanging on either side of the body.",Logogram (Nephthys),C
HJ C195B,138F5,U+138F5,C195B,C195B,C-43-001,"Goddess, seated, knees up, with covered legs and arms, with round vessel with upstanding rim (W24) on her head, holding a stem of papyrus with a bud (M131) or flower vertically. ",Logogram (the heavens/sky),C
HJ C195,138F6,U+138F6,C195,C195,C-43-002,"Goddess, seated, knees up, with covered legs and arms, with round vessel with upstanding rim (W24) on her head, holding a stem of papyrus with a bud (M13). ",Logogram (the heavens/sky),C
HJ C195A,138F7,U+138F7,C195A,C195A,C-43-004,"Goddess, seated, knees up, with covered legs and arms, with round vessel with upstanding rim (W24) on her head.",Phonemogram,C
HJ C196,138F8,U+138F8,C196,C196,C-43-006,"Goddess, standing, with round vessel with upstanding rim (W24) on her head, right arm forward, hand at the height of the waist, holding a stem of papyrus with a bud (M131) or flower, of the height of the woman, vertically, left arm hanging beside the body, holding a tie or strap, used with sandals (ankh sign, S34), at the loop.",Logogram (the heavens/sky),C
C196B,138F9,U+138F9,,,C-43-008,"Goddess, standing, with a circle on her head, arms hanging beside either side of the body.",Logogram (hour),C
HJ C197A,138FA,U+138FA,C197A,C197A,C-43-010,"Goddess, seated, knees up, with covered legs and arms, with a plan of a crossroads in a village (O49) on her head, holding a sceptre with a straight shaft, topped with the head of the Seth animal vertically. ","Logogram (city, village)",C
C197C,138FB,U+138FB,,,C-43-011,"Goddess, seated, knees up, with covered legs and arms, with a plan of a crossroads in a village (O49) on her head.","Logogram (city, village)",C
HJ C199,138FC,U+138FC,C199,C199,C-43-014,"Goddess, standing, back horizontal, arms vertical, hands at the same height as the toes, head between the two arms.",Logogram (the sky),C
HJ C199A,138FD,U+138FD,C199A,C199A,C-43-015,"Goddess, standing, back horizontal, arms vertical, hands at the same height as the toes.",Logogram (the heavens/sky),C
C204B,138FE,U+138FE,,,C-43-021,"Goddess, standing, back horizontal, arms vertical, hands at the same height as the toes, on top of an a strip of land (N17), with a child, seated on nothing, forelegs separated, right arm raised with hand to mouth, left arm hanging beside the body (A17) beside a sun disk with rays of sunlight coming forth from it (N8), written between the arms and legs.",Logogram/phonemogram (to shine),C
HJ C205,138FF,U+138FF,C205,C205,C-44-001,"Goddess, seated, knees up, with covered arms and legs, wearing a headdress consisting of the white crown and two bovid horns, holding a stem of papyrus with a bud (M131) or flower vertically.",Classifier divinity (Sothis),C
C206C,13900,U+13900,,,C-45-001,"Goddess, seated, knees up, with covered arms and legs, with a flower enclosed by two horns (R20) on her head.",Logogram (Seshat),C
HJ C206,13901,U+13901,C206,C206,C-45-002,,,
HJ C207,13902,U+13902,C207,C207,C-45-005,"Goddess, standing, with a flower enclosed by two horns (R20) on her head, right arm forward, hand at the height of the waist, holding a stem of papyrus with a bud (M131) or flower, of the height of the woman, vertically, left arm hanging beside the body.",Logogram (Seshat),C
HJ C208,13903,U+13903,C208,C208,C-45-006,"Goddess, standing, with a flower enclosed by two horns (R20) on her head, right arm forward, hand at the height of the waist, holding a club, angled forward, with the head of the club on top a vertical stick held by the left hand.",Logogram (Seshat),C
HJ C209,13904,U+13904,C209,C209,C-45-007,"Goddess, standing, with a flower enclosed by two horns (R20) on her head, right arm forward, hand at the height of the waist, holding a club, angled forward, with the head of the club on top a vertical stick held by the left hand, facing a god, standing, with a long-curved beard, wearing the Atef crown with horns, right arm forward, hand at the height of the waist, holding a club, angled forward, with the head of the club on top a vertical stick held by the left hand, both sticks within an oval of rope.",Logogram (stretching the rope),C
HJ C211,13905,U+13905,C211,C211,C-46-002,"Goddess, standing, with a star (N14) on her head, both arms hanging beside the body.",Phonemogram,C
HJ C198,13906,U+13906,C198,C198,C-46-003,,,
HJ C231,13907,U+13907,C231,C231,C-47-001,"Goddess, seated, knees up, with covered arms and legs, with the head of a bovid.",Classifier bovid divinity,C
C352,13908,U+13908,,,C-47-002,"Goddess, standing, with the head of a bovid, right arm forward, hand at the height of the waist, holding a stem of papyrus with a bud (M131) or flower, of the height of the woman, vertically, left arm hanging beside the body, holding a tie or strap, used with sandals (ankh sign, S34), at the loop.",Logogram/phonemogram (lord),C
HJ C214,13909,U+13909,C214,C214,C-47-005,"Goddess, seated, knees up, with covered arms and legs, with the pole of a balance, resembling a column with a base, with a tenon at the top (O28B), with a plummet resembling a heart (F34) hanging from the crossbeam (U39N) on her head.",Logogram (the throne (Edfu)),C
HJ B080,1390A,U+1390A,B80,B80,C-47-010,"Goddess, standing, with a headdress consisting of two feathers on ram horns (S77) on her head, right arm forward, hand at the height of the waist, holding a stem of papyrus with a bud (M131) or flower, of the height of the woman, vertically, left arm hanging beside the body.",Logogram (sovereign),C
HJ B080A,1390B,U+1390B,B80A,B80A,C-47-011,"Goddess, standing, with a headdress consisting of two feathers on ram horns (S77) on her head, right arm forward, hand at the height of the waist, holding stick of the height of the woman, vertically, left arm hanging beside the body.",Logogram (sovereign),C
B080B,1390C,U+1390C,,,C-47-012,"Goddess, standing, with a headdress consisting of two feathers on ram horns (S77) on her head, right arm forward, hand at the height of the waist, holding stick of the height of the woman, vertically, left arm hanging beside the body, holding a flagellum (S45) horizontally.",Logogram (sovereign),C
B080C,1390D,U+1390D,,,C-47-014,"Goddess, standing, with a headdress consisting of two feathers on ram horns (S77) on her head, right arm forward, hand at the height of the waist, holding crook (S38) of the height of the woman, vertically, left arm hanging beside the body.",Logogram (ruler),C
B080D,1390E,U+1390E,,,C-47-015,"Goddess, standing, with a headdress consisting of two feathers on ram horns (S77) on her head, right arm forward, hand at the height of the waist, holding crook (S38) of the height of the woman, vertically, left arm hanging beside the body, holding a flagellum (S45) horizontally.",Logogram (sovereign),C
B080E,1390F,U+1390F,,,C-47-016,"Goddess, standing, with a headdress consisting of two feathers with a sun disk on ram horns (S73) on her head, right arm forward, hand at the height of the waist, holding crook (S38) of the height of the woman, vertically, left arm hanging beside the body.",Logogram (ruler),C
HJ C233,13910,U+13910,C233,C233,C-47-020,"Goddess, seated, knees up, with covered arms and legs, with the head of a desert hare.",Phonemogram,C
HJ C233A,13911,U+13911,C233A,C233A,C-47-021,"Goddess, seated, knees up, with covered arms and legs, with the head of a desert hare, holding a stem of papyrus with a bud (M131) or flower vertically. ",Phonemogram,C
C233E,13912,U+13912,,,C-47-022,"Goddess, seated, knees up, with covered arms and legs, with the head of a desert hare, wearing the red crown (S3), holding a stem of papyrus with a bud (M131) or flower vertically. ",Phonemogram,C
HJ C234,13913,U+13913,C234,C234,C-47-027,"Goddess, standing, with the head of a desert hare, right arm forward, hand at the height of the waist, holding a stem of papyrus with a bud (M131) or flower, of the height of the woman, vertically, left arm hanging beside the body.",Phonemogram,C
C234A,13914,U+13914,,,C-47-028,"Goddess, standing, with the head of a desert hare, right arm forward, hand at the height of the waist, holding a stem of papyrus with a bud (M131) or flower, of the height of the woman, vertically, left arm hanging beside the body, holding a tie or strap, used with sandals (ankh sign, S34).",Phonemogram,C
HJ C216B,13915,U+13915,C216B,C216B,C-47-031,"Goddess, seated, knees up, with covered arms and legs, wearing the Atef crown with horns, holding a tie or strap, used with sandals (ankh sign, S34), vertically. ",Classifier divinity,C
HJ C218,13916,U+13916,C218,C218,C-47-036,"Goddess, seated, knees up, with covered arms and legs, with long hair, with a fish, with its tail orientated downwards (K4A) on her head.",Logogram,C
HJ C218A,13917,U+13917,C218A,C218A,C-47-037,"Goddess, seated, knees up, with covered arms and legs, with long hair, with a fish, with its tail orientated downwards (K4A) on her head, holding a stem of papyrus with a bud (M131) or flower vertically. ",Classifier divinity,C
HJ C235,13918,U+13918,C235,C235,C-47-038,"Goddess, seated, knees up, with covered arms and legs, with the head of a frog.",Classifier Hekat,C
HJ C141,13919,U+13919,C141,C141,C-47-039,"Goddess, seated, knees up, with covered arms and legs, with the head of a frog, holding a sceptre with a straight shaft, topped with the head of the Seth animal vertically. ",Logogram (Keku),C
HJ C217,1391A,U+1391A,C217,C217,C-47-041,"Goddess, seated, knees up, with covered arms and legs, with a feather (H6) angled forwards and a falcon (G5) on her head, holding a feather (H6) horizontally.",Logogram (the west),C
HJ C277,1391B,U+1391B,C277,C277,C-47-046,"Goddess, seated, knees up, with covered arms and legs, with a scorpion (L19) on her head, holding a stem of papyrus with a bud (M13).",Logogram (Serqet),C
HJ C278,1391C,U+1391C,C278,C278,C-47-048,"Goddess, seated, knees up, with covered arms and legs, with long hair, with a sceptre with a straight shaft, a forked base, topped with the head of the Seth animal, with a fillet and feather (R19), on top of a canal (N36) on her head, holding a tie or strap, used with sandals (ankh sign, S34), angling forward.",Logogram (Thebes),C
HJ C298,1391D,U+1391D,C298,C298,C-47-049,"Goddess, standing, with a palm branch, stripped of leaves and notched on her head (M4), notch forward, right arm forward, hand at the height of the waist, holding a stem of papyrus with a bud (M131) or flower, of the height of the woman, vertically, left arm hanging beside the body.",Phonemogram,C
HJ C222B,1391E,U+1391E,C222B,C222B,C-47-054,"Goddess, seated, knees up, with covered arms and legs, with long hair, with a crescent moon with the entire moon disk (N62) on her head.",Logogram (moon)?,C
HJ C229,1391F,U+1391F,C229,C229,C-47-057,"Woman/goddess, standing, right arm forward, hand at the height of the waist, holding a duck or goose at the wings, left arm hanging beside the body.","Classifier (Sekhet, goddess of the marshlands)",C
HJ C255B,13920,U+13920,C255B,C255B,C-47-059,"Goddess, seated, knees up, with covered arms and legs, with long hair, with N6 (The sun, encircled by a cobra (Naja haje), standing up, with expanded hood (uraeus)) on her head.",Classifier divinity,C
HJ C255C,13921,U+13921,C255C,C255C,C-47-060,"Goddess, seated, knees up, with covered arms and legs, with long hair, with N6 (The sun, encircled by a cobra (Naja haje), standing up, with expanded hood (uraeus)) on her head, holding a stem of papyrus with a bud (M13).",Classifier divinity,C
C313A,13922,U+13922,,,C-47-062,"Goddess, seated, knees up, with covered arms and legs, with long hair, with a rectangular piece of cloth, with fringes on one of the short sides (S32) on her head, holding a sceptre with a straight shaft, topped with the head of the Seth animal vertically. ",Logogram (perception/knowledge),C
HJ C239,13923,U+13923,C239,C239,C-48-001,"Goddess, standing, with a seat (Q3) on her head, both arms forward, facing a goddess, standing, with a basket (V30) on top of a plan of a rectangular enclosure, with an internal rectangle in the lower corner away from the reading direction (O6) on her head, both arms forward; both goddesses have one hand above and one hand below a sun disk with rays of sunlight coming forth from it (N8), with a star written below the arms.",Logogram (morning),C
HJ C240,13924,U+13924,C240,C240,C-48-002,,,
C240A,13925,U+13925,,,C-48-003,"Goddess, standing, with a seat (Q3) on her head, both arms forward, facing a goddess, standing, with a basket (V30) on top of a plan of a rectangular enclosure, with an internal rectangle in the lower corner away from the reading direction (O6) on her head, both arms forward; both goddesses have one hand above and one hand below a sun disk with rays of sunlight coming forth from it (N8).",Logogram (morning),C
C241A,13926,U+13926,,,C-48-005,"Goddess, standing, with a seat (Q3) on her head, both arms forward, facing a goddess, standing, with a basket (V30) on top of a plan of a rectangular enclosure, with an internal rectangle in the lower corner away from the reading direction (O6) on her head, both arms forward; both goddesses have one hand above and one hand below a sun disk with rays of sunlight coming forth from it (N8), with a spear made into a standard (R15) written below the arms.",Logogram (morning),C
HJ C238,13927,U+13927,C238,C238,C-48-006,"Goddess, standing, with a seat (Q3) on her head, both arms forward, facing a goddess, standing, with a basket (V30) on top of a plan of a rectangular enclosure, with an internal rectangle in the lower corner away from the reading direction (O6) on her head, both arms forward; both goddesses have one hand above and one hand below a sun disk (N5).",Logogram (morning),C
C238A,13928,U+13928,,,C-48-007,"Goddess, standing, with a seat (Q3) on her head, both arms forward, facing a goddess, standing, with a basket (V30) on top of a plan of a rectangular enclosure, with an internal rectangle in the lower corner away from the reading direction (O6) on her head, both arms forward; one hand below a sun disk (N5), one hand lower, with a horizontal line.",Logogram (morning),C
HJ C267,13929,U+13929,C267,C267,C-48-008,"Goddess, seated, knees up, with covered legs and arms, with a seat (Q1) on her head, facing a goddess, seated, knees up, with covered legs and arms, with a basket (V30) on top of a plan of a rectangular enclosure, with an internal rectangle in the lower corner away from the reading direction (O6) on her head, with a group of a sand covered mountain over the edge of the cultivated areas (N26) sign and two half round loafs of bread (X1) written above their knees.",Logogram (the two of the horizon),C
HJ C242,1392A,U+1392A,C242,C242,C-48-009,"Four women/goddesses, standing, first two looking towards the back, last two looking forwards, arms raised, supporting the sky (N1).",Logogram (the (four) supports),C
C358,1392B,U+1392B,,,C-48-017,"Goddess, seated on a block throne, wearing a headdress consisting of the double crown on horns with a feather in the front, right arm forward, hand at the height of the waist, holding a stem of papyrus with a bud (M131) or flower, of the length of the seated figure, vertically, left arm forward, hand upon the knee; facing a god, seated on a block throne, with the head of a falcon, with N6 (The sun, encircled by a cobra (Naja haje), standing up, with expanded hood (uraeus)) on his head, right arm forward, hand at the height of the waist, holding a sceptre with a straight shaft, forked bottom and head of the Seth animal (S40), of the length of the seated figure, vertically, left arm forward, hand upon the knee; both on top of a base.",Logogram (Hathor),C
C359,1392C,U+1392C,,,C-48-018,"Goddess, seated on a block throne, wearing a headdress consisting of the double crown on horns, right arm forward, hand at the height of the waist, holding a stem of papyrus with a bud (M131) or flower, of the length of the seated figure, vertically, left arm forward, hand upon the knee; facing a god, seated on a block throne, with the head of a falcon, wearing the double crown (S5), right arm forward, hand at the height of the waist, holding a sceptre with a straight shaft, forked bottom and head of the Seth animal (S40), of the length of the seated figure, vertically, left arm forward, hand upon the knee; both on top of a base.",Logogram (Hathor),C
D001C,1392D,U+1392D,,,D-01-003,"The head of a human woman, seen in profile.",Classifier female,C
D001D,1392E,U+1392E,,,D-01-007,"The head of a human man (foreigner), seen in profile, with a band of cloth around the head, with a bushy beard (or rather distinctive chin).",Logogram (head),C
HJ D072,1392F,U+1392F,D72,D72,D-01-008,"The head of a human man, seen in profile, with the mouth open.",Classifier to laugh,C
D065A,13930,U+13930,D65,D65,D-01-011,"The head of a human man, seen in profile, with a line coming from the mouth, angling downwards.",Classifier spit,C
HJ D068,13931,U+13931,D68,D68,D-01-012,"The head of a human man, seen in profile, with the uterus of a cow (F45) on his head.",Classifier birthplace,C
D067K,13932,U+13932,D67,D67,D-01-017,"The head of a goddess, seen in profile, wearing a headdress of bovine horns with a sun disk (F102), wearing the vulture headdress, on top of a staff with a forked end.",Logogram (Hathor),C
D067J,13933,U+13933,,,D-01-018,"The head of a goddess, seen in profile, wearing a headdress of bovine horns with a sun disk (F102), wearing the vulture headdress, on top of a staff.",Classifier staff,C
D001E,13934,U+13934,,,D-01-021,"The head of a human man, seen in profile, with the horns of a bovid (F13) on top of the head.",Phonemogram,C
HJ D392,13935,U+13935,D392,D392,D-02-006,"The face of a human female, with the ears of an ox.",Logogram (face),C
D440,13936,U+13936,,,D-02-010,"The face of a human female, with hair in two curling sidelocks.",Logogram (face),C
HJ D077,13937,U+13937,D77,D77,D-03-001,"The head of human male in profile, with two arms, on raised in front, forearm 45 degree, hand at the height of the face, hand palm outwards, other arm with the hand below the head.",Classifier human being,C
D077B,13938,U+13938,,,D-03-002,"The head of human male in profile, with two arms, on raised in front, forearm 45 degree, hand at the height of the face, other arm with the hand below the head, both hands as fists.",Classifier occupation,C
D077A,13939,U+13939,,,D-03-003,"The head of human male in profile, with two arms, on raised in front, hand at the height of the forehead, hand palm outwards, other arm hanging downwards.",Classifier calling,C
HJ D124,1393A,U+1393A,D124,D124,D-03-004,"The head of human woman in profile, with two arms, on raised in front, hand at the height of the forehead, hand palm outwards, other arm hanging downwards.",Classifier calling,C
D082C,1393B,U+1393B,D82,,D-03-005,,,
D082,1393C,U+1393C,,D82,D-03-006,,,
D082A,1393D,U+1393D,,,D-03-007,"The head of a human male in profile, with two arms, one raised in front, hand to mouth, other arm hanging downwards, hand palm facing outwards.",Classifier eating,C
D082B,1393E,U+1393E,,,D-03-008,"The head of a human male in profile, with one arm, raised in front, hand to mouth.",Classifier child,C
HJ D123,1393F,U+1393F,D123,D123,D-03-009,"The head of a human male in profile, with a sidelock, with two arms, one raised in front, hand to mouth, other arm hanging downwards, hand palm facing outwards.",Classifier child/small one,C
HJ D086,13940,U+13940,D86,D86,D-03-010,"The head of a human male in profile, with two arms, one hanging downwards in front, hand palm inwards, other arm with the hand below the head, hand palm upwards.",Classifier nursing,C
HJ D081,13941,U+13941,D81,D81,D-03-011,"The head of a human male in profile, with two arms, both arms hanging downwards.",Classifier dwarf/pigmy,C
HJ D084,13942,U+13942,D84,D84,D-03-012,"The head of a human male in profile, with two arms, both arms forward, hands horizontal at the height of the face, hand palms inwards.","Classifier (to bow, to attack)",C
HJ D085,13943,U+13943,D85,D85,D-03-014,"The head of a human male in profile, with two arms, both arms extended forwards, at a downward angle.",Classifier to fall,C
D078A,13944,U+13944,,,D-03-016,"The head of a human male in profile, with one arm, raised in front, forearm vertical, hand horizontal, hand palm upwards.",Classifier to call,C
HJ D079,13945,U+13945,D79,D79,D-03-017,"The head on a human male in profile, with one arm, raised at the back, forearm vertical, hand palm inwards.",Classifier to rejoice,C
HJ D080,13946,U+13946,D80,D80,D-03-018,"The head on a human male in profile, with two arms, raised at the back, forearm vertical, hand palm inwards.",classifier turning around,C
HJ D083,13947,U+13947,D83,D83,D-03-019,,,
HJ D115,13948,U+13948,D115,D115,D-03-020,"The head of a human male in profile, with two arms, arms raised at either side, upper arms horizontal.",Classifier to rejoice,C
HJ D125,13949,U+13949,D125,D125,D-03-021,"The head of a human male in profile, with beard and coif, with two arms, arms raised at either side, upper arms horizontal.","Logogram (Heh, divinity)",C
HJ D116,1394A,U+1394A,D116,D116,D-03-022,"The head of a human male in profile, with two arms, arms raised at either side, upper arms horizontal, upside-down.",Classifier upside-down,C
D121,1394B,U+1394B,,D121,D-03-024,"The head of a human male in profile, with two arms, one raised in front, hand at the height of the shoulder, upper arm of the other on top of an horizontal line, facing backwards.",Classifier to swim,C
HJ D106,1394C,U+1394C,D106,D106,D-03-025,,,
D106B,1394D,U+1394D,,,D-03-027,"The head of human male in profile, with two arms, in a swimming motion, on top of a canal, with drops of liquid above the head and arms.",Classifier swimming,C
HJ D098,1394E,U+1394E,D98,D98,D-03-028,,,
HJ D096,1394F,U+1394F,D96,D96,D-03-029,"The head of a human male in profile, with two arms, one arm forwards, forearm horizontal, holding a stick, other arm hanging downwards.",Logogram (to be great),C
HJ D100,13950,U+13950,D100,D100,D-03-030,"The head of a human male in profile, with two arms, one arm forwards, hand at the height of the shoulder, holding a feather (H6), the other arm hanging downwards.",Classifier herald,C
HJ D101,13951,U+13951,D101,D101,D-03-031,"The head of a human male in profile, with two arms, one arm forwards, hand at the height of the shoulder, holding a sceptre (S42), the other arm hanging downwards, holding a basket at the handle.","Classifier to carry away, to take",C
HJ D394,13952,U+13952,D394,D394,D-03-033,"The head of a human male in profile, with two arms, one arm forwards, hand at the height of the shoulder, holding a feather (H6) three triangles of skin with a tail (F27A), the other arm hanging downwards.",Classifier herald,C
HJ D112,13953,U+13953,D112,D112,D-03-034,,,
HJ D113,13954,U+13954,D113,D113,D-03-035,"The head of a human male in profile, with two arms, one arm forwards, hand at the height of the shoulder, holding a staff or pole with a two-pronged end piece for holding down snakes (U116), other arm hanging downwards.",Classifier elder/official,C
HJ D114,13955,U+13955,D114,D114,D-03-036,"The head of a human male in profile, with a long-curved beard an coif, one arm forwards, hand at the height of the shoulder, holding a sceptre with a straight shaft, forked bottom and head of the Seth animal (S40), other arm hanging downwards.",Classifier Orion,C
HJ D087,13956,U+13956,D87,D87,D-03-037,"The head of a human male in profile, with two arms, one arm forwards, hand to mouth, with a dotted line coming from the mouth, angling downwards, other arm hanging downwards, hand palm outwards.","Classifier to spit, to spew",C
HJ D103,13957,U+13957,D103,D103,D-03-038,"The head of a human male in profile, with a vessel on his head, with two arms, one arm forwards, hand at the vessel, other arm hanging downwards.","Classifier to lift, to carry",C
HJ D089,13958,U+13958,D89,D89,D-03-040,"The head of a human male in profile, with two arms, one arm forwards, hanging downwards, other arm raised at the back, forearm vertical, holding a stick.",Classifier to drive away,C
HJ D088,13959,U+13959,D88,D88,D-03-041,"The head of a human male in profile, with two arms, one arm forwards, forearm backwards, hand under the head, other arm raised at the back, forearm vertical, holding a stick.","Classifier to oppose, to rebel",C
HJ D097,1395A,U+1395A,D97,D97,D-03-042,"The head of a human male in profile, with two arms, one arm forwards, angling downwards, holding a phallus with a scrotum (D52) horizontally, other arm extended towards the back, forearm upwards.",Classifier to extend,C
HJ D117,1395B,U+1395B,D117,D117,D-03-044,"The head of a human male in profile, with two arms, one arm extended forwards, forearm horizontal, hand palm upwards, other raised in back, forearm vertical, hand palm inwards, with a dotted line between the hands.",Classifier to scatter,C
HJ D091,1395C,U+1395C,D91,D91,D-03-045,,,
HJ D092,1395D,U+1395D,D92,D92,D-03-046,"The head of a human male in profile, with two arms, one arm extended forwards, forearm horizontal, holding a stick, other raised in back, forearm vertical, holding a stick.",Classifier dancing,C
HJ D093,1395E,U+1395E,D93,D93,D-03-047,"The head of a human male in profile, with one arm, extended forward, hand at the height of the shoulder, holding some type of weapon/mace/stick.","Classifier guarding, protecting",C
HJ D118,1395F,U+1395F,D118,D118,D-03-048,"The head of a human male in profile, with one arm, extended forward, hand at the height of the shoulder, holding a vessel horizontally to the mouth.",Classifier drinking,C
HJ D099,13960,U+13960,D99,D99,D-03-049,"The head of a human male in profile, with one arm, forward, forearm horizontal, holding a bundle of three papyrus flowers.",Classifier to uproot,C
HJ D094,13961,U+13961,D94,D94,D-03-050,,,
HJ D095,13962,U+13962,D95,D95,D-03-051,"The head of a human male in profile, with two arms, extended forwards, forearms separated, holding a stick.",Classifier to churn up,C
HJ D104,13963,U+13963,D104,D104,D-03-052,"The head of a human male in profile, with two arms, extended forwards, forearms separated, holding a pestle in a mortar (U32).",Classifier breaking/destroying,C
HJ D109,13964,U+13964,D109,D109,D-03-053,"The head of a human male in profile, with two arms, extended forwards, holding a stick with a bundle or a mat horizontally over his shoulders, bundle behind the back.","Classifier to expel, to drive of",C
HJ D119,13965,U+13965,D119,D119,D-03-055,"The head of a human male in profile, with two arms, one arm forwards, upper arm horizontal, hand on top of a lump of clay on a potter's wheel, other arm forward, hand at the potter's wheel.",Classifier potter,C
HJ D102,13966,U+13966,D102,D102,D-03-056,"The head of a human male in profile, with two arms, both arms forwards, hands touching a vertical wall with battlements (O36C) near the top and the bottom.","Classifier to climb, to fly",C
HJ D107,13967,U+13967,D107,D107,D-03-057,"The head of a human male in profile, with two arms, both arms forward, holding a reed pipe ending in a tuyère at his mouth.","Classifier (to melt, to cast)",C
HJ D126,13968,U+13968,D126,D126,D-03-058,,,
HJ D090,13969,U+13969,D90,D90,D-03-059,"The head of a human male in profile, with two arms, both hands below the head, holding a stick angling over the back shoulder.",Classifier to drive away,C
HJ D003A,1396A,U+1396A,D3A,D3A,D-04-001,"A lock of hair with three strands, with curly endings.",Logogram (lifetime),C
HJ D127,1396B,U+1396B,D127,D127,D-04-005,"A lock of hair with three strands, with curly endings (D3A), with a knife with a triangular blade and straight handle (T30A) written over the rightmost strand.",Logogram (evil one),C
HJ D003B,1396C,U+1396C,D3B,D3B,D-04-006,,,
HJ D129,1396D,U+1396D,D129,D129,D-04-008,"A lock of hair, resembling a half circle, with three strands of hair with a curly ending, starting in the middle, to the back.",Logogram (evil one),C
HJ D128,1396E,U+1396E,D128,D128,D-04-009,A lock of hair with four wavy strands.,Classifier tresses,C
HJ D131,1396F,U+1396F,D131,D131,D-04-010,"A lock of hair with three vertical strands, and multiple short horizontal strands at the front.",Classifier tresses,C
HJ D129A,13970,U+13970,D129A,D129A,D-04-011,"A lock of hair, resembling a half circle, with three strands of hair with a curly ending, one left, one middle, one right.",Logogram (head covering (braid of hair?)),C
HJ D130,13971,U+13971,D130,D130,D-04-013,An oval lock of hair with 3 strands,"Classifier scalp, temple",C
D432,13972,U+13972,,,D-04-016,A braided hairlock.,Classifier hairlock,C
D004B,13973,U+13973,,,D-05-003,"Two eyes, as seen from the front.",Logogram (to see),C
HJ D134,13974,U+13974,D134,D134,D-05-005,An eye without pupil.,Classifier eye-paint,C
D433,13975,U+13975,,,D-05-010,"An eye (D4), written on top of a butcher's block (T28).",Phonemogram,C
HJ D138,13976,U+13976,D138,D138,D-06-004,"An eye, with a rippled line of eye-paint above the eye. ",Classifier eye related actions,C
D006B,13977,U+13977,,,D-06-009,An eye with a painted lower lid. And two lines at the top forming a V shape.,Classifier eye related actions,C
HJ D334A,13978,U+13978,D334A,D334A,D-06-011,"An eye with three touches of eye paint above the eye, without pupil.",Classifier eye related actions,C
HJ D139,13979,U+13979,D139,D139,D-06-014,An eye with many touches of eye paint above the eye.,Classifier eye related actions,C
HJ D007A,1397A,U+1397A,D7A,D7A,D-06-016,An eye with an eyebrow above it.,"Logogram (to see, to behold)",C
HJ D140,1397B,U+1397B,D140,D140,D-06-017,"Two eyes, as seen from the front, with eyebrows above them.",Phonemogram,C
HJ D141,1397C,U+1397C,D141,D141,D-06-018,A closed eye.,Classifier sleep,C
D007G,1397D,U+1397D,D7B,,D-06-019,"An eye with an eyebrow above it, upside-down.",Phonemogram,C
D007F,1397E,U+1397E,,,D-06-021,"An eye with two touches of eye paint above the eye, and a painted lower lid.",Classifier adornment/beauty,C
HJ D135,1397F,U+1397F,D135,D135,D-06-022,A closed/half closed eye.,Classifier (to sleep),C
HJ D007C,13980,U+13980,D7C,D7C,D-06-023,"An eye, with a line of eye-paint above the eye, and a painted lower lid.",Classifier eye related actions,C
D007B,13981,U+13981,,D7B,D-06-028,,,
HJ D008B,13982,U+13982,D8B,D8B,D-06-029,"An eye, with a wavy line of eye-paint above the eye, inside an oval.",Phonemogram,C
D008E,13983,U+13983,D8C,,D-06-031,,,
D008C,13984,U+13984,,D8C,D-06-032,"An eye with an eyebrow above it, upside-down, inside an oval.",Phonemogram,C
D434,13985,U+13985,,,D-06-035,"An eye, with two vertical lines below it, each starting at the white of the eye.",Logogram (to wake),C
HJ D009A,13986,U+13986,D9A,D9A,D-07-002,"An eye with two touches of eye paint above the eye, with three lines coming from the bottom.",Logogram (to weep),C
HJ D143,13987,U+13987,D143,D143,D-07-003,"An eye, with a line of eye-paint above the eye, with three lines coming from the bottom.",Classifier weeping/crying,C
HJ D143A,13988,U+13988,D143A,D143A,D-07-004,"An eye, with a rippled line of eye-paint above the eye, with three lines coming from the bottom.",Phonemogram,C
D143C,13989,U+13989,,,D-07-006,An eye with three vertical lines of overlapping triangles coming from the bottom.,Logogram (to weep),C
HJ D143B,1398A,U+1398A,D143B,D143B,D-07-007,"An eye with a line of eye paint above the eye, with three vertical lines of overlapping triangles coming from the bottom.",Classifier weeping/crying,C
D143D,1398B,U+1398B,,,D-07-008,"An eye, with a rippled line of eye-paint above the eye, with three vertical lines of overlapping triangles coming from the bottom.",Classifier eye related actions,C
HJ D010A,1398C,U+1398C,D10A,D10A,D-08-001,"An eye, with the markings of the head of a falcon, with a vertical line at the back with a triangle at the curl.","Logogram (the """"dazzling-eye"""" (Egypt))",C
HJ D010B,1398D,U+1398D,D10B,D10B,D-08-004,"An eye without a pupil, with the markings of the head of a falcon, with a vertical line at the back with a triangle at the curl.",Logogram (eye),C
HJ D144A,1398E,U+1398E,D144A,D144A,D-08-007,"An eye, with the markings of the head of a falcon, with a vertical line at the back with a triangle at the curl (D10A), written inside a circle.",Logogram (the eye of Re),C
D012A,1398F,U+1398F,,,D-09-003,Two circles representing the eyes or pupils.,Logogram (to see),C
HJ D076,13990,U+13990,D76,D76,D-10-002,The earpiece of a human.,Classifier backside,C
D019A,13991,U+13991,,,D-11-003,"The nose, eye, mouth and cheek of a human.",Classifier nose,C
HJ D149,13992,U+13992,D149,D149,D-11-009,"The head of a human in profile, with a breast (D27) at the mouth.",Classifier to suckle,C
HJ D146,13993,U+13993,D146,D146,D-11-011,,,
HJ D150,13994,U+13994,D150,D150,D-12-008,A mouth with one vertical line at the bottom of the sign.,Logogram 1/3,C
HJ D151B,13995,U+13995,D151B,D151B,D-12-010,"A mouth with two vertical lines at the bottom of the sign, the first longer than the second.",Logogram (2/3),C
HJ D153,13996,U+13996,D153,D153,D-12-018,"A human mouth, seen from the side.",Interpretant,C
D024A,13997,U+13997,,,D-13-002,"The upper lip of a human with teeth, represented as a half circle.","Logogram (lip, border, edge)",C
D025A,13998,U+13998,,,D-13-005,"The upper and lower lips of a human, with teeth, represented as a half circle.",Logogram (lips),C
HJ D154,13999,U+13999,D154,D154,D-14-001,A mouth with a downward sloping dotted line above the front short end.,Classifier spit,C
D154B,1399A,U+1399A,,,D-14-002,A mouth with a downward sloping line above the front short end.,Logogram (breakfast (washing the mouth)),C
HJ D152,1399B,U+1399B,D152,D152,D-14-003,A mouth with a downward sloping line at the front short end.,Classifier spit,C
HJ D026B,1399C,U+1399C,D26B,D26B,D-14-004,"A human mouth, seen from the side, with a downward sloping line coming from the lips.",Phonemogram,C
HJ D026A,1399D,U+1399D,D26A,D26A,D-14-006,"A human mouth, seen from the side, with a dotted downward sloping line coming from the lips.",Phonemogram,C
HJ D156,1399E,U+1399E,D156,D156,D-15-004,"A long beard, curling up.",Classifier beard or Classifier hair,C
HJ D159,1399F,U+1399F,D159,D159,D-17-001,"The lower half of a human, seated on heel, both knees down.",Logogram (to sit),C
D028B,139A0,U+139A0,,,D-18-006,"Two arms, raised upwards, with the forearms and hands vertical, represented by circles.","Logogram (spirit, essence)",C
HJ D028A,139A1,U+139A1,D28A,D28A,D-18-007,"Two arms, unconnected, raised upwards, with the forearms and hands vertical, hand palms inwards.",,C
D441,139A2,U+139A2,,,D-18-036,"Two arms, raised upwards, with the forearms and hands vertical, hand palms inwards, on top of a base, which might represent a torso.","Logogram (spirit, essence)",C
HJ D176,139A3,U+139A3,D176,D176,D-18-042,"Two arms, raised upwards, with the forearms and hands vertical, hand palms inwards, with a sedge (M23) written between the arms, upon a standard used for carrying religious symbols (R12).",Logogram (royal spirit/essence),C
D177B,139A4,U+139A4,,,D-18-049,"A roll of bread, with oval lines within it (HG X4A), written horizontally with two forearms coming from the top of the bread, forearms and hands vertical, hand palms inwards, with a vertical stroke (Z1) written between the arms.","Logogram (food, provisions)",C
D177C,139A5,U+139A5,,,D-18-050,"Two arms, raised upwards, with the forearms and hands vertical, hand palms inwards, on top of a roll of bread without internal detail.","Logogram (food, provisions)",C
HJ D032B,139A6,U+139A6,D32B,D32B,D-19-003,"Two arms, lowered, arms straight, hand palms facing each other.",Logogram (negative relative adjective),C
HJ D032D,139A7,U+139A7,D32D,D32D,D-19-007,"Two arms, lowered, with the elbows bent inwards, palms of the hands oriented outwards.",Phonemogram,C
HJ D032A,139A8,U+139A8,D32A,D32A,D-19-008,,,
HJ D032C,139A9,U+139A9,D32C,D32C,D-19-009,"Two arms, lowered, arms straight, hand palm oriented outwards.",Phono-repeater,C
HJ D194,139AA,U+139AA,D194,D194,D-19-019,"Two arms, lowered, with the elbows bent outwards, and the palms of the hands facing each other (D32), with a stool made out of reed matting (Q3) written between the hands.",Phono-repeater (kidney),C
D198A,139AB,U+139AB,,,D-19-023,"Two arms, lowered, with the elbows bent outwards, and the palms of the hands facing each other (D32), with a vertical line of dots written between the arms.",Classifier to embrace,C
HJ D197,139AC,U+139AC,D197,D197,D-19-024,"Two arms, lowered, not connected at the shoulders, with the elbows bent outwards, the palms of the hands facing each other.",Logogram (to embrace),C
HJ D200,139AD,U+139AD,D200,D200,D-19-027,"Two arms, lowered, not connected at the shoulders, with the elbows bent outwards, the palms of the hands facing each other (D197), with a line of angled strokes between the arms.",Classifier (in ẖꜣm-(ꞽ)ḫ.t),C
HJ D405,139AE,U+139AE,D405,D405,D-19-031,"Two arms, lowered, not connected at the shoulders, with the elbows bent outwards, the palms of the hands facing each other (D197), with a club used by washermen for beating laundry (U36) written between the arms. ",Logogram (mortuary priest),C
D330A,139AF,U+139AF,,,D-19-043,"Two arms, lowered, not connected at the shoulders, elbows bent inwards, connected by a horizontal line, arms making a X shape, hand palms inwards.",,C
HJ D033C,139B0,U+139B0,D33C,D33C,D-20-007,"Two arms, holding an oar, in a rowing motion, below a cover resembling the mouth (D21).","Logogram (to row, to convey by water)",C
HJ D033B,139B1,U+139B1,D33B,D33B,D-20-008,"Two arms, holding an oar, in a rowing motion, with the upper arms overlapping.",Classifier movement by boat,C
HJ D333,139B2,U+139B2,D333,D333,D-20-009,"Two arms, elbows bent, upper arms overlapping, forearms separated, lower forearm nearly horizontal, holding an oar which tapers out towards the bottom.","Logogram (to row, to convey by water)",C
D033E,139B3,U+139B3,,,D-20-012,"Two arms, holding an oar at the blade, below a cover resembling a ring-stand for jars (W11).",Phonemogram,C
D033F,139B4,U+139B4,,,D-20-014,"The torso of a man, right arm downwards, forearm horizontal over the waist, left arm raised, both arms holding an oar.",Classifier grasping the oar,C
D033G,139B5,U+139B5,,,D-20-016,"A forearm, with the palm of the hand facing upwards, with an oar at a backwards angle, with an oval blade, written with the handle over the hand.",Phonemogram,C
D033H,139B6,U+139B6,,,D-20-017,"A forearm, with the palm of the hand facing upwards, with an oar at a forward angle, with a rectangular blade, written with the handle over the hand.",Phonemogram,C
D034D,139B7,U+139B7,,,D-21-001,"Two arms, connected at the shoulders, one arm forwards, with a horizontal forearm, holding a round topped shield, the other arm downwards, forearm vertical, holding a mace (T3) horizontally.",Logogram (to fight),C
HJ D034C,139B8,U+139B8,D34C,D34C,D-21-003,"Two arms, connected at the shoulders, one arm forwards, with a horizontal forearm, holding a triangular shield with rounded top, the other arm downwards, forearm angled slightly forwards, holding a mace (T3) at an upward angle.",Logogram (to fight),C
D034F,139B9,U+139B9,,,D-21-004,"Two arms, connected at the shoulders, one arm forwards, with a horizontal forearm, holding a triangular shield with rounded top, the other arm downwards, forearm angled slightly forwards, holding a mace (T3) horizontally.",Logogram (to fight),C
D034G,139BA,U+139BA,,,D-21-008,"Two arms, connected at the shoulders, one arm forwards, with a horizontal forearm, holding a shield as seen in profile, top curving inwards, the other arm downwards, forearm vertical, holding a mace with a pear-shaped head, with a round blade attached to the mace-head (T3C), horizontally, blade upwards.",Logogram (to fight),C
HJ D034B,139BB,U+139BB,D34B,D34B,D-21-009,,,
D034H,139BC,U+139BC,,,D-21-010,"Two arms, connected at the shoulders, one arm forwards, with a horizontal forearm, holding an oval shield with a cross-type internal decoration, the other arm downwards, forearm angled slightly forwards, holding a lance or spear.",Logogram (to fight) (in ꜥḥꜣ.t (fighter (female)),C
HJ D346,139BD,U+139BD,D346,D346,D-21-015,,,
HJ D369,139BE,U+139BE,D369,D369,D-21-018,"Two arms, connected at the shoulder, one arm forwards, forearm straight, holding a mace (T3), the other arm downwards, forearm at 90 degree of the upper arm, holding a stick.",Logogram (to fight) (in ꜥḥꜣ.t (fighter (female)),C
HJ D371,139BF,U+139BF,D371,D371,D-21-019,"Two arms, connected at the shoulder, one arm forwards, forearm horizontal, holding a wand or brush, the other arm downwards, forearm at 90 degree of the upper arm, holding a sceptre (S42).",Logogram (to fight),C
HJ D372,139C0,U+139C0,D372,D372,D-21-020,"Two arms, connected at the shoulder, one arm forwards, holding a round shield, seen in profile, other arm downwards, forearm 90 degree of the upper arm, holding a mace (T3) vertically.",Logogram (to fight),C
D421,139C1,U+139C1,,,D-21-024,"The torso of a man, right arm forwards, forearm horizontal, holding a bow, left arm in front of the body, forearm horizontal, holding an arrow at the fletching which lies with the arrowhead on top of the right hand.",Logogram (to fight),C
HJ D035A,139C2,U+139C2,D35A,D35A,D-22-001,"Two arms, connected at the shoulders, spread sideways, forearms horizontal, with the palms of the hands facing downwards.",Logogram (negative particle),C
D036A,139C3,U+139C3,,,D-23-002,"A forearm, with the palm of the hand facing upwards, and the upper arm represented by a loop.",Classifier arm related movements or actions,C
HJ D207,139C4,U+139C4,D207,D207,D-23-006,"A forearm, with the hand angled downwards.","Logogram (arm, hand)",C
D037A,139C5,U+139C5,,,D-24-003,"Two forearms with the hands holding a conical loaf of bread (X8), overlapping each other.",Phonemogram,C
HJ D211,139C6,U+139C6,D211,D211,D-24-006,A forearm with the hand holding an egg (H8).,Phonemogram,C
HJ D210,139C7,U+139C7,D210,D210,D-25-006,A forearm with the hand held as a fist.,Classifier supporting/carrying,C
HJ D228,139C8,U+139C8,D228,D228,D-25-012,A forearm with the hand holding a loop of cord with the ends upwards (V6).,Classifier enveloping,C
D041A,139C9,U+139C9,,,D-25-016,"A forearm, with the palm of the hand downwards, with the upper arm represented by a loop, which is angled forwards.","Logogram (arm, shoulder)",C
D043B,139CA,U+139CA,,,D-25-020,"A forearm, with the hand held like a fist, and the upper arm represented by a loop.",Classifier shoulder/arm,C
HJ D220,139CB,U+139CB,D220,D220,D-25-023,A forearm with the hand holding a wide cup (W10),"Logogram (to offer, to present) or Phonemogram",C
HJ D217,139CC,U+139CC,D217,D217,D-25-024,"A forearm with the hand holding two arms, raised upwards, with the forearms and hands vertical, hand palms inwards (D28).",Phonemogram,C
HJ D218,139CD,U+139CD,D218,D218,D-25-025,A forearm with the hand holding 3 vertical strokes.,Logogram (to receive),C
HJ D219,139CE,U+139CE,D219,D219,D-25-026,A forearm with the hand holding the sun upon a butcher's block (N7).,Logogram (course (of the day); daily requirements),C
D219A,139CF,U+139CF,,,D-25-027,"A forearm with the hand holding the sun, with three beams of sunlight coming from it (N8E).",Logogram (course (of the day); daily requirements),C
HJ D229,139D0,U+139D0,D229,D229,D-25-029,A forearm with the hand holding a feather (H6).,"Classifier strength, power",C
D229B,139D1,U+139D1,,,D-25-030,"A forearm, with the palm of the hand facing upwards, with a feather (H6) on top of the hand, vertically.",Logogram (offering Maat),C
HJ D229A,139D2,U+139D2,D229A,D229A,D-25-031,,,
HJ D231,139D3,U+139D3,D231,D231,D-25-032,A forearm with the hand holding a knife with a triangular blade and straight handle (T30A).,"Classifier force, effort",C
HJ D230,139D4,U+139D4,D230,D230,D-25-033,,,
D212B,139D5,U+139D5,,,D-25-037,"A forearm, with the palm of the hand facing upwards, with a forward downward angling line coming from the hand.",Logogram (to wash),C
D212C,139D6,U+139D6,,,D-25-038,"A forearm, hand angled downwards, with the palm of the hand facing upwards, with a downward curved line over the hand.",Logogram (to wash),C
D212D,139D7,U+139D7,,,D-25-039,"A forearm with the palm of the hand facing upwards, with a downward curving wavy line above the arm, with the lower end ending in the hand palm.",Logogram (to wash),C
HJ D221,139D8,U+139D8,D221,D221,D-25-041,,,
HJ D261,139D9,U+139D9,D261,D261,D-25-044,"A forearm, with the palm of the hand downwards, with a wide cup below the hand.",,C
HJ D382,139DA,U+139DA,D382,D382,D-25-048,A forearm with the hand holding the leaf stem and root of a lotus plant (M12).,Phonemogram,C
HJ D234,139DB,U+139DB,D234,D234,D-26-001,"An arm, bent at the elbow, hand horizontal, hand palm upwards.",Classifier washing,C
HJ D236A,139DC,U+139DC,D236A,D236A,D-26-002,"An arm, bent at the elbow, hand horizontal, hand palm upwards, with a forward, downward angling dotted line coming from the hand.",Logogram (to wash),C
HJ D235,139DD,U+139DD,D235,D235,D-26-004,"An arm, bent at the elbow, hand horizontal, hand palm downwards.",Classifier stretching out,C
D235A,139DE,U+139DE,,,D-26-005,"An arm, bent at the elbow, with the hand held as a fist, orientated backwards.",Classifier negative action,C
HJ D263,139DF,U+139DF,D263,D263,D-26-006,"An arm, bent at the elbow, upper arm horizontal, hand palm outwards.",Classifier to rejoice,C
HJ D264,139E0,U+139E0,D264,D264,D-26-007,"An arm, bent at the elbow, upper arm horizontal, hand held horizontally, hand palm upwards.",Classifier to call,C
HJ D237,139E1,U+139E1,D237,D237,D-26-008,"An arm, bent at the elbow, forearm nearly horizontal, holding a flagellum (S45).",Logogram (to protect),C
HJ D238,139E2,U+139E2,D238,D238,D-26-013,"An arm, bent at the elbow, forearm nearly horizontal, holding a tall wand or brush, vertically.",Logogram (to make holy),C
HJ D239,139E3,U+139E3,D239,D239,D-26-014,,,
HJ D240,139E4,U+139E4,D240,D240,D-26-015,,,
HJ D241,139E5,U+139E5,D241,D241,D-26-017,,,
HJ D242,139E6,U+139E6,D242,D242,D-26-018,"An arm, bent at the elbow, forearm nearly horizontal, holding a sceptre (S42).",Classifier to govern/to control,C
HJ D243,139E7,U+139E7,D243,D243,D-26-019,"An arm, bent at the elbow, forearm nearly horizontal, holding a feather (H6).",Classifier messenger,C
HJ D244,139E8,U+139E8,D244,D244,D-26-020,"An arm, bent at the elbow, forearm nearly horizontal, holding a wick of twisted flax, consisting of 3 loops (V28).","Logogram (to make holy, to be holy, to be splendid)",C
D442,139E9,U+139E9,,,D-26-023,"An arm, bent at the elbow, forearm nearly horizontal, holding a conical loaf of bread (X8).",Phonemogram,C
D258A,139EA,U+139EA,,,D-26-028,"An arm, bent at the elbow, forearm nearly horizontal, holding a neck and head of a gazelle",Classifier netherworld,C
HJ D336A,139EB,U+139EB,D336A,D336A,D-26-030,"An arm, bent at the elbow, forearm nearly horizontal, holding a knife with a triangular blade and straight handle.",Phonemogram,C
D245,139EC,U+139EC,D245,,D-26-032,"An arm, bent at the elbow, in a V shape, hand holding a stick at the top.","Classifier to write, to inscribe",C
HJ D246,139ED,U+139ED,D246,D246,D-26-033,"An arm, bent at the elbow, in a V shape, hand holding a brush.","Logogram (to write, to inscribe)",C
HJ D259,139EE,U+139EE,D259,D259,D-26-034,"An arm, bent at the elbow, in a V shape, hand on top of a wall or shrine.","Classifier to destroy, to overthrow",C
HJ D262,139EF,U+139EF,D262,D262,D-26-035,"An arm, bent at the elbow, in a V shape, hand holding a staff or pole with a two-pronged end piece for holding down snakes (U116).",Classifier elder/official,C
HJ D260,139F0,U+139F0,D260,D260,D-27-001,"Two arms, elbows bent, upper arms overlapping, in a V shape, forearms separated, hand palms outwards.",Classifier adoration,C
HJ D250,139F1,U+139F1,D250,D250,D-27-003,"Two arms, elbows bent, upper arms overlapping, forearms separated, lower forearm nearly horizontal, holding a wand or brush, resembling a loop.",Logogram (to make holy),C
HJ D251,139F2,U+139F2,D251,D251,D-27-005,"Two arms, elbows bent, upper arms overlapping, forearms separated, lower forearm nearly horizontal, holding a wand or brush.",Logogram (to make holy/to be sacred),C
HJ D253,139F3,U+139F3,D253,D253,D-27-007,"Two arms, elbows bent, upper arms overlapping, forearms separated, lower forearm nearly horizontal, holding a wand or brush, resembling a long fan-like object.",Phonemogram,C
HJ D254,139F4,U+139F4,D254,D254,D-27-008,"Two arms, elbows bent, upper arms overlapping, forearms separated, lower forearm nearly horizontal, holding a stick.",Logogram (to repel),C
HJ D358,139F5,U+139F5,D358,D358,D-27-011,"Two arms, elbows bent, upper arms overlapping, forearms separated, lower forearm nearly horizontal, holding a wick of twisted flax, consisting of 3 loops (V28).",Logogram (to make holy/to be sacred),C
HJ D257,139F6,U+139F6,D257,D257,D-27-012,"An arm, bent at the elbow, forearm horizontal, holding a stick, facing its mirror, sticks crossing.",Classifier fighting,C
HJ D046D,139F7,U+139F7,D46D,D46D,D-28-003,A human hand with depicted fingers.,Phonemogram,C
D046F,139F8,U+139F8,D46A,D46A,D-28-005,A human hand with a forward downward line of dots coming from the thumb.,"Logogram (scent, perfume, dew)",C
D443,139F9,U+139F9,,,D-28-012,"A spiral, winding counterclockwise away from its central point, ending at the right lower corner after about one and a half turns (Z7), written over a human hand (D46).",Phonemogram,C
D047B,139FA,U+139FA,,,D-28-017,"A human hand with the thumb upwards and the palm curved upwards, with visible fingers.",Phonemogram,C
HJ D047A,139FB,U+139FB,D47A,D47A,D-28-020,"A human hand with the thumb upwards and the palm curved upwards, with a forward, downward line of dots coming from the hand palm.","Logogram (scent, perfume, dew)",C
HJ D266,139FC,U+139FC,D266,D266,D-28-021,"A human hand, angled downwards, with visible fingers.",Classifier cut of hand,C
D444,139FD,U+139FD,,,D-28-022,"A human hand with the thumb upwards and the palm curved upwards (D47), holding a snake with the head of a ram with horizontal horns (I27).",?,C
HJ D267,139FE,U+139FE,D267,D267,D-28-023,"A human hand with the thumb upwards and the palm curved upwards (D47), holding an egg (H8).",Phonemogram,C
D048B,139FF,U+139FF,,,D-28-026,"A human hand, holding an oval, with the fingers and the thumb being the same length.",Phono-repeater,C
HJ D273,13A00,U+13A00,D273,D273,D-29-004,"A human hand, held as a fist, with the thumb on top (D49), holding a folded piece of cloth (V60).",Classifier,C
HJ D272,13A01,U+13A01,D272,D272,D-29-005,"A human hand, held as a fist, with the thumb on top (D49), holding a vertical stick.",Classifier to hold fast/to seize,C
D272A,13A02,U+13A02,,,D-29-006,"A human hand, held as a fist, with the thumb on top (D49), holding a short vertical stick, which barely extends beyond the hand.","Logogram (to seize, to grasp)",C
HJ D274,13A03,U+13A03,D274,D274,D-29-007,"A human hand, held as a fist, with the thumb on top (D49), holding a loop of cord with the ends upwards (V6).","Classifier to squeeze, to enclose, to tie up",C
HJ D275A,13A04,U+13A04,D275A,D275A,D-29-009,"A human hand, held as a fist, with the thumb on top (D49), holding a vertical hourglass-shaped shaped document holder (R88).",Classifier,C
D050L,13A05,U+13A05,D50A,D50A,D-30-004,"A distal and intermediate phalanges of a finger, written horizontally.",Phono-repeater,C
D445,13A06,U+13A06,,,D-30-018,Two vertical human fingers on top of a standard used for carrying religious symbols (R12).,Logogram (Prosopopite nome),C
HJ D280,13A07,U+13A07,D280,D280,D-31-004,"A phallus with a scrotum, written with the tip in a vulva (N41).",Classifier copulating,C
D053B,13A08,U+13A08,,,D-31-010,"A phallus with a scrotum, with a line of liquid issuing from it (D53), pouring into a wide cup (W10).",Phonemogram,C
D053C,13A09,U+13A09,,,D-31-011,"A phallus with a scrotum, with a line of liquid issuing from it (D53), pouring into a vulva (N42).",Classifier copulation,C
HJ D283,13A0A,U+13A0A,D283,D283,D-31-020,A human scrotum with two testicles.,Logogram (the two testicles),C
HJ D284,13A0B,U+13A0B,D284,D284,D-31-022,A testicle.,Classifier testicles,C
HJ F181,13A0C,U+13A0C,F181,F181,D-31-024,A scrotum with two testicles.,Classifier testicles,C
D280B,13A0D,U+13A0D,,,D-32-003,A vulva with a triangular shape at the bottom.,Logogram/Phonemogram (cow),C
D446,13A0E,U+13A0E,N104,,D-32-005,A vulva with the top line formed by two half circles.,,C
HJ D412,13A0F,U+13A0F,D412,D412,D-32-009,A well with three lines coming from the top.,Phonemogram,C
HJ F182,13A10,U+13A10,F182,F182,D-32-010,"The uterus of a cow, represented as two separate vertical lines with a curl on the top.",Phonemogram,C
HJ AA055,13A11,U+13A11,Aa55,Aa55,D-32-013,"The uterus of a cow, represented as two separate vertical lines with a curl on the top, on top of a half-circle.",Phonemogram,C
HJ D286,13A12,U+13A12,D286,D286,D-34-004,"Legs in a walking posture, feet orientated towards the reading direction, back foot only touches the baseline with the toes.",Classifier to run,C
HJ D287,13A13,U+13A13,D287,D287,D-34-005,"Legs in a walking posture, rotated roughly 90 degree forward, feet towards the bottom.",Classifier to fall,C
D447,13A14,U+13A14,,,D-34-006,"Hieratic representation of legs in a walking posture, feet orientated away from the reading direction (D55).",Classifier turning back,C
HJ D291,13A15,U+13A15,D291,D291,D-34-007,"Two legs, spread out, knees bent, toes orientated away from each other.",Classifier to spread,C
HJ D292,13A16,U+13A16,D292,D292,D-34-008,"Legs in a walking posture, upside-down, toes towards the reading direction.",Classifier to be upside-down,C
HJ D288,13A17,U+13A17,D288,D288,D-34-009,"Legs in a walking posture, feet orientated towards the reading direction (D54), with a mouth (D21) on top of it.",Interpretant r and classifier movement,C
HJ D289,13A18,U+13A18,D289,D289,D-34-011,"Legs in a walking posture, feet orientated towards the reading direction (D54), with a half round loaf of bread (X1) on top of it.",Phonemogram (dental) and classifier movement,C
D056A,13A19,U+13A19,,,D-35-003,"A leg with a bent knee, with the upper leg written horizontally.",Phonemogram,C
D057E,13A1A,U+13A1A,,,D-35-006,"A leg with a bent knee (D56), with a knife with a triangular blade and straight handle (T30A) written over it, blade downwards.",Logogram (to transgress),C
HJ D057C,13A1B,U+13A1B,D57C,D57C,D-35-009,"A leg with a bent knee (D56), written with the upper leg over a knife with a triangular blade and straight handle, orientated with the blade upwards and the handle forwards, at a slight angle.",Classifier to disappear,C
HJ D057D,13A1C,U+13A1C,D57D,D57D,D-35-010,"A leg with a bent knee (D56), written with the upper leg over a knife with a triangular blade and straight handle, orientated with the blade downwards and the handle forwards, at a slight angle.",Logogram (transgression),C
HJ D300,13A1D,U+13A1D,D300,D300,D-35-015,"A human foot and lower leg (D58), with a forward, downward dotted line coming from the top.","Logogram (to be pure, to be clean)",C
D300A,13A1E,U+13A1E,,,D-35-016,"A human foot and lower leg (D58), with a backward, downward dotted line coming from the top.","Logogram (to be pure, to be clean)",C
D340A,13A1F,U+13A1F,,,D-35-024,"A human foot and lower leg (D58), with a vase on its side, with liquid issuing from it (W54) on top of it, with the line of liquid ending on top of a canal (N36).","Logogram (to be pure, to be clean)",C
HJ D413,13A20,U+13A20,D413,D413,D-35-057,"A fire-drill in a piece of wood (U28), written on top of a human foot and lower leg (D58).",Phonemogram,C
D063H,13A21,U+13A21,,,D-36-008,"A stylized set of two toes, resembling a cloth wound on a pole, an emblem of divinity (R8), on top of a base resembling a tusk of an elephant (F18), with two lines connecting the two emblems, the top line horizontal, the bottom line at an angle, connecting to the top line at the second emblem.",Phonemogram,C
HJ D063C,13A22,U+13A22,D63C,D63C,D-36-009,"A stylized set of two toes, resembling a harpoon-head with two horizontal strokes and a single curl on top of the point (HG T19), on top of base resembling the left side of the sky (mirror N44).",Phonemogram (Orion),C
HJ D063A,13A23,U+13A23,D63A,D63A,D-36-010,"A stylized set of two toes, resembling a harpoon-head with two horizontal strokes and a single curl on top of the point (HG T19), on top of base resembling the right side of the sky (N44).",Phonemogram,C
HJ D063F,13A24,U+13A24,D63F,D63F,D-36-011," stylized set of two toes, resembling a harpoon-head with two horizontal strokes and a two angled strokes as point (T19A), on top of base resembling the right side of the sky (N44).",Phonemogram,C
HJ D063G,13A25,U+13A25,D63G,D63G,D-36-012,"A stylized set of two toes, resembling a harpoon-head with two horizontal strokes and a single curl on top of the point (HG T19), on top of a base with a loop at the back end.",,
D063I,13A26,U+13A26,,,D-36-013,"A stylized set of two toes, resembling a harpoon-head with two horizontal strokes on top, and triangular point (T79), on top of a base with a loop at the back end.",Phonemogram,C
HJ D063B,13A27,U+13A27,D63B,D63B,D-36-014,"A stylized set of two toes, resembling a harpoon-head with two horizontal strokes on top, and triangular point (T79), on top of base resembling the right side of the sky (N44).",Phonemogram,C
HJ D063E,13A28,U+13A28,D63E,D63E,D-36-020,"A stylized set of two toes, resembling a harpoon-head with two horizontal strokes and two angled strokes on top of the point (T19C), on top of base resembling the right side of the sky (N44).",Phonemogram,C
HJ D322B,13A29,U+13A29,D322B,D322B,D-36-024," stylized set of two toes, resembling a harpoon-head with two horizontal strokes and a two angled strokes as point (T19A), on top of base resembling the sky (N1), with a star (N14) written between the two harpoon-heads.",Logogram (Orion),C
HJ D319,13A2A,U+13A2A,D319,D319,D-36-025,"A stylized set of two toes, resembling a harpoon-head with two horizontal strokes and a single curl on top of the point (HG T19), on top of base resembling a standard used for the carrying of religious symbols with the vertical stick at the far side (R92A).",Phonemogram,C
HJ D323A,13A2B,U+13A2B,D323A,D323A,D-36-026,"A stylized set of three toes, resembling a harpoon-head with two horizontal strokes on top, and triangular point (T79), on top of base resembling the right side of the sky (N44).",Phonemogram/logogram (annals),C
HJ D323,13A2C,U+13A2C,D323,D323,D-36-027,,,
HJ D326A,13A2D,U+13A2D,D326A,D326A,D-36-036,"Two harpoon-heads with two horizontal strokes on top and a single curl on top of the point (HG T19), on top of a wickerwork basket with a handle, orientated with the handle to the back (V31).",Phonemogram,C
HJ D326B,13A2E,U+13A2E,D326B,D326B,D-36-037,,,
HJ D373,13A2F,U+13A2F,D373,D373,D-36-038,"Two harpoon-heads with two horizontal strokes on top and a single curl on top of the point (HG T19), on top of a forward bent feather (H27)/a wide tongue (F20A), or a wide band of string or fabric (V12A).",Phonemogram,C
HJ D327,13A30,U+13A30,D327,D327,D-37-001,,,
HJ D329,13A31,U+13A31,D329,D329,D-37-004,,,
HJ D157,13A32,U+13A32,D157,D157,D-39-002,A trachea (windpipe).,Classifier throat,C
HJ Z025,13A33,U+13A33,Z25,Z25,D-39-003,"A shape resembling the modern 3, facing its mirror.",Classifier cheeks/eyebrows,C
HJ D158,13A34,U+13A34,D158,D158,D-39-010,A trachea (windpipe).,Classifier throat,C
D417,13A35,U+13A35,,,D-39-012,"A child, seated on nothing, forelegs separated, right arm raised with hand to mouth, left arm hanging beside the body (A17), written within the pupil of an eye (D12).",Classifier pupil,C
HJ E221,13A36,U+13A36,E221,E221,E-01-002,"A donkey/ass, standing, carrying a load on its back, consisting of a round bag with bound bundle with ears of corn on top of the bag.",Classifier taking/carrying,C
E034F,13A37,U+13A37,,,E-01-004,"A donkey/ass, lying down, legs folded beneath the body, ears angled backwards, tail down.",Classifier violent one,C
E020B,13A38,U+13A38,E20A,E20A,E-01-005,"A donkey/ass, seated as a Sethian animal, ears in a V shape, tail up.",Classifier enemy,C
HJ E214A,13A39,U+13A39,E214A,E214A,E-01-007,"A donkey/ass, lying down, legs folded beneath the body, ears in a V shape, tail down.","Classifier rage, anger",C
HJ E214,13A3A,U+13A3A,E214,E214,E-01-008,,,
HJ E214C,13A3B,U+13A3B,E214C,E214C,E-01-010,"A donkey/ass, legs bound together, ears in a V shape, tail up.",Logogram (Seth),C
HJ E216C,13A3C,U+13A3C,E216C,E216C,E-01-016,"A donkey/ass, lying down, with the ears in a V shape, tail up, with a knife with a triangular blade and straight handle (T30A) vertically on the back, blade towards the front.",Classifier Seth,C
HJ E216,13A3D,U+13A3D,E216,E216,E-01-017,"A donkey/ass, lying down, with the ears in a V shape, tail up, with a knife with a triangular blade and straight handle (T30A), angled on the nose, blade downwards.",Classifier fighting,C
HJ E216F,13A3E,U+13A3E,E216F,E216F,E-01-018,"A donkey/ass, lying down, with the ears in a V shape, tail up, with a knife with a triangular blade and straight handle (T30A) vertically on the back, blade towards the back.",Logogram (Seth),C
HJ E216A,13A3F,U+13A3F,E216A,E216A,E-01-020,"A donkey/ass, lying down, with the ears in a V shape, tail up, with a knife with a triangular blade and straight handle (T30A) vertically on the back, blade towards the front, and a knife angled on the nose, blade downwards.",Classifier Seth,C
HJ E216L,13A40,U+13A40,E216L,E216L,E-01-021,"A donkey/ass, lying down, legs folded under the body, ears in a V shape, tail up, with a knife with a triangular blade and straight handle (T30A), angled on the nose, blade upwards.",Classifier Seth,C
E216M,13A41,U+13A41,,,E-01-022,"A donkey/ass, lying down, legs folded under the body, ears in a V shape, without tail, with a knife with a triangular blade and straight handle (T30A), angled on the nose, blade downwards.",Logogram (Seth),C
HJ E216D,13A42,U+13A42,E216D,E216D,E-01-023,"A donkey/ass, lying down, legs folded under the body, ears in a V shape, tail up, with a knife with a triangular blade and straight handle (T30A), vertically on the back, blade towards the front.",Classifier Seth,C
HJ E216I,13A43,U+13A43,E216I,E216I,E-01-024,"A donkey/ass, lying down, legs folded under the body, ears in a V shape, tail up, with a knife with a triangular blade and straight handle (T30A), vertically on the back, blade towards the back.",Classifier Seth,C
E148N,13A44,U+13A44,,,E-01-028,"A donkey/ass, lying down, legs folded under the body, ears in a V shape, tail up, with a knife with a triangular blade and straight handle (T30A), angled on its ass, blade towards the front and a knife between the ears, blade towards the front; on top of a standard used for carrying religious symbols (R12).",Logogram (11th nome of Upper Egypt),C
HJ E216G,13A45,U+13A45,E216G,E216G,E-01-030,"A donkey/ass, legs bound together, ears in a V shape, tail up, with a knife with a triangular blade and straight handle (T30A) vertically on its back, blade forwards, and a knife angled on its nose, blade upwards.",Classifier Seth,C
HJ E216H,13A46,U+13A46,E216H,E216h,E-01-031,,,
HJ E216J,13A47,U+13A47,E216J,E216J,E-01-032,"A donkey/ass, legs bound together, ears in a V shape, tail up, with a knife with a triangular blade and straight handle (T30A) vertically on its back, blade towards the back.",Logogram (Seth),C
HJ E215A,13A48,U+13A48,E215A,E215A,E-01-034,,,
HJ E215,13A49,U+13A49,E215,E215,E-01-035,"A donkey/ass, lying on its back, legs bound together, tail upwards, with a knife with a triangular blade and straight handle (T30A) vertically on top of the hooves, blade towards the back.",Logogram (Seth),C
HJ E215B,13A4A,U+13A4A,E215B,E215B,E-01-036,,,
HJ E215D,13A4B,U+13A4B,E215D,E215D,E-01-038,,,
HJ E146,13A4C,U+13A4C,E146,E146,E-02-001,"The animal of Seth, standing, tail up.",Logogram (Seth),C
HJ E021A,13A4D,U+13A4D,E21A,E21A,E-02-006,,,
HJ E021E,13A4E,U+13A4E,E21E,E21E,E-02-010,"The animal of Seth, lying down, tail up (E21), on top of a wickerwork basket (V30).","Logogram/Phonemogram (lord, in nb.ty, the two lords Horus and Seth)",C
HJ E147A,13A4F,U+13A4F,E147A,E147A,E-02-018,"The animal of Seth, seated, tail up (E20), on top of a wickerwork basket (V30), with a knife with a triangular blade and straight handle (T30A) angled at the nose, blade downwards.","Logogram/Phonemogram (lord, in nb.wy, the two lords Horus and Seth)",C
HJ E148,13A50,U+13A50,E148,E148,E-02-021,"The animal of Seth, lying down, tail up (E21), with a knife with a triangular blade and straight handle (T30A) angled at the nose, blade downwards.",Logogram (Seth),C
HJ E148A,13A51,U+13A51,E148A,E148A,E-02-022,,,
E148D,13A52,U+13A52,,E148D,E-02-024,,,
HJ E148I,13A53,U+13A53,E148I,E148I,E-02-025,,,
HJ E021D,13A54,U+13A54,E21D,E21D,E-02-041,"The animal of Seth, lying down, tail up (E21), on top of a standard used for the carrying of religious symbols (R12).",Logogram (Seth),C
HJ E149,13A55,U+13A55,E149,E149,E-02-042,"The animal of Seth, lying down, tail up (E21), with a wavy line of liquid running upwards and backwards over the head of the animal, ending above the head.",Classifier storm,C
HJ E149A,13A56,U+13A56,E149A,E149A,E-02-043,"The animal of Seth, lying down, tail up (E21), with a wavy line of liquid running from the tail to the front paw.",Classifier storm,C
HJ E243,13A57,U+13A57,E243,E243,E-02-044,"The animal of Seth, seated, tail up, wearing the double crown (S5).","Logogram/Phonemogram (lord, in nb.wy, the two lords Horus and Seth)",C
HJ E244,13A58,U+13A58,E244,E244,E-02-045,"The animal of Seth, lying down, tail up (E21), on top of the sky, with lines of moisture coming from it (N4).","Classifier storm, storm cloud",C
E244A,13A59,U+13A59,,,E-02-046,"The animal of Seth, lying down, tail up (E21), on top of the sky (N1).","Classifier storm, storm cloud",C
HJ E077,13A5A,U+13A5A,E77,E77,E-03-002,"An oryx, standing (E28), with a falcon (G5) on its back.","Logogram/Phonemogram (Hebenu, capital of the 16th nome of Upper Egypt)",C
HJ E205,13A5B,U+13A5B,E205,E205,E-03-004,"An oryx, standing (E28), with a falcon (G5) on its back, on top of a standard used for the carrying of religious symbols (R12) on top of a parcel of land with irrigation ditches (N24).","Logogram (Oryx nome, 16th nome of Upper Egypt)",C
HJ E072A,13A5C,U+13A5C,E72A,E72A,E-03-007,"A basket with four pieces of grain or fruit (M39) in front of an oryx, standing (E28), on top of a standard used for the carrying of religious symbols with the vertical stick at the far side (R92A).","Logogram (Oryx nome, 16th nome of Upper Egypt)",C
HJ E198,13A5D,U+13A5D,E198,E198,E-03-008,"An oryx, standing, on top of a standard used for the carrying of religious symbols on top of a parcel of land with irrigation ditches.","Logogram (Oryx nome, 16th nome of Upper Egypt)",C
HJ E073,13A5E,U+13A5E,E73,E73,E-03-010,"An oryx, lying down, legs folded under the body.",Classifier oryx,C
HJ E078,13A5F,U+13A5F,E78,E78,E-03-011,"A gazelle, lying down, legs folded under the body.",Phonemogram,C
HJ E078A,13A60,U+13A60,E78A,E78A,E-03-016,"A gazelle, lying down, three legs folded under the body, right front leg extended forwards.",Phonemogram,C
HJ E074B,13A61,U+13A61,E74B,E74B,E-03-021,,,
HJ E073C,13A62,U+13A62,E73C,E73C,E-03-024,"An oryx, lying down, legs folded under the body, head looking backwards.",Classifier (Oryx),C
E073D,13A63,U+13A63,,,E-03-026,"An oryx, lying on its back, tail in front, legs held to the belly, head looking forwards, with a knife with a triangular blade and straight handle at the back, blade towards the back.",Classifier roarer,C
HJ E076,13A64,U+13A64,E76,E76,E-03-027,"A gazelle, standing, with two horns visible.","Logogram (herd, flock)",C
HJ E076A,13A65,U+13A65,E76A,E76A,E-03-029,"A gazelle, standing, with two horns visible, with a loop of cord with the ends downwards (V7) around its neck.",Classifier noble/dignity/rank,C
E076B,13A66,U+13A66,,,E-03-031,"A gazelle, with two horns visible, about to rear.",Logogram (gazelle),C
HJ E011A,13A67,U+13A67,E11A,E11A,E-04-003,"A ram (Ovis longipes palaeo-aegyptiacus), standing, with a flagellum (S45) on its back.",Phonemogram,C
HJ E179,13A68,U+13A68,E179,E179,E-04-004,"Three rams (Ovis longipes palaeo-aegyptiacus), standing, overlapping each other.",Logogram (rams),C
E180B,13A69,U+13A69,,,E-04-006,"A ram (Ovis longipes palaeo-aegyptiacus), standing, with a beard, with N6 (The sun, encircled by a cobra (Naja haje), standing up, with expanded hood (uraeus)) on top of the horns.",Logogram (son of Re),C
HJ E181,13A6A,U+13A6A,E181,E181,E-04-008,"A ram (Ovis longipes palaeo-aegyptiacus), standing, with a beard, with a headdress consisting of two feathers and a sun disk (S76) on top of the horns.",Logogram (he of Edfu),C
HJ E191,13A6B,U+13A6B,E191,E191,E-04-011,"A ram (Ovis longipes palaeo-aegyptiacus), standing, with a beard, with a cobra (Naja haje), standing up, with expanded hood (uraeus, I64) on its horns.",Phonemogram (in bꜣ-n-rꜥ-mr.y-ꞽmn),C
HJ E223,13A6C,U+13A6C,E223,E223,E-04-012,"A ram (Ovis longipes palaeo-aegyptiacus), standing, with a beard, with the white crown (S1) on its horns.",Phonemogram,C
HJ E224,13A6D,U+13A6D,E224,E224,E-04-013,"A ram (Ovis longipes palaeo-aegyptiacus), standing, with a beard, with the red crown (S3) on its horns.",Phonemogram,C
HJ E226,13A6E,U+13A6E,E226,E226,E-04-015,"A ram (Ovis longipes palaeo-aegyptiacus), standing, without a beard, with a cobra (Naja haje), standing up, with expanded hood (uraeus)(I64) on its head, with the wings of a bird on its back, spread in a V-shape.",Logogram (to the north of),C
HJ E183,13A6F,U+13A6F,E183,E183,E-04-017,,,
HJ E184,13A70,U+13A70,E184,E184,E-04-019,"A cult image of a ram (Ovis longipes palaeo-aegyptiacus), lying down, with a beard.",Classifier ram divinity,C
HJ E011B,13A71,U+13A71,E11B,E11B,E-04-020,"A ram, standing, without horns, without beard.",Phonemogram,C
HJ E239,13A72,U+13A72,E239,E239,E-04-022,"A ram, standing, without horns, without beard, wearing the red crown (S3).",Phonemogram,C
E193A,13A73,U+13A73,,,E-04-029,"A ram (Ovis longipes palaeo-aegyptiacus), standing, with a beard, with a flagellum on its back; on top of a standard used for carrying religious symbols, with the vertical stick at the far side.",,C
E310,13A74,U+13A74,,,E-04-030,"A ram (Ovis longipes palaeo-aegyptiacus), standing, with a beard, with a headdress consisting of two feathers and a sun disk (S76) on top of the horns, with a flagellum (S45) on its back; in front of a ram (Ovis longipes palaeo-aegyptiacus), standing, with a beard, with a flagellum (S45) on its back; on top of a standard used for carrying religious symbols (R12).",?,C
HJ E103A,13A75,U+13A75,E103A,E103A,E-05-001,"A bubalis antelope, standing, head looking backwards.",Phonemogram,C
HJ E103,13A76,U+13A76,E103,E103,E-05-002,"A bubalis antelope, standing, head looking forwards.",Phonemogram,C
HJ E104,13A77,U+13A77,E104,E104,E-05-004,"A bubalis antelope, standing, head looking forwards (E103), with a cobra in repose (Naja haje), with its tail coiled up, in a single coil (I80A).",Phonemogram,C
HJ E105,13A78,U+13A78,E105,E105,E-05-005,"A bubalis antelope, standing, head looking backwards (E103A), with an African sacred ibis (Threskiornis aethiopicus) (G26A) on its back.","Logogram/Phonemogram (to make glad, to be glad)",C
HJ E009B,13A79,U+13A79,E9B,E9B,E-05-007,,,
E009D,13A7A,U+13A7A,E9A,E9A,E-05-008,"A newborn bubalis antelope, lying down, three legs folded beneath the body, right front leg extended forwards.",Phonemogram,C
HJ E009C,13A7B,U+13A7B,E9C,E9C,E-05-010,"A newborn bubalis antelope, lying down, legs folded beneath the body, short tail upwards.",Phonemogram,C
E017B,13A7C,U+13A7C,,,E-06-005,"A jackal, running, tail down.",Classifier jackal,C
HJ E227,13A7D,U+13A7D,E227,E227,E-06-006,"Two jackals, standing, tail down, overlapping each other.",Phonemogram/logogram (those that conduct),C
HJ E139,13A7E,U+13A7E,E139,E139,E-06-009,"A jackal, standing, tail down, with a feather (H6) angled forwards at its front paw.",Phonemogram,C
HJ E195,13A7F,U+13A7F,E195,E195,E-06-011,"A jackal, standing, tail down, with a feather (H6) angled backwards on its rear.",Phonemogram/logogram (many-coloured of plumage),C
HJ E294,13A80,U+13A80,E294,E294,E-06-012,"A desert plant with two branches, with a downward hanging flower at the top, written over a jackal, standing, tail down (E17).",Logogram (jackal of Upper Egypt),C
E294A,13A81,U+13A81,,,E-06-013,"A flowering sedge (M23A), written over a jackal, standing, tail down (E17); on top of a standard used for carrying religious symbols (R12).",Logogram (Wepwawet of Upper Egypt),C
HJ E141A,13A82,U+13A82,E141A,E141A,E-06-016,"A jackal, standing, tail down, head looking backwards, with a band of string or fabric around its neck, ties towards the front.",,C
E141B,13A83,U+13A83,,,E-06-017,"A jackal, standing, tail down, with a band of string or fabric around its neck, ties towards the front, hanging downwards.",Phonemogram,C
E019B,13A84,U+13A84,,,E-06-020,"A jackal, standing, tail down (E17), on top of a standard used for the carrying of religious symbols, with an uraeus and šdšd-protuberance at the front of the standard.",Logogram (Wepwawet)?,C
HJ E228,13A85,U+13A85,E228,E228,E-06-024,"Three jackals, standing, tail down, overlapping each other, bound with rope to a boat/ship with a prow and stern resembling the handle of a sickle (U1), on top of a rectangle resembling water, with an oar/rudder at the back (P28); with a god, seated, knees up, with covered legs and arms, with the head of a falcon, with a sun disk (N5) on its head, holding a tie or strap, used with sandals (ankh sign, S34), angling forward (C2) within it.",Logogram (those who conduct the bark of Re),C
HJ E014B,13A86,U+13A86,E14B,E14B,E-07-004,"A dog or hound, seated, tail up.",Phonemogram,C
HJ E015A,13A87,U+13A87,E15A,E15A,E-07-005,"A jackal, lying down, tail downwards, on top of a platform.",Logogram ((secret) image (of a god)),C
HJ E015C,13A88,U+13A88,E15C,E15C,E-07-007,"A jackal, lying down, tail downwards, with a flagellum (S45) on its back, on top of a platform.",Logogram (to make secret),C
HJ E204,13A89,U+13A89,E204,E204,E-07-008,"A jackal, lying down, tail downwards, on top of a platform, with a dagger with a rounded tip (T8) angled forwards on its front paw.",Logogram (the primary (secret) image (of a god)),C
HJ E015B,13A8A,U+13A8A,E15B,E15B,E-07-009,"A jackal, lying down, tail downwards, with a flagellum (S45) on its back.",Logogram ((secret) image (of a god)),C
E015D,13A8B,U+13A8B,,,E-07-012,"A jackal, lying down, tail downwards, with a flagellum (S45) on its back, with a sceptre (S42) on its front paws, vertically.",Classifier divinity,C
HJ E143,13A8C,U+13A8C,E143,E143,E-07-014,"A jackal, lying down, tail downwards, with a feather (H6) angled backwards on its back.",Logogram (Anubis),C
E016F,13A8D,U+13A8D,,,E-07-016,"A jackal, lying down, tail downwards, wearing a wig, on top of a shrine which widens near the top.",Logogram (Anubis),C
E016D,13A8E,U+13A8E,E16A,E16A,E-07-018,"A jackal, lying down, tail downwards, on top of a vessel with a small base and a wide rim (W77).",Logogram (Anubis),C
E016E,13A8F,U+13A8F,,,E-07-019,"A jackal, lying down, tail downwards, on top of a vessel with a small base and a wide rim (W77), with an uraeus on its front legs.",Classifier canine divinity,C
HJ E145A,13A90,U+13A90,E145A,E145A,E-07-022,,,
E145C,13A91,U+13A91,,,E-07-023,"A jackal, lying down, tail downwards, on top of a standard used for the carrying of religious symbols, consisting of a horizontal bar, vertical pole with a shorter vertical line at either side of the pole.",Classifier canine divinity,C
E145D,13A92,U+13A92,,,E-07-024,"A jackal, lying down, tail downwards, with an uraeus on its front paw, on top of a standard used for the carrying of religious symbols, consisting of a horizontal bar, vertical pole with a shorter vertical line at either side of the pole.",Classifier canine divinity,C
E019C,13A93,U+13A93,,,E-07-025,"A jackal, lying down, tail downwards (E15), on top of a standard used for the carrying of religious symbols, with an uraeus and šdšd-protuberance at the front of the standard, with a mace (T3) written horizontally over the vertical pole of the standard, mace head towards the back.",Classifier canine divinity,C
HJ E143A,13A94,U+13A94,E143A,E143A,E-07-028,"A jackal, lying down, tail downwards, with a feather (H6) angled backwards on its back (E143); on top of a standard used for the carrying of religious symbols (R12) on top of a parcel of land with irrigation ditches (N24).",Logogram (Anubis nome (17th nome of Upper Egypt)),C
HJ E143B,13A95,U+13A95,E143B,E143B,E-07-031,"A jackal, lying down, tail downwards, with a feather (H6) angled backwards on its back (E143); on top of a standard used for the carrying of religious symbols with the vertical stick at the far side (R92A) on top of a parcel of land with irrigation ditches (N24).",Logogram (Anubis nome (17th nome of Upper Egypt)),C
HJ E145,13A96,U+13A96,E145,E145,E-07-033,,,
HJ E206,13A97,U+13A97,E206,E206,E-07-034,"A jackal, lying down, tail downwards (E15), on top of the sky (N1).",Logogram (privy to the secrets),C
HJ E231,13A98,U+13A98,E231,E231,E-07-036,A cult image of a jackal.,Logogram (Anubis),C
E013C,13A99,U+13A99,,,E-08-005,"A cat, seated, tail upwards.",Logogram (cat),C
HJ E086A,13A9A,U+13A9A,E86A,E86A,E-08-006,"A cat, seated, tail curled over the body towards the back, with N6 (The sun, encircled by a cobra (Naja haje), standing up, with expanded hood (uraeus)) on top of its head.",Logogram (like Re),C
HJ E088,13A9B,U+13A9B,E88,E88,E-08-009,"A cat, seated, tail curled over the body towards the back, with its right paw on top of a triangle.",Phonemogram,C
HJ E232,13A9C,U+13A9C,E232,E232,E-08-010,"A cat, seated, tail curled over the body towards the back, with N6 (The sun, encircled by a cobra (Naja haje), standing up, with expanded hood (uraeus)) on top of its head, with a tie or strap, used with sandals (ankh sign, S34), angling forward on top of its front paw.",Logogram (given life like Re),C
E013F,13A9D,U+13A9D,,,E-08-012,"A cat, seated, tail curled over the body towards the back, with a knife with a triangular blade and straight angle at the front paw of the cat, angled forwards, sharp edge towards the front.",,C
HJ E013A,13A9E,U+13A9E,E13A,E13A,E-08-013," A cat, seated, tail curled over the body towards the back, with a flagellum on its back.",Logogram (young lioness),C
E013D,13A9F,U+13A9F,,,E-08-014," A cat, seated, tail curled over the body towards the back, right paw raised in front, holding a round loaf with four curved imprints (X6B).",Phonemogram,C
E089A,13AA0,U+13AA0,,,E-08-016,"A cat, seated, tail curled over the body towards the back, right paw raised in front, holding an oval vertically.",Phonemogram,C
E299,13AA1,U+13AA1,,,E-08-019,"A cat, seated, tail curled over the body towards the back, right paw raised in front, holding a roll of bread, with oval lines within it (X4A) vertically.",Phonemogram,C
HJ E090,13AA2,U+13AA2,E90,E90,E-08-020,"A cat, standing, tail down.",Phonemogram,C
HJ E091,13AA3,U+13AA3,E91,E91,E-08-024,"A cat, standing, tail down, on top of a shepherd's crook with a package lashed to it, with a tie above and below the package (T18), written horizontally.",,C
E311,13AA4,U+13AA4,,,E-08-025,"A cat, seated, tail upwards (F1504), on top of a stairway (O40).",Phonemogram,C
HJ E006C,13AA5,U+13AA5,E6C,E6C,E-09-001,"A horse, standing, right front leg raised.",Classifier horse,C
HJ E006A,13AA6,U+13AA6,E6A,E6A,E-09-004,"A horse, standing.",Classifier horse,C
E006E,13AA7,U+13AA7,E6,,E-09-006,"A horse, rearing, front legs nearly horizontal.",Logogram (span (of horses)/horse),C
HJ E006B,13AA8,U+13AA8,E6B,E6B,E-09-007,"A horse, rearing, front legs nearly horizontal, with a plume on its head.",Logogram (span (of horses)/horse),C
HJ E233,13AA9,U+13AA9,E233,E233,E-09-009,,,
HJ E186,13AAA,U+13AAA,E186,E186,E-10-001,"A goat, standing.",Classifier cattle,C
HJ E008B,13AAB,U+13AAB,E8B,E8B,E-10-005,"A goat, standing, without horns, without a beard, with a seal, attached to a neck string (S20), around its neck","Logogram (rank, diginity)",C
E186A,13AAC,U+13AAC,,US1E31VARA,E-10-015,,,
E031B,13AAD,U+13AAD,,E31,E-10-016,,,
HJ E080A,13AAE,U+13AAE,E80A,E80A,E-13-001,A griffin.,Classifier griffin,C
HJ E080,13AAF,U+13AAF,E80,E80,E-13-002,A griffin  with the head of a jackal. ,Logogram (griffin),C
HJ E235,13AB0,U+13AB0,E235,E235,E-14-005,"A hippopotamus (Hippopotamus amphibius) (E25), with a griffon vulture (Gyps fulvus) (G4) on its back.",Logogram (triomphator),C
HJ E236,13AB1,U+13AB1,E236,E236,E-14-006,"A hippopotamus (Hippopotamus amphibius) (E25), in front of a stem of papyrus with a bud (M13), on top of a base.",Classifier hippopotamus goddess,C
HJ E132,13AB2,U+13AB2,E132,E132,E-14-007,,,
HJ E132A,13AB3,U+13AB3,E132A,E132A,E-14-008,"A hippopotamus (Hippopotamus amphibius), with a forward, downward line of liquid coming from the mouth, with a knife with a triangular blade and straight handle (T30A) vertically on its back, blade forwards.",Classifier hippopotamus,C
HJ E133,13AB4,U+13AB4,E133,E133,E-14-009,"A hippopotamus (Hippopotamus amphibius), with a knife with a triangular blade and straight handle (T30A) on its head, blade towards the back.",Classifier animal in water,C
HJ E134,13AB5,U+13AB5,E134,E134,E-14-015,"A hippopotamus, with the limbs of a feline, head and tail of a crocodile, standing on its hind legs, front leg extended forwards.",Logogram/phonemogram (Ipet),C
HJ E134A,13AB6,U+13AB6,E134A,E134A,E-14-016,"A hippopotamus, with the limbs of a feline, head and tail of a crocodile, standing on its hind legs, front leg extended forwards (E134), upon a rolled-up herdsman's shelter of papyrus (V17).",Phonemogram/logogram (in ꞽp.t-sw.t),C
HJ E137,13AB7,U+13AB7,E137,E137,E-14-021,"A hippopotamus, with the limbs of a feline, head and tail of a crocodile, standing on its hind legs, front leg extended forwards (E134), with a headdress consisting of two plumes and a sun disk (S63A), paw upon a rolled-up herdsman's shelter of papyrus (V17).",Logogram/Phonemogram (great one (female)),C
E298,13AB8,U+13AB8,,,E-14-024,"A hippopotamus, with the limbs of a feline, head and tail of a crocodile, standing on its hind legs, front leg extended forwards (E134), with a headdress of bovine horns with a sun disk (F102), paw upon a rolled-up herdsman's shelter of papyrus (V17).",Logogram/Phonemogram (great one (female)),C
E273B,13AB9,U+13AB9,,,E-14-027,"A hippopotamus, with the limbs of a feline, head and tail of a crocodile, with a headdress consisting of two plumes and a sun disk (S63A), standing on its hind legs, front legs raised in front of the head, holding a tambourine or drum.",Logogram (to rejoice),C
HJ E283,13ABA,U+13ABA,E283,E283,E-14-030,"A hippopotamus, with the limbs of a feline, head and tail of a crocodile, standing on its hind legs, front leg extended forwards, holding a knife with a triangular blade and straight handle (T30A), blade forwards.","Logogram (first person singular, referring to Nut)",C
HJ E082,13ABB,U+13ABB,E82,E82,E-15-001,A hyena.,Classifier jackal,C
HJ E258,13ABC,U+13ABC,E258,E258,E-15-002,,,
E034G,13ABD,U+13ABD,,,E-16-002,"A desert hare, lying down, with an upward tail with a forked end.",Phonemogram,C
E034H,13ABE,U+13ABE,E34,,E-16-001,"A desert hare, lying down.",Phonemogram,C
E034C,13ABF,U+13ABF,,E34A,E-16-009,"A desert hare, lying down (E34), on top of a standard used for the carrying of religious symbols (R12)","Logogram (Hermopolis magna, 15th nome of Upper Egypt)",C
HJ E081,13AC0,U+13AC0,E81,E81,E-16-012,,,
HJ E278,13AC1,U+13AC1,E278,E278,E-17-002,"A lion, standing, tail downwards (E22), written within an dotted oval.",Logogram (lord of the two lands),C
HJ E022A,13AC2,U+13AC2,E22A,E22A,E-17-004,"A lion, standing, tail upwards.",Classifier (lion),C
HJ E200A,13AC3,U+13AC3,E200A,E200A,E-17-007,"A lion, seated, tail curled over the body towards the back.",Logogram (lion),C
HJ E023A,13AC4,U+13AC4,E23A,E23A,E-17-008,"A lion, lying down, tail upwards.",Phonemogram,C
E023B,13AC5,U+13AC5,,,E-17-009,"A lioness, lying down.",Classifier divinity (lioness),C
HJ E108A,13AC6,U+13AC6,E108A,E108A,E-17-014,,,
HJ E108,13AC7,U+13AC7,E108,E108,E-17-015,"A lion, standing, tail upwards (E22A), with a platform on its back, with a falcon with its wings spread out on top of it.",Logogram (throne dais),C
HJ E238,13AC8,U+13AC8,E238,E238,E-17-016,"A lion, standing, tail upwards (E22A), with a sun disk on its head.",Logogram (lion),C
HJ E107,13AC9,U+13AC9,E107,E107,E-17-018,,,
HJ E110,13ACA,U+13ACA,E110,E110,E-17-019,"A lion, standing, tail downwards, right front leg raised, holding a tie or strap, used with sandals (ankh sign, S34).",Logogram (living lion),C
HJ E110A,13ACB,U+13ACB,E110A,E110A,E-17-020,"A lion, standing, tail downwards, with a tie or strap, used with sandals (ankh sign, S34) on its front paw.",Logogram (living lion),C
HJ E111,13ACC,U+13ACC,E111,E111,E-17-021,"A lion, standing, tail downwards, right front leg raised, holding a knife with a triangular blade and straight handle (T30A).",Phonemogram,C
HJ E112,13ACD,U+13ACD,E112,E112,E-17-022,"A lion, standing, tail downwards, right front leg raised, holding a tall water pot (W14).",Phonemogram,C
HJ E114,13ACE,U+13ACE,E114,E114,E-17-025,"A lion, standing, tail downwards (E22), with the headpiece of a sistrum resembling a shrine on top of a Hathorian face, on top of its back.",Phonemogram,C
HJ E109,13ACF,U+13ACF,E109,E109,E-17-026,"A lion, standing, tail downwards (E22), on top of a shepherd's crook with a package lashed to it, with a tie above and below the package (T18), written horizontally. ",Logogram (to present),C
HJ E116,13AD0,U+13AD0,E116,E116,E-17-027,"A lion, standing, tail downwards (E22), wearing the double crown (S5).","Logogram/phonemogram (king of Upper Egypt and Lower Egypt, lord)",C
E116A,13AD1,U+13AD1,,,E-17-030,"A lion, standing, tail downwards (E22), with N6 (The sun, encircled by a cobra (Naja haje), standing up, with expanded hood (uraeus)) on its head.",Logogram (in the construction sꜣ-rꜥ nb ḫꜥ.w),C
HJ E240,13AD2,U+13AD2,E240,E240,E-17-032,"A lioness, lying down, with a stick with a circular inset (P11A) on its back.","Logogram (Mehyt, divinity)",C
HJ E241,13AD3,U+13AD3,E241,E241,E-17-036,"A lioness, lying down, tail raised, on top of a shrine which widens near the top.",Logogram (Pachet),C
HJ E117,13AD4,U+13AD4,E117,E117,E-17-039,"A lion, lying down, tail curled over the body towards the back, with a forward, downward line of liquid coming from the mouth.",Phonemogram tf and phonemogram r,C
E118A,13AD5,U+13AD5,,,E-17-041,"A lion, lying down, wearing the red crown (S3), tail curled over the body towards the back.",Phonemogram,C
E312,13AD6,U+13AD6,,,E-17-043,"A lion, standing, tail in the form of a cobra (Naja haje), standing up, with expanded hood (uraeus).",Classifier divinity,C
HJ E120,13AD7,U+13AD7,E120,E120,E-17-044,"A lion, lying down, tail curled over the body towards the back, with a wide cup (W10) on the front paw.","Logogram (to give, to place)",C
HJ E121,13AD8,U+13AD8,E121,E121,E-17-047,"A lion, lying down, tail curled over the body towards the back, with a knife with a triangular blade and straight handle (T30A) on the front paw.",Phonemogram,C
HJ E122,13AD9,U+13AD9,E122,E122,E-17-048,"A lion, lying down, tail curled over the body towards the back, with a feather (H6) on the front paw.",Phonemogram,C
E302,13ADA,U+13ADA,,,E-17-051,"A lion, lying down, tail curled over the body towards the back, with a head-cloth (S56) on the front paw.",Phonemogram (in ꜣwtwkrtr),C
HJ E120A,13ADB,U+13ADB,E120A,E120A,E-17-052,"A lion, lying down, tail curled over the body towards the back, with N6 (The sun, encircled by a cobra (Naja haje), standing up, with expanded hood (uraeus)) on its head, with a wide cup (W10) on the front paw.",Logogram (Re),C
HJ E124,13ADC,U+13ADC,E124,E124,E-17-054,,,
HJ E127,13ADD,U+13ADD,E127,E127,E-17-055,"A lion, lying down, tail curled over the body towards the back, on top of a standard used for the carrying of religious symbols (R12).","Logogram (Matit, goddess of 12th nome of Upper Egypt)",C
HJ E125,13ADE,U+13ADE,E125,E125,E-17-058,"A lion, lying down, tail curled over the body towards the back, rear half enclosed in a rectangle which is open at the front.",Logogram (door bolt),C
HJ E242,13ADF,U+13ADF,E242,E242,E-17-060,"A lion, lying down, tail curled over the body towards the back, with the sun disk (N5) on its back.",Logogram (every day),C
HJ E266,13AE0,U+13AE0,E266,E266,E-17-062,"A lion, lying down, tail curled over the body towards the back, on top of a shrine which widens towards the top, with a cloth wound on a pole, an emblem of divinity (R8) behind the lion, angling slightly backwards.",Logogram (Pachet),C
E295,13AE1,U+13AE1,E295,,E-17-063,"A lion, lying down, tail curled over the body towards the back, with a pole/staff with the head of a falcon with the sun disk on the head; on the front paw of the lion.",Phonemogram,C
E313,13AE2,U+13AE2,,,E-17-065,"A lion, standing, tail down, on some structure resembling the letter I with downward sloping extensions at the top.",Phonemogram,C
E314,13AE3,U+13AE3,,,E-17-066,"A lion, standing on its hind legs, foreleg extended forwards, holding a knife with a triangular blade and straight handle (T30A).",Logogram (to make holy),C
E314A,13AE4,U+13AE4,,,E-17-067,"A lion, standing on its hind legs, forelegs extended forwards, holding a stick in each paw, tail raised upwards.",Classifier aggressive like a lion,C
HJ E024A,13AE5,U+13AE5,E24A,E24A,E-18-002,"A panther or leopard, in a running posture.",Classifier leopard,C
E024B,13AE6,U+13AE6,,,E-18-003,"A panther or leopard, standing, head angled downwards, looking towards the reader.","Phonemogram/logogram (rage, anger)",C
E282A,13AE7,U+13AE7,,,E-19-005,"A pig, standing on its hind legs, with a forward, downward angling dotted line coming from the mouth, ending in a human mouth, seen from the side; on top of a sand covered mountain over the edge of the cultivated areas (N26).","Logogram (Tefrer, geographical location)",C
E035A,13AE8,U+13AE8,E35,E35,E-20-006,"A hamadryas baboon (Papio hamadryas), seated, hands on knees, tail folded under the rear.",Classifier monkey (divinity),C
E035B,13AE9,U+13AE9,,,E-20-010,"A hamadryas baboon (Papio hamadryas), seated, hands on knees, tail folded under the rear, with a feather (H6) on its knee, angled forwards.",Logogram (Thot),C
E036B,13AEA,U+13AEA,E36,E36,E-20-011,"A hamadryas baboon (Papio hamadryas), seated, arms forward, holding an eye, with the markings of the head of a falcon (D10).",Logogram (king (of Upper Egypt)),C
E037B,13AEB,U+13AEB,E37,E37,E-20-013,"A hamadryas baboon (Papio hamadryas), seated, arms forward, holding a bowl for incense with smoke rising from the bowl (R7).",Phonemogram,C
HJ E037A,13AEC,U+13AEC,E37A,E37A,E-20-014,"A hamadryas baboon (Papio hamadryas), seated, arms forward, holding a bowl for incense, with two pellets of incense, with smoke rising from the bowl (R7C).",Phonemogram,C
E038A,13AED,U+13AED,E38,E38,E-20-015,"A hamadryas baboon (Papio hamadryas), seated, arms forward, holding a vertical stick which is forked at the top.",Logogram (scribe),C
HJ E039,13AEE,U+13AEE,E39,E39,E-20-016,"A hamadryas baboon (Papio hamadryas), seated, arms forward, holding a stick, angled towards the face.","Logogram (to write, to inscribe)",C
E040A,13AEF,U+13AEF,,,E-20-017,"A hamadryas baboon (Papio hamadryas), seated, arms forward, holding a palm branch, stripped of leaves and notched with a round notch, with the notch towards the body.",Logogram (New Year's Day),C
HJ E042,13AF0,U+13AF0,E42,E42,E-20-020,"A hamadryas baboon (Papio hamadryas), seated, arms forward, holding a staff (S43).","Logogram (to speak words, to recite)",C
HJ E048,13AF1,U+13AF1,E48,E48,E-20-021,"A hamadryas baboon (Papio hamadryas), seated, wearing the red crown (S3), arms forward, holding a staff (S43).",Logogram (recitation by),C
HJ E043,13AF2,U+13AF2,E43,E43,E-20-022,,,
HJ E044,13AF3,U+13AF3,E44,E44,E-20-023,,,
HJ E270,13AF4,U+13AF4,E270,E270,E-20-024,"A hamadryas baboon (Papio hamadryas), seated, arms forward, holding a piece of flesh, point down, curving backwards (F51B).",Phonemogram,C
HJ E196,13AF5,U+13AF5,E196,E196,E-20-025,"A hamadryas baboon (Papio hamadryas), seated, arms forward, holding a round vessel with an upstanding rim (W24).",Phonemogram,C
HJ E247,13AF6,U+13AF6,E247,E247,E-20-026,,,
E045A,13AF7,U+13AF7,,,E-20-034,"A hamadryas baboon (Papio hamadryas), seated, hands on knees, tail folded under the rear (E35), in front of a sheath or receptacle with V shaped indentation at the top, on top of a base, with a forward curved line coming from the indentation (V36K); on top of a basket (V30).",Classifier ritual object,C
HJ E046,13AF8,U+13AF8,E46,E46,E-20-036,"A hamadryas baboon (Papio hamadryas), seated, hands on knees, tail folded under the rear (E35), in front of a sheath or receptacle with V shaped indentation at the top (V98), on top of a rectangular base.",Logogram (symbol of the cycle of time),C
HJ E046A,13AF9,U+13AF9,E46A,E46A,E-20-037,"A hamadryas baboon (Papio hamadryas), seated, hands on knees, tail folded under the rear (E35), in front of a long, cup-shaped object with a vertical line of dots inside it, on top of a rectangular base. ",Logogram (symbol of the cycle of time),C
HJ E047,13AFA,U+13AFA,E47,E47,E-20-038,"A hamadryas baboon (Papio hamadryas), seated, wearing the red crown (S3), arms forward, hand palm upwards.",Phonemogram,C
E047A,13AFB,U+13AFB,,,E-20-039,"A hamadryas baboon (Papio hamadryas), seated, hands on knees, tail folded under the rear, wearing the red crown (S3).",Phonemogram,C
HJ E049,13AFC,U+13AFC,E49,E49,E-20-040,,,
HJ E050,13AFD,U+13AFD,E50,E50,E-20-041,,,
HJ E194,13AFE,U+13AFE,E194,E194,E-20-042,"A hamadryas baboon (Papio hamadryas), seated, with a cobra (Naja haje), standing up, with expanded hood (uraeus) (I64) on its head.",Logogram (lady of writing),C
E301,13AFF,U+13AFF,,,E-20-045,"A hamadryas baboon (Papio hamadryas), seated, arms forward, holding a spiral, winding counterclockwise away from its central point, ending at the right lower corner after about one and a half turns (Z7).",Phonemogram,C
HJ E051,13B00,U+13B00,E51,E51,E-20-046,"A baboon, standing on it hind legs, tail down, arms raised in front, forearms nearly vertical, hand palms outwards.",Logogram (to be good),C
E051B,13B01,U+13B01,,,E-20-047,"A monkey, standing on its hind legs, tail down, arms raised in front, forearms nearly vertical, hand palms outwards.",Logogram (to be good),C
HJ E051A,13B02,U+13B02,E51A,E51A,E-20-048,"A hamadryas baboon (Papio hamadryas), standing on its hind legs, tail down, arms raised in front, forearms nearly vertical, hand palms outwards.",Classifier baboon,C
HJ E053,13B03,U+13B03,E53,E53,E-20-050,"A baboon, standing on its hind legs, tail down, arms downwards, hands at the height of the waist, hand palms downwards.",Phonemogram,C
HJ E054,13B04,U+13B04,E54,E54,E-20-052,,,
HJ E057,13B05,U+13B05,E57,E57,E-20-054,"A baboon, standing on its hind legs, tail down, arms extended forwards, holding a knife with a triangular blade and straight handle (T30A), blade facing outwards.",Classifier monkey,C
HJ E058A,13B06,U+13B06,E58A,E58A,E-20-056,,,
HJ E058,13B07,U+13B07,E58,E58,E-20-057,"A baboon, standing on its hind legs, tail down, arms extended forwards, left forearm horizontal, holding the face of a human man (D2), with the right arm angling over it.",Logogram/phonemogram (beautiful of face),C
HJ E060,13B08,U+13B08,E60,E60,E-20-059,"A baboon, standing on its hind legs, tail down, arms extended forwards, left forearm horizontal, holding a palm branch, stripped of leaves and notched with a sharp notch (M4B), with the notch inwards, right hand between the head and the palm branch, hand palm outwards.",Logogram (good year),C
HJ E061,13B09,U+13B09,E61,E61,E-20-060,,,
E061A,13B0A,U+13B0A,,,E-20-061,"A baboon, standing on its hind legs, tail down, arms extended forwards, holding a palm branch, stripped of leaves, with multiple sharp notches (M4A), on top of a half round loaf of bread (X1), with the curve outwards.",Logogram (New Year's Day),C
HJ E063,13B0B,U+13B0B,E63,E63,E-20-063,"A baboon, standing on its hind legs, tail down, arms extended forwards, left forearm horizontal, holding a windpipe and heart, with a single horizontal stroke at the top (F35), with the right arm angled upwards with the hand near the tops stroke.",Phonemogram,
E063B,13B0C,U+13B0C,,,E-20-064,"Two baboons, standing on their hind legs, tail down, facing each other, arms extended forwards, left forearm horizontal, holding the same windpipe and heart, with a single horizontal stroke at the top (F35), with the right arm angled upwards with the hand near the tops stroke.",Phonemogram,C
HJ E063A,13B0D,U+13B0D,E63A,E63A,E-20-065,"A baboon, wearing the white crown (S1), standing on its hind legs, tail down, arms extended forwards, left forearm horizontal, holding a windpipe and heart, with a single horizontal stroke at the top (F35), with the right arm angled upwards with the hand near the tops stroke.",Phonemogram,C
E063C,13B0E,U+13B0E,,,E-20-066,"A baboon, standing on its hind legs, tail down, arms extended forwards, forearm horizontal, hand horizontal, hand palm upwards, holding a windpipe and heart, with a single horizontal stroke at the top (F35).",Phonemogram,C
HJ E066,13B0F,U+13B0F,E66,E66,E-20-069,"A baboon, standing on its hind legs, tail down, arms extended forwards, left forearm horizontal, holding a lotus flower with a bud at either side, with a long vertical stem, with the right hand above the flower.",Logogram/phonemogram (the beautiful lotus flower),C
HJ E067,13B10,U+13B10,E67,E67,E-20-070,,,
HJ E068,13B11,U+13B11,E68,E68,E-20-072,"A baboon, standing on its hind legs, tail down, right arm extended forwards, forearm horizontal, hand palm upwards, holding a column imitating a bundle of stalks tied together (R11), with a folded piece of cloth, short section outwards below the right hand; left arm extended backwards, hand at the height of the shoulder, hand palm upwards, supporting a quail chick (G43).",Phonemogram,C
E070A,13B12,U+13B12,,,E-20-076,"A baboon, dancing, right leg vertical, left leg raised, left knee in front of the right leg, left foot behind the right leg, right arm extended forwards and downwards, holding an ornamental chevaux de frise on top of walls, with a circle dividing the top and base (Aa30), of nearly the size of the baboon near the base of the ornament. ",Logogram (to adorn) or Logogram (to be friendly),C
HJ E248,13B13,U+13B13,E248,E248,E-20-078,"A baboon, seated on a block, tail down, arms extended forward.",?,C
HJ E130,13B14,U+13B14,E130,E130,E-21-001,A mouse.,Classifier mouse,C
HJ E151A,13B15,U+13B15,E151A,E151A,E-22-001," A lion, lying down, with the face of a man, with a long, curved beard and coif.",Logogram (lord),C
HJ E151,13B16,U+13B16,E151,E151,E-22-003," A lion, lying down, with the face of a man, with a long, curved beard and coif, with an uraeus on its forehead.",Logogram (lord),C
HJ E153,13B17,U+13B17,E153,E153,E-22-006," A lion, lying down, with the face of a man, with a long, curved beard and coif, with N6 (The sun, encircled by a cobra (Naja haje), standing up, with expanded hood (uraeus)) on its head. ",Logogram rꜥ and nb (in sꜣ-rꜥ nb ḫꜥ.w),C
HJ E156,13B18,U+13B18,E156,E156,E-22-008,"A lion, lying down, with the face of a man, with a long, curved beard and coif, with the sun, with a cobra (Naja haje), standing up, with expanded hood (uraeus) at either side (N6B), on its head.","Logogram (king of Upper Egypt and Lower Egypt, lord)",C
HJ E154,13B19,U+13B19,E154,E154,E-22-009,"A lion, lying down, with the face of a man, with a long, curved beard and coif, wearing the double crown (S6) and with uraeus on the forehead.",Logogram (lord of the two lands),C
HJ E157A,13B1A,U+13B1A,E157A,E157A,E-22-012," A lion, lying down, with the face of a man, with a long, curved beard and coif (E151A), with a tie or strap, used with sandals (ankh sign, S34) on its front paw.",Logogram (living image),C
HJ E157,13B1B,U+13B1B,E157,E157,E-22-013," A lion, lying down, with the face of a man, with a long, curved beard and coif, with an uraeus on its forehead (E151), with a tie or strap, used with sandals (ankh sign, S34) on its front paw.",Logogram (living image),C
E158A,13B1C,U+13B1C,,,E-22-015," A lion, lying down, with the face of a man, with a two-barbed harpoon, with a handle on the shaft (T21A), vertically on its front paw, handle inwards.",Logogram (the sole/unique lord),C
HJ E158,13B1D,U+13B1D,E158,E158,E-22-016," A lion, lying down, with the face of a man, with a long, curved beard and coif, with an uraeus on its forehead (E151), with a two-barbed harpoon, with a handle on the shaft (T21A), vertically on its front paw, handle outwards.",Logogram (the sole/unique lord),C
E303A,13B1E,U+13B1E,,,E-22-018," A lion, lying down, with the face of a man, with a sceptre with a straight shaft, topped with the head of the Seth animal vertically on the front paw.",Logogram (lord),C
HJ E159,13B1F,U+13B1F,E159,E159,E-22-019,,,
E276A,13B20,U+13B20,,,E-22-024," A lion, lying down, with the face of a man, with a long, curved beard and coif, with an uraeus on its forehead (E151), with a vessel on its front paw.",Phonemogram,C
E274A,13B21,U+13B21,,,E-22-027,"A lion, lying down, with the face of a man, with a long, curved beard and coif (E151A), on top of a wickerwork basket (V30).",Logogram (lord),C
HJ E159B,13B22,U+13B22,E159B,E159B,E-22-029," A lion, lying down, with the face of a man, with a long, curved beard and coif, with an uraeus on its forehead, on top of a base, front paw holding a sealed ointment jar, without ties (W2) in its front paw, with the jar resting on the base.",Logogram (presenting myrrh),C
HJ E154A,13B23,U+13B23,E154A,E154A,E-22-030,"A cult image of a lion, lying down, on a base, with the head of a man, with a long-curved beard and coif, with an uraeus on its forehead, wearing the double crown (S5).","Logogram (image, referring to the king)",C
HJ E162,13B24,U+13B24,E162,E162,E-22-032,,,
HJ E152,13B25,U+13B25,E152,E152,E-22-033," A lion, lying down, with the face of a man, with a long, curved beard and coif, with an uraeus on its forehead (E151), on top of a shrine.",Logogram (image),C
E259B,13B26,U+13B26,,,E-22-036,"A lion, standing, tail upwards, with the head of a human man, with a coif or headdress running partly over its back.",Logogram (lord),C
HJ C274A,13B27,U+13B27,C274A,C274A,E-22-041,The forepart of a sphinx.,Classifier divinity Aker,C
HJ C274B,13B28,U+13B28,C274B,C274B,E-22-042,"Two foreparts of sphinxes, connected back-to-back.",Classifier divinity Aker,C
HJ E164,13B29,U+13B29,E164,E164,E-23-003,,,
HJ E170,13B2A,U+13B2A,E170,E170,E-23-004,,,
HJ E001C,13B2B,U+13B2B,E1C,E1C,E-23-007,"A bovid (bull), running.",Classifier Hapy,C
HJ E219,13B2C,U+13B2C,E219,E219,E-23-009,"A bovid (bull), standing, right front leg raised.",Phonemogram,C
HJ E167,13B2D,U+13B2D,E167,E167,E-23-013,"Two bovids (oxen), standing, overlapping each other, in front of a plough (U13).",Logogram (yoke of oxen),C
HJ E169,13B2E,U+13B2E,E169,E169,E-23-016,"A bovid (bull), standing, with the red crown (S3) between the horns.",Phonemogram,C
HJ E171,13B2F,U+13B2F,E171,E171,E-23-018,"A bovid (bull), standing, with a folded piece of cloth around its neck (V60), with a headdress consisting of a sun disk with two feathers (S76) between its horns.",Classifier bull (specifically in kꜣ-ḥḏ (the (sacred) white bull),C
E001F,13B30,U+13B30,,,E-23-020,"A bovid (bull), standing, with a forward, downward line coming from the mouth.","Classifier bovid (steer, ox, cattle, male animal)",C
E174I,13B31,U+13B31,,,E-23-021,"A bovid, standing, with a feather (H6) on its back, angled backwards.","Classifier glad, pleased",C
HJ E174,13B32,U+13B32,E174,E174,E-23-024,"A bovid (bull), lying down, legs folded beneath the body, tail downwards.","Classifier bovid (steer, ox, cattle, male animal)",C
HJ E174E,13B33,U+13B33,E174E,E174E,E-23-025,"A bovid (cow), lying down, legs folded beneath the body, right front leg extended forwards.",Logogram (cow),C
E174H,13B34,U+13B34,,,E-23-026,"A bovid (bull), lying down, legs folded beneath the body, tail upwards.",Logogram (bull),C
E174G,13B35,U+13B35,,,E-23-027,"A bovid (bull), lying down, legs folded beneath the body, tail upwards, with a knife with a triangular blade and straight handle (T30A) vertically on its back, blade forwards.",Logogram (sacrificial steer),C
HJ E174A,13B36,U+13B36,E174A,E174A,E-23-028,"A bovid (bull), lying down, legs folded beneath the body, tail downwards, with a knife with a triangular blade and straight handle (T30A) vertically on its back, blade forwards.",Logogram (sacrificial steer),C
HJ E174D,13B37,U+13B37,E174D,E174D,E-23-029,"A bovid (bull), lying down, legs folded beneath the body, tail downwards, with a knife with a triangular blade and straight handle (T30A) vertically on its back, blade backwards.",Classifier (Seth),C
HJ E175,13B38,U+13B38,E175,E175,E-23-030,"A bovid (bull), lying down, legs folded beneath the body, tail upwards, head looking backwards, with a knife with a triangular blade and straight handle (T30A) vertically on its back, blade forwards. ",Logogram (sacrificial steer),C
HJ E176,13B39,U+13B39,E176,E176,E-23-032,"A bovid (bull), legs bound together, tail downwards.",Classifier (to fall),C
HJ E174C,13B3A,U+13B3A,E174C,E174C,E-23-033,,,
E315,13B3B,U+13B3B,,,E-23-035,"A butchered bovid without head or legs, tail coiling upwards, with a knife with a triangular blade and a straight handle (T30A) angled at the top, blade backwards, and a knife angled at the bottom, blade backwards.",Classifier slaughter?,C
HJ E165,13B3C,U+13B3C,E165,E165,E-23-036,"A bull, standing, head lowered, tail down, left front leg bent, with a line running from the left front leg hoof over the head of the bull.",Classifier prepare to attack,C
HJ E199A,13B3D,U+13B3D,E199A,E199A,E-23-038,,,
HJ E201,13B3E,U+13B3E,E201,E201,E-23-040,"A pustule or gland, or a packet of mummy bandages (Aa2), in front of a bovid (bull), standing (E1); on top of a standard used for the carrying of religious symbols (R12).",Logogram (11th nome of Lower Egypt),C
E207A,13B3F,U+13B3F,,,E-23-042,"The hill country over the edge of the cultivated areas (N25) in front of a bovid (bull), standing (E1), on top of a standard used for the carrying of religious symbols (R12).",Logogram (6th nome of Lower Egypt),C
HJ E207,13B40,U+13B40,E207,E207,E-23-043,"The hill country over the edge of the cultivated areas (N25) in front of a bovid (bull), standing (E1), on top of a standard used for the carrying of religious symbols (R12) on top of a parcel of land with irrigation ditches (N24).",Logogram (6th nome of Lower Egypt),C
HJ E209,13B41,U+13B41,E209,E209,E-23-044,"A cover of a quiver, with a vertical loop on top (Aa18A), in front of a bovid (bull), standing (E1), on top of a standard used for the carrying of religious symbols (R12).",Logogram (Cynopolis nome),C
HJ E210,13B42,U+13B42,E210,E210,E-23-045,"The head of a human man, seen in profile, with a short straight beard, in front of a bovid (bull), standing (E1), on top of a standard used for the carrying of religious symbols (R12).",Logogram (12th nome of Lower Egypt),C
HJ E173,13B43,U+13B43,E173,E173,E-23-054,"A bovid (bull), standing (E1), on top of a sledge (U15).",Classifier divinity,C
HJ E092A,13B44,U+13B44,E92A,E92A,E-23-056,"A cow, looking backwards.",Phonemogram (in ꜣms-ꞽb (to rejoice)),C
HJ E094A,13B45,U+13B45,E94A,E94A,E-23-063,"A bovid (cow), lying down, legs folded beneath the body, tail down, with the head and front legs of a calf protruding from the cow.",Phonemogram,C
HJ E101,13B46,U+13B46,E101,E101,E-23-065,"A cult image of a bovid (cow), lying down.",Classifier cow divinity,C
HJ E005B,13B47,U+13B47,E5B,E5B,E-23-068,"A bovid (cow), standing, head facing backwards, looking over its back, with a calf below the cow, suckling.",Phonemogram (in ꜣms-ꞽb),C
HJ E094,13B48,U+13B48,E94,E94,E-23-069,"A bovid (cow), standing, tail raised with the head and front legs of a calf protruding from the cow.",Phonemogram,C
HJ E095,13B49,U+13B49,E95,E95,E-23-073,"A bovid, standing, tail down, with the sun disk (N5) between the horns.",Logogram (lady),C
E095C,13B4A,U+13B4A,,,E-23-076,"A bovid, standing, tail down, with N6 (The sun, encircled by a cobra (Naja haje), standing up, with expanded hood (uraeus)), between the horns, with the uraeus occurring in front of the horns. ",Logogram (Re and lord (in sꜣ-rꜥ nb ḫꜥ.w)),C
HJ E097,13B4B,U+13B4B,E97,E97,E-23-079,,,
HJ E255,13B4C,U+13B4C,E255,E255,E-23-081,"A bovid (bull?), standing, with a headdress consisting of a base with multiple plumes coming from it between the horns.",Logogram (cattle),C
E280A,13B4D,U+13B4D,,,E-23-083,"A bovid, standing, tail down, with the double crown (S5) between the horns.","Logogram (king of Upper Egypt and Lower Egypt, lord)",C
HJ E100A,13B4E,U+13B4E,E100A,E100A,E-23-084,"A bovid (cow), lying down, legs folded beneath the body, with a flagellum (S45) on its back.",Classifier cow divinity,C
E102D,13B4F,U+13B4F,,,E-23-087,"A bovid, lying down, legs folded beneath the body, with N6 (The sun, encircled by a cobra (Naja haje), standing up, with expanded hood (uraeus)), between the horns, with the uraeus occurring in front of the horns. ",Logogram (Re and lord (in sꜣ-rꜥ nb ḫꜥ.w)),C
HJ E101A,13B50,U+13B50,E101A,E101A,E-23-089,"A cult image of a bovid (cow), lying down, with a flagellum (S45) on its back.",Classifier cow divinity,C
HJ E102A,13B51,U+13B51,E102A,E102A,E-23-090,"A cult image of a bovid (cow), lying down, with a sun disk (N5) between the horns, with a flagellum (S45) on its back.",Classifier cow divinity,C
E004B,13B52,U+13B52,E4,,E-23-092,,,
E099A,13B53,U+13B53,,,E-23-094,"A bovid (bull), standing (E1), on top of a standard used for the carrying of religious symbols (R12).",Phonemogram (in km-wr),C
HJ E290,13B54,U+13B54,E290,E290,E-23-095,"A piece of crocodile skin with horizontal spines, or tail of a crocodile (I6), in front of a bovid (bull), standing (E1); on top of a standard used for the carrying of religious symbols (R12).",Logogram (10th nome of Lower Egypt),C
HJ E291,13B55,U+13B55,E291,E291,E-23-096,,,
HJ E254,13B56,U+13B56,E254,E254,E-23-097,"A newborn bubalis antelope, lying down, legs folded beneath the body, long tail downwards (E9), in front of a bovid (bull), standing (E1); on top of a standard used for the carrying of religious symbols (R12).",Logogram (12th nome of Lower Egypt),C
HJ E001A,13B57,U+13B57,E1A,E1A,E-25-002,"A bovid (bull), standing, without horns.",Classifier (bull),C
E268A,13B58,U+13B58,,,E-25-008,"A bovid (bull), without horns, legs bound together, tail downwards.","Logogram (bull, beef)",C
HJ E083,13B59,U+13B59,E83,E83,E-26-001,Some type of mouse-like animal.,classifier divinity (Ash-spitter),C
HJ E178,13B5A,U+13B5A,E178,E178,E-26-002,"A mythological animal with the head of a crocodile, the foreparts of a lion, and the hindquarters of a hippopotamus.",Classifier Ammet,C
HJ E131,13B5B,U+13B5B,E131,E131,E-26-003,A rhinoceros.,Classifier rhinoceros,C
F053C,13B5C,U+13B5C,F53,F53,F-01-002,"The head of a donkey/ass, with the ears in a v shape.",Phonemogram,C
F053D,13B5D,U+13B5D,,,F-01-004,"The head of a donkey/ass, with the ears angled backwards.",Phonemogram,C
HJ F055,13B5E,U+13B5E,F55,F55,F-01-005,,,
HJ F054,13B5F,U+13B5F,F54,F54,F-01-007,"The forepart of a donkey, ears in a V-shape, lower leg bent backwards.",Phonemogram,C
HJ F007B,13B60,U+13B60,F7B,F7B,F-02-001,"The head of a ram, without horns or forward curving horns.","Logogram (worth, dignity, renown)",C
F007D,13B61,U+13B61,,,F-02-002,"The head of a ram, without horns or forward curving horns, with the neck curving downwards.",Classifier ram,C
HJ F007C,13B62,U+13B62,F7C,F7C,F-02-003,"The head of a ram (Ovis longipes palaeo-aegyptiacus), without beard.","Classifier worth, dignity, renown",C
HJ F007A,13B63,U+13B63,F7A,F7A,F-02-006,"The head of a ram (Ovis longipes palaeo-aegyptiacus), with beard, with a sun disk (N5) on top of the horns.","Classifier worth, dignity, renown",C
HJ F164,13B64,U+13B64,F164,F164,F-02-007,"The head of a ram (Ovis longipes palaeo-aegyptiacus), with beard, with two feather-like plumes (S78) on top of the horns.","Logogram (worth, dignity, renown)",C
F164A,13B65,U+13B65,,,F-02-008,"The head of a ram (Ovis longipes palaeo-aegyptiacus), with beard, with the Atef crown (S8A) on top of the horns.",Classifier (Atef crown),C
HJ F170,13B66,U+13B66,F170,F170,F-02-010,"The forepart of a ram (Ovis longipes palaeo-aegyptiacus), with beard, with a second head looking backwards.","Logogram (worth, dignity, renown)",C
HJ F008A,13B67,U+13B67,F8A,F8A,F-02-011,"The forepart of a lion with the head of a ram (Ovis longipes palaeo-aegyptiacus), with beard.","Logogram (worth, dignity, renown)",C
HJ F008B,13B68,U+13B68,F8B,F8B,F-02-012,"The forepart of a ram (Ovis longipes palaeo-aegyptiacus), with beard, with a uraeus on top of the horns.","Classifier worth, dignity, renown",C
HJ F058,13B69,U+13B69,F58,F58,F-02-017,"Four heads of rams (Ovis longipes palaeo-aegyptiacus) with necks, connected two-by-two to each other, forming a cross-shape.",Logogram (the eight primordial gods),C
F001D,13B6A,U+13B6A,,,F-03-003,"The head of a bovid (ox) with outwards curving horns, with a short vertical stroke under the chin (beard?).",Logogram (bull),C
F001C,13B6B,U+13B6B,F1A,F1A,F-03-005,"A head of a bovid (ox), as seen from the front.",Phonemogram,C
HJ F002A,13B6C,U+13B6C,F2A,F2A,F-03-006,"The head of a bovid (bull), angled forward as if to attack with a cobra (Naja haje), standing up, with expanded hood (uraeus), between its horns.",Classifier rage/aggression,C
HJ F061,13B6D,U+13B6D,F61,F61,F-03-007,"The head of a bovid (ox), with a forward, downward line coming from the mouth.",Phonemogram,C
F061A,13B6E,U+13B6E,,,F-03-008,"The head of a bovid (ox), with a rope around the nose, angling downwards and backwards.",Logogram (bull),C
HJ F002B,13B6F,U+13B6F,F2B,F2B,F-03-009,The forepart of a bovid (ox).,Classifier,C
HJ F116,13B70,U+13B70,F116,F116,F-03-011,"The head of a bovid (ox), connected to a foreleg of a bovid (ox), hoof orientated away from the reading direction (F24).",Classifier Ursa Major constellation,C
F063C,13B71,U+13B71,,,F-03-015,"The head of a bovid (cow), without horns, with an ear, with a short vertical line under the chin (beard?).",Logogram (bull),C
HJ F063A,13B72,U+13B72,F63A,F63A,F-03-016,"The head of a bovid (cow), without horns, without an ear.",Classifier nose,C
F063B,13B73,U+13B73,,,F-03-017,"Two heads of a bovid (cow), without horns, without an ear, facing each other.",Classifier kissing,C
HJ E177,13B74,U+13B74,E177,E177,F-03-019,"The foreparts of a bovid, connected at the back, standing.",Classifier double doors,C
E177B,13B75,U+13B75,,,F-03-021,"Two foreparts of a bovid, connected at the back, lying down, legs extended forwards, horizontally.",Logogram (double doors),C
HJ F067A,13B76,U+13B76,F67A,F67A,F-04-001,"The head of a jackal, with a loop of rope around the neck, ties at the front.",Phonemogram,C
F067M,13B77,U+13B77,,,F-04-005,"The head of a jackal, looking backwards, with the neck curving towards the back, over a horizontal line.",Phonemogram,C
HJ F067B,13B78,U+13B78,F67B,F67B,F-04-006,"The head of a jackal, neck curving forwards, with line of string around the neck, with a loop above ties at the back.",Phonemogram,C
HJ F067D,13B79,U+13B79,F67D,F67D,F-04-008,"The head of a jackal, looking backwards, with the neck curving towards the back, written over a band of string or fabric (V12).",Phonemogram,C
HJ F068A,13B7A,U+13B7A,F68A,F68A,F-04-010,,,
F068C,13B7B,U+13B7B,,,F-04-011,"A mace (T3) written horizontally over the neck of a head of a jackal, looking backwards, with the neck curving towards the back, with the mace head towards the back.",Phonemogram,C
HJ F068B,13B7C,U+13B7C,F68B,F68B,F-04-012,"A mace (T3), written over the neck of a head of a jackal, neck curving forwards, mace head towards the back.",Phonemogram,C
HJ F069,13B7D,U+13B7D,F69,F69,F-04-013,The head of a jackal.,Logogram (jackal),C
HJ F071,13B7E,U+13B7E,F71,F71,F-04-014,,,
HJ F070,13B7F,U+13B7F,F70,F70,F-04-015,"The head of a jackal on a cup-like base, with two arms, raised in front, hand palms forwards.",Logogram (Ennead),C
HJ F070C,13B80,U+13B80,F70C,F70C,F-04-019,,,
HJ F012A,13B81,U+13B81,F12A,F12A,F-05-002,"The head and neck of a canine animal, with a forked end to the neck.",Phonemogram,C
HJ F011A,13B82,U+13B82,F11A,F11A,F-05-005,"The head and neck of a long-necked horned animal, with a forked end to the neck.",Logogram (throat),C
F011B,13B83,U+13B83,,,F-05-006,"The head and neck of a long-necked horned animal, with a horizontal line written over the neck, near the bottom.",Logogram (throat),C
HJ F066,13B84,U+13B84,F66,F66,F-05-007,,,
F012B,13B85,U+13B85,,,F-05-010,"The head and neck of a canine animal, on top of a stick.",Phonemogram,C
HJ F078,13B86,U+13B86,F78,F78,F-05-032,"The head of a canine, on top of legs in a walking posture, feet orientated towards the reading direction (D54).",Phonemogram,C
HJ F081,13B87,U+13B87,F81,F81,F-06-001,The head of an antelope.,Logogram (gazelle),C
HJ F082,13B88,U+13B88,F82,F82,F-06-002,"A mouth (D21), written over the neck of the head of an antelope (F81).",Phonemogram,C
HJ F083,13B89,U+13B89,F83,F83,F-06-003,"A representation of two ribs, written parallel (Aa15), written over the neck of the head of an antelope (F81).",Phonemogram,C
HJ F085,13B8A,U+13B8A,F85,F85,F-06-006,The head of an oryx.,Logogram (antilope),C
HJ F086,13B8B,U+13B8B,F86,F86,F-06-010,"A mouth (D21), written over the neck of the head of a bubalis antelope.",Phonemogram,C
HJ F088,13B8C,U+13B8C,F88,F88,F-06-012,The head of a Nubian ibex (Capra nubiana).,Logogram (ibex),C
HJ F089,13B8D,U+13B8D,F89,F89,F-06-014,,,
HJ F084,13B8E,U+13B8E,F84,F84,F-06-015,The head of a gazelle.,Phonemogram,C
HJ F003A,13B8F,U+13B8F,F3A,F3A,F-07-004,A simplified head of a hippopotamus.,Phonemogram,C
HJ F154,13B90,U+13B90,F154,F154,F-08-002,Head of a lion/lioness,Phonemogram,C
HJ F092,13B91,U+13B91,F92,F92,F-08-010,"The forepart of a lion, lying down (F4), wearing a headdress consisting of two feathers on top of the horns of a ram, with a cobra (Naja haje), standing up, with expanded hood (uraeus), with sun disks its head on either side of the feathers, orientated outwards (S74).","Logogram (to distinguish) and (beginning, front)",C
HJ F004A,13B92,U+13B92,F4A,F4A,F-08-011,"The forepart of a lion, standing.","Logogram (beginning, front)",C
HJ E128,13B93,U+13B93,E128,E128,F-08-014,"Two foreparts of lions, lying down, connected back-to-back.",Classifier Haker festival,C
HJ E129,13B94,U+13B94,E129,E129,F-08-015,"Two foreparts of lions, lying down, connected back-to-back, with a sun disk (N5) on their back.",Logogram (Khonsu),C
HJ F090,13B95,U+13B95,F90,F90,F-08-016,The head of a leopard with a uraeus on top of it.,Classifier strength,C
HJ F093B,13B96,U+13B96,F93B,F93B,F-08-017,,,
HJ F097,13B97,U+13B97,F97,F97,F-09-001,"A sledge with the forepart of a donkey/ass, with one leg.",Phonemogram,C
F097C,13B98,U+13B98,,,F-09-002,"A sledge with the forepart of a donkey/ass, with one leg and only one ear, angled forwards.",Phonemogram,C
HJ F098,13B99,U+13B99,F98,F98,F-09-003,,,
HJ F098A,13B9A,U+13B9A,F98A,F98A,F-09-004,"A sledge with the forepart of a horse, with one leg, with a rectangular block on the sledge.",Phonemogram,C
HJ F098D,13B9B,U+13B9B,F98D,F98D,F-09-005,"A sledge with the forepart of a horse, with two legs.",Phonemogram,C
HJ F097B,13B9C,U+13B9C,F97B,F97B,F-09-006,"A sledge with the forepart of a donkey/ass, with two legs, one raised, one bent backwards.",Phonemogram,C
HJ F098B,13B9D,U+13B9D,F98B,F98B,F-09-009,A sledge with the head of a horse.,Phonemogram,C
F098E,13B9E,U+13B9E,F98E,,F-09-010,,,
F098F,13B9F,U+13B9F,,,F-09-012,"A sledge with the head of a donkey/ass, with only one ear, angled forwards.",Phonemogram,C
HJ F098C,13BA0,U+13BA0,F98C,F98C,F-09-014,"A sledge with the head of a horse, with the vertical lines of the sledge extending beyond the top line.",Phono-repeater,C
HJ F100,13BA1,U+13BA1,F100,F100,F-10-001,The head of an elephant.,Phonemogram,C
HJ F080,13BA2,U+13BA2,F80,F80,F-10-002,Head of a hyena.,Classifier hyena,C
F003B,13BA3,U+13BA3,,,F-10-003,The head of an animal with the ears backwards.,Logogram (rage),C
HJ F173,13BA4,U+13BA4,F173,F173,F-11-007,"A palm branch, stripped of leaves and notched with a round notch (M4), written within the horns of a bovid (F13), on top of an alabaster basin with a diamond shaped inner marking (W3).",Logogram (New Year's Day),C
HJ F014A,13BA5,U+13BA5,F14A,F14A,F-11-009,"A palm branch, stripped of leaves, with multiple sharp notches (M4A), written within the horns of a bovid (F13). ",Logogram (New Year's Day),C
HJ F102,13BA6,U+13BA6,F102,F102,F-11-011,"A large sun disk (N5), written within the horns of a bovid (F13). ",Phonemogram (commonly in wp-rnp.t),C
HJ O044A,13BA7,U+13BA7,O44A,O44A,F-11-022,,,
HJ F177,13BA8,U+13BA8,F177,F177,F-11-035,,,
F190,13BA9,U+13BA9,,,F-11-037,"The horns of a bovid (ox), upside-down, enclosing a fire-drill in a piece of wood (U28).",Logogram (the one who awakes whole),C
HJ F107,13BAA,U+13BAA,F107,F107,F-12-001,The horns of a goat.,Phonemogram,C
HJ F107A,13BAB,U+13BAB,F107A,F107A,F-12-002,"The horns of a goat, on a base resembling a half round loaf of bread (X1).",Phonemogram,C
HJ F018B,13BAC,U+13BAC,F18B,F18B,F-14-004,,,
HJ F018A,13BAD,U+13BAD,F18A,F18A,F-14-005,,,
F187,13BAE,U+13BAE,,,F-14-006,"A tusk, with vertical lines over the tusk.",Logogram (to be true),C
HJ F112,13BAF,U+13BAF,F112,F112,F-14-008,,,
HJ F121,13BB0,U+13BB0,F121,F121,F-14-009,,,
HJ F122,13BB1,U+13BB1,F122,F122,F-14-010,,,
HJ F019B,13BB2,U+13BB2,F19B,F19B,F-15-002,A lower jawbone of an animal with pointed teeth.,Classifier jaw,C
HJ F020B,13BB3,U+13BB3,F20B,F20B,F-16-003,"A tongue, with the stroke at the back pointing upwards.",Phonemogram,C
F020D,13BB4,U+13BB4,,,F-16-005,"A tongue, without a stroke at the back.",Phonemogram,C
HJ F020A,13BB5,U+13BB5,F20A,F20A,F-16-009,A wide tongue.,Phonemogram,C
F021F,13BB6,U+13BB6,F21A,F21A,F-17-006,"The ear of a bovid (ox), with internal detail.","Logogram to hear, to listen",C
HJ F178,13BB7,U+13BB7,F178,F178,F-18-002,"The hindquarters of a seated lion or leopard, on top of a standard used for carrying religious symbols (R12).",Logogram (magic),C
HJ F025A,13BB8,U+13BB8,F25A,F25A,F-19-001,"The leg and hoof of a bovid (ox), bent at the top.",Phonemogram,C
F114B,13BB9,U+13BB9,,,F-19-005,"The leg and hoof of a bovid (ox), foreleg nearly horizontal, thigh muscle widened.",Classifier thigh,C
HJ F115,13BBA,U+13BBA,F115,F115,F-19-011,,,
HJ F119,13BBB,U+13BBB,F119,F119,F-19-012,The thigh of a bovid (ox).,,
HJ F114,13BBC,U+13BBC,F114,F114,F-19-017,"The leg and hoof of a bovid (ox), bent at the ankle.",Phonemogram,C
F025C,13BBD,U+13BBD,,,F-19-018,"The leg and hoof of a bovid (ox), with a cross (Z9) written above it.",Logogram (to repeat),C
HJ F118,13BBE,U+13BBE,F118,F118,F-19-019,The paw and foreleg of a lion.,Phonemogram,C
F025D,13BBF,U+13BBF,,,F-19-020,"The leg of a chair or table, resembling the paw and foreleg of a lion.",Phonemogram,C
F118E,13BC0,U+13BC0,,,F-19-023,A schematic representation of a lion's paw.,Phonemogram,C
HJ F118B,13BC1,U+13BC1,F118B,F118B,F-19-024,,,
HJ F118C,13BC2,U+13BC2,F118C,F118C,F-19-025,"A lion's paw and foreleg, horizontally.",Phonemogram,C
HJ F118A,13BC3,U+13BC3,F118A,F118A,F-19-026,A lion's paw.,Phonemogram,C
HJ F158A,13BC4,U+13BC4,F158A,F158A,F-19-028,"The thigh of a bovid (ox), on top of a standard used for the carrying of religious symbols (R12).",Logogram (Letopolis),C
HJ F124,13BC5,U+13BC5,F124,F124,F-20-002,"A gray heron (Ardea cinerea) (G31), on top of the skin of a goat (F26).",Phonemogram,C
F124B,13BC6,U+13BC6,,,F-20-004,"A human headed bird, with a flagellum (S45) on its shoulder (G53C), on top of the skin of a goat (F26).",Phonemogram,C
HJ F027A,13BC7,U+13BC7,F27A,F27A,F-20-007,Three triangles of skin with a tail.,Classifier animal,C
HJ F027B,13BC8,U+13BC8,F27B,F27B,F-20-008,"The skin of a cow, with the top of the skin a lot wider than the bottom, with the tail curved backwards.",Phonemogram,C
F027C,13BC9,U+13BC9,,,F-20-010,"The skin of a cow, with downward ties at the sides, with the tail angled forwards.",Classifier animal,C
HJ F125,13BCA,U+13BCA,F125,F125,F-20-013,The skin of a leopard.,Classifier leopard skin,C
HJ F123,13BCB,U+13BCB,F123,F123,F-20-014,A hoof.,Classifier hoof,C
HJ F029C,13BCC,U+13BCC,F29C,F29C,F-20-017,"The skin of a cow, with the tail hanging straight down, about to be pierced by an arrow (T11A).",Phonemogram,C
F029D,13BCD,U+13BCD,,,F-20-019,"The skin of a cow, with the tail hanging straight down, pierced by an arrow with rectangular fletching (T11A).",Phonemogram,C
HJ M223,13BCE,U+13BCE,M223,M223,F-20-027,"The body of a bird with the head replaced with a flower and stem, the stem curling backwards around a flower and long stem in a vase.",Phonemogram,C
HJ F127,13BCF,U+13BCF,F127,F127,F-20-029,"The skin of a goat, wrapped around a pole.",Phonemogram,C
HJ F030A,13BD0,U+13BD0,F30A,F30A,F-20-032,A water skin without ties at the opening.,Phonemogram,C
HJ F030B,13BD1,U+13BD1,F30B,F30B,F-20-033,"A water skin without ties at the opening, and a loop at the back.",Phonemogram,C
F030C,13BD2,U+13BD2,,,F-20-034,A water skin with a carrying strap.,"Logogram (skin, water skin)",C
F031B,13BD3,U+13BD3,,,F-20-040,"A simplified representation of three skins of foxes, tied together at the top.",Phonemogram,C
HJ F128,13BD4,U+13BD4,F128,F128,F-21-001,"The udder of a cow, seen from the side.",Classifier back/end,C
F032A,13BD5,U+13BD5,,,F-21-004,"The udder and tail of an animal, seen from below, represented as a mace or spindle-like object.",Phonemogram,C
HJ F033B,13BD6,U+13BD6,F33B,F33B,F-22-002,A simplified form of the tail of an animal.,Phono-repeater,C
HJ F131,13BD7,U+13BD7,F131,F131,F-23-005,"A heart (F34), written inside a circle/oval.",Phonemogram,C
HJ F132,13BD8,U+13BD8,F132,F132,F-23-007,A heart with downward hanging loops on either side.,Phonemogram,C
HJ F132C,13BD9,U+13BD9,F132C,F132C,F-23-009,,,
HJ F132B,13BDA,U+13BDA,F132B,F132B,F-23-012,"An oval, enclosed by a band which curves outwards at the ends.",Phonemogram,C
HJ F131B,13BDB,U+13BDB,F131B,F131B,F-23-013,"A heart (F34), written inside a brazier (Q7E).",Phonemogram,C
HJ F132A,13BDC,U+13BDC,F132A,F132A,F-23-014,"A heart, with two downward hanging bands coming from the top.",Phonemogram,C
F035B,13BDD,U+13BDD,,,F-24-001,"A windpipe and heart, with a double horizontal stroke at the top.",Phonemogram,C
HJ F035A,13BDE,U+13BDE,F35A,F35A,F-24-005,"A windpipe and heart, without a horizontal stroke at the top.",Phonemogram,C
F036D,13BDF,U+13BDF,,,F-24-007,"A windpipe and lungs, with a broad horizontal bar on top.",Phonemogram,C
HJ R026A,13BE0,U+13BE0,R26A,R26A,F-24-023,"A windpipe and lungs (F36), with a flower written under the horizontal bar, on each side, with the stems crossing over the windpipe.",Phonemogram,C
R026D,13BE1,U+13BE1,R26,R26,F-24-024,"A windpipe and lungs (F36), with a wide cup on each side of the lungs, from which two flowers, simple buds on the left, flowering buds on the right, one vertical, the other crossing the windpipe, come to angle downwards on top of the vertical flower on the other side.",Phonemogram,C
HJ R026B,13BE2,U+13BE2,R26B,R26B,F-24-026,"A windpipe and lungs (F36), with a stem of papyrus with a flowering bud (M127) left of the windpipe and a stem of papyrus with a bud (M13) right of the windpipe, both beneath the horizontal bar.",Logogram (who unites the two lands),C
HJ F172,13BE3,U+13BE3,F172,F172,F-25-001,"A vertebra with a tall spine on top, seen lengthwise.",Classifier (backbone),C
F038E,13BE4,U+13BE4,,,F-25-003,"A piece of spine with four vertebrae, angling forwards.","Classifier back, backbone",C
HJ F038B,13BE5,U+13BE5,F38B,F38B,F-25-004,"A piece of spine with four vertebrae, angling forwards, with a horizontal line over the spines. ","Classifier back, backbone",C
HJ F037C,13BE6,U+13BE6,F37C,F37C,F-25-007,"A spine with three ribs, connected to each other.",Classifier cutting/slaughter,
HJ F037M,13BE7,U+13BE7,F37M,F37M,F-25-010,"A spine with four ribs, written at an angle, with a circle at either end of the spine.",Phono-repeater,C
F037P,13BE8,U+13BE8,,,F-25-012,A spine with three ribs.,Classifier cutting,C
HJ F037F,13BE9,U+13BE9,F37F,F37F,F-25-020,"A spine with five ribs, written at an angle.","Classifier shreds, pieces",C
F037Q,13BEA,U+13BEA,,,F-25-023,"A spine with six ribs, written at an angle.",Phono-repeater,C
HJ F037L,13BEB,U+13BEB,F37L,F37L,F-25-027,"A spine with four ribs, connected to each other.",Phonemogram,
F039A,13BEC,U+13BEC,,F39A,F-25-035,"A spine, with the spinal cord hanging out at the backside, with three blocks at the bottom.",Phonemogram,C
HJ F040A,13BED,U+13BED,F40A,F40A,F-25-044,,,
HJ F040E,13BEE,U+13BEE,F40E,F40E,F-25-049,"A spine with the spinal cord hanging out at either side, the vertebrae represented as a rectangle.","Logogram (to be long, to stretch out)",C
HJ F040B,13BEF,U+13BEF,F40B,F40B,F-25-053,"A spine, with the spinal cord hanging out at either side, from the middle of the vertebrae.","Logogram (to be long, to stretch out)",C
HJ F041C,13BF0,U+13BF0,F41C,F41C,F-26-003,"A stack of ribs, on top of an upside-down cone.",Classifier rib (offering),C
HJ F041B,13BF1,U+13BF1,F41B,F41B,F-26-004,"A stack of ribs, written over an upside-down cone.","Logogram (slaughter, evil)",C
HJ F041A,13BF2,U+13BF2,F41A,F41A,F-26-005,"A stack of ribs, written behind an upside-down cone.","Logogram (slaughter, evil)",C
HJ F042B,13BF3,U+13BF3,F42B,F42B,F-26-008,A stack of ribs.,Classifier rib (offering),C
F043A,13BF4,U+13BF4,,,F-26-011,A vertebra.,,C
HJ AA034,13BF5,U+13BF5,Aa34,Aa34,F-26-015,"A representation of two ribs, written parallel (Aa15), written on top of legs in a walking posture, feet orientated towards the reading direction (D54).","Logogram (to bring, present, offer, go)",C
HJ AA034A,13BF6,U+13BF6,Aa34A,Aa34A,F-26-020,"A representation of two ribs, written parallel (Aa15) with the opening to the front, written on top of legs in a walking posture, feet orientated towards the reading direction (D54).","Phonemogram and classifier movement (in thm (to tread, to penetrate))",C
HJ F140,13BF7,U+13BF7,F140,F140,F-27-007,"A leg-bone with meat, with sections of meat missing at the back.",Phono-repeater,C
HJ F161,13BF8,U+13BF8,F161,F161,F-27-008,A haunch of meat with an indentation at either side of the back.,Classifier meat,C
HJ F141,13BF9,U+13BF9,F141,F141,F-27-009,"A leg bone with meat, angled with the bone forward, with a piece of meat missing at the front.",,C
HJ F142,13BFA,U+13BFA,F142,F142,F-27-010,A leg-bone with meat (F44) on top of a wide cup (W10).,Classifier offering meat,C
HJ F113,13BFB,U+13BFB,F113,F113,F-27-015,"A piece of meat, angled backwards, tapering of near the top.",Phonemogram,C
HJ F147,13BFC,U+13BFC,F147,F147,F-27-016,"A piece of meat, with a tapered end on either side.",Logogram (limb),C
HJ F046B,13BFD,U+13BFD,F46B,F46B,F-28-008,"An intestine, in a rectangular form, opening at the front, with the internal line running from the left bottom corner to the top right corner.",Phonemogram,C
HJ F144,13BFE,U+13BFE,F144,F144,F-28-009,"An intestine, with the opening to the top left (F46A), written on top of legs in a walking posture, feet orientated towards the reading direction (D54).",Phonemogram (in m-pẖr),C
HJ F144A,13BFF,U+13BFF,F144A,F144A,F-28-010,"An intestine, with the opening to the top right (F47A), written on top of legs in a walking posture, feet orientated towards the reading direction (D54).","Logogram (to go round, to turn round)",C
HJ F144B,13C00,U+13C00,F144B,F144B,F-28-011,"An intestine, with the opening to the bottom left (F47), written on top of legs in a walking posture, feet orientated towards the reading direction (D54).","Logogram (to go round, to turn round)",C
HJ AA003A,13C01,U+13C01,Aa3A,Aa3A,F-30-004,"A pustule or gland, with a forward, downward dotted line of fluid issuing forth.",Classifier scent,C
HJ AA003B,13C02,U+13C02,Aa3B,Aa3B,F-30-009,"A pustule or gland without blobs at the side, with a forward, downward dotted line of fluid issuing forth.",Classifier scent,C
Aa001C,13C03,U+13C03,,,F-31-004,"A human placenta (a circle with multiple horizontal lines written within, which do not connect to the circle.",Phonemogram,C
Aa001D,13C04,U+13C04,,,F-31-005,A circle with a broad dot inside.,Phonemogram or Classifier enemy,C
HJ D279,13C05,U+13C05,D279,D279,F-32-001,A liver.,Classifier liver,C
HJ F146,13C06,U+13C06,F146,F146,F-32-002,,,
HJ F130,13C07,U+13C07,F130,F130,F-32-005,A talon or fang.,Classifier (talons or fangs),C
HJ F139,13C08,U+13C08,F139,F139,F-32-006,"A vertebra, seen lengthwise.",Classifier spine,C
HJ AA052,13C09,U+13C09,Aa52,Aa52,F-32-008,"Some type of mat or bag, or woven material, representing an oval with two vertical lines coming from the top, which curve downwards.",Phonemogram,C
HJ AA053,13C0A,U+13C0A,Aa53,Aa53,F-32-010,"A loop in which the lines do not overlap, with conical end-pieces.",Phonemogram,C
HJ G034A,13C0B,U+13C0B,G34A,G34A,G-01-002,"An ostrich (Struthio camelus), with one wing downwards and one wing upwards.",Logogram (ostrich),C
HJ G228,13C0C,U+13C0C,G228,G228,G-01-003,,,
HJ G004A,13C0D,U+13C0D,G4A,G4A,G-02-004,"A long-legged buzzard (Buteo rufinus), with a lappet.",,C
HJ G068,13C0E,U+13C0E,G68,G68,G-04-002,"A pintail duck (Anas acuta), with a dotted circle around its head.",Logogram (to tremble),C
HJ G068A,13C0F,U+13C0F,G68A,G68A,G-04-010,"A pintail duck (Anas acuta), written within a dotted oval/circle.",Classifier to tremble,C
HJ G039A,13C10,U+13C10,G39A,G39A,G-04-012,"A pintail duck (Anas acuta), with a lappet.",Phonemogram (like in ḫsbd lapis-lazuli),C
G039B,13C11,U+13C11,,,G-04-013,"A pintail duck (Anas acuta), with a lappet, with a flagellum over its shoulder.",Logogram (soul),C
HJ G276,13C12,U+13C12,G276,G276,G-04-014,,,
G276A,13C13,U+13C13,,,G-04-015,"A pintail duck (Anas acuta), with the beak open.",Phono-repeater,C
G330,13C14,U+13C14,,,G-04-022,"A feather (H6), in front of a pintail duck (G39)/goose (G38), on top of a base.",Phonemogram,C
HJ G040A,13C15,U+13C15,G40A,G40A,G-05-002,"A greater white-fronted goose (Anser albifrons), flying, with a wing at either side of its body (G40), on top of a standard used for the carrying of religious symbols with the vertical stick at the far side (R92A).",Logogram (Sepa),C
HJ G305,13C16,U+13C16,G305,G305,G-05-004,"A greater white-fronted goose (Anser albifrons), standing, with a wing at either side of its body.",Phonemogram,C
HJ G072,13C17,U+13C17,G72,G72,G-05-005,"A greater white-fronted goose (Anser albifrons), flying, with a wing at either side of its body (G40), written within a dotted oval/circle.",Logogram (to tremble),C
HJ G073,13C18,U+13C18,G73,G73,G-05-009,"A greater white-fronted goose (Anser albifrons), standing, with an open beak, with a wing at either side of its body, seen from behind.",Phonemogram,C
HJ G041A,13C19,U+13C19,G41A,G41A,G-05-012,"A greater white-fronted goose (Anser albifrons), head looking downwards, legs extended, both wings behind the body.",Logogram (to destroy),C
G080A,13C1A,U+13C1A,,,G-05-014,"A greater white-fronted goose (Anser albifrons), standing, head looking downwards, open beak, wings behind the body, spread apart.",Classifier,C
HJ G074,13C1B,U+13C1B,G74,G74,G-05-015,"A greater white-fronted goose (Anser albifrons), standing, wings behind the body.",Phonemogram,C
HJ G075A,13C1C,U+13C1C,G75A,G75A,G-05-018," A feather (H6), in front of a greater white-fronted goose (Anser albifrons), alighting or flying up, with both wings behind the body (G41), on top of a strip of land, with three grains of sand written beneath it (N16).",Phonemogram,C
G075B,13C1D,U+13C1D,,,G-05-019," A feather (H6), in front of a greater white-fronted goose (Anser albifrons), alighting or flying up, with both wings behind the body (G41), on top of a strip of land, with three grains of sand written beneath it, arranged horizontally, and a tongue of land (N21) written on either side of the grains of sand (N16A).",Phonemogram,C
HJ G076,13C1E,U+13C1E,G76,G76,G-05-020,,,
HJ G076A,13C1F,U+13C1F,G76A,G76A,G-05-021,"Three ducks or geese, without wings, standing, overlapping each other vertically, rotated 90 degree.",Phonemogram,C
HJ G078,13C20,U+13C20,G78,G78,G-05-023,"Three ducks or geese, both wings above the body, standing, overlapping each other vertically, rotated 90 degree.",Phonemogram,C
HJ G081,13C21,U+13C21,G81,G81,G-06-001,"A greater white-fronted goose (Anser albifrons), alighting or flying up, with both wings behind the body (G41), with a downward angling rope around the neck, connected to a pole resembling a throwing-stick, or a club used by foreign people (T14).",Phonemogram,C
HJ G082,13C22,U+13C22,G82,G82,G-06-002,"A greater white-fronted goose (Anser albifrons), standing, wings behind the body (G74), with a downward angling rope around the neck, connected to a pole resembling a throwing-stick, or a club used by foreign people (T14).",Phonemogram,C
HJ G083,13C23,U+13C23,G83,G83,G-06-004,"A greater white-fronted goose (Anser albifrons), standing (G38), with a downward angling rope around the neck, connected to a pole resembling a throwing-stick, or a club used by foreign people (T14).",Phonemogram,C
HJ G084,13C24,U+13C24,G84,G84,G-06-007,,,
G172,13C25,U+13C25,,G172,G-08-003,"A greater white-fronted goose (Anser albifrons), with a protruding feather at the back of the bird.",Phonemogram,C
HJ G167,13C26,U+13C26,G167,G167,G-08-004,,,
HJ G168,13C27,U+13C27,G168,G168,G-08-007,"Three ducks or geese, overlapping each other, front duck or goose looking forwards, back ducks or geese looking backwards.",Phonemogram,C
HJ G173,13C28,U+13C28,G173,G173,G-08-012,"A greater white-fronted goose (Anser albifrons), head angled downwards, with open beak.",Phono-repeater,C
HJ G174,13C29,U+13C29,G174,G174,G-08-013,"A greater white-fronted goose (Anser albifrons), with a protruding feather on top of the head.",Phonemogram,C
HJ G175,13C2A,U+13C2A,G175,G175,G-08-014,"A duck or goose, seated upon a bed with leonine legs and tail.","Classifier lying, sleeping, spending the night",C
HJ G254,13C2B,U+13C2B,G254,G254,G-08-021,"A greater white-fronted goose (Anser albifrons), head angled downwards, with the neck making a loop, with open beak.",Phonemogram,C
HJ G017C,13C2C,U+13C2C,G17C,G17C,G-09-002,,,
HJ G017D,13C2D,U+13C2D,G17D,G17D,G-09-003,"An owl, legs drawn towards the body, with a human face.",Phonemogram,C
HJ G017A,13C2E,U+13C2E,G17A,G17A,G-09-030,"A schematic representation of an owl, legs drawn towards the body, with the head replaced by two upward lines.",Phonemogram,C
HJ G017B,13C2F,U+13C2F,G17B,G17B,G-09-031,"A schematic representation of an owl, legs drawn towards the body, with the head replaced by an upwards line and one forward line.",Phonemogram,C
G017F,13C30,U+13C30,,,G-09-033,"A schematic representation of an owl, legs drawn towards the body, with the head represented by a blob with two upward lines.",Phonemogram/phono-repeater,C
HJ G307,13C31,U+13C31,G307,G307,G-10-003,"A great cormorant (Phalacrocorax carbo), with two ticks on its head.",Phonemogram,C
HJ G166,13C32,U+13C32,G166,G166,G-11-004,,,
HJ G300,13C33,U+13C33,G300,G300,G-11-005,"A black ibis (Plegadis falcinellus), head down, tip of the beak at the level of the toes.",Phonemogram,C
HJ G029A,13C34,U+13C34,G29A,G29A,G-11-009,"A saddle-billed stork (Ephippiorhynchus senegalensis), without lappet.",Phonemogram,C
HJ G255,13C35,U+13C35,G255,G255,G-11-010,,,
G029D,13C36,U+13C36,,,G-11-012,"A saddle-billed stork (Ephippiorhynchus senegalensis), with lappet (G29), with a bowl for incense with smoke rising from the bowl (R7) written in front of the legs.",Phonemogram,C
HJ G029B,13C37,U+13C37,G29B,G29B,G-11-014,"A saddle-billed stork (Ephippiorhynchus senegalensis), without lappet (G29A), with a flagellum (S45) on its back.",Logogram (soul),C
G029C,13C38,U+13C38,,,G-11-015,"A saddle-billed stork (Ephippiorhynchus senegalensis), with lappet (G29), with a flagellum (S45) on its back.",Logogram (soul),C
HJ G227,13C39,U+13C39,G227,G227,G-11-017,,,
HJ G030A,13C3A,U+13C3A,G30A,G30A,G-11-019,"Three saddle-billed storks (Ephippiorhynchus senegalensis), overlapping each other, without lappets.","Logogram (might, power)",C
HJ G225,13C3B,U+13C3B,G225,G225,G-11-020,,,
HJ G225A,13C3C,U+13C3C,G225A,G225A,G-11-021,"A saddle-billed stork (Ephippiorhynchus senegalensis), without lappet (G29A), on top of a hoe with a rope connecting the two pieces, written horizontally (U7).","Logogram (to hack up, to open up (the earth))",C
HJ G298,13C3D,U+13C3D,G298,G298,G-11-023,,,
HJ G299,13C3E,U+13C3E,G299,G299,G-11-025,,,
G299B,13C3F,U+13C3F,,,G-11-027,"A cattle egret (Bubulus ibis), legs drawn towards the body, with a line ending in an upwards curl coming horizontally from the back, the curl extending to the level of the tail.",,C
HJ G033A,13C40,U+13C40,G33A,G33A,G-11-029,A cattle egret (Bubulcus ibis) with a lappet.,Phonemogram,C
HJ G222,13C41,U+13C41,G222,G222,G-11-032,,,
HJ G224,13C42,U+13C42,G224,G224,G-11-035,,,
G224A,13C43,U+13C43,,,G-11-036,"A vulturine guineafowl (Acryllium vulturinum), without internal detail.",Phonemogram,C
HJ G212,13C44,U+13C44,G212,G212,G-11-040,,,
HJ G051A,13C45,U+13C45,G51A,G51A,G-11-042,"A cattle egret (Bubulcus ibis), standing, with a fish in its beak.",Phonemogram,C
G051B,13C46,U+13C46,,,G-11-044,"A bird, standing, its neck making a loop, head looking down.",Phonemogram,C
HJ G213,13C47,U+13C47,G213,G213,G-11-045,"A cattle egret (Bubulcus ibis), with a bent neck, with the head facing towards the body.",Classifier bird offering,C
HJ G213A,13C48,U+13C48,G213A,G213A,G-11-046,"A cattle egret (Bubulcus ibis), with a bent neck, with the head facing towards the body, with a line over its neck (mutilation).","Classifier destroy, to destroy (in this case specifically in ḥtm.yt, place of execution)",C
HJ G213B,13C49,U+13C49,G213B,G213B,G-11-047,"A cattle egret (Bubulcus ibis), with a bent neck, with the head facing towards the body, and legs drawn towards the body.","Logogram (bird, fowl)",C
HJ G031A,13C4A,U+13C4A,G31A,G31A,G-11-051,A gray heron (Ardea cinerea) with a lappet.,Phonemogram,C
HJ G211,13C4B,U+13C4B,G211,G211,G-11-052,"Three gray herons (Ardea cinerea), overlapping each other.","Logogram (might, power)",C
HJ G211A,13C4C,U+13C4C,G211A,G211A,G-11-053,"Three gray herons (Ardea cinerea) with lappets, overlapping each other.",Logogram/phonemogram (in ḥw.t-bꜣ.w (room in the Esna temple)),C
HJ G025A,13C4D,U+13C4D,G25A,G25A,G-11-054,"A crested ibis (Ibis comata), with a crest of two long feathers on the head.",Phonemogram,C
G031J,13C4E,U+13C4E,,,G-11-055,"A gray heron (Ardea cinerea) (G31), on top of a standard used for the carrying of religious symbols with the vertical stick at the far side (R92A). ",Logogram (god),C
G031F,13C4F,U+13C4F,,,G-11-056,"A gray heron (Ardea cinerea) (G31), with a flagellum (S45) on its back.",Logogram (god),C
HJ G031E,13C50,U+13C50,G31E,G31E,G-11-058,"A gray heron (Ardea cinerea) (G31), with a flagellum (S45) on its back; on top of a standard used for the carrying of religious symbols with the vertical stick at the far side (R92A). ",Logogram (god),C
HJ G215,13C51,U+13C51,G215,G215,G-11-060,"A gray heron (Ardea cinerea), legs drawn towards the body.",Logogram (to inundate),C
HJ G217A,13C52,U+13C52,G217A,G217A,G-11-062,"A gray heron (Ardea cinerea), legs drawn towards the body, with a flagellum (S45) on its back; on top of a standard used for the carrying of religious symbols with the vertical stick at the far side (R92A). ",Logogram (soul),C
HJ G216,13C53,U+13C53,G216,G216,G-11-063,,,
HJ G216B,13C54,U+13C54,G216B,G216B,G-11-065,"A gray heron (Ardea cinerea), legs drawn towards the body (G215), with the claws on top of the hill country over the edge of the cultivated areas (N25).",Logogram (to inundate),C
HJ G216A,13C55,U+13C55,G216A,G216A,G-11-066,"A gray heron (Ardea cinerea), legs drawn towards the body (G215), with the claws on top of a sand covered mountain over the edge of the cultivated areas (N26).",Logogram (to inundate),C
G216D,13C56,U+13C56,,,G-11-067,"A gray heron (Ardea cinerea), legs drawn towards the body (G215), with a flagellum (S45) on its back; with the claws on top of a sand covered mountain over the edge of the cultivated areas (N26).",Logogram (inundation),C
HJ G217,13C57,U+13C57,G217,G217,G-11-069,"A gray heron (Ardea cinerea), legs drawn towards the body (G215), on top of a standard used for the carrying of religious symbols with the vertical stick at the far side (R92A). ",Logogram (god),C
HJ G031D,13C58,U+13C58,G31D,G31D,G-11-074,A gray heron (Ardea cinerea) with a single straight feather on its head and a lappet.,Phonemogram,C
HJ G031B,13C59,U+13C59,G31B,G31B,G-11-076,A gray heron (Ardea cinerea) with a single feather on its head.,Classifier heron,C
G321,13C5A,U+13C5A,,,G-11-077,A gray heron (Ardea cinerea) with a downward curve tip at the beak and two feathers on its head.,Phonemogram,C
HJ G190,13C5B,U+13C5B,G190,G190,G-11-082,"A crested ibis (Ibis comata), with a spiral, winding counterclockwise away from its central point, ending at the right lower corner after about one and a half turns (Z7) on its claws.",Phonemogram,C
HJ G026C,13C5C,U+13C5C,G26C,G26C,G-11-087,"An African sacred ibis (Threskiornis aethiopicus) (G26A), with a flagellum (S45) on its shoulder, on top of a standard used for the carrying of religious symbols with the vertical stick at the far side (R92A). ",Logogram (god),C
G026E,13C5D,U+13C5D,,,G-11-088,"An African sacred ibis (Threskiornis aethiopicus) (G26A), on top of a standard used for the carrying of religious symbols with the vertical stick at the far side (R92A). ",Logogram (Thot),C
HJ G278,13C5E,U+13C5E,G278,G278,G-11-094,"An African sacred ibis (Threskiornis aethiopicus) (G26A), with a feather (H6), angled forward, on its toe.",Logogram (to be excellent),C
HJ G191,13C5F,U+13C5F,G191,G191,G-11-096,"A feather (H6), in front of an African sacred ibis (Threskiornis aethiopicus) (G26A), on top of a standard used for the carrying of religious symbols with the vertical stick at the far side (R92A). ",Logogram (Thot),C
HJ G191A,13C60,U+13C60,G191A,G191A,G-11-097,"A feather (H6), in front of an African sacred ibis (Threskiornis aethiopicus) (G26A), with a flagellum (S45) on its back; on top of a standard used for the carrying of religious symbols with the vertical stick at the far side (R92A). ",Logogram (god),C
HJ G192,13C61,U+13C61,G192,G192,G-11-106,,,
HJ G195,13C62,U+13C62,G195,G195,G-11-108,"An African sacred ibis (Threskiornis aethiopicus), legs drawn towards the body.",Logogram (Thot),C
HJ G195A,13C63,U+13C63,G195A,G195A,G-11-109,"An African sacred ibis (Threskiornis aethiopicus), legs drawn towards the body (G195), with a flagellum (S45) on its back.",Logogram (Thot),C
HJ G196,13C64,U+13C64,G196,G196,G-11-110,"An African sacred ibis (Threskiornis aethiopicus), legs drawn towards the body, with a flagellum on its back (G195A), with a feather (H6), angled forwards, on its toe.",Logogram (god),C
HJ G196A,13C65,U+13C65,G196A,G196A,G-11-111,"An African sacred ibis (Threskiornis aethiopicus), legs drawn towards the body (G195), with a feather (H6), angled forwards, on its toe.",Logogram (Thot),C
HJ G197,13C66,U+13C66,G197,G197,G-11-112,"An African sacred ibis (Threskiornis aethiopicus), legs drawn towards the body, with the wings extended on either side of the body.",Phonemogram,C
HJ G198,13C67,U+13C67,G198,G198,G-11-113,"An African sacred ibis (Threskiornis aethiopicus), legs drawn towards the body (G195), on top of a standard used for the carrying of religious symbols with the vertical stick at the far side (R92A). ",Logogram (god),C
HJ G198A,13C68,U+13C68,G198A,G198A,G-11-114,"An African sacred ibis (Threskiornis aethiopicus), legs drawn towards the body, with a flagellum on its back (G195A); on top of a standard used for the carrying of religious symbols with the vertical stick at the far side (R92A). ",Logogram (god),C
HJ G199,13C69,U+13C69,G199,G199,G-11-116,"An African sacred ibis (Threskiornis aethiopicus), legs drawn towards the body (G195), with a feather (H6), angled forwards, on its toe; on top of a standard used for the carrying of religious symbols with the vertical stick at the far side (R92A). ",Classifier Thot,C
HJ G199A,13C6A,U+13C6A,G199A,G199A,G-11-117,"An African sacred ibis (Threskiornis aethiopicus), legs drawn towards the body (G195), with a flagellum (S45) on its back, with a feather (H6), angled forwards, on its toe; on top of a standard used for the carrying of religious symbols with the vertical stick at the far side (R92A). ",Logogram (god),C
HJ G287,13C6B,U+13C6B,G287,G287,G-12-008,,,
HJ G285,13C6C,U+13C6C,G285,G285,G-12-009,"A falcon (G5), with a cobra (Naja haje), standing up, with expanded hood (uraeus), wearing the white crown (I55) at its toe.",Logogram (Horus),C
HJ G009A,13C6D,U+13C6D,G9A,G9A,G-12-017,"A falcon (G5) with the sun, encircled by a cobra (Naja haje), standing up, with expanded hood (uraeus) (N6) on its head.",Logogram (Re-Hor (usually in rꜥ-ḥr-ꜣḫ.ty),C
HJ G286,13C6E,U+13C6E,G286,G286,G-12-018,"A falcon (G5) with the sun, encircled by a cobra (Naja haje), standing up, with expanded hood (uraeus) (N6) on its head, with a flagellum (S45) on its shoulder.",Logogram (Re-Hor (usually in rꜥ-ḥr-ꜣḫ.ty),C
HJ G105,13C6F,U+13C6F,G105,G105,G-12-022,"A falcon (G5) with the sun, encircled by a cobra (Naja haje), standing up, with expanded hood (uraeus) (N6) on its head, with a tie or strap, used with sandals (ankh sign, S34) angled forwards, on its toe.",Logogram (Re-Hor (usually in rꜥ-ḥr-ꜣḫ.ty),C
HJ G106,13C70,U+13C70,G106,G106,G-12-026,"A falcon (G5), wearing the double crown (S5).",Logogram (Horus),C
HJ G106A,13C71,U+13C71,G106A,G106A,G-12-027,"A falcon (G5), wearing the double crown (S5), with an uraeus on its toe.",Logogram (Horus),C
G106B,13C72,U+13C72,,,G-12-028,"A falcon (G5), wearing the double crown (S5), with an flagellum (S45) on its back.",Logogram (Horus),C
G263A,13C73,U+13C73,,,G-12-030,"A falcon (G5), wearing the double crown (S5), on top of a standard used for carrying religious symbols (R12).",Classifier king,C
HJ G107,13C74,U+13C74,G107,G107,G-12-033,"A falcon (G5), wearing the red crown (S3).",Phonemogram,C
G107A,13C75,U+13C75,,,G-12-034,"A falcon (G5), wearing the red crown (S3), with a flagellum (S45) on its shoulder.",Phonemogram,C
G117A,13C76,U+13C76,,,G-12-036," A falcon (G5), wearing the red crown (S3), on top of a standard used for carrying religious symbols (R12).",Classifier divinity,C
G322,13C77,U+13C77,,,G-12-037,"A falcon (G5), wearing the white crown.",Logogram (Sopdu (divinity)),C
HJ G108,13C78,U+13C78,G108,G108,G-12-038,"A falcon (G5), wearing a headdress consisting of a sun disk between the horns of a bovid, with two plumes on top of the sun disk (S65/S65A).",Logogram (the female Horus),C
HJ G109,13C79,U+13C79,G109,G109,G-12-041,"A falcon (G5), wearing a headdress consisting of the horns of a ram with two plumes on top of it (S62).",Logogram (Horus),C
HJ G112,13C7A,U+13C7A,G112,G112,G-12-045,"A falcon (G5), wearing a headdress consisting of a sun disk between the horns of a bovid (F102).",Logogram (the female falcon),C
G112A,13C7B,U+13C7B,,,G-12-046,"A falcon (G5), wearing a headdress consisting of a sun disk between the horns of a bovid (F102), with a flagellum (S45) on its shoulder.",Logogram (goddess),C
HJ G007C,13C7C,U+13C7C,G7C,G7C,G-12-049,"A falcon (G5), on top of a standard used for the carrying of religious symbols with the vertical stick at the far side (R92A). ",Logogram (god),C
HJ G274,13C7D,U+13C7D,G274,G274,G-12-050,"A loop of cord with the ends upwards (V6), in front of a falcon (G5), on top of a standard used for the carrying of religious symbols with the vertical stick at the far side (R92A). ",Logogram (high quality (red) linen),C
HJ G289,13C7E,U+13C7E,G289,G289,G-12-051,,,
G264C,13C7F,U+13C7F,,,G-12-054,"A feather (H6), in front of a falcon (G5), on top of a standard used for the carrying of religious symbols with the vertical stick at the far side (R92A). ",Logogram (west),C
HJ G264A,13C80,U+13C80,G264A,G264A,G-12-055,"A feather (H6), in front of a falcon (G5), on top of a standard used for carrying religious symbols, with a loop under the horizontal beam, running over the vertical pole (R12A).","Logogram (West, 3rd nome of Lower Egypt)",C
HJ G113,13C81,U+13C81,G113,G113,G-12-056,"A falcon (G5), on top of a standard used for carrying religious symbols (R12), with a band of string or fabric (V12) written over the pole of the standard.",Logogram (high quality (red) linen),C
HJ G007D,13C82,U+13C82,G7D,G7D,G-12-062,"A falcon (G5) with a flagellum (S45) on its shoulder, on top of a standard used for the carrying of religious symbols with the vertical stick at the far side (R92A).",Classifier divine beings/divine things,C
HJ G114,13C83,U+13C83,G114,G114,G-12-064,"A falcon (G5), wearing a headdress consisting of a sun disk between the horns of a bovid (F102); on top of a standard used for the carrying of religious symbols with the vertical stick at the far side (R92A). ",Logogram (goddess),C
G114A,13C84,U+13C84,,,G-12-065,"A falcon (G5), wearing a headdress consisting of a sun disk between the horns of a bovid (F102), with a flagellum (S45) on the shoulder, on top of a standard used for the carrying of religious symbols with the vertical stick at the far side (R92A). ",Logogram (goddess),C
HJ G115A,13C85,U+13C85,G115A,G115A,G-12-067,"A falcon (G5), with a headdress consisting of two plumes (S9), on top of a standard used for carrying religious symbols (R12).",Classifier divinity (Min),C
HJ G120,13C86,U+13C86,G120,G120,G-12-074,"A tie or strap, used with sandals (ankh sign, S34), written vertically, in front of a falcon (G5); on top of a standard used for the carrying of religious symbols with the vertical stick at the far side (R92A). ","Logogram (may he live, the god)",C
HJ G121,13C87,U+13C87,G121,G121,G-12-075,"A club used by washermen for beating laundry (U36), in front of a falcon (G5); on top of a standard used for the carrying of religious symbols with the vertical stick at the far side (R92A). ",Logogram (majesty),C
HJ G121A,13C88,U+13C88,G121A,G121A,G-12-076,"A club used by washermen for beating laundry (U36), in front of a falcon (G5), with a flagellum (S45) on its shoulder, on top of a standard used for the carrying of religious symbols with the vertical stick at the far side (R92A). ",Logogram (majesty),C
HJ G123,13C89,U+13C89,G123,G123,G-12-078,,,
HJ G125,13C8A,U+13C8A,G125,G125,G-12-081,"A falcon (G5), on top of a windpipe and lungs (F36), with a stem of papyrus with a flowering bud (M127) left of the windpipe and a stem of papyrus with a bud (M13) right of the windpipe, both beneath the horizontal bar.",Logogram (Harsomtus),C
HJ G125A,13C8B,U+13C8B,G125A,G125A,G-12-083,"A falcon (G5), with a flagellum (S45) on its shoulder, on top of a windpipe and lungs (F36), with a stem of papyrus with a flowering bud (M127) left of the windpipe and a stem of papyrus with a bud (M13) right of the windpipe, both beneath the horizontal bar.",Logogram (Harsomtus),C
G266A,13C8C,U+13C8C,,,G-12-088,"Two falcons (G5), arranged horizontally, on top of a standard used for carrying religious symbols, with a loop under the horizontal beam, running over the vertical pole (R12A).","Logogram (The two gods, 5th nome of Upper Egypt)",C
HJ G127,13C8D,U+13C8D,G127,G127,G-12-090,"A pole of a balance, with the pole resembling a seat (U39A), in front of a falcon (G5), on top of a standard used for carrying religious symbols, with a loop under the horizontal beam, running over the vertical pole (R12A).",Logogram (Throne of Horus (Edfu)),C
G127E,13C8E,U+13C8E,,,G-12-098,"The pole of a balance, with the pole resembling a seat (Q1), with a plummet resembling a heart (F34) hanging from the crossbeam (U39F), in front of a falcon (G5); on top of a standard used for carrying religious symbols, with a loop under the horizontal beam, running over the vertical pole (R12A).",Logogram (Throne of Horus (Edfu)),C
G127F,13C8F,U+13C8F,G127F,,G-12-101,"A pole of a balance, with the pole resembling a seat (U39A), in front of a falcon (G5), with a flagellum (S45) on its shoulder, on top of a standard used for carrying religious symbols, with a loop under the horizontal beam, running over the vertical pole (R12A).",Logogram (Throne of Horus (Edfu)),C
HJ G127C,13C90,U+13C90,G127C,G127C,G-12-104,"A pole of a balance, with the pole resembling a seat (U39A), in front of a falcon (G5), on top of a standard used for carrying religious symbols, with a loop under the horizontal beam, running over the vertical pole (R12A), on top of a parcel of land with irrigation ditches (N24).","Logogram (Throne of Horus (Edfu, 2nd nome of Upper Egypt))",C
HJ G129,13C91,U+13C91,G129,G129,G-12-107,"A falcon (G5), on top of a façade of a palace or tomb, with a doorway (O33A).",Logogram (Horus who is on the palace façade),C
HJ G290,13C92,U+13C92,G290,G290,G-12-108,"An obelisk, with base (O25), in front of a falcon (G5), on top of a façade of a palace or tomb, with a doorway (O33A).","Logogram/phonemogram (Horus, who endures on the palace façade)",C
G129E,13C93,U+13C93,,,G-12-110,"A falcon (G5) with a flagellum (S45) on its back (G6), on top of a façade of a palace or tomb, with a doorway, without internal detail (O129).",Classifier the one who is on the palace façade,C
G129F,13C94,U+13C94,,,G-12-111,"A falcon (G5) with a flagellum (S45) on its back (G6), with a tie or strap, used with sandals (ankh sign) in front of it, vertically; on top of a façade of a palace or tomb, with a doorway, without internal detail (O129).",Logogram (the living falcon who is on the palace façade),C
G129D,13C95,U+13C95,,,G-12-114,"A façade of a palace or tomb, with a doorway, without internal detail (O129), with a falcon (G5) written inside it.","Logogram (throne, palace façade)",C
HJ G130,13C96,U+13C96,G130,G130,G-12-115,"A falcon (G5), with a feather (H6), angled forward, on its toe.","Logogram (west, right side)",C
R013B,13C97,U+13C97,,,G-12-117,"A falcon (G5) on a rounded support, resembling a half round loaf of bread (X1), with a feather (H6), angled forwards, attached to the support in front of the falcon.","Logogram (west, right side)",C
HJ G131,13C98,U+13C98,G131,G131,G-12-120,"A falcon (G5), on top of a standard used for carrying religious symbols (R12), on top of a base with a butcher's block (T28) at the front and a sandy hill slope (N29) at the back.",Logogram (necropolis),C
HJ G131B,13C99,U+13C99,G131B,G131B,G-12-121,"A falcon (G5), on top of a standard used for carrying religious symbols (R12), on top of a butcher's block (T28).",Logogram (necropolis),C
HJ G132A,13C9A,U+13C9A,G132A,G132A,G-12-122,,,
HJ G132,13C9B,U+13C9B,G132,G132,G-12-123,"A falcon (G5), on top of the head of a bovid (ox) with outwards curving horns (F1).",Logogram (Nemty (divinity)),C
HJ G132B,13C9C,U+13C9C,G132B,G132B,G-12-125,"A falcon (G5), with a flagellum (S45) on its shoulder, on top of a head of a bovid (ox), as seen from the front (F1A).",Logogram (Nemty (divinity)),C
G133A,13C9D,U+13C9D,,,G-12-127,"A falcon (G5), on top of a teardrop sized perch with the point down.",Logogram (lord),C
HJ G133,13C9E,U+13C9E,G133,G133,G-12-128,"A falcon (G5), on top of a piece of flesh, point down, curving forwards.",Logogram (lord),C
G134A,13C9F,U+13C9F,,,G-12-130,"A falcon (G5), on top of a long upside-down cone.",Logogram (lord),C
HJ G136,13CA0,U+13CA0,G136,G136,G-12-135,"A falcon (G5), standing on top of a rectangle.",Classifier (Sokar),C
G280B,13CA1,U+13CA1,,,G-12-137,"A falcon (G5), standing on top of a ring-stand for jars (W11).",Phonemogram,C
G280C,13CA2,U+13CA2,,,G-12-139,"A falcon (G5), with a flagellum (S45) on its shoulder, on top of a butcher's block (T28).",Logogram,C
HJ G265,13CA3,U+13CA3,G265,G265,G-12-140,"A falcon (G5), on top of a shrine resembling a rectangular coffin with a rounded lid, and upstanding sides, without legs (Q6A).",Logogram (sanctuary of Sokar),C
HJ G139A,13CA4,U+13CA4,G139A,G139A,G-12-145,"A falcon (G5), with a flagellum (S45) on its shoulder, on top of a wickerwork basket (V30).",Logogram (lord),C
HJ G008A,13CA5,U+13CA5,G8A,G8A,G-12-149,"A falcon (G5), on top of a collar of beads, without detail (S12A).","Logogram (in bꞽk-n-nbw.t, falcon of the golden ones)",C
HJ G008B,13CA6,U+13CA6,G8B,G8B,G-12-150,"A falcon (G5), with a flagellum (S45) on its shoulder, on top of a collar of beads, without detail (S12A).",Logogram (golden Horus),C
HJ G007E,13CA7,U+13CA7,G7E,G7E,G-12-152,"A falcon (G5), on top of a moon sickle shaped boat, on top of a sledge that resembles a parcel of land with irrigation ditches (N24).",Logogram (Nemty (divinity)),C
HJ Q041,13CA8,U+13CA8,Q41,Q41,G-12-158,,,
HJ G141,13CA9,U+13CA9,G141,G141,G-12-159,,,
HJ G142,13CAA,U+13CAA,G142,G142,G-12-160,"A falcon (G5), on top of a standard used for carrying religious symbols (R12), with a rectangular piece of cloth with fringes on the top long side, resembling a game board (of Senet) with game pieces (Y5), attached to the back of the pole.",Classifier high quality (red) linen,C
HJ G143,13CAB,U+13CAB,G143,G143,G-12-161,"A falcon (G5), on top of a standard used for carrying religious symbols (R12), with a horizontal strip of cloth with four fringes (S116) attached to the back of the pole.",Logogram (high quality (red) linen),C
HJ G291,13CAC,U+13CAC,G291,G291,G-12-164,"A falcon (G5), on top of a standard used for carrying religious symbols (R12), on top of a horizontal object resembling a mace or wooden column (O29). ",Logogram (high quality (red) linen),C
HJ G144,13CAD,U+13CAD,G144,G144,G-13-001,"A falcon, standing, with extended wings at either side of the body, at 45 degree.",Logogram (the one who spreads out his wings ((Dewen-anwy) divinity)),C
HJ G144B,13CAE,U+13CAE,G144B,G144B,G-13-003,,,
HJ G145,13CAF,U+13CAF,G145,G145,G-13-007,"A falcon, legs drawn towards the body, with its wings extended at either side of the body.",Phonemogram,C
HJ G147,13CB0,U+13CB0,G147,G147,G-13-009,"A falcon, standing, with extended wings at either side of the body, at 45 degree, A block-throne with a rectangle in the far bottom corner, on top of a base (Q12).",Phonemogram and classifier throne (in ṯnṯꜣ.t),C
HJ G152B,13CB1,U+13CB1,G152B,G152B,G-13-013,,,
HJ G151,13CB2,U+13CB2,G151,G151,G-13-015,"A falcon, with horizontally spread wings and spread legs, head looking towards the reading direction; claws on top of cartouches in a round form (V9), with a sceptres with a straight shaft and the head of the Seth animal going from the claw over the wing, vertically, the head of the staff above the wings, facing outwards.",Logogram (many-coloured of plumage),C
G151A,13CB3,U+13CB3,,,G-13-016,"A falcon, with horizontally spread wings and spread legs, head looking towards the reading direction; claws on top of cartouches in a round form (V9), with one handed fans (S37) going from the claw over the wing, at an outwards angle, the head of the fan above the wing, fan curving outwards.",Logogram (many-coloured of plumage),C
HJ G152A,13CB4,U+13CB4,G152A,G152A,G-13-017,"A falcon, with spread wings that angle downwards and spread legs, head looking towards the reading direction, with the sun, encircled by a cobra (Naja haje), standing up, with expanded hood (uraeus) (N6) on its head; claws on top of cartouches in a round form (V9), with one handed fans (S37) going from the claw over the wing, at an outwards angle, the head of the fan above the wing, fan curving outwards.",Logogram (many-coloured of plumage),C
HJ G152,13CB5,U+13CB5,G152,G152,G-13-018,"A falcon, with horizontally spread wings and spread legs, head looking towards the reading direction; claws on top of cartouches in a round form (V9), with one handed fans (S37) going from the claw over the wing, at an outwards angle, the head of the fan above the wing, fan curving outwards.",Logogram (many-coloured of plumage),C
HJ G153,13CB6,U+13CB6,G153,G153,G-13-019,"A falcon, with horizontally spread wings and spread legs, head looking towards the reading direction, with the sun, encircled by a cobra (Naja haje), standing up, with expanded hood (uraeus) (N6) on its head; claws on top of cartouches in a round form (V9), with one handed fans (S37) going from the claw over the wing, at an outwards angle, the head of the fan above the wing, fan curving outwards; on top of a sand covered mountain over the edge of the cultivated areas (N26).","Logogram (many-coloured of plumage, who goes forth in/from the horizon)",C
HJ G153A,13CB7,U+13CB7,G153A,G153A,G-13-020,"A falcon, with spread wings that angle downwards and spread legs, head looking towards the reading direction, with the sun, encircled by a cobra (Naja haje), standing up, with expanded hood (uraeus) (N6) on its head; claws on top of cartouches in a round form (V9), with one handed fans (S37) going from the claw over the wing, at an outwards angle, the head of the fan above the wing, fan curving outwards; written inside the sun disk of the sun rising over a sand covered mountain over the edge of the cultivated areas (N27). ","Logogram (many-coloured of plumage, who goes forth in/from the horizon)",C
G153B,13CB8,U+13CB8,,,G-13-021,"A falcon, with spread wings that angle downwards and spread legs, head looking towards the reading direction, written inside the sun disk of the sun rising over a sand covered mountain over the edge of the cultivated areas (N27). ","Logogram (many-coloured of plumage, who goes forth in/from the horizon)",C
HJ G155,13CB9,U+13CB9,G155,G155,G-13-022,,,
G331,13CBA,U+13CBA,,,G-13-024,"A falcon, with spread wings that angle downwards, without legs, with one handed fans with the top replaced by a feather, written over the wing, angling outwards.",Logogram (to protect),C
HJ G154,13CBB,U+13CBB,G154,G154,G-13-025,,,
HJ G148,13CBC,U+13CBC,G148,G148,G-13-026,"A falcon, standing, with extended wings at either side of the body, at 45 degree; on top of a standard used for carrying religious symbols (R12).",Logogram (the one who spreads out his wings ((Dewen-anwy) divinity)),C
HJ G260,13CBD,U+13CBD,G260,G260,G-13-029,,,
HJ G293,13CBE,U+13CBE,G293,G293,G-13-031,"A falcon, seen from the side, one wing forwards, horizontal, other wing forwards, at 45 degree downward angle, one claw visible below the lower wing.",Logogram (to protect),C
HJ G158,13CBF,U+13CBF,G158,G158,G-14-001,"A falcon, legs drawn towards the body, body nearly horizontal.",Classifier falcon,C
HJ G158A,13CC0,U+13CC0,G158A,G158A,G-14-002,"A falcon, legs drawn towards the body, body nearly horizontal (G158), with a flagellum (S45) on its back.",Classifier falcon/bird of prey,C
HJ G158B,13CC1,U+13CC1,G158B,G158B,G-14-007,"A falcon, legs drawn towards the body, body nearly horizontal (G158), with a flagellum (S45) on its back; on top of a standard used for the carrying of religious symbols with the vertical stick at the far side (R92A). ",Logogram (god),C
HJ G158C,13CC2,U+13CC2,G158C,G158C,G-14-008,"A falcon, legs drawn towards the body, body nearly horizontal (G158), on top of a standard used for the carrying of religious symbols with the vertical stick at the far side (R92A). ",Logogram (god),C
HJ G161,13CC3,U+13CC3,G161,G161,G-15-005,"An archaic image of a falcon/cult image of a falcon, with a counterweight of a necklace (S18A) on its back.",Logogram (Horus),C
HJ G161A,13CC4,U+13CC4,G161A,G161A,G-15-006,"An archaic image of a falcon/cult image of a falcon, with a counterweight of a necklace (S18A) and a flagellum (S45) on its back.",Classifier cult image,C
HJ G162,13CC5,U+13CC5,G162,G162,G-15-007,"An archaic image of a falcon/cult image of a falcon, wearing the white crown (S1).",Logogram (Horus),C
G162C,13CC6,U+13CC6,,,G-15-008,"An archaic image of a falcon/cult image of a falcon, wearing the white crown (S1), with a counterweight of a necklace (S18A) on its back.",Logogram (Haroeris),C
G162D,13CC7,U+13CC7,,,G-15-010,"An archaic image of a falcon/cult image of a falcon, wearing the white crown with an uraeus (S1A), with a flagellum (S45) on its back.",Logogram (Haroeris),C
G162E,13CC8,U+13CC8,,,G-15-011,"An archaic image of a falcon/cult image of a falcon, wearing the white crown (S1), with a counterweight of a necklace (S18A) and a flagellum (S45) on its back.",Logogram (Haroeris),C
HJ G013A,13CC9,U+13CC9,G13A,G13A,G-15-013,"An archaic image of a falcon/cult image of a falcon, wearing a headdress consisting of two plumes (S9), with a flagellum (S45) on its back.",Logogram (Sopdu (divinity)),C
G164A,13CCA,U+13CCA,,,G-15-014,"An archaic image of a falcon/cult image of a falcon, wearing a headdress consisting of two plumes on top of the horns of a ram (S62), with a flagellum (S45) on its back.",Classifier cult image,C
HJ G164,13CCB,U+13CCB,G164,G164,G-15-017,,,
HJ G165,13CCC,U+13CCC,G165,G165,G-15-018,"A falcon, lying down on a bed, with a leonid head, legs and tail (Q19).",Logogram,C
HJ G162B,13CCD,U+13CCD,G162B,G162B,G-15-019,,,
G295A,13CCE,U+13CCE,,,G-15-020,,,
HJ G229,13CCF,U+13CCF,G229,G229,G-16-001,A bird with a small tail.,"Classifier (some type of bird) or (Dedwen, divinity)",C
HJ G220,13CD0,U+13CD0,G220,G220,G-16-010,"A swallow (Hirundo rustica savignii) (G36), on top of a mouth (D21).",Phonemogram,C
G037C,13CD1,U+13CD1,,,G-16-015,"A house sparrow (Passer domesticus niloticus), with upward curling line coming from the tail.","Classifier negative, bad",C
G022X,13CD2,U+13CD2,G22,G22,G-17-002,,,
HJ G022A,13CD3,U+13CD3,G22A,G22A,G-17-003,"A hoopoe (Upupa epops), without distinctive crest.",Phonemogram,C
G251X,13CD4,U+13CD4,,,G-17-006,"A hoopoe (Upupa epops) (G22), upon a rectangular stone slab or brick (O39).","Logogram (brick, sheet, ingot)",C
HJ G053A,13CD5,U+13CD5,G53A,G53A,G-18-001,A human headed bird.,Logogram (soul),C
HJ G053C,13CD6,U+13CD6,G53C,G53C,G-18-002,"A human headed bird, with a flagellum (S45) on its shoulder.",Logogram (soul),C
HJ G053B,13CD7,U+13CD7,G53B,G53B,G-18-003,,,
HJ G201,13CD8,U+13CD8,G201,G201,G-18-005,,,
HJ G202,13CD9,U+13CD9,G202,G202,G-18-008,"A human headed bird (G53A), wearing a headdress consisting of two feathers on top of the horns of a ram (S77).",Phonemogram,C
G202B,13CDA,U+13CDA,,,G-18-010,"A human headed bird (G53A), wearing a headdress consisting of two feathers on top of the horns of a ram (S77), with a flagellum (S45) on its shoulder.",Logogram (He of Edfu),C
HJ G204,13CDB,U+13CDB,G204,G204,G-18-012,,,
HJ G204A,13CDC,U+13CDC,G204A,G204A,G-18-013,"A human headed bird (G53A), wearing a headdress consisting of a sun disk between the horns of a bovid (F102), with a flagellum (S45) on its shoulder.",Logogram (the female falcon),C
G204B,13CDD,U+13CDD,,,G-18-014,"A human headed bird (G53A), wearing a headdress consisting of a sun disk between the horns of a bovid (F102), with a flagellum (S45) on its shoulder.",Logogram (goddess),C
HJ G250,13CDE,U+13CDE,G250,G250,G-19-003,A bird with the head of a ram.,Logogram (soul),C
HJ G296,13CDF,U+13CDF,G296,G296,G-19-004,,,
G306C,13CE0,U+13CE0,,,G-20-004,"A vulture chick, outstretched wings on either side of the body, and the legs drawn towards the body.",Classifier descendant,C
HJ G230,13CE1,U+13CE1,G230,G230,G-20-007,"A duckling, with open beak, outstretched wings above the body, and the legs drawn towards the body.",Phonemogram,C
HJ G306,13CE2,U+13CE2,G306,G306,G-20-008,"A duck, beak closed, outstretched wings above the body, legs drawn towards the body.",Logogram (water fowl),C
HJ G048A,13CE3,U+13CE3,G48A,G48A,G-20-010,"A duckling, with open beak, outstretched wings on either side of the body, and the legs drawn towards the body (G47), above a sickle moon shaped nest.",Classifier nest,C
HJ G235,13CE4,U+13CE4,G235,G235,G-20-015,,,
HJ G237,13CE5,U+13CE5,G237,G237,G-20-017,"Two heads of a pintail duck (Anas acuta) (H1), protruding from an oval pool or nest.",Classifier nest,C
HJ G237A,13CE6,U+13CE6,G237A,G237A,G-20-018,"Two heads of a pintail duck (Anas acuta) (H1), protruding from a pool or nest resembling the sky (N1).",Phonemogram,C
HJ G309,13CE7,U+13CE7,G309,G309,G-20-019,"Two ducklings, with open beak, outstretched wings on either side of the body, and the legs drawn towards the body (G47), above a sickle moon shaped nest.",Phonemogram,C
HJ G310,13CE8,U+13CE8,G310,G310,G-20-020,,,
HJ G232A,13CE9,U+13CE9,G232A,G232A,G-20-022,Three heads and upper bodies of ducks protruding from a nest without internal detail.,Phonemogram,C
HJ G232,13CEA,U+13CEA,G232,G232,G-20-024,Three heads and upper bodies of ducks protruding from a nest with netting as internal detail.,Phonemogram,C
HJ G049C,13CEB,U+13CEB,G49C,G49C,G-20-026,"Three heads of a pintail duck (Anas acuta) (H1), protruding from a pool or nest resembling a wickerwork basket (V30).",Logogram (nest),C
HJ G049B,13CEC,U+13CEC,G49B,G49B,G-20-027,Three heads and upper bodies of ducks protruding from a nest resembling a wickerwork basket (V30).,Phonemogram,C
HJ G049E,13CED,U+13CED,G49E,G49E,G-20-028,"Three heads of a pintail duck (Anas acuta) (H1), protruding from an oval pool or nest.","Logogram (bird-pool, nest)",C
G049F,13CEE,U+13CEE,,,G-20-031,"Three heads of a pintail duck (Anas acuta) (H1), protruding from an oval pool or nest, with internal netting as detail.",Logogram (nest),C
HJ G238,13CEF,U+13CEF,G238,G238,G-20-035,"Four heads of a pintail duck (Anas acuta) (H1), protruding from an oval pool or nest","Logogram (bird-pool, nest, marshland)",C
HJ G207,13CF0,U+13CF0,G207,G207,G-21-001,A pelican.,Classifier pelican,C
HJ G021A,13CF1,U+13CF1,G21A,G21A,G-22-001,"A saharan helmeted guinea fowl (Numida m. meleagris), without a lappet.",Phonemogram,C
HJ G021B,13CF2,U+13CF2,G21B,G21B,G-22-004,"A saharan helmeted guinea fowl (Numida m. meleagris), with a lappet, without the two protruding feathers on its head.",Phonemogram,C
G021D,13CF3,U+13CF3,,,G-22-005,"A Saharan helmeted guinea fowl chick (Numida m. meleagris), standing, with a lappet, without the two protruding feathers on its head.",Phonemogram,C
HJ G021C,13CF4,U+13CF4,G21C,G21C,G-22-006,"A saharan helmeted guinea fowl (Numida m. meleagris), without a lappet, without the two protruding feathers on its head.",Phonemogram,C
HJ G210,13CF5,U+13CF5,G210,G210,G-22-010,"A vulturine guineafowl (Acryllium vulturinum), without lappet.",Phonemogram,C
HJ G210A,13CF6,U+13CF6,G210A,G210A,G-22-011,"A vulturine guineafowl (Acryllium vulturinum), with lappet.",Phonemogram,C
G023A,13CF7,U+13CF7,,,G-23-002,"A lapwing (Vanellus cristatus), legs drawn towards the body.","Logogram (common folk, subjects, people)",C
HJ G200,13CF8,U+13CF8,G200,G200,G-23-003,"Three lapwings (Vanellus cristatus), overlapping each other.","Logogram (common folk, subjects, people)",C
G024C,13CF9,U+13CF9,,,G-23-006,"A lapwing (Vanellus cristatus), standing, wings extended above the body; on top of a wickerwork basket (V30).",Phonemogram/Logogram (who everyone knows),C
HJ G024A,13CFA,U+13CFA,G24A,G24A,G-23-007,"A lapwing (Vanellus cristatus), legs drawn towards the body, wings extended above the body, with two human arms, extending from the breast, raised, with hand palms outwards.","Logogram (common folk, subjects, people)",C
HJ G024B,13CFB,U+13CFB,G24B,G24B,G-23-009,"A lapwing (Vanellus cristatus), standing, wings extended above the body, with two human arms, extending from the breast, raised, with hand palms outwards.","Logogram (common folk, subjects, people)",C
HJ G014A,13CFC,U+13CFC,G14A,G14A,G-24-004,"A griffon vulture (Gyps fulvus), without internal detail or visible wings, without a lappet.",Phonemogram,C
HJ G176,13CFD,U+13CFD,G176,G176,G-24-005,,,
HJ G176A,13CFE,U+13CFE,G176A,G176A,G-24-006,"A griffon vulture (Gyps fulvus), without internal detail or visible wings, with a lappet.",Phonemogram,C
HJ G177,13CFF,U+13CFF,G177,G177,G-24-007,,,
HJ G179,13D00,U+13D00,G179,G179,G-24-011,"A griffon vulture (Gyps fulvus), wearing the Atef crown (S8A).",Phonemogram,C
HJ G284,13D01,U+13D01,G284,G284,G-24-013,,,
HJ G283,13D02,U+13D02,G283,G283,G-24-021,"A griffon vulture (Gyps fulvus), with a flagellum (S45) on its back; on top of a standard used for the carrying of religious symbols with the vertical stick at the far side (R92A). ",Logogram (goddess),C
HJ G182,13D03,U+13D03,G182,G182,G-24-026,"A griffon vulture (Gyps fulvus), with a flagellum (S45) on its back, right claw extended forwards, holding a sceptre with a straight shaft, a forked base, topped with the head of the Seth animal (S40), angling forwards, with a cartouche in a round form (V9) with the loop around the staff.",Logogram (Nekhbet (divinity)),C
HJ G016A,13D04,U+13D04,G16A,G16A,G-24-028,"A griffon vulture (Gyps fulvus), on top of a wickerwork basket (V30).",Classifier divinity (Nekhbet),C
HJ G016B,13D05,U+13D05,G16B,G16B,G-24-030,"A griffon vulture (Gyps fulvus), with a flagellum (S45) on its back; on top of a wickerwork basket (V30).",Logogram (Mut (divinity)),C
G185A,13D06,U+13D06,,,G-24-031,"A griffon vulture (Gyps fulvus), wearing the white crown (S1), on top of a wickerwork basket (V30).",Classifier uraeus,C
HJ G185,13D07,U+13D07,G185,G185,G-24-032,"A griffon vulture (Gyps fulvus), wearing the white crown (S1), with a flagellum (S45) on its back; on top of a wickerwork basket (V30).",Logogram (lady (in nb.ty)),C
HJ G282,13D08,U+13D08,G282,G282,G-24-038,"A griffon vulture (Gyps fulvus), with the horns of a bovid (F13) on its head; on top of an alabaster basin with a diamond shaped inner marking (W3).",Logogram (new year festival),C
HJ G186,13D09,U+13D09,G186,G186,G-25-002,"A griffon vulture (Gyps fulvus), with the wings extended forward, as if to envelop someone or something.",Logogram/phonemogram (to protect),C
HJ G186D,13D0A,U+13D0A,G186D,G186D,G-25-004,"A griffon vulture (Gyps fulvus), with the wings extended forward, as if to envelop someone or something, without internal detail.",Logogram/phonemogram (to protect),C
G186F,13D0B,U+13D0B,,,G-25-006,"A griffon vulture (Gyps fulvus), with the wings extended forward, as if to envelop someone or something, with a flagellum (S45) on its back.",Logogram/phonemogram (to protect),C
HJ G186B,13D0C,U+13D0C,G186B,G186B,G-25-008,,,
HJ G064,13D0D,U+13D0D,G64,G64,G-26-006,,,
HJ G066,13D0E,U+13D0E,G66,G66,G-26-020,"An Egyptian vulture (Neophron percnopterus), with two strokes (feathers?) in a V shape on top of its head.",Phonemogram,C
G332,13D0F,U+13D0F,,,G-27-003,"A griffon vulture (Gyps fulvus) (G14), facing a falcon (G5); on top of a wickerwork basket (V30).","Logogram (mother of the god, lady of)",C
HJ H013,13D10,U+13D10,H13,H13,H-01-005,"A staff, with a straight shaft, topped with the head of a falcon, with the sun, encircled by a cobra (Naja haje), standing up, with expanded hood (uraeus) (N6) on top of the head.",Logogram (staff),C
H014B,13D11,U+13D11,,,H-01-007,"A staff, with a straight shaft and forked end, topped with the head of a falcon, with the sun, encircled by a cobra (Naja haje), standing up, with expanded hood (uraeus) (N6) on top of the head.",Classifier staff,C
H014C,13D12,U+13D12,,,H-01-008,"A staff, with a straight shaft, topped with the head of a falcon, with a crescent moon with the entire moon disk (N62) on its head.",Classifier staff,C
H014D,13D13,U+13D13,,,H-01-009,"A staff, with a straight shaft and forked end, topped with the head of a falcon, with a crescent moon with the entire moon disk (N62) on its head.",Classifier staff,C
HJ H014,13D14,U+13D14,H14,H14,H-01-010,"A spear, with a straight shaft and forked end, topped with the head of a falcon, with a cobra (Naja haje), standing up, with expanded hood (uraeus) on top of the head, tail descending behind the head; with a triangular spearhead above the snake.",Phonemogram,C
HJ H014A,13D15,U+13D15,H14A,H14A,H-01-011,"A spear, with a straight shaft and forked end, topped with the head of a falcon, with a triangular spearhead above the head.",Logogram (staff),C
HJ H015,13D16,U+13D16,H15,H15,H-01-013,"A tiller of a ship, topped with the head of a falcon, angled forwards.",Phonemogram/logogram (end),C
HJ H016,13D17,U+13D17,H16,H16,H-02-002,The eye of a falcon with the markings of the head of a falcon.,Logogram (to see),C
HJ H016A,13D18,U+13D18,H16A,H16A,H-02-003,"The markings of the head of a falcon, without the eye / a very schematic representation of a spine, with the spinal cord hanging out at the backside.",Phono-repeater,C
HJ H018A,13D19,U+13D19,H18A,H18A,H-03-002,"The head of a bird, with its mouth open, neck curling backwards.","Logogram (to speak, to say)",C
HJ H017,13D1A,U+13D1A,H17,H17,H-03-004,The head of a common crane (Grus grus).,Classifier common crane,C
HJ H018,13D1B,U+13D1B,H18,H18,H-03-005,"The head of a bird, with its mouth open, neck straight.","Logogram (to speak, to say)",C
HJ H019,13D1C,U+13D1C,H19,H19,H-03-006,"The head of a bird, with its mouth open, neck straight, with a loop of cord with the ends forwards around its neck.",Phonemogram,C
HJ H020,13D1D,U+13D1D,H20,H20,H-04-001,"The head of a crested ibis (Ibis comata), neck curving backwards.",Phonemogram,C
HJ H002A,13D1E,U+13D1E,H2A,H2A,H-04-002,"The head of a crested ibis (Ibis comata), with a beak with a downward angled tip, with a crest of two long feathers on the head, neck curving backwards,",Phonemogram/logogram (spirits),C
HJ H044,13D1F,U+13D1F,H44,H44,H-06-006,"The head of a griffon vulture (Gyps fulvus), with a straight neck.",Phono-repeater,C
HJ H005A,13D20,U+13D20,H5A,H5A,H-07-007,,,
HJ H005B,13D21,U+13D21,H5B,H5B,H-07-010,,,
HJ H030,13D22,U+13D22,H30,H30,H-08-011,,,
HJ H026,13D23,U+13D23,H26,H26,H-08-012,"A feather (H6), angled forwards, on top of a wide cup (W10).",Phonemogram,C
HJ H045,13D24,U+13D24,H45,H45,H-08-016,"A feather (H6), angled forwards, on top of strip of land, with three grains of sand written beneath it (N16).",Phonemogram,C
HJ H041,13D25,U+13D25,H41,H41,H-08-017,"Two feathers, connected back-to-back.",Classifier double feather,C
HJ H031,13D26,U+13D26,H31,H31,H-09-001,"The leg of a bird, as if drawn towards the body.",Phonemogram,C
HJ H032,13D27,U+13D27,H32,H32,H-09-007,,,
HJ H025,13D28,U+13D28,H25,H25,H-09-008,The schematic representation of the claw of a bird.,"Logogram (claw, talon)",C
HJ H034,13D29,U+13D29,H34,H34,H-10-005,"A duckling, with open beak, outstretched wings on either side of the body, and the legs drawn towards the body (G47), inside an egg (H8).",Logogram (one who is within an egg),C
HJ H046,13D2A,U+13D2A,H46,H46,H-10-006,"An egg (H8), on top of a standard used for carrying religious symbols (R12).",Logogram (Duau (divinity)),C
HJ H038,13D2B,U+13D2B,H38,H38,H-11-003,The head and upper body of an owl.,Phonemogram,C
HJ H039,13D2C,U+13D2C,H39,H39,H-11-004,The head and upper body of a quail chick (Coturnix coturnix).,Phonemogram,C
HJ H040,13D2D,U+13D2D,H40,H40,H-11-005,The head and upper body of an Egyptian vulture (Neophron percnopterus).,Phonemogram,C
HJ H042,13D2E,U+13D2E,H42,H42,H-11-006,The head and upper body of a greater white-fronted goose (Anser albifrons). ,Phonemogram,C
HJ I028,13D2F,U+13D2F,I28,I28,I-01-002,"A snake with human arms, extended at the sides, with the forearms angling forward.",Logogram (Nehebkau (divinity)),C
I001A,13D30,U+13D30,,,I-01-003,"A hardun lizard (laudakia stellio), seen from the side.",Classifier hardun lizard,C
I002A,13D31,U+13D31,,,I-02-002,"A freshwater turtle, with a knife with a triangular blade and straight handle (T30A) at either leg, blade inwards.",Classifier evil,C
I005D,13D32,U+13D32,,,I-03-004,"A cult image of a crocodile (I5A), on top of a wickerwork basket (V30).",Classifier Nun,C
I005C,13D33,U+13D33,,,I-03-005,"A cult image of a crocodile, wearing a headdress consisting of two feathers, connected back-to-back (H41) on its head.",Logogram (Sobek (divinity)),C
HJ I003A,13D34,U+13D34,I3A,I3A,I-03-009,"A Nile crocodile (Crocodylus niloticus), with a feather (H6), angled forwards, on its head.","Logogram (Iqer, 6th nome of Upper Egypt)",C
I018D,13D35,U+13D35,,,I-03-010,"A Nile crocodile (Crocodylus niloticus), with a flagellum (S45) on its back.",Classifier divinity (Sobek),C
I106B,13D36,U+13D36,,,I-03-012,"A Nile crocodile (Crocodylus niloticus), with a feather (H6), angled forwards, on its head, with a spear, arrow without fletching or a harpoon without handle, written vertically, tip downwards on its back; on top of a standard used for carrying religious symbols, with a short vertical pole, with a loop under the horizontal beam, running over the vertical pole (R56).","Logogram (Iqer, 6th nome of Upper Egypt)",C
I106D,13D37,U+13D37,,,I-03-014,"A Nile crocodile (Crocodylus niloticus), with a feather (H6), angled backwards, on its head; on top of a standard used for carrying religious symbols (R12).",Logogram (Medinet Habu),C
HJ I106,13D38,U+13D38,I106,I106,I-03-015,"A Nile crocodile (Crocodylus niloticus), with a feather (H6), angled backwards, on its head, and a knife with triangular blade and straight handle (T30A) vertically on its back, blade towards the front; on top of a standard used for carrying religious symbols (R12), on top of a parcel of land with irrigation ditches (N24).","Logogram (Iqer, 6th nome of Upper Egypt)",C
HJ I003C,13D39,U+13D39,I3C,I3C,I-03-019,"A Nile crocodile (Crocodylus niloticus), with a two-barbed harpoon, with a handle on the shaft, written vertically (T21A), on its nose and on its back, near the hip.",Classifier water animal,C
HJ I003B,13D3A,U+13D3A,I3B,I3B,I-03-021,"A Nile crocodile (Crocodylus niloticus), with a two-barbed harpoon, with a handle on the shaft, written vertically (T21A), on its nose.",Classifier enemy in crocodile form,C
HJ I003G,13D3B,U+13D3B,I3G,I3G,I-03-022,"A Nile crocodile (Crocodylus niloticus), with a knife with a triangular blade and straight handle (T30A) on its nose, blade outwards.",Logogram (crocodile),C
HJ I003K,13D3C,U+13D3C,I3K,I3K,I-03-025,"A Nile crocodile (Crocodylus niloticus), with a two-barbed harpoon, with a handle on the shaft, written vertically (T21A), on its back.",Classifier enemy in crocodile form,C
I003P,13D3D,U+13D3D,,,I-03-030,"A Nile crocodile (Crocodylus niloticus), with four two-barbed harpoon, with a handle on the shaft, written vertically (T21A), two on the head, two on the back.",Classifier enemy in crocodile form,C
HJ I003E,13D3E,U+13D3E,I3E,I3E,I-03-032,"A Nile crocodile (Crocodylus niloticus), with its head facing backwards.",Classifier crocodile,C
HJ I003J,13D3F,U+13D3F,I3J,I3J,I-03-033,"A Nile crocodile (Crocodylus niloticus), with its head facing backwards, with a two-barbed harpoon, with a handle on the shaft, written vertically (T21A), on its head. ",Logogram (crocodile),C
HJ I018,13D40,U+13D40,I18,I18,I-03-039,"A Nile crocodile (Crocodylus niloticus) with its tail curved forward, below the body (I5), wearing a headdress consisting of two feathers on top of the horns of a ram (S77). ",Logogram (Sobek (divinity)),C
HJ I005B,13D41,U+13D41,I5B,I5B,I-03-041,"A Nile crocodile (Crocodylus niloticus) with its tail curved forward, below the body, with a two-barbed harpoon, with a handle on the shaft, written vertically (T21A), on its head and its back, near the hip.",Logogram (to gather),C
I004B,13D42,U+13D42,,,I-03-044,"A Nile crocodile (Crocodylus niloticus) on top of a shrine (I4), wearing the Atef crown (S8).",Logogram (Sobek (divinity)),C
I004C,13D43,U+13D43,,,I-03-045,"A Nile crocodile (Crocodylus niloticus) on top of a shrine (I4), with the sun, encircled by a cobra (Naja haje), standing up, with expanded hood (uraeus) (N6) on top of its head. ",Logogram (Sobek-Re (divinity)),C
I018E,13D44,U+13D44,,,I-03-046,"A Nile crocodile (Crocodylus niloticus), wearing a headdress consisting of two feathers on top of the horns of a ram (S77). ",Logogram (sovereign),C
HJ I018C,13D45,U+13D45,I18C,I18C,I-03-047,"A Nile crocodile (Crocodylus niloticus), wearing a headdress consisting of two feathers on top of the horns of a ram, with a cobra (Naja haje), standing up, with expanded hood (uraeus), with sun disks its head on either side of the feathers, orientated outwards.",Logogram (Sobek (divinity)),C
I018F,13D46,U+13D46,,,I-03-049," Nile crocodile (Crocodylus niloticus), with the horns of a goat (F107) on its head.",Phonemogram,C
I018G,13D47,U+13D47,,,I-03-052," Nile crocodile (Crocodylus niloticus), with the horns of a goat (F107) on its head, with a flagellum (S45) on its back.",?,C
I018H,13D48,U+13D48,,,I-03-053," Nile crocodile (Crocodylus niloticus), on a base, with the sun, encircled by a cobra (Naja haje), standing up, with expanded hood (uraeus) (N6) on top of its head.",Logogram (Sobek-Re (divinity)),C
HJ I134,13D49,U+13D49,I134,I134,I-03-054,"Two Nile crocodiles (Crocodylus niloticus), crossed over each other at an angle, facing outwards.",Classifier the two crocodiles,C
HJ I019,13D4A,U+13D4A,I19,I19,I-04-001,The head of a crocodile.,Logogram (moment of attack),C
HJ I020,13D4B,U+13D4B,I20,I20,I-04-005,"A piece of crocodile skin with horizontal spines, or tail of a crocodile (I6), written inside a plan of a crossroads in a village (O49).",Logogram (Egypt),C
HJ I006D,13D4C,U+13D4C,I6D,I6D,I-04-012,A piece of crocodile skin with vertical spines.,Phonemogram,C
HJ I006A,13D4D,U+13D4D,I6A,I6A,I-04-013,A round piece of crocodile skin with spines.,Phonemogram,C
HJ N028C,13D4E,U+13D4E,N28C,N28C,I-04-015,A round piece of crocodile skin with spines.,Phonemogram,C
HJ I006B,13D4F,U+13D4F,I6B,I6B,I-04-016,,,
HJ I006C,13D50,U+13D50,I6C,I6C,I-04-018,A curved piece of crocodile skin with horizontal spines.,,
HJ I021,13D51,U+13D51,I21,I21,I-05-002,"A frog or toad (I7), on top of a cartouche in a round form (V9).",Logogram Hfn (one hundred thousand),C
I021A,13D52,U+13D52,,,I-05-003,"A frog or toad (I7), on top of a wickerwork basket (V30).",Logogram (Heqet (divinity)),C
HJ I008A,13D53,U+13D53,I8A,I8A,I-05-005,"A tadpole (I8), on top of a cartouche in a round form (V9).",Logogram (one hundred thousand),C
I009D,13D54,U+13D54,I9A,I9A,I-06-001,A snake.,Classifier snake,C
I025A,13D55,U+13D55,I25C,I25A,I-06-004,"A snake entering into an open rectangle, with the long sides of equal length.",Logogram (to enter),C
I025C,13D56,U+13D56,I25A,I25C,I-06-005,"A snake entering into an open rectangle, with the top line shorter than the bottom line.",Logogram (to enter),C
HJ I024A,13D57,U+13D57,I24A,I24A,I-06-006,A snake coming out of a open rectangle.,Logogram (to go forth),C
HJ I126,13D58,U+13D58,I126,I126,I-06-008,"A snake with a coiled tail, coming out of an open oval.",Logogram (to go forth),C
HJ I009C,13D59,U+13D59,I9C,I9C,I-06-009,"A snake, written vertically.",Classifier snake,C
HJ I114,13D5A,U+13D5A,I114,I114,I-06-010,"A snake with a coiled tail, written vertically",Logogram (lifetime),C
I096A,13D5B,U+13D5B,I96A,I96VARA,I-06-011,"A snake, upon two sets of legs in a walking posture, feet orientated towards the reading direction (D54).",Phonemogram,C
HJ I112,13D5C,U+13D5C,I112,I112,I-07-003,"A horned desert viper (Cerastes cerastes) (I9), written inside an oval with a rippled line (water).",Phonemogram,C
HJ I009B,13D5D,U+13D5D,I9B,I9B,I-07-004,"A horned desert viper (Cerastes cerastes), written vertically.",Phonemogram,C
HJ I118,13D5E,U+13D5E,I118,I118,I-07-008,"A horned desert viper (Cerastes cerastes) (I9), with a round loaf of bread in a wide cup (X2D) on its back.",Logogram (father),C
HJ I024B,13D5F,U+13D5F,I24B,I24B,I-07-010,"A horned desert viper (Cerastes cerastes) (I9), coming out of something resembling a representation of two ribs, written parallel (Aa15).",Phonemogram,C
HJ I025,13D60,U+13D60,I25,I25,I-07-013,,,
I026A,13D61,U+13D61,,,I-07-016,"A horned desert viper (Cerastes cerastes) (I9), written inside an oval.",Phonemogram/logogram (his name),C
HJ I117,13D62,U+13D62,I117,I117,I-07-017,"A horned desert viper (Cerastes cerastes) (I9), coming out of a house or enclosure (O1), written on its side.",Logogram (to go forth),C
HJ I096,13D63,U+13D63,I96,I96,I-07-019,"A horned desert viper (Cerastes cerastes) (I9), upon two sets of legs in a walking posture, feet orientated towards the reading direction (D54).",Phonemogram,C
I150,13D64,U+13D64,,,I-07-021,"A horned desert viper (Cerastes cerastes) (I9), coming out of an open rectangle, with the top line shorter than the bottom line (I24); on top of legs in a walking posture, feet orientated towards the reading direction (D54).",Logogram (to go forth),C
HJ I027,13D65,U+13D65,I27,I27,I-08-001,A snake with the head of a ram with horizontal horns.,Logogram (divinity),C
HJ I010B,13D66,U+13D66,I10B,I10B,I-09-004,,,
HJ I123,13D67,U+13D67,I123,I123,I-09-011,"A cobra in repose (Naja haje), with its tail curved forward below the body.",Phonemogram/logogram (eternity),C
HJ I030,13D68,U+13D68,I30,I30,I-09-012,"A cobra in repose (Naja haje), with human arms, extended forwards, one arm horizontal, holding a vessel with something in it, other arm above the vessel.",Logogram (eternity),C
HJ I031C,13D69,U+13D69,I31C,I31C,I-09-016,"A cobra in repose (Naja haje) (I10), with a feather (H6) on its back, angling backwards; on top of a standard used for the carrying of religious symbols with the vertical stick at the far side (R92A). ",Classifier divinity,C
HJ I031A,13D6A,U+13D6A,I31A,I31A,I-09-017,"A cobra in repose (Naja haje) (I10), with a feather (H6) on its back, angling backwards; on top of a standard used for carrying religious symbols (R12).","Logogram/phonemogram (boundry, cliff)",C
HJ I121,13D6B,U+13D6B,I121,I121,I-09-019,"A cobra in repose (Naja haje) (I10), upon a rounded stick and a ?stela?, with a feather (H6) on its back, angled backwards.","Logogram (boundry, cliff)",C
HJ I119,13D6C,U+13D6C,I119,I119,I-09-020,"A cobra in repose (Naja haje) (I10), upon a standard resembling a folded piece of cloth (S29), with a feather (H6) vertically on its back, in line with the standard.",Classifier divinity,C
HJ I122,13D6D,U+13D6D,I122,I122,I-09-028,"A cobra in repose (Naja haje) (I10), written below a cobra in repose (Naja haje) (I10); on top of standard used for carrying religious symbols, with a loop under the horizontal beam, running over the vertical pole (R12A).",Logogram (the two mountain ranges of the Nile valley),C
HJ I124,13D6E,U+13D6E,I124,I124,I-09-029,"A cobra in repose (Naja haje) (I10), written below a cobra in repose (Naja haje) (I10) with a feather (H6) on its back, angling backwards (I31); on top of standard used for carrying religious symbols, with a loop under the horizontal beam, running over the vertical pole (R12A).",Logogram (the two mountain ranges of the Nile valley),C
HJ I033,13D6F,U+13D6F,I33,I33,I-09-033,"A mummy with a long-curved beard, standing upright (A53), encircled by a cobra in repose (Naja haje), with its head above the head of the mummy, with the tip of the tail in front of the mummy.",Logogram (eternity),C
HJ I099,13D70,U+13D70,I99,I99,I-09-034,"A cobra in repose (Naja haje) (I10), wearing the red crown (S3).",Phonemogram,C
HJ I120,13D71,U+13D71,I120,I120,I-09-043,"A house or enclosure (O1), with two long vertical lines on top of it, with a cobra in repose (Naja haje) (I10) written over the two vertical lines.",Phonemogram,C
I151,13D72,U+13D72,,,I-09-044,"A cobra in repose (Naja haje) (I10), written over the white crown (S1), with a sun disk (N5) written between the crown and the vertical section of the tail of the cobra.","Phonemogram (in ḥḏ-tꜣ, dawn, daybreak)",C
HJ I040,13D73,U+13D73,I40,I40,I-10-001,"A cobra in repose (Naja haje), with its tail curved forwards below the body, with a forward downward line of liquid coming from the mouth, which ends in a vessel in front of the tip of the tail.",Logogram (cavern),C
I040H,13D74,U+13D74,,,I-10-003,"A cobra in repose (Naja haje), with a forward downward line of liquid coming from the mouth, which ends in a vessel.",Logogram (cavern),C
HJ I040F,13D75,U+13D75,I40F,I40F,I-10-004,"A cobra in repose (Naja haje), with its tail curved forwards below the body, with a vessel in front of the tip of its tail.",Logogram (cavern),C
HJ I040C,13D76,U+13D76,I40C,I40C,I-10-008,"A cobra in repose (Naja haje), tail facing forwards, with a forward, downward line of liquid issuing from the mouth, on top of the right side of the sky (N44).",Logogram (cavern),C
HJ I040D,13D77,U+13D77,I40D,I40D,I-10-009,"A cobra in repose (Naja haje), tail facing forward, with a forward, downward line of liquid issuing from the mouth, on top of the left side of the sky (N44-mirror).",Logogram (cavern),C
HJ I041,13D78,U+13D78,I41,I41,I-10-014,"A cobra in repose (Naja haje), tail facing forwards, with a forward, downward line of liquid issuing from the mouth, on top of the right side of the sky (N44), facing its mirror, with the two lines of liquid ending in a vessel which sits between the two signs.","Logogram (the two holes, the two caverns)",C
HJ I064,13D79,U+13D79,I64,I64,I-11-001,"A cobra (Naja haje), standing up, with expanded hood (uraeus).",Classifier female divinity,C
HJ I013A,13D7A,U+13D7A,I13A,I13A,I-11-003,"A cobra (Naja haje), standing up, with expanded hood (uraeus) (I64), on top of a wickerwork basket (V30).",Logogram (lady (in nb.ty)),C
HJ I043,13D7B,U+13D7B,I43,I43,I-11-006,"A cobra (Naja haje), standing up, with expanded hood (uraeus) (I64), with a forward, downward dotted line coming from the mouth.","Logogram (fire, flame)",C
I043A,13D7C,U+13D7C,,,I-11-007,"A cobra (Naja haje), standing up, with expanded hood (uraeus) (I64), with three forward, downward lines coming from the mouth.","Logogram (fire, flame)",C
HJ I044,13D7D,U+13D7D,I44,I44,I-11-008,"Two cobras (Naja haje), standing up, with expanded hood (uraeus) (I64), overlapping each other.",Classifier the two udjat eyes,C
HJ I045,13D7E,U+13D7E,I45,I45,I-11-009,"Three cobras (Naja haje), standing up, with expanded hood (uraeus) (I64), overlapping each other.",Logogram (goddesses),C
HJ I046,13D7F,U+13D7F,I46,I46,I-11-011,"Nine cobras (Naja haje), standing up, with expanded hood (uraeus), in a row, with overlapping bodies.",Classifier Ennead,C
HJ I047,13D80,U+13D80,I47,I47,I-11-012,,,
HJ I047A,13D81,U+13D81,I47A,I47A,I-11-013,,,
HJ I050,13D82,U+13D82,I50,I50,I-11-016,"A cobra (Naja haje), standing up, with expanded hood (uraeus) (I64), on top of a standard used for the carrying of religious symbols with the vertical stick at the far side (R92A). ",Logogram (goddess),C
HJ I105,13D83,U+13D83,I105,I105,I-11-017,"A cobra (Naja haje), standing up, with expanded hood (uraeus) (I64), in front of a half round loaf of bread (X1) above an egg (H8); on top of a standard used for the carrying of religious symbols with the vertical stick at the far side (R92A). ",Logogram (goddess),C
HJ I050A,13D84,U+13D84,I50A,I50A,I-11-018,"A cobra (Naja haje), standing up, with expanded hood (uraeus) (I64), on top of standard used for carrying religious symbols, with a loop under the horizontal beam, running over the vertical pole (R12A).",Logogram (goddess),C
HJ I051,13D85,U+13D85,I51,I51,I-11-019,,,
HJ I054,13D86,U+13D86,I54,I54,I-11-026,,,
I053B,13D87,U+13D87,,,I-11-027,"Three cobras (Naja haje), standing up, with expanded hood (uraeus) (I64), overlapping each other, on top of a standard used for the carrying of religious symbols with the vertical stick at the far side (R92A). ",Logogram (goddesses),C
HJ I055,13D88,U+13D88,I55,I55,I-11-029," A cobra (Naja haje), standing up, with expanded hood (uraeus) (I64), wearing the white crown (S1).",Classifier uraeus snake,C
HJ I056,13D89,U+13D89,I56,I56,I-11-030," A cobra (Naja haje), standing up, with expanded hood (uraeus) (I64), wearing the white crown (S1), on top of a wickerwork basket (V30).",Logogram (lady (in nb.ty)),C
HJ I058,13D8A,U+13D8A,I58,I58,I-11-033," A cobra (Naja haje), standing up, with expanded hood (uraeus) (I64), wearing the red crown (S3).",Phonemogram,C
HJ I059,13D8B,U+13D8B,I59,I59,I-11-034," A cobra (Naja haje), standing up, with expanded hood (uraeus) (I64), wearing the red crown (S3), on top of a wickerwork basket (V30).",Logogram (lady (in nb.ty)),C
HJ I060,13D8C,U+13D8C,I60,I60,I-11-035,"Two cobras (Naja haje), standing up, with expanded hood (uraeus) (I64), overlapping each other, the first cobra wearing the white crown (S1), the second cobra wearing the red crown (S3).",Classifier the two uraeus snakes,C
HJ I062,13D8D,U+13D8D,I62,I62,I-11-042,"A cobra (Naja haje), standing up, with expanded hood (uraeus) (I64), wearing a headdress consisting of a sun disk between the horns of a bovid (F102).",Logogram (Hathor),C
I062A,13D8E,U+13D8E,,,I-11-043,"A cobra (Naja haje), standing up, with expanded hood (uraeus) (I64), wearing a headdress consisting of a sun disk between the horns of a bovid (F102), on top of a standard used for the carrying of religious symbols with the vertical stick at the far side (R92A). ",Logogram (goddess),C
HJ I063,13D8F,U+13D8F,I63,I63,I-11-045,"A cobra (Naja haje), standing up, with expanded hood (uraeus) (I64), wearing a headdress consisting of two plumes (S9).",Logogram (Renenutet),C
I012B,13D90,U+13D90,,,I-11-050,"A cobra (Naja haje), standing up, with expanded hood (uraeus), with a coiled tail, resembling a sideways number 8.",Phonemogram/logogram (to encircle with),C
I012A,13D91,U+13D91,,,I-11-051,"Two cobras (Naja haje), standing up, with expanded hood (uraeus), with a coiled tail (I12), overlapping each other.","Classifier snake, uraeus",C
HJ I065,13D92,U+13D92,I65,I65,I-11-054,"A cobra (Naja haje), standing up, with expanded hood (uraeus), with a coiled tail (I12), written over a sceptre with a straight shaft, a forked base, topped with the head of the Seth animal (S40), angling forwards, with a cartouche in a round form (V9) with the loop around the staff.",Logogram (Wadjet (divinity),C
HJ I067,13D93,U+13D93,I67,I67,I-11-057,"A cobra (Naja haje), standing up, with expanded hood (uraeus), with a coiled tail (I12), wearing the red crown (S3), upon a wickerwork basket (V30).",Logogram (lady (in nb.ty)),C
I059A,13D94,U+13D94,,,I-11-058,"A cobra (Naja haje), standing up, with expanded hood (uraeus), with a coiled tail (I12), wearing the red crown (S3), with a flagellum (S45) on its back; upon a wickerwork basket (V30).",Classifier uraeus,C
HJ I068,13D95,U+13D95,I68,I68,I-11-060,"A cobra (Naja haje), standing up, with expanded hood (uraeus), with a coiled tail (I12), wearing the white crown (S1), upon a wickerwork basket (V30).",Logogram (lady (in nb.ty)),C
I069A,13D96,U+13D96,,,I-11-063,"A cobra (Naja haje), standing up, with expanded hood (uraeus), with a coiled tail (I12), wearing a headdress consisting of two plumes (S9).",Logogram (Renenutet),C
HJ I070,13D97,U+13D97,I70,I70,I-11-064,"A cobra (Naja haje), standing up, with expanded hood (uraeus), with its tail going forwards, over its head.",Logogram (uraeus),C
I070E,13D98,U+13D98,,,I-11-067,"A cobra (Naja haje), standing up, with expanded hood (uraeus), with its tail coiled in an elaborate pattern.",Classifier coil (of a snake),C
I070A,13D99,U+13D99,,I70A,I-11-070,"A cobra (Naja haje), standing up, with expanded hood (uraeus), with its tail coiled, one coil horizontally, with the tail going forwards, over the head after this coil.",Logogram (uraeus),C
I070B,13D9A,U+13D9A,I70B,,I-11-071,"A cobra (Naja haje), standing up, with expanded hood (uraeus), with its tail coiled, with two coils, with the tail going forwards, over the head after the second coil.",Logogram (uraeus),C
HJ I071,13D9B,U+13D9B,I71,I71,I-11-073,"A cobra (Naja haje), standing up, with expanded hood (uraeus), with its tail going backwards, over its head.",Logogram (uraeus),C
HJ I073,13D9C,U+13D9C,I73,I73,I-11-078,,,
HJ I074,13D9D,U+13D9D,I74,I74,I-11-081,"A cobra (Naja haje), standing up, with expanded hood (uraeus), with a coiled tail, consisting of three horizontal coils, arranged vertically.",Logogram (uraeus),C
HJ I075,13D9E,U+13D9E,I75,I75,I-11-084,,,
HJ I076,13D9F,U+13D9F,I76,I76,I-11-085,,,
HJ I107,13DA0,U+13DA0,I107,I107,I-11-086,"A cobra, with the head of a bovid.",Logogram (lady of Dendera),C
HJ I107A,13DA1,U+13DA1,I107A,I107A,I-11-087,"A cobra, with the head of a bovid, with a sun disk between the horns.",Logogram (lady of Dendera),C
HJ I077,13DA2,U+13DA2,I77,I77,I-11-088,A cobra with the head of a leonid.,Phonemogram/logogram (to not know),C
HJ I078,13DA3,U+13DA3,I78,I78,I-11-091,A cobra with the head of a female.,Phonemogram/logogram (to not know),C
HJ I078A,13DA4,U+13DA4,I78A,I78A,I-11-092,"A cobra with the head of a female, with a coiled tail.",Phono-repeater,C
HJ I079A,13DA5,U+13DA5,I79A,I79A,I-11-093,"A cobra with the head of a female, with a coiled tail, wearing a headdress consisting of the horns of a ram with two plumes on top of it (S62).",Phonemogram/logogram (to not know),C
HJ I079,13DA6,U+13DA6,I79,I79,I-11-094,,,
I139,13DA7,U+13DA7,,,I-11-095,"A cobra with the head of a female, with a coiled tail, wearing a headdress consisting of two plumes (S9).",Logogram (Renenutet),C
I090A,13DA8,U+13DA8,,,I-11-097,"A cobra with the head of a falcon, with a feather (H6) on its head, vertically, with a coiled tail, consisting of four coils.",Phonemogram,C
HJ I130,13DA9,U+13DA9,I130,I130,I-11-100,"Two bows, strung together as a package, with the four tips of the bow represented as uraei.",Phonemogram,C
I152,13DAA,U+13DAA,,,I-11-101,"A cobra (Naja haje), standing up, with expanded hood (uraeus) (I64), with a forward, downward dotted line coming from the mouth (I43), on top of the corner of a wall (O38); facing its mirror.",Logogram (the two caverns),C
HJ I080,13DAB,U+13DAB,I80,I80,I-12-001,"A cobra in repose (Naja haje), standing up.",Classifier snake,C
HJ I081,13DAC,U+13DAC,I81,I81,I-12-002,,,
HJ I080A,13DAD,U+13DAD,I80A,I80A,I-12-004,"A cobra in repose (Naja haje), with its tail coiled up, in a single coil.",Classifier snake,C
I080B,13DAE,U+13DAE,,,I-12-005,"A horned desert viper (Cerastes cerastes), with its tail coiled up in a single coil.",Phonemogram,C
I084A,13DAF,U+13DAF,,,I-12-012,"A snake, with its head facing its tail, with a knife with a triangular blade and straight handle (T30A) at its neck, and two over its body in the horizontal section.","Classifier snake, serpent",C
I085,13DB0,U+13DB0,I85,I85,I-12-013,,,
I089B,13DB1,U+13DB1,,,I-13-002,"A horned viper (Cerastes cerastes) with a coiled tail, consisting of two coils that are lower than the head.",Phonemogram,C
I089A,13DB2,U+13DB2,,,I-13-006,"A horned viper (Cerastes cerastes) with a coiled tail, consisting of two coils that are of the same height as the head.",Phonemogram,C
I081A,13DB3,U+13DB3,,,I-13-007,"A snake with a coiled tail, consisting of two coils (I14), wearing the red crown (S3).",Phonemogram n and logogram bꜣ (soul),C
I086X,13DB4,U+13DB4,I86,,I-13-008,"A snake with a coiled tail, consisting of two coils, head down, with a knife with a triangular blade and straight handle (T30A), written vertically on its head, blade inwards.",Classifier snake,C
I086,13DB5,U+13DB5,,I86,I-13-012,,,
HJ I127,13DB6,U+13DB6,I127,I127,I-13-013,"A snake, with a coiled tail, with it head in a hole.",Phonemogram,C
HJ I015B,13DB7,U+13DB7,I15B,I15B,I-13-014,"A cobra (Naja haje), standing up, with expanded hood (uraeus), with a coiled tail, consisting of three coils.",Logogram (Shai (divinity)),C
HJ I014C,13DB8,U+13DB8,I14C,I14C,I-13-016,"A snake with a coiled tail, consisting of three coils.","Classifier snake, serpent",C
HJ I088,13DB9,U+13DB9,I88,I88,I-13-019,"A snake with the head of a bird, with its tail coiled around itself, with the tip of the tail below the neck.","Classifier snake, serpent",C
HJ I089,13DBA,U+13DBA,I89,I89,I-13-020,,,
HJ I086A,13DBB,U+13DBB,I86A,I86A,I-13-021,"A snake with a coiled tail, consisting of three coils, with a knife with a triangular blade and straight handle (T30A), written vertically on each coil, blade forwards.",Classifier snake,C
HJ I086B,13DBC,U+13DBC,I86B,I86B,I-13-022,"A snake with a coiled tail, consisting of three coils, with the tail towards the front, below the body after the third coil, head down.",Classifier snake,C
I086J,13DBD,U+13DBD,,,I-13-024,"A snake with a coiled tail, consisting of three coils, head downwards, with a knife with a triangular blade (T30A) written on each coil of the tail, at a forward angle, blade down.",Classifier snake/enemy,C
I086K,13DBE,U+13DBE,,,I-13-025,"A snake with a coiled tail, consisting of three coils, head upward, with a knife with a triangular blade (T30A) written on each coil of the tail, at a forward angle, blade down.",Classifier snake/enemy (Apophis),C
I086I,13DBF,U+13DBF,,,I-13-026,"A snake with a coiled tail, consisting of three coils, head down.",Classifier snake/enemy (Apophis),C
HJ I086E,13DC0,U+13DC0,I86E,I86E,I-13-027,"A snake with a coiled tail, consisting of three coils, head down, with a knife with a triangular blade and straight handle (T30A) written vertically on the head of the snake, blade inwards.",Classifier snake,C
HJ I086F,13DC1,U+13DC1,I86F,I86F,I-13-028,"A snake with a coiled tail, consisting of three coils, head down, with a knife with a triangular blade and straight handle (T30A) written vertically on the head of the snake and the tip of the tail, blade towards the back.",Classifier snake/enemy (Apophis),C
HJ I086G,13DC2,U+13DC2,I86G,I86G,I-13-029,,,
HJ I086D,13DC3,U+13DC3,I86D,I86D,I-13-030,"A snake with a coiled tail, with three coils, head vertically down, with the tail towards the front, below the body after the third coil, head down, with a knife with a triangular blade and straight handle (T30A) written vertically on each coil, blade towards the back.",Classifier snake/enemy (Apophis),C
HJ I014A,13DC4,U+13DC4,I14A,I14A,I-13-031,"A snake with a coiled tail, consisting of four coils.",Classifier snake/divinity,C
HJ I092,13DC5,U+13DC5,I92,I92,I-13-032,,,
HJ I015C,13DC6,U+13DC6,I15C,I15C,I-13-033,,,
HJ I086H,13DC7,U+13DC7,I86H,I86h,I-13-037,,,
HJ I087,13DC8,U+13DC8,I87,I87,I-13-038,,,
HJ I093,13DC9,U+13DC9,I93,I93,I-14-001,,,
HJ I109,13DCA,U+13DCA,I109,I109,I-15-001,"Two cobras (Naja haje), standing up, with expanded hood (uraeus), facing outwards, tails coiled together, with a child, seated on nothing, forelegs separated, right arm raised with hand to mouth, left arm hanging beside the body (A17) written between the two heads.",Logogram (the north wind),C
HJ I110,13DCB,U+13DCB,I110,I110,I-15-002,"Two snakes, standing up, facing outwards, tails coiled together, with a plan of a crossroads in a village written between the two heads.",Phonemogram rr and classifier geographical location,C
K040,13DCC,U+13DCC,,,K-01-009,A catfish with two upstanding barbels.,Logogram (fish),C
K031,13DCD,U+13DCD,,,K-01-014,"A fish, at 45 degree, with a V shaped tail, and a long and short fin on either side of the body.",Phonemogram,C
K003A,13DCE,U+13DCE,,,K-01-016,"Two mullets (Mugil cephalus), arranged vertically, on top of a standard used for carrying religious symbols (R12).",Logogram (canal of the Two Fishes (in the second nome of Upper Egypt)),C
K004C,13DCF,U+13DCF,,,K-01-020,"A fish with two small fins above and below the body, and one small fin on its side, near the head.",Phonemogram,C
K028C,13DD0,U+13DD0,,,K-01-024,"A fish, at 45 degree, written in an oval, rotated at 45 degree.",Phonemogram/logogram (Shenes (geographical location)),C
HJ K015,13DD1,U+13DD1,K15,K15,K-01-027,"A fish with a small fin on the top and a small and long fin on the bottom (K14), written inside an oval consisting of a wavy line.",Logogram (Re),C
K015A,13DD2,U+13DD2,,,K-01-028,"A fish with a small fin on the top and a small and long fin on the bottom (K14), written inside an oval.",Phonemogram,C
HJ K004A,13DD3,U+13DD3,K4A,K4A,K-01-032,"A fish, with its tail orientated downwards.",Phonemogram,C
HJ K017,13DD4,U+13DD4,K17,K17,K-01-033,"A fish, with its tail orientated downwards (K4A), on top of standard used for carrying religious symbols, with a loop under the horizontal beam, running over the vertical pole (R12A).",Logogram (First-of-fishes nome (16th nome of Lower Egypt)),C
HJ K004B,13DD5,U+13DD5,K4B,K4B,K-01-035,"A fish, with its tail orientated downwards, with two small fins on either side of its body.",Phonemogram,C
HJ K018,13DD6,U+13DD6,K18,K18,K-01-040,"A fish with two small fins above the body, written horizontally, on top of legs in a walking posture, feet orientated towards the reading direction (D54).","Logogram/phonemogram (to flood out, to emerge)",C
HJ K018B,13DD7,U+13DD7,K18B,K18B,K-01-041,"A fish, with its tail orientated downwards (K4A), on top of legs in a walking posture, feet orientated towards the reading direction (D54).","Logogram/phonemogram (to flood out, to emerge)",C
K018C,13DD8,U+13DD8,,,K-01-042,"A fish, with its tail orientated downwards, with two small fins on either side of its body (K4B), on top of legs in a walking posture, feet orientated towards the reading direction (D54).","Logogram/phonemogram (to flood out, to emerge)",C
HJ K018A,13DD9,U+13DD9,K18A,K18A,K-01-043,"A fish with a small fin on top, angled upwards, on top of legs in a walking posture, feet orientated towards the reading direction (D54).","Logogram/phonemogram (to flood out, to emerge)",C
HJ K014,13DDA,U+13DDA,K14,K14,K-01-044,A fish with a small fin on the top and a small and long fin on the bottom.,Phonemogram,C
HJ K023,13DDB,U+13DDB,K23,K23,K-02-001,,,
HJ K023A,13DDC,U+13DDC,K23A,K23A,K-02-002,"A fish without a head, with a tail-fin with a deep V like shape.","Logogram (anger, discontent)",C
K023B,13DDD,U+13DDD,,,K-02-003,"A fish without a head, with a tail-fin with a triangular shape.",Logogram (to be angry),C
HJ K024,13DDE,U+13DDE,K24,K24,K-02-004,,,
K024A,13DDF,U+13DDF,,,K-02-005,"A fish without a head, with a tail-fin with a V like shape, with a fin at either side of the body.",Logogram (to be angry),C
HJ K026,13DE0,U+13DE0,K26,K26,K-02-007,,,
L001A,13DE1,U+13DE1,,,L-01-004,"A dung beetle, scarab (scarabaeus sacer), with multiple vertical lines over the carapace.",Logogram (to become),C
L001D,13DE2,U+13DE2,,,L-01-005,"A dung beetle, scarab (scarabaeus sacer), with the red crown (S3) on its head.",Logogram/Phonemogram (life to),C
HJ L009,13DE3,U+13DE3,L9,L9,L-01-009,"A dung beetle, scarab (scarabaeus sacer) (L1), holding a cartouche in the round form (V9) in its hind legs.",Logogram (to illuminate),C
HJ L012A,13DE4,U+13DE4,L12A,L12A,L-01-012,"A dung beetle, scarab (scarabaeus sacer) (L1), with the fully extended wing of a bird (H5) on either side of the body.",Classifier winged scarab,C
HJ L012,13DE5,U+13DE5,L12,L12,L-01-013,"A dung beetle, scarab (scarabaeus sacer) (L1), with the fully extended wing of a bird (H5) on one side of the body.",Logogram (to go forth),C
HJ L011,13DE6,U+13DE6,L11,L11,L-01-014,"A dung beetle, scarab (scarabaeus sacer) (L1), with outstretched wings.",Logogram (to go forth),C
L011A,13DE7,U+13DE7,,,L-01-015,"A dung beetle, scarab (scarabaeus sacer) (L1), with outstretched wings, which are curved upwards, connecting, making a circular form.",Logogram (to go forth),C
HJ L014,13DE8,U+13DE8,L14,L14,L-01-018,,,
HJ L015,13DE9,U+13DE9,L15,L15,L-01-019,"A dung beetle, scarab (scarabaeus sacer), with outstretched wings (L11), on top of the sun rising over a sand covered mountain over the edge of the cultivated areas (N27).",Logogram (who goes forth from the horizon),C
L015A,13DEA,U+13DEA,,,L-01-021,"A dung beetle, scarab (scarabaeus sacer), with upward pointing outstretched wings, holding a circle in its front legs.",Logogram (the winged scarab),C
HJ L029,13DEB,U+13DEB,L29,L29,L-01-022,"A dung beetle, scarab (scarabaeus sacer), with the head of a falcon.",Logogram (scarab (amulet)),C
HJ L032,13DEC,U+13DEC,L32,L32,L-01-023,"A dung beetle, scarab (scarabaeus sacer) with the head of a ram, wearing the red crown (S3).",Phonemogram,C
HJ L033,13DED,U+13DED,L33,L33,L-01-024,"The head and forelegs of a dung beetle, scarab, (scarabaeus sacer).",Logogram (beginning),C
HJ L003A,13DEE,U+13DEE,L3A,L3A,L-02-001,A fly.,Classifier fly/insect,C
HJ L016,13DEF,U+13DEF,L16,L16,L-02-003,A wasp.,Classifier wasp,C
L002B,13DF0,U+13DF0,,,L-03-003,"A locust, depicted as a bee without wings.",Phonemogram,C
HJ L017,13DF1,U+13DF1,L17,L17,L-04-001,A praying mantis.,Logogram (mantis),C
HJ L019,13DF2,U+13DF2,L19,L19,L-06-001,A scorpion.,Classifier scorpion,C
HJ L028,13DF3,U+13DF3,L28,L28,L-06-010,,,
HJ L025,13DF4,U+13DF4,L25,L25,L-06-011,"A scorpion (L19), on top of an arrowhead, point facing downwards, in the ground, resembling a cartouche in the round form (T22D).",Classifier Serket/Selkis,C
L036,13DF5,U+13DF5,,,L-06-017,"A scorpion (L19), on top of a standard used for carrying religious symbols (R12).",Logogram (Serket/Selkis (divinity)),C
L038,13DF6,U+13DF6,,,L-06-018,"A covered or winged scorpion, holding a seal, attached to a neck string (S20).",Logogram (Serket/Selkis (divinity)),C
L037,13DF7,U+13DF7,,,L-07-001,"A louse, flea or tiny insect.",Classifier tiny insect,C
HJ L034,13DF8,U+13DF8,L34,L34,L-07-003,A butterfly.,Classifier to open,C
L008A,13DF9,U+13DF9,,,L-07-005,A click beetle (Lanelater Notodonta).,Classifier beetle,C
HJ M001C,13DFA,U+13DFA,M1C,M1C,M-01-004,"A tree, with the trunk and foliage separated.",Phonemogram,C
HJ M050A,13DFB,U+13DFB,M50A,M50A,M-01-005,A tree upon a wide base with upstanding edges.,Logogram (sycamore),C
HJ M051,13DFC,U+13DFC,M51,M51,M-01-015,,,
HJ M217,13DFD,U+13DFD,M217,M217,M-01-016,"A tree, with a rippled line of water coming from both sides of the top, angling downwards.",Logogram (rain (divinity)),C
M260,13DFE,U+13DFE,,,M-01-018,"A shield with a round top, with a line coming from either side, angled upwards, on top of a standard used for carrying religious symbols, with a loop under the horizontal beam, running over the vertical pole (R56/R12A).","Logogram (Neith, 4th and 5th nomes of Lower Egypt)",C
HJ N113A,13DFF,U+13DFF,N113A,N113A,M-01-019,"A tree (M1), written over a horned desert viper (Cerastes cerastes) (I9), in front of the hindquarters of a seated lion or leopard (F22); on top of a standard used for carrying religious symbols (R12).",Logogram (14th nome of Upper Egypt),C
M001J,13E00,U+13E00,,,M-01-020,"A branch, horizontally written (M3), written over a tree (M1); on top of a standard used for carrying religious symbols (R12).",Logogram (20th and 21st nomes of Upper Egypt),C
HJ M001D,13E01,U+13E01,M1D,M1D,M-01-021,"A tree (M1), on top of a standard used for carrying religious symbols (R12).",Logogram (20th and 21st nomes of Upper Egypt),C
N112A,13E02,U+13E02,,,M-01-023,"A tree (M1), written over a horned desert viper (Cerastes cerastes) (I9), in front of a schematic representation of three sealed water pots in a rack (W17A); on top of a standard used for carrying religious symbols (R12).",Logogram (13th nome of Upper Egypt),C
HJ M046,13E03,U+13E03,M46,M46,M-01-024,A tree without foliage.,Classifier tamarisk wood,C
M001I,13E04,U+13E04,M1B,M1B,M-01-026,,,
HJ M046B,13E05,U+13E05,M46B,M46B,M-01-027,A coniferous tree.,Phono-repeater,C
M001H,13E06,U+13E06,,,M-01-030,"A tree without foliage, or a branch with many side branches.",classifier wood,C
M001E,13E07,U+13E07,,,M-01-032,A branch or tree with three vertically arranged clumps of branches.,Classifier wood,C
HJ M054,13E08,U+13E08,M54,M54,M-02-001,A palm tree.,Classifier costly wood,C
M055A,13E09,U+13E09,,,M-02-003,"A doum palm tree (Hyphaene thebaica) with sprouts a the bottom, with doum palm dates hanging from the top. ",Classifier doum palm,C
HJ M054A,13E0A,U+13E0A,M54A,M54A,M-02-007,"A doum palm tree (Hyphaene thebaica) with sprouts a the bottom, with two trunks.",Classifier doum palm,C
M002C,13E0B,U+13E0B,,,M-03-002,"A herb, with three flowers or leaves, curving upwards, all flowers/leaves at the same height.",Logogram (true of voice),C
HJ M002A,13E0C,U+13E0C,M2A,M2A,M-03-003,,,
HJ M002B,13E0D,U+13E0D,M2B,M2B,M-03-007,"A bundle of three flowers, with one flower between two buds, written horizontally.",Logogram (to be justified),C
HJ M085,13E0E,U+13E0E,M85,M85,M-03-008,,,
HJ M003B,13E0F,U+13E0F,M3B,M3B,M-04-003,"A branch, vertically written.",Phono-repeater,C
M003G,13E10,U+13E10,,,M-04-005,"A dead tree or a branch, vertically written, with multiple side-branches on either side.",Phonemogram,C
M003J,13E11,U+13E11,M3E,,M-04-007,"A branch, horizontally written, with two branches in a V shape at the far end.",Phonemogram,C
M003E,13E12,U+13E12,,M3E,M-04-008,,,
HJ M003F,13E13,U+13E13,M3F,M3F,M-04-009,"A branch, horizontally written, with only one side-branch near the tip.",Phonemogram,C
HJ M062,13E14,U+13E14,M62,M62,M-04-013,A branch of laurel leaves.,Classifier plant,C
M187A,13E15,U+13E15,,,M-04-018,"A seed or branch, resembling an angled oval, with two bulbs on top and one at the bottom.",Classifier oil,C
HJ M057,13E16,U+13E16,M57,M57,M-04-020,A clump of three reed-stalks with florets.,Classifier plant?,C
HJ M060,13E17,U+13E17,M60,M60,M-04-021,"A flower or herb, with a side branch on either side, flowers resemble a fork.",Classifier plant,C
HJ M210,13E18,U+13E18,M210,M210,M-05-003,,,
M004C,13E19,U+13E19,,,M-05-004,"A palm branch, stripped of leaves, without notch, curved forwards.",Logogram (year),C
HJ M004A,13E1A,U+13E1A,M4A,M4A,M-05-006,"A palm branch, stripped of leaves, with multiple sharp notches.",Logogram (year),C
HJ M004B,13E1B,U+13E1B,M4B,M4B,M-05-009,"A palm branch, stripped of leaves and notched with a sharp notch.",Logogram (year),C
M004D,13E1C,U+13E1C,,,M-05-010,"A palm branch, stripped of leaves and notched with a sharp notch, with additional perpendicular lines over the section above the notch.",Phono-repeater,C
HJ M005B,13E1D,U+13E1D,M5B,M5B,M-05-011,"A palm branch, stripped of leaves and notched with a sharp notch (M4B), on top of a half round loaf of bread (X1).",Logogram (year),C
HJ M005A,13E1E,U+13E1E,M5A,M5A,M-05-012,"A palm branch, stripped of leaves, with multiple sharp notches (M4A), on top of a half round loaf of bread (X1).",Logogram (year),C
M005C,13E1F,U+13E1F,,,M-05-014,"A palm branch, stripped of leaves, with multiple sharp notches (M4A), on top of a circle.",Logogram (time/season),C
HJ M007A,13E20,U+13E20,M7A,M7A,M-05-016,"A palm branch, stripped of leaves and notched with a sharp notch (M4B), on top of a stool made of reed matting (Q3).","Logogram (to be young, to rejuvenate)",C
HJ M007B,13E21,U+13E21,M7B,M7B,M-05-017,"A palm branch, stripped of leaves, with multiple sharp notches (M4A), on top of a stool made of reed matting (Q3).","Logogram (to be young, to rejuvenate)",C
M064B,13E22,U+13E22,,,M-05-020,"A palm branch, stripped of leaves and notched with a sharp notch (M4B), on top of a plan of a crossroads in a village (O49).",Classifier/phono-repeater,C
HJ M064A,13E23,U+13E23,M64A,M64A,M-05-021,"A palm branch, stripped of leaves and notched with a sharp notch (M4B), on top of a circle.",Logogram (time/season),C
HJ M064,13E24,U+13E24,M64,M64,M-05-022,,,
HJ M065,13E25,U+13E25,M65,M65,M-05-023,,,
HJ M067,13E26,U+13E26,M67,M67,M-05-026,"A palm branch, stripped of leaves and notched with a round notch (M4), on top of a horizontal line.",Logogram (year),C
M247A,13E27,U+13E27,,,M-05-029,"A palm branch, stripped of leaves and notched with a sharp notch (M4B), on top of a stool made of reed matting, with internal detail (HGx Q3A).","Logogram (to be young, to rejuvenate)",C
HJ M066,13E28,U+13E28,M66,M66,M-05-030,,,
HJ M069,13E29,U+13E29,M69,M69,M-06-001,,,
HJ M069A,13E2A,U+13E2A,M69A,M69A,M-06-002,"A strip of land or pond, with a lotus-bud and a lotus flower.",?,C
HJ M070,13E2B,U+13E2B,M70,M70,M-06-003,,,
HJ M008F,13E2C,U+13E2C,M8F,M8F,M-06-004,,,
HJ M008E,13E2D,U+13E2D,M8E,M8E,M-06-005,"A pool with lotus flowers, consisting of three vertical flowers.",Phonemogram,C
M008R,13E2E,U+13E2E,,,M-06-006,"A pool with lotus flowers, consisting of three vertical flowers (M8E), written on top of legs in a walking posture, feet orientated towards the reading direction (D54).",Phonemogram,C
HJ M008H,13E2F,U+13E2F,M8H,M8h,M-06-009,"A pool with papyrus flowers, consisting of three vertical flowers.","Logogram (marsh, meadow)",C
HJ M008A,13E30,U+13E30,M8A,M8A,M-06-012,"A pool with papyrus flowers, consisting of three vertical flowers and two buds.",Classifier flower,C
HJ M008B,13E31,U+13E31,M8B,M8B,M-06-018,"A pool with papyrus flowers, consisting of three vertical flowers and two buds, with a ripple of water written inside the oval pool.",Phonemogram,C
HJ M008G,13E32,U+13E32,M8G,M8G,M-06-019,"A strip of land or pool, with lotus flowers, with three vertical flowers resembling a forked pole for supporting a roof (O30) and two buds.",Phonemogram,C
M008S,13E33,U+13E33,,,M-06-021,"A pool with lotus flowers, consisting of three vertical flowers and two stalks.",Phonemogram,C
M008T,13E34,U+13E34,,,M-06-027,"A pool with papyrus flowers, consisting of three vertical flowers and three buds, starting with the bud.",Phonemogram,C
HJ M008I,13E35,U+13E35,M8I,M8i,M-06-028,"A pool with papyrus flowers, consisting of three vertical flowers and four buds.",Phonemogram,C
M008U,13E36,U+13E36,,,M-06-032,"A pool with lotus flowers, consisting of four vertical flowers and three buds.",Phonemogram,C
HJ M008C,13E37,U+13E37,M8C,M8C,M-06-034,,,
M010B,13E38,U+13E38,,,M-07-007,"A lotus bud, on a tree pronged stalk, with a empty stalk below and above the bud, and the main long stalk folded under itself.",?,C
HJ M072A,13E39,U+13E39,M72A,M72A,M-07-010,"A lotus bud with a long-twisted stalk, which is folded under itself.",Classifier offering,C
HJ M073,13E3A,U+13E3A,M73,M73,M-07-013,"A lotus bud, with the bud facing upwards, and the stem facing backwards.",Classifier lettuce,C
HJ M075,13E3B,U+13E3B,M75,M75,M-07-016,,,
HJ M076,13E3C,U+13E3C,M76,M76,M-08-001,A lotus flower.,Classifier growing,C
HJ M198,13E3D,U+13E3D,M198,M198,M-08-004,,,
HJ M134,13E3E,U+13E3E,M134,M134,M-08-006,,,
M250,13E3F,U+13E3F,,,M-08-011,"A lotus flower with internal decoration, facing upwards, with a short stalk.",Logogram (to be good),C
HJ M076A,13E40,U+13E40,M76A,M76A,M-08-012,"A lotus flower, facing upwards, with a short stalk.",Classifier flower,C
HJ M009B,13E41,U+13E41,M9B,M9B,M-08-014,"A lotus flower with internal detail, facing upwards, with a long stalk.",Classifier plants/flowers,C
HJ M077A,13E42,U+13E42,M77A,M77A,M-08-018,"A lotus flower with internal detail, facing upwards, with a long stalk.",Classifier joy,
HJ M237,13E43,U+13E43,M237,M237,M-08-022,"A flower with seven petals, on top of a long stalk.",Classifier plant/phono-repeater,C
M009C,13E44,U+13E44,,,M-08-023,"A lotus flower with internal detail, facing forwards, with a long stalk, folded under itself.",Classifier joy,C
M009D,13E45,U+13E45,,,M-08-024,"A lotus flower with internal detail, facing forwards, with a long-twisted stalk, which is folded under itself.",Classifier joy,C
HJ M082,13E46,U+13E46,M82,M82,M-08-027,,,
HJ M009A,13E47,U+13E47,M9A,M9A,M-08-030,"A lotus flower with an extended central point/a papyrus flower, facing forwards, with a long stalk, folded under itself.",Classifier joy,C
HJ M086B,13E48,U+13E48,M86B,M86B,M-08-031,"A flower, seen from above, with seven distinct petals visible inside a wavy circle.",Classifier flower,C
HJ M086C,13E49,U+13E49,M86C,M86C,M-08-033,,,
M086D,13E4A,U+13E4A,,,M-08-034,"A flower, seen from above, with seven petals.",Classifier flower,C
M238B,13E4B,U+13E4B,,,M-08-040,A flower with four petals in a circle.,Logogram (flower),C
M238A,13E4C,U+13E4C,,,M-08-042,"A flower with four petals in a circle, with the petals extending beyond the circle, with four branches with a flower in an x shape coming from the same center.",Classifier flower,C
HJ M235,13E4D,U+13E4D,M235,M235,M-08-043,,"Logogram (Wennefer, title of Osiris)",
HJ M086,13E4E,U+13E4E,M86,M86,M-08-046,A flower with eight petals.,"Classifier plants, vegetables",C
HJ M224A,13E4F,U+13E4F,M224A,M224A,M-09-001,"A lotus flower, facing upwards, with a short stalk, and a bud at either side.",Logogram (lotus),C
HJ M224,13E50,U+13E50,M224,M224,M-09-002,,,
HJ M071,13E51,U+13E51,M71,M71,M-09-006,"A lotus flower, facing upwards, with a long stalk, with a bud at either side, on top of a canal (M36).",Logogram (lotus),C
HJ M090,13E52,U+13E52,M90,M90,M-09-009,"A rush or reed with two side branches, all tipped by flowers.",Classifier reed/rush,C
HJ M091,13E53,U+13E53,M91,M91,M-09-010,"A flowering rush or reed with a long backwards curving stem, with a leaf on each side of the stem.",Classifier reed/rush,C
HJ M240,13E54,U+13E54,M240,M240,M-09-014,"A bouquet of four lotus flowers, stacked on top of each other, with a vertical stem.",Classifier floral offering,C
HJ M240A,13E55,U+13E55,M240A,M240A,M-09-016,"A bouquet of three lotus flowers, stacked on top of each other, with a vertical stem.",Classifier floral offering,C
HJ M094,13E56,U+13E56,M94,M94,M-09-017,,,
HJ M095,13E57,U+13E57,M95,M95,M-09-019,,,
HJ M096,13E58,U+13E58,M96,M96,M-09-020,"A bouquet of two lotus flowers, stacked on top each other, with a forward curving stem.",Phonemogram,C
HJ M011A,13E59,U+13E59,M11A,M11A,M-10-002,"A plant with a bud, facing forwards, with a crossbar behind the bud, with a long-twisted stalk, which is folded under itself.",Logogram (to offer),C
M011E,13E5A,U+13E5A,,,M-10-005,"A plant with a bud, with a crossbar behind the bud, facing forwards, with a long stalk, folded under itself.",Logogram (to offer),C
HJ M011D,13E5B,U+13E5B,M11D,M11D,M-10-009,"A lotus flower, facing forwards, with a long stalk, folded under itself.",Phonemogram,C
M012K,13E5C,U+13E5C,M12B,M12B,M-11-001,"A leaf, stem and root of a lotus plant, with the stem before the leaf bent forwards.",Phonemogram,C
HJ M102,13E5D,U+13E5D,M102,M102,M-11-017,"A leaf, stem and root of a lotus plant, with a forward, downward line coming from the leaf.","Phonemogram ḫꜣ? (in the verb ḫꜣḫꜣ, to winnow, to scatter)",C
HJ M106,13E5E,U+13E5E,M106,M106,M-11-021,"A leaf, stem and root of a lotus plant, with the stem before the leaf bent forwards, with the root resembling a cartouche in a round form (V9), with two angled strokes on either side of the stem.",Phonemogram,C
HJ M104,13E5F,U+13E5F,M104,M104,M-11-024,"A leaf, stem and root of a lotus plant, with the root simplified to a horizontal line.",Phonemogram,C
HJ M105,13E60,U+13E60,M105,M105,M-11-026,"A leaf and stem of a lotus plant, with two branches on either side of the stem.",Logogram (\1000),C
HJ M107,13E61,U+13E61,M107,M107,M-11-027,"A leaf, stem and root of a lotus plant, with the leaf written vertically, and with the root resembling a cartouche in a round form (V9).",Phonemogram,C
HJ M109,13E62,U+13E62,M109,M109,M-11-028,"A leaf, stem and root of a lotus plant, with the leaf written vertically.",Logogram (\1000),C
HJ M111,13E63,U+13E63,M111,M111,M-11-036,"The leaf and stem of a lotus, with the stem curving downwards.",Classifier lotus leaf,C
HJ M112,13E64,U+13E64,M112,M112,M-11-040,The leaf of a lotus.,Phonemogram,C
HJ M230,13E65,U+13E65,M230,M230,M-11-045,"The root of a lotus, with four stems with leaves, with the leaf written vertically.",\4000,C
HJ M013A,13E66,U+13E66,M13A,M13A,M-12-001,"A stem of papyrus with a bud, with two shoots at the bottom.",Phonemogram,C
HJ M013B,13E67,U+13E67,M13B,M13B,M-12-003,"A thin stem of papyrus with a bud, with two shoots at the bottom.",Phonemogram,C
HJ M131A,13E68,U+13E68,M131A,M131A,M-12-004,,,
HJ M131,13E69,U+13E69,M131,M131,M-12-005,,,
HJ M113,13E6A,U+13E6A,M113,M113,M-12-009,"A stem of papyrus with a bud (M13), on top of a plan of a crossroads in a village (O49).",Logogram (Lower Egypt),C
HJ M116,13E6B,U+13E6B,M116,M116,M-12-012,"A round vessel with an upstanding rim (W24), on top of a stem of papyrus with a bud (M13).",Phonemogram,C
HJ M117,13E6C,U+13E6C,M117,M117,M-12-014,"A cobra (Naja haje), standing up, with expanded hood (uraeus) (I64), on top of a stem of papyrus with a bud (M13), with the tail curling around the stem.",Logogram (uraeus),C
HJ M118,13E6D,U+13E6D,M118,M118,M-12-015,"A cobra (Naja haje), standing up, with expanded hood (uraeus) (I64), wearing the white crown (S1), on top of a stem of papyrus with a bud (M13), with the tail curling around the stem.",Logogram (uraeus),C
HJ M119,13E6E,U+13E6E,M119,M119,M-12-017,"A cobra (Naja haje), standing up, with expanded hood (uraeus) (I64), wearing the red crown (S3), on top of a stem of papyrus with a bud (M13), with the tail curling around the stem.",Logogram (uraeus),C
HJ M125,13E6F,U+13E6F,M125,M125,M-12-026,"A pectoral in the form of three stems of papyrus with a bud (M13), written over the sky (N1).","Logogram (to gleam, to be bright, to dazzle)",C
HJ M129,13E70,U+13E70,M129,M129,M-12-033,"A stem of papyrus with a flowering bud (M127), on top of a plan of a crossroads in a village (O49).",Logogram (Upper Egypt),C
HJ M133,13E71,U+13E71,M133,M133,M-12-036,,,
HJ M083,13E72,U+13E72,M83,M83,M-12-037,,,
M016C,13E73,U+13E73,M16A,M16A,M-13-001,A rounded clump of three papyrus flowers.,Phonemogram,C
M015D,13E74,U+13E74,M15A,M15A,M-13-011,"A clump with one papyrus flower, with two buds bent down.",Classifier marsh/swamp,C
HJ M139A,13E75,U+13E75,M139A,M139A,M-13-012,"A stem of papyrus with a bud (M13), with a bud bent down on either side of the stem, on top of a plan of a crossroads in a village (O49).",Logogram (Lower Egypt),C
HJ M097,13E76,U+13E76,M97,M97,M-13-013,"A stem of papyrus with a bud (M13), with a downward hanging flower coming from the bottom of the bud, on either side of the stem.",Phonemogram,C
M261,13E77,U+13E77,,,M-13-014,"A strip of land (N17), written over a clump with one papyrus flower with a thin stem, with two buds bent down.",Logogram (Lower Egypt),C
HJ M140A,13E78,U+13E78,M140A,M140A,M-13-015,"A stem of papyrus with a flowering bud (M129), with a bud bent down on either side of the stem, on top of a plan of a crossroads in a village (O49).",Logogram (Upper Egypt),C
HJ M138A,13E79,U+13E79,M138A,M138A,M-13-016,"A clump with stem of papyrus with a flowering bud, with two buds bent down.",Phonemogram,C
HJ M135,13E7A,U+13E7A,M135,M135,M-13-017,"A rounded clump of three papyrus flowers, with two buds bent down.",Radicogram (grain of Lower Egypt),C
HJ M137,13E7B,U+13E7B,M137,M137,M-13-019,"A clump of three stems of papyrus with flowering buds, with the two flowers at the side angled outwards, with two buds bent down.",Logogram (Upper Egypt),C
HJ M140,13E7C,U+13E7C,M140,M140,M-13-026,"Three thin stems of papyrus with a flowering bud, with two buds bent down; on top of a plan of a crossroads in a village (O49).",Logogram (Upper Egypt),C
HJ M138,13E7D,U+13E7D,M138,M138,M-13-027,"A clump of three stems of papyrus with flowering buds, with two buds bent down.",Logogram (Upper Egypt),C
HJ M138B,13E7E,U+13E7E,M138B,M138B,M-13-028,A clump of three stems of papyrus with flowering buds.,Logogram (Upper Egypt),C
HJ M142,13E7F,U+13E7F,M142,M142,M-13-030,,,
HJ M215,13E80,U+13E80,M215,M215,M-13-032,"A clump with three papyrus flowers, with two buds bent down.",Phonemogram,C
M262,13E81,U+13E81,,,M-13-033,"A clump of three papyrus flowers, with the flowers at the side orientated to the sides, with an upward bud at either side of the group of three flowers; on a base.",Classifier plants,C
HJ M232,13E82,U+13E82,M232,M232,M-13-036,"A flower with a long stem, making a curve turning the flower upside-down, between two stems of papyrus with a bud (M13) on top of a circle.",Logogram (Lower Egypt),C
M263,13E83,U+13E83,,,M-13-038,"A bouquet of three times a lotus flower, facing upwards, with a short stalk, and a bud at either side (M224A), arranged vertically.",Classifier floral offering,C
M017D,13E84,U+13E84,M17A,M17A,M-14-002,A flowering reed without the vertical line at the front.,Phonemogram,C
HJ M233,13E85,U+13E85,M233,M233,M-14-013,"A flowering reed, with two shoots at the bottom, at 45 degree forwards.",Phonemogram,C
M148B,13E86,U+13E86,,,M-14-015,"A flowering reed (M17) and a club used by washermen for beating laundry as part of the cleaning process (U36), connected by a network consisting of three horizontal lines and three lines going from top corner to bottom corner.",Phonemogram,C
HJ M148,13E87,U+13E87,M148,M148,M-14-018,"A club used by washermen for beating laundry as part of the cleaning process (U36) and a flowering reed (M17), connected by a network consisting of four horizontal lines and three lines going from top corner to bottom corner.",Logogram offering,C
HJ M149,13E88,U+13E88,M149,M149,M-14-020,"A flowering reed (M17) and a mace with a pear-shaped head (T3), connected by a network consisting of four horizontal lines and three lines going from bottom corner to top corner.",Logogram offering,C
HJ M150,13E89,U+13E89,M150,M150,M-14-022,"A mace with a pear-shaped head (T3) and a flowering reed (M17), connected by a network consisting of four horizontal lines and three lines going from top corner to bottom corner.",Logogram offering,C
M264,13E8A,U+13E8A,,,M-15-008,"A pool or strip of land with three lotus buds, consisting of three vertical buds.","Logogram (marshland, country)",C
M255,13E8B,U+13E8B,,,M-15-009,A clump of reeds.,Classifier reeds/rushes,C
M022E,13E8C,U+13E8C,M22A,M22A,M-16-009,"A rush with two shoots, on top of a horizontal line.",Phonemogram,C
HJ M152,13E8D,U+13E8D,M152,M152,M-16-010,,,
HJ M153,13E8E,U+13E8E,M153,M153,M-16-013,"A rush with two shoots, with split ends.",Phonemogram,C
M024B,13E8F,U+13E8F,M24A,M24A,M-16-014,"A flowering sedge (M23A), on top of a mouth (D21).",Phonemogram,C
HJ M154,13E90,U+13E90,M154,M154,M-16-015,"A desert plant, with two branches, with flowers on every branch, on top of a mouth (D21).",Logogram (Upper Egypt),C
HJ M245,13E91,U+13E91,M245,M245,M-16-021,"A forearm, with the palm of the hand facing upwards (D36), written over a rush with two shoots (M22).",Phonemogram,C
HJ M155,13E92,U+13E92,M155,M155,M-16-022,A sedge on a horizontal base.,Logogram (Upper Egypt),C
HJ M156,13E93,U+13E93,M156,M156,M-16-023,"A sedge (M23), on top of a half round loaf of bread (X1).",Phonemogram,C
HJ M157,13E94,U+13E94,M157,M157,M-16-025,"A sedge, written on top of a hobble for cattle without a crossbar.",,C
HJ M162,13E95,U+13E95,M162,M162,M-16-040,"A sedge (M23), written on top of a plan of a crossroads in a village (O49).",Logogram (Upper Egypt),C
HJ M163,13E96,U+13E96,M163,M163,M-16-041,"A sedge (M23), written on top of a human placenta (a circle with lines written within horizontally) (Aa1).",Logogram (custodian of the property of the king),C
HJ M023A,13E97,U+13E97,M23A,M23A,M-16-043,A flowering sedge.,classifier plants,C
HJ M026A,13E98,U+13E98,M26A,M26A,M-16-044,"A desert plant, with four branches, with flowers on every branch.",Logogram (Upper Egypt),C
M026B,13E99,U+13E99,,,M-16-045,"A desert plant, with two branches, with flowers on every branch.",Phonemogram,C
HJ M165,13E9A,U+13E9A,M165,M165,M-16-047,"A flowering sedge (M23A), on top of a half round loaf of bread (X1).",Logogram (king of Upper Egypt),C
M242A,13E9B,U+13E9B,,,M-16-052,"A forearm, with the palm of the hand facing upwards (D36), written over a desert plant with a flower, without branches, ",Phonemogram,C
HJ M167,13E9C,U+13E9C,M167,M167,M-16-059,,,
HJ M244,13E9D,U+13E9D,M244,M244,M-16-062,"A sedge (M23), written on top of legs in a walking posture, feet orientated towards the reading direction (D54).","Logogram (to follow, to accompany)",C
HJ M170,13E9E,U+13E9E,M170,M170,M-17-009,"A pod of a carob (Ceratonia siliqua) tree, with a leaf at the top.",Classifier braided lock of hair,C
HJ M171A,13E9F,U+13E9F,M171A,M171A,M-18-006,"A root, with the point curving backwards, with a loop horizontally at the front.","Classifier succesful, fortunate",C
HJ M171,13EA0,U+13EA0,M171,M171,M-18-007,"A root, with the point curving backwards, with a loop vertically at the top.","Logogram (succesful, fortunate)",C
HJ M032A,13EA1,U+13EA1,M32A,M32A,M-18-009,"A rhizome of a lotus, with one shoot at the bottom, curved forwards, and three lines at the top.",Logogram (to be sweet),C
M030A,13EA2,U+13EA2,,,M-18-015,"A rhizome of a lotus, with one shoot at the bottom, curved forwards, and a wavy top.",Logogram (to be sweet),C
M031F,13EA3,U+13EA3,M31A,M31A,M-19-002,A round rhizome of a lotus.,Classifier plants,C
HJ M236,13EA4,U+13EA4,M236,M236,M-19-007,,,
M033D,13EA5,U+13EA5,M33B,M33B,M-20-001,A grain of corn.,"Classifier grain, barley, corn",C
HJ M175,13EA6,U+13EA6,M175,M175,M-21-005,An ear of corn with two long sprouts at the top.,Logogram (emmer),C
HJ M174,13EA7,U+13EA7,M174,M174,M-21-006,,,
M036A,13EA8,U+13EA8,M177,M36A,M-22-002,"A bundle of flax, bound together by string with the loop and tie at the back, with a pointy bottom, angled forwards, with the bolls visible on top.",Phonemogram,C
HJ M177A,13EA9,U+13EA9,M177A,M177A,M-22-008,"A bundle of flax, bound together by string with the loop and tie at the front, with a pointy bottom, angled forwards, with the bolls visible on top.",Phonemogram,C
HJ M038A,13EAA,U+13EAA,M38A,M38A,M-22-011,"A bundle of flax stems, bound together with string near the top of the bundle, with the bolls visible on the top.","Classifier tying, binding",C
HJ M037C,13EAB,U+13EAB,M37C,M37C,M-22-014,"A bundle of flax, bound together with string near the bottom of the bundle, without internal detail.",Phonemogram,C
HJ M038B,13EAC,U+13EAC,M38B,M38B,M-22-017,"A wide bundle of flax stems, bound together with string, loop and tie at the back, with bolls visible on the top, squared at the bottom.",Phonemogram,C
M037D,13EAD,U+13EAD,M37A,M37A,M-22-020,,,
HJ M182,13EAE,U+13EAE,M182,M182,M-22-021,,,
HJ M037B,13EAF,U+13EAF,M37B,M37B,M-22-029,"A bundle of flax stems, bound together by string, loop and tie at the back, with a widened base resembling the mirror of the letter L.",Phonemogram,C
M036C,13EB0,U+13EB0,,,M-22-030,"A bundle of flax stems, bound together by string, loop and tie at the back, with a widening base and top, with the bolls visible on the top.","Classifier tying, binding",C
M039E,13EB1,U+13EB1,,,M-23-003,A basket with three pieces of grain or fruit.,"Classifier vegetable, fruit, plant",C
HJ M039B,13EB2,U+13EB2,M39B,M39B,M-23-005,A basket with two roes of four pieces of grain or fruit.,Logogram ((a vessel) with faience),C
M040E,13EB3,U+13EB3,M40A,M40A,M-24-006,"A vertical bundle of reeds, with a sloped top towards the front; tied together, with the ties at the back.",Phonemogram,C
HJ M040C,13EB4,U+13EB4,M40C,M40C,M-24-007,"A vertical bundle of reeds, with a sloped top towards the back; tied together, with the ties at the back.",Phonemogram,C
HJ M185,13EB5,U+13EB5,M185,M185,M-24-011,"A vertical bundle of reeds, with a sloped top towards the back; tied together, with the ties at the back, with the tops of the reeds visible.",Phonemogram,C
HJ M185A,13EB6,U+13EB6,M185A,M185A,M-24-012,,,
HJ M043A,13EB7,U+13EB7,M43A,M43A,M-26-001,A vine on two forked supports.,"Logogram (gardiner, vinter)",C
M043C,13EB8,U+13EB8,,,M-26-003,"A vine with fruits on two forked supports, on top of a base, with the back of the vine descending to the base.",Classifier wine,C
HJ M194,13EB9,U+13EB9,M194,M194,M-28-005,A fig.,Classifier fig,C
HJ M191,13EBA,U+13EBA,M191,M191,M-28-007,A vertical head of lettuce.,Classifier Min (mnw) or logogram ꜥbw (lettuce),C
HJ M201,13EBB,U+13EBB,M201,M201,M-28-009,"A bundle of unions, on top of a wide cup (W10).",Classifier unions,C
HJ M181,13EBC,U+13EBC,M181,M181,M-28-010,A head of lettuce.,Classifier plants,C
HJ M173,13EBD,U+13EBD,M173,M173,M-28-013,,,
HJ M190,13EBE,U+13EBE,M190,M190,M-28-015,"A head of lettuce, without internal detail, bottom curving backwards.",Classifier lettuce,C
HJ M192,13EBF,U+13EBF,M192,M192,M-28-016,,,
M265,13EC0,U+13EC0,,,M-28-017,A fig.,Logogram (fig),C
HJ M195,13EC1,U+13EC1,M195,M195,M-28-018,,,
HJ N050,13EC2,U+13EC2,N50,N50,N-01-002,"The sky, upside-down.",Classifier lower sky,C
N001B,13EC3,U+13EC3,,,N-01-003,"A heap of grain on a raised floor, without internal detail, or enclosing line at the top.",Logogram (granary),C
N001A,13EC4,U+13EC4,N1A,US685N1VARA,N-01-004,The sky with a curved line running from the tips of the top.,Classifier affliction,C
HJ N044,13EC5,U+13EC5,N44,N44,N-01-005,Right side of the sky (or a cavern in profile).,Classifier cavern,C
HJ N045,13EC6,U+13EC6,N45,N45,N-01-010,"Three round vases with upstanding rim (W24), on top of the sky (N1).",Logogram (primeval waters),C
HJ N046,13EC7,U+13EC7,N46,N46,N-01-011,"The sky with a star below it, connected with a vertical line.",Classifier dark/darkness,C
HJ N003A,13EC8,U+13EC8,N3A,N3A,N-01-013,"A circle with two horizontal lines at either side, attached to a line which curves over and back down over the sky (N1).",Classifier darkness (in divinity Keket (kk.t)),C
HJ N046A,13EC9,U+13EC9,N46A,N46A,N-01-014,"A star, attached to a line which curves over and back down over the sky (N1).",Classifier darkness,C
HJ N046B,13ECA,U+13ECA,N46B,N46B,N-01-015,"A star, attached with a vertical line to the sky, with a second shorter vertical line beside it.",Classifier darkness,C
N003D,13ECB,U+13ECB,,,N-01-016,"A heart (F34), attached with a vertical line to the sky, with a second shorter vertical line beside it.",Logogram (night),C
HJ N003B,13ECC,U+13ECC,N3B,N3B,N-01-017,"A circle with two horizontal lines at either side, attached with a vertical line to the sky, with a second shorter vertical line beside it.",Classifier night,C
N046C,13ECD,U+13ECD,,,N-01-021,"The sky, with three stars written inside it.",Phonemogram,C
HJ N049,13ECE,U+13ECE,N49,N49,N-01-025,The sun disk (N5) on top of the sky.,Classifier dawn,C
HJ N004G,13ECF,U+13ECF,N4G,N4G,N-01-029,"The sky, with rippled lines of water coming from it.","Logogram (dew, scent, rain)",C
HJ N004B,13ED0,U+13ED0,N4B,N4B,N-01-030,"The sky, with three lines coming from it resembling a wick of twisted flax, consisting of three loops (V28).",Classifier cloud/storm/moisture/rain,C
HJ N004E,13ED1,U+13ED1,N4E,N4E,N-01-032,"The sky, with three lines coming from it, resembling triangles.",Classifier cloudiness,C
HJ N122,13ED2,U+13ED2,N122,N122,N-02-011,"The sun, with a cobra (Naja haje), standing up, with expanded hood (uraeus), written inside it, with a tie or strap, used with sandals (ankh sign) (S34) written below the sun.",Classifier time,
HJ N006A,13ED3,U+13ED3,N6A,N6A,N-03-004,"The sun, encircled by a cobra (Naja haje), standing up, with expanded hood (uraeus), head below the sun disk, with a tie or strap, used with sandals (ankh sign, S34) with the loop around the body of the cobra, in front of the sun disk.",Classifier divinity,C
HJ N006B,13ED4,U+13ED4,N6B,N6B,N-03-008,"The sun, with a cobra (Naja haje), standing up, with expanded hood (uraeus) at either side.",Logogram (king of Upper Egypt and Lower Egypt),C
HJ N051,13ED5,U+13ED5,N51,N51,N-03-010,"The sun, with a cobra (Naja haje), standing up, with expanded hood (uraeus) at either side, with the left cobra wearing the red crown (S3) and the right cobra wearing the white crown (S1).",Logogram (king of Upper Egypt and Lower Egypt),C
HJ N006C,13ED6,U+13ED6,N6C,N6C,N-03-011,"The sun, with a cobra (Naja haje), standing up, with expanded hood (uraeus) at either side, with a tie or strap, used with sandals (ankh sign, S34) with the loop around the body of the cobras.",Logogram (king of Upper Egypt and Lower Egypt),C
HJ N051A,13ED7,U+13ED7,N51A,N51A,N-03-012,"The sun, with a cobra (Naja haje), standing up, with expanded hood (uraeus) at either side, with a tie or strap, used with sandals (ankh sign, S34) with the loop around the body of the cobras, with the left cobra wearing the white crown (S1), and the right cobra wearing the red crown (S3).",Logogram (king of Upper Egypt and Lower Egypt),C
HJ N006D,13ED8,U+13ED8,N6D,N6D,N-03-013,"The sun, with a cobra (Naja haje), standing up, with expanded hood (uraeus) at either side, heads below the sun disk.",Logogram (king of Upper Egypt and Lower Egypt),C
HJ N052,13ED9,U+13ED9,N52,N52,N-03-016,"The sun with three straight lines of sunlight coming from it (N8), with a cobra (Naja haje), standing up, with expanded hood (uraeus) at either side, heads below the sun disk, with the left cobra wearing the red crown (S3) and the right cobra wearing the white crown (S1).",Logogram (king of Upper Egypt and Lower Egypt),C
HJ N142,13EDA,U+13EDA,N142,N142,N-03-017,"The sun, with a cobra (Naja haje), standing up, with expanded hood (uraeus) at either side, heads below the sun disk, with the left cobra wearing the red crown (S3) and the right cobra wearing the white crown (S1).",Logogram (king of Upper Egypt and Lower Egypt),C
HJ N055,13EDB,U+13EDB,N55,N55,N-04-001,"The sun, encircled by a circle of dots.","Classifier to scatter light, to illuminate",C
HJ N108,13EDC,U+13EDC,N108,N108,N-04-005,,,
N055C,13EDD,U+13EDD,,,N-04-008,A small circle (sun disk) within a larger circle of dots.,"Classifier to scatter light, to illuminate",C
N008G,13EDE,U+13EDE,N8,N8,N-04-009,"The sun, within a halo, with three beams of sunlight coming from it.","Classifier light, shining, rising",C
N008D,13EDF,U+13EDF,,N8D,N-04-011,"The sun, within a halo, with three beams of sunlight coming from it, resembling lines of triangles.","Classifier light, shining, rising",C
HJ N008A,13EE0,U+13EE0,N8A,N8A,N-04-012,"The sun, with three beams of sunlight coming from it, resembling lines of triangles.",classifier sunfolk,C
HJ N008B,13EE1,U+13EE1,N8B,N8B,N-04-014,"The sun, with a broad beam of light coming from below.",Classifier to shine,C
HJ N056,13EE2,U+13EE2,N56,N56,N-04-017,"The sun, within a halo, with two sets of three beams of light coming from it, ending in hands.","Classifier light, shining, rising",C
HJ N055A,13EE3,U+13EE3,N55A,N55A,N-04-023,A dotted oval.,"Classifier to scatter light, to illuminate",C
N116A,13EE4,U+13EE4,,,N-04-024,"The sun, with two short horizontal strokes on either side of the sun disk, on top of an irrigation canal (N23).",Classifier solar period,C
N150,13EE5,U+13EE5,,,N-04-025,"The sun, written above two horizontal strokes.",,C
N151,13EE6,U+13EE6,,,N-04-026,"The sun, written above a horizontal stroke.",Classifier solar period,C
HJ N058,13EE7,U+13EE7,N58,N58,N-05-002,"The sun, with the fully extended wing of a bird (H5) on either side, arranged horizontally.",Classifier to spread out,C
HJ N058A,13EE8,U+13EE8,N58A,N58A,N-05-004,"The sun, with a cobra (Naja haje), standing up, with expanded hood (uraeus) at either side (N6B), with the fully extended wing of a bird (H5) on either side, arranged horizontally.",Logogram (the winged scarab or sun disk),C
N133C,13EE9,U+13EE9,,,N-05-007,"The sun, with a cobra (Naja haje), standing up, with expanded hood (uraeus) at either side (N6B), with the fully extended wing of a bird (H5) on either side, arranged horizontally; with the horns of a ram on top of the sun disk, with the white crown (S1), facing left to right, overlapping the red crown (S3), facing right to left, on top of the horns.",Classifier Horus of Edfu,C
HJ N059,13EEA,U+13EEA,N59,N59,N-05-011,"The sun, with the fully extended wing of a bird (H5) on the front side, arranged horizontally.",Logogram (to go forth),C
HJ N060,13EEB,U+13EEB,N60,N60,N-05-015,A sun disk with wings at 90 degree.,Classifier divinity,C
HJ N060A,13EEC,U+13EEC,N60A,N60A,N-05-018,"A sun disk with wings at 90 degree, with an uraeus coming from the sun disk, filling the space between the two wings.",Classifier divinity,C
HJ N132,13EED,U+13EED,N132,N132,N-05-019,"A sun disk with wings, angled downwards.",Logogram (king of Upper Egypt and Lower Egypt),C
HJ N133,13EEE,U+13EEE,N133,N133,N-05-020,"The sun, with a cobra (Naja haje), standing up, with expanded hood (uraeus) at either side, heads below the sun disk (N6D), with wings, angled downwards.",Logogram (king of Upper Egypt and Lower Egypt),C
HJ N132B,13EEF,U+13EEF,N132B,N132B,N-05-022,"The sun, with three beams of sunlight coming from it, resembling lines of triangles (N8A), with wings, angled downwards.","Logogram (to rise, to shine)",C
HJ N132A,13EF0,U+13EF0,N132A,N132A,N-05-023,"The sun, with a broad beam of light coming from below (N8B), with wings, angled downwards.",Classifier winged sun disk,C
HJ N133B,13EF1,U+13EF1,N133B,N133B,N-05-024,"The sun, with a cobra (Naja haje), standing up, with expanded hood (uraeus) at either side, heads below the sun disk (N6D), with a broad beam of light coming from below, between the cobras; with wings, angled downwards.","Logogram (to rise, to shine)",C
N132D,13EF2,U+13EF2,,,N-05-027,"The sun, with a cobra (Naja haje), standing up, with expanded hood (uraeus) at either side (N6B), with wings, angled downwards.","Logogram (to rise, to shine)",C
HJ N062,13EF3,U+13EF3,N62,N62,N-06-007,"A crescent moon, upside-down, with the full moon disk upon it.",Logogram (in rꜥ-nb),C
HJ N062B,13EF4,U+13EF4,N62B,N62B,N-06-013,,,
HJ N063,13EF5,U+13EF5,N63,N63,N-06-018,The front half of a crescent moon.,Logogram (half-month (festival)),C
HJ N064,13EF6,U+13EF6,N64,N64,N-08-006,"A crescent moon (N11), written over a star (N14).",Logogram (month),C
N018D,13EF7,U+13EF7,N18A,N18A,N-09-013,,,
N018E,13EF8,U+13EF8,,,N-09-014,Three half-circles of dots written on top of each other.,"Logogram (to gleam, to be bright, to dazzle)",C
HJ N067A,13EF9,U+13EF9,N67A,N67A,N-09-017,"The white crown (S1), on top of a plan of a crossroads in a village (O49), written over a strip of land, with three grains of sand written beneath it (N16).",Logogram (Upper Egypt),C
HJ N070A,13EFA,U+13EFA,N70A,N70A,N-09-025,"The red crown (S3), on top of a plan of a crossroads in a village (O49), written over a strip of land, with three grains of sand written beneath it (N16).",Logogram (Lower Egypt),C
N016D,13EFB,U+13EFB,,,N-09-026,"A strip of land, with two grains of sand written beneath it.",Logogram (land),C
N016E,13EFC,U+13EFC,,,N-09-028,"A strip of land, with four grains of sand written beneath it.",Logogram (land),C
HJ N016A,13EFD,U+13EFD,N16A,N16A,N-09-030,"A strip of land, with three grains of sand written beneath it, arranged horizontally, and a tongue of land (N21) written on either side of the grains of sand.",Logogram (land),C
HJ N016B,13EFE,U+13EFE,N16B,N16B,N-09-032,"A strip of land, with three grains of sand written beneath it, arranged as a triangle, with one grain at the top, and a tongue of land (N21) written on either side of the grains of sand.",Logogram (land),C
HJ N016C,13EFF,U+13EFF,N16C,N16C,N-09-033,"A strip of land, with three grains of sand written beneath it, arranged as a triangle, with one grain at the bottom, and a tongue of land (N21) written on either side of the grains of sand.",Logogram (land),C
N097B,13F00,U+13F00,,,N-09-034,"An oval of sand (N18), written on top of a conical loaf of bread (X8).",Logogram (Dendera),C
HJ N106,13F01,U+13F01,N106,N106,N-10-017,"A tongue of land with a vertical line at the front, and the horizontal lines extending beyond the vertical line.",Classifier great water/basin,C
N023A,13F02,U+13F02,,,N-11-001,"An irrigation canal, represented by a single line.",Classifier geographical location,C
HJ N024B,13F03,U+13F03,N24B,N24B,N-11-008,"A parcel of land with irrigation ditches, consisting of three horizontal lines.",Classifier garden,C
HJ N024H,13F04,U+13F04,N24H,N24h,N-11-009,"A parcel of land with irrigation ditches, vertical lines at an angle.","Logogram (nome, district)",C
HJ N024F,13F05,U+13F05,N24F,N24F,N-11-010,"A parcel of land with irrigation ditches, vertical lines at an angle, extending beyond the top and bottom horizontal line.","Logogram (nome, district)",C
HJ N024D,13F06,U+13F06,N24D,N24D,N-11-013,"A parcel of land with irrigation ditches, consisting of three-by-three lines, extending beyond each other.","Logogram (nome, district)",C
HJ N024A,13F07,U+13F07,N24A,N24A,N-11-014,,,
HJ N071,13F08,U+13F08,N71,N71,N-11-017,"A standard used for carrying religious symbols, with a short vertical pole, with a loop under the horizontal beam, running over the vertical pole (R56), written on top of a parcel of land with irrigation ditches (N24).",Logogram (9th nome of Lower Egypt),C
HJ N120,13F09,U+13F09,N120,N120,N-11-020,,,
HJ N024E,13F0A,U+13F0A,N24E,N24E,N-11-022,"A parcel of land with irrigation ditches, consisting of four horizontal lines of blocks.",Classifier garden,C
HJ N024C,13F0B,U+13F0B,N24C,N24C,N-11-023,,,
HJ N073,13F0C,U+13F0C,N73,N73,N-11-025,"Two vertical human fingers on top of a standard used for carrying religious symbols (R12), written on top of a parcel of land with irrigation ditches (N24).",Logogram (Prosopite Nome),C
HJ N074,13F0D,U+13F0D,N74,N74,N-11-026,"The head of a man on a stick, wearing a double feather headdress (S78), with a band of string around its head, with the ties at the back, with arms coming from the head, right arm forwards, holding a crook (S38) vertically, left arm hanging beside the stick, holding a flagellum (S45) horizontally; on top of a standard used for carrying religious symbols (R12), written on top of a parcel of land with irrigation ditches (N24).",Logogram (9th nome of Lower Egypt),C
HJ N111,13F0E,U+13F0E,N111,N111,N-11-028,"A forearm, with the palm of the hand facing upwards (D36), holding a loop of cord with the ends downwards (V7); written over a tree (M1); on top of a standard used for carrying religious symbols (R12), written on top of a parcel of land with irrigation ditches (N24).",Logogram (20th and 21st nomes of Upper Egypt),C
HJ N113,13F0F,U+13F0F,N113,N113,N-11-030,"A tree (M1), in front of a piece of flesh, point down, curving forwards (F51), in front of hindquarters of a seated lion or leopard (F22); arranged horizontally; on top of a standard used for carrying religious symbols (R12), written on top of a parcel of land with irrigation ditches (N24).",Logogram (14th nome of Upper Egypt),C
HJ N113B,13F10,U+13F10,N113B,N113B,N-11-031,"A tree (M1), in front of hindquarters of a seated lion or leopard (F22); arranged horizontally; on top of a standard used for carrying religious symbols (R12), written on top of a parcel of land with irrigation ditches (N24).",Logogram (21th nome of Upper Egypt),C
HJ N113C,13F11,U+13F11,N113C,N113C,N-11-032,"A horned desert viper (Cerastes cerastes) (I9), written over a tree (M1), in front of hindquarters of a seated lion or leopard (F22); on top of a standard used for carrying religious symbols (R12), written on top of a parcel of land with irrigation ditches (N24).",Logogram (14th nome of Upper Egypt),C
HJ N119,13F12,U+13F12,N119,N119,N-11-035,"A schematic representation of three sealed water pots in a rack (W17A), in front of a spear made into a standard, resembling a fire-drill in a piece of wood (R15A); on top of a standard used for carrying religious symbols (R12), written on top of a parcel of land with irrigation ditches (N24).",Logogram (14th nome of Upper Egypt),C
HJ A337,13F13,U+13F13,A337,A337,N-11-037,"Child, wearing the white crown (S1), seated on nothing, forelegs spread, right arm raised in front with hand to mouth, left arm hanging beside the body (A274); in front of the head of a bovid (cow), without horns, with an ear (F63), on top of a half round loaf of bread (X1); on top of a standard used for carrying religious symbols (R12), written on top of a parcel of land with irrigation ditches (N24).",Logogram (18th nome of Lower Egypt),C
HJ N076,13F14,U+13F14,N76,N76,N-13-005,"The hill country over the edge of the cultivated areas (N25), on top of a standard used for carrying religious symbols, with a loop under the horizontal beam, running over the vertical pole (R12A).",Logogram (12th nome of Upper Egypt),C
HJ N076A,13F15,U+13F15,N76A,N76A,N-13-006,"The hill country over the edge of the cultivated areas (N25), on top of a standard used for carrying religious symbols (R12).",Logogram (Ha (divinity)),C
HJ N077,13F16,U+13F16,N77,N77,N-13-007,"The hill country over the edge of the cultivated areas (N25), with a throwing-stick, or a club used by foreign people (T14), written on top of the middle hill.",Logogram (foreign land/desert),C
HJ N082,13F17,U+13F17,N82,N82,N-13-012,"The hill country over the edge of the cultivated areas, with a reed or plant on each hill.",Classifier location,C
HJ N117,13F18,U+13F18,N117,N117,N-13-013,"A tie or strap, used with sandals (ankh sign) (S34), written on top of the middle hill of the hill country over the edge of the cultivated areas (N25).","Logogram (place of life (i.e., the west))",C
N149,13F19,U+13F19,,,N-13-018,"A tie or strap, used with sandals (ankh sign) (S34), written on top of a sand covered mountain over the edge of the cultivated areas (N26).","Logogram (place of life (i.e., the west))",C
HJ N083,13F1A,U+13F1A,N83,N83,N-13-019,"A throwing-stick, or a club used by foreign people (T14), written on top of a sand covered mountain over the edge of the cultivated areas (N26).",Classifier foreign land,C
HJ N085,13F1B,U+13F1B,N85,N85,N-13-021,"A knife with a triangular blade and a straight handle (T30A), written vertically, blade forwards, on top of a sand covered mountain over the edge of the cultivated areas (N26).",Logogram (the evil one),C
HJ N118,13F1C,U+13F1C,N118,N118,N-13-026,"A horned desert viper (Cerastes cerastes) (I9), above a sand covered mountain over the edge of the cultivated areas (N26); on top of a standard used for carrying religious symbols (R12), written on top of a parcel of land with irrigation ditches (N24).",Logogram (12th nome of Upper Egypt),C
HJ N115,13F1D,U+13F1D,N115,N115,N-13-028,"A sand covered mountain over the edge of the cultivated areas (N26), on top of a standard used for carrying religious symbols, with a loop under the horizontal beam, running over the vertical pole (R12A).",Logogram (12th nome of Upper Egypt),C
HJ N088,13F1E,U+13F1E,N88,N88,N-13-029,"A sand covered mountain over the edge of the cultivated areas (N26), on top of a standard used for carrying religious symbols (R12)",Logogram (Ha (divinity)),C
N033C,13F1F,U+13F1F,,,N-14-005,"Three grains of sand, arranged in a triangle, one grain at the top.","Classifier medicaments, incense, oil",C
HJ N092,13F20,U+13F20,N92,N92,N-15-006,"A falcon (G5), written inside the sun disk of the sun rising over a sand covered mountain over the edge of the cultivated areas (N27).",Logogram (eternity),C
HJ N095,13F21,U+13F21,N95,N95,N-15-013,"A knife with a triangular blade and straight handle (T30A), on top of the sun rising over a sand covered mountain over the edge of the cultivated areas (N27).",Logogram (place of execution/slaughter),C
HJ N138,13F22,U+13F22,N138,N138,N-15-015,,,
HJ N137,13F23,U+13F23,N137,N137,N-15-016,"The sun rising over a sand covered mountain over the edge of the cultivated areas, with three beams of sunlight coming from it, resembling lines of triangles.",Logogram (eternity),C
N028F,13F24,U+13F24,,,N-16-009,"A hill, with a halo of sun rays behind it, represented as separate rays.","Logogram (to appear, to be shining)",C
HJ N030A,13F25,U+13F25,N30A,N30A,N-17-005,"An enclosed hill, with a shrub at the top.","Logogram hill, mound",C
N030D,13F26,U+13F26,,,N-17-007,"An enclosed hill, without a shrub at the top.","Logogram hill, mound",C
N097,13F27,U+13F27,,N97,N-17-008,,,
N097E,13F28,U+13F28,N97,,N-17-009,"An enclosed hill, with a shrub at the top (N30A), on top of a conical loaf of bread (X8).",Logogram (Dendera),C
HJ N031H,13F29,U+13F29,N31H,N31h,N-18-002,"an oval road, with three shrubs resembling flowers written over it, with the middle flower oriented with the flower downwards.",Phonemogram,C
N031J,13F2A,U+13F2A,,,N-18-006,"A road consisting of two horizontal lines, with three shrubs resembling flowers written over it, with the middle flower oriented with the flower downwards.","Classifier entirely, quite, at all",C
HJ N031E,13F2B,U+13F2B,N31E,N31E,N-18-007,,,
HJ N031F,13F2C,U+13F2C,N31F,N31F,N-18-009,"A curving path in a V shape, with three shrubs resembling flowers written over it, with the middle flower oriented with the flower downwards.",Classifier window,C
HJ N031G,13F2D,U+13F2D,N31G,N31G,N-18-010,"A curving path in a V shape, with three shrubs resembling flowers written over it, with the middle flower oriented with the flower downwards, with a loop and tie at the right side.",Logogram (road),C
HJ N031A,13F2E,U+13F2E,N31A,N31A,N-18-012,A road with three shrubs at both sides.,"Classifier road, path",C
N031L,13F2F,U+13F2F,,,N-18-016,"A rectangular road, with two ties at the top right corner, with three shrubs resembling flowers written over it, all flowers at the top.",Logogram (time),C
N035D,13F30,U+13F30,,,N-19-008,A downward curving rippled line.,"Classifier decay, rot",C
HJ N102A,13F31,U+13F31,N102A,N102A,N-19-009,"A ripple of water (N35), written within a rectangle.",Phonemogram,C
HJ N140,13F32,U+13F32,N140,N140,N-19-012,A horizontal line written within an oval.,Logogram (island (in ꞽw-ḏsḏs (El-Bahriya oasis))),C
N097C,13F33,U+13F33,,,N-19-014,"A ripple of water (N35), written within an ova (N102), on top of a conical loaf of bread (X8).",Logogram (Dendera),C
N036D,13F34,U+13F34,N36C,N36D,N-20-002,"A ripple of water (N35), written inside a canal (N36).",Phonemogram,C
HJ N036B,13F35,U+13F35,N36B,N36B,N-20-007,,,
HJ N036A,13F36,U+13F36,N36A,N36A,N-20-009,"A canal, with vertical ripples of water written within it.",Classifier time,C
HJ N099,13F37,U+13F37,N99,N99,N-20-012,"A canal, with multiple rectangles resembling battlements written on top of the sign.","Classifier bank (river, fortress)",C
HJ N100,13F38,U+13F38,N100,N100,N-20-013,A wavy canal.,"Classifier waters, rivers, lakes",C
HJ N101,13F39,U+13F39,N101,N101,N-20-014,A canal with a rectangular block on the top and the bottom.,"Classifier to dam, to revet",C
HJ N103A,13F3A,U+13F3A,N103A,N103A,N-20-015,"A canal (M36), written over legs in a walking posture, feet orientated towards the reading direction (D54).",Logogram (to wade),C
N152,13F3B,U+13F3B,,,N-20-016,"A folded piece of cloth (S29), mirrored, written over a canal (N36), with the base of the cloth and the base of the canal being at the same height.",Phonemogram,C
N037D,13F3C,U+13F3C,N37A,,N-20-021,"A rectangular pool, with three diagonal strokes written inside.",Phonemogram,C
N036C,13F3D,U+13F3D,N36D,,N-20-025,,,
HJ N139,13F3E,U+13F3E,N139,N139,N-20-028,"A row of dots, written inside a horizontal rectangle.",Phonemogram,C
HJ N135,13F3F,U+13F3F,N135,N135,N-20-029,"A row of dots, written inside an oval.",Logogram (Hierakonpolis),C
HJ N141,13F40,U+13F40,N141,N141,N-20-030,"An oval of sand, with a vertical line in the middle.",Logogram (island),C
N040B,13F41,U+13F41,N40A,,N-20-035,"A rectangular pool, with three diagonal strokes written inside (HG N37A), on top of legs in a walking posture, feet orientated towards the reading direction (D54).",Logogram (to go),C
N040A,13F42,U+13F42,,N40A,N-20-036,"A rectangular pool, with two diagonal strokes written inside, angling forwards, on top of legs in a walking posture, feet orientated towards the reading direction.",,C
N097A,13F43,U+13F43,,,N-20-037,"A plan of a prehistoric building at the town of Nekhen, written as an oval, with the angled lines touching the oval (O47), on top of a conical loaf of bread (X8).",Logogram (Dendera),C
N104,13F44,U+13F44,,N104,N-21-005,"A well with a straight line of water, with a vertical line in the middle.",Phonemogram,C
N104C,13F45,U+13F45,,,N-21-006,A well with multiple ripples of water.,Phonemogram,C
N034D,13F46,U+13F46,N34A,N34A,N-22-005,"An ingot of metal, with a wide round bottom.",Logogram (copper),C
HJ Z024,13F47,U+13F47,Z24,Z24,N-22-006,A diamond shaped ingot of metal.,Classifier metal,C
HJ N124,13F48,U+13F48,N124,N124,N-22-007,"A metal T shaped basin, with shapes on the short side resembling trees.",Phonemogram,C
HJ N124A,13F49,U+13F49,N124A,N124A,N-22-008,,,
HJ N057,13F4A,U+13F4A,N57,N57,N-22-009,"A lightning bolt, represented by a horizontal line with arrows at each end.",Classifier (lightning bolt),C
HJ N107,13F4B,U+13F4B,N107,N107,N-22-010,,,
HJ O053,13F4C,U+13F4C,O53,O53,O-01-004,"Two houses or enclosures, connected to each other horizontally.",Classifier two tombs,C
HJ O070,13F4D,U+13F4D,O70,O70,O-01-053,"An oar, written vertically (P8), intruding with the top inside a house or enclosure (O1).",Logogram (invocation offering),C
HJ O071A,13F4E,U+13F4E,O71A,O71A,O-01-060,,,
HJ O071,13F4F,U+13F4F,O71,O71,O-01-061,"A feather (H6), written vertically on top of a house or domain (O1).",Logogram (temple),C
O072B,13F50,U+13F50,,,O-01-063,"Three feathers (H6), written angled forwards, on top of three houses or enclosures, connected together, horizontally (O262).",Logogram (temple),C
HJ O072,13F51,U+13F51,O72,O72,O-01-064,"Three feathers (H6), written vertically, on top of three houses or enclosures, connected together, horizontally (O262).",Logogram (temple),C
HJ O262,13F52,U+13F52,O262,O262,O-01-067,"Three houses or enclosures, connected together, horizontally.","Logogram (houses, domains)",C
HJ O004B,13F53,U+13F53,O4B,O4B,O-02-005,"An enclosure wall without battlements, with an enclosed square in the bottom right corner.",Logogram (court),C
HJ O001B,13F54,U+13F54,O1B,O1B,O-02-007,"A house or domain, with only one of the two lines at the bottom.","Classifier place, building",C
O006L,13F55,U+13F55,O6C,O6C,O-03-001,,,
HJ O285A,13F56,U+13F56,O285A,O285A,O-03-002,"Two rectangles, written vertically, connected together.","Logogram (temple, mansion, estate)",C
O084,13F57,U+13F57,,O84,O-03-012,"Three plans of a rectangular enclosure, with an internal rectangle in the lower corner away from the reading direction, connected to each other.","Logogram (temples, mansions, estates)",C
O006J,13F58,U+13F58,O6B,O6B,O-03-013,,,
O006K,13F59,U+13F59,O6A,O6A,O-03-014,"A plan of a rectangular enclosure, with an internal rectangle in both upper corners.","Logogram (temple, mansion, estate)",C
HJ O216,13F5A,U+13F5A,O216,O216,O-03-031,"A façade of a palace or tomb, represented by two rectangles, with a horizontal line with two crossing vertical lines in it, left horizontal line lower than the top.",,C
HJ O088,13F5B,U+13F5B,O88,O88,O-03-036,"Three times a half round loaf of bread (X1), written inside a plan of a rectangular enclosure, with an internal rectangle in the lower corner away from the reading direction (O6), connected horizontally.","Logogram (temples, mansions, estates)",C
HJ O088A,13F5C,U+13F5C,O88A,O88A,O-03-037,"Three times a half round loaf of bread (X1), written inside a plan of a rectangular enclosure, with an internal rectangle in the top corner away from the reading direction (O6), connected horizontally.","Logogram (temples, mansions, estates)",C
HJ O096,13F5D,U+13F5D,O96,O96,O-03-113,"A falcon (G5), written inside a plan of a rectangular enclosure, with an internal rectangle in the top corner away from the reading direction; on top of a wickerwork basket (V30).","Logogram (Hathor, lady (of))",C
O307A,13F5E,U+13F5E,,,O-03-168,"A plan of a rectangular enclosure with battlements on all sides, with an internal rectangle in the lower corner away from the reading direction",,C
O092F,13F5F,U+13F5F,,,O-03-169,"A plan of a rectangular enclosure with battlements on three sides, with a wide base, with an internal rectangle in the top corner away from the reading direction.",,C
HJ O009B,13F60,U+13F60,O9B,O9B,O-03-171,"A wickerwork basket (V30), on top of a plan of a rectangular enclosure, with an internal rectangle in the lower corner away from the reading direction (O6).",Logogram (Nephthys (divinity)),C
HJ O009C,13F61,U+13F61,O9C,O9C,O-03-172,"A wickerwork basket (V30), on a small vertical rectangle, with a wide base.",Logogram (Nephthys (divinity)),C
O012F,13F62,U+13F62,,,O-04-001,"A wall of the palace, with ornamental chevaux de frise on top of the wall, with internal decoration of two rectangles, with an angled line inside, forming a point at the back.",Logogram (palace),C
O383,13F63,U+13F63,,,O-04-002,"A wall of the palace, without the ornamental chevaux de frise on top of the wall, with internal decoration of two rectangles, with an angled line inside, forming a point at the back.",Logogram (palace),C
O012G,13F64,U+13F64,,,O-04-003,"A wall of the palace, without the ornamental chevaux de frise on top of the wall, with internal decoration of two rectangles, with an angled line inside, both angling downwards towards the back.",,C
HJ O011A,13F65,U+13F65,O11A,O11A,O-04-008,"A wall of the palace, with ornamental chevaux de frise on top of the wall, without internal decoration.",Classifier palace,C
O011B,13F66,U+13F66,,,O-04-009,"a wall of the palace, with ornamental chevaux de frise on top of the wall, with two sections, the front section without internal decoration, the back with internal decoration.",,C
HJ O099,13F67,U+13F67,O99,O99,O-04-025,"A wall of the palace, with ornamental chevaux de frise on top of the wall, with internal decoration resembling two rectangles with an angled line inside, going from the front bottom corner to the top corner in the back; on a wide base, with a rectangle at the front with horizontal chevaux de frise at the front.",Logogram (palace),C
HJ O098A,13F68,U+13F68,O98A,O98A,O-04-026,,,
HJ O260,13F69,U+13F69,O260,O260,O-04-027,"A wall of the palace, with ornamental chevaux de frise on top of the wall, in two sections, the front section with internal decoration, with a cloth wound on a pole, an emblem of divinity (R8) written inside the second section.",Classifier divine,C
O013K,13F6A,U+13F6A,O13,,O-05-002,"An enclosure wall with battlements on the front, back and top, and on the vertical line of the opening.",Phonemogram,C
O013L,13F6B,U+13F6B,,,O-05-003,"An enclosure wall with battlements on the front, back and top.",Phonemogram,C
O013M,13F6C,U+13F6C,,,O-05-004,"An enclosure wall with battlements on the front, back and top, with blocks on the corners.",Phonemogram,C
O013N,13F6D,U+13F6D,,,O-05-005,"An enclosure wall with battlements on the front, back and top, with an additional horizontal line partly covering the open section.",Phonemogram,C
O381,13F6E,U+13F6E,,,O-05-007,"A man, standing, both arms raised in front, holding a mat with a loaf of bread on each side of a vessel, written inside an enclosure wall with battlements on the front, back and top.",Logogram (court of offerings),C
HJ O303,13F6F,U+13F6F,O303,O303,O-05-026,"A house or enclosure, with battlements on the front, back and top.",,C
O105A,13F70,U+13F70,,,O-05-040,"An enclosure wall with battlements on the front, back and top, without an internal section.",,C
O123B,13F71,U+13F71,,,O-05-064,"A wall, written vertically, with battlements on the front, back and top, and blocks on the corners.",,C
O036M,13F72,U+13F72,O36C,O36C,O-05-084,"A wall, written vertically, with multiple battlements on the long sides.",Logogram (wall),C
HJ O037A,13F73,U+13F73,O37A,O37A,O-05-099,"A wall, with multiple battlements on its long sides, written at a forward angle.","Classifier overthrow, demolish",C
HJ O118,13F74,U+13F74,O118,O118,O-05-101,"A wall, with multiple battlements on its long sides, written at a forward angle, with a forward, downward line coming from the top.","Classifier overthrow, demolish",C
O036K,13F75,U+13F75,,,O-05-105,"A wall, written vertically, with battlements on all edges.",Classifier geographical location,C
O036L,13F76,U+13F76,,,O-05-111,"An vertical oval, with rounded battlements.",Classifier geographical location (Elephantine),C
HJ O120,13F77,U+13F77,O120,O120,O-05-113,,,
O036N,13F78,U+13F78,O36D,O36D,O-05-117,"A wall, written vertically, with a wide base and battlements on the front, back and top.",Classifier wall,C
HJ O121,13F79,U+13F79,O121,O121,O-05-118,"A wall, written vertically, with multiple battlements on the long sides (O36C), in front of a mace with a pear-shaped head, written vertically (T3); written on top of a standard used for carrying religious symbols, with a loop under the horizontal beam, running over the vertical pole (R12A).",Logogram i(Memphis (the white wall)),C
HJ O121B,13F7A,U+13F7A,O121B,O121B,O-05-120,"A wall, written vertically, with multiple battlements on the long sides, in front of a mace with a pear-shaped head, written vertically, in front of a plan of a crossroads in a village; written on top of a standard used for carrying religious symbols, with a loop under the horizontal beam, running over the vertical pole, written on top of a parcel of land with irrigation ditches.",,C
HJ O129,13F7B,U+13F7B,O129,O129,O-06-001,"A façade of a palace or tomb, with a doorway, without internal detail.",Logogram (serekh (palace) façade),C
HJ O130,13F7C,U+13F7C,O130,O130,O-06-005,"A façade of a palace or tomb, with a doorway, open at the bottom, without internal detail.",Classifier palace façade,C
HJ O131,13F7D,U+13F7D,O131,O131,O-06-011,,,
HJ O131A,13F7E,U+13F7E,O131A,O131A,O-06-015,,,
O033S,13F7F,U+13F7F,O33A,O33A,O-06-021,"A façade of a palace or tomb, with a doorway.",Classifier palace façade,C
HJ O033C,13F80,U+13F80,O33C,O33C,O-06-022,"A façade of a palace or tomb, with a doorway, without a line at the bottom.",Logogram (serekh (palace) façade),C
O033M,13F81,U+13F81,,,O-06-033,"A façade of a palace or tomb, with a doorway, with internal detail in the doorway.",Logogram (serekh (palace) façade),C
HJ O132,13F82,U+13F82,O132,O132,O-06-042,"Two eyes, with the markings of the head of a falcon (D10), arranged horizontally, mirroring each other, written inside a wall of the palace, with internal detail in the lower half.",Logogram (chapel),C
HJ O337,13F83,U+13F83,O337,O337,O-06-043,"Two eyes, with the markings of the head of a falcon (D10), arranged horizontally, mirroring each other, written inside a wall of the palace, with ornamental chevaux de frise on top of the wall, without internal decoration.",Logogram (chapel),C
O033T,13F84,U+13F84,,,O-06-052,"A façade of a palace or tomb, simplified to a horizontal line with a short crossbar in the middle, and three vertical lines at the bottom.",Logogram (serekh (palace) façade),C
O033D,13F85,U+13F85,,,O-06-055,"A façade of a palace or tomb, with an interior decoration pattern consisting of three thin horizontal beams, separated by two broad horizontal beams consisting of vertical strokes.",Logogram (serekh (palace) façade),C
O033R,13F86,U+13F86,,,O-06-057,"A façade of a palace or tomb, with a doorway, with a horizontal beam of vertical lines on top of it.",Logogram (serekh (palace) façade),C
O033U,13F87,U+13F87,,,O-06-058,"A façade of a palace or tomb, represented by a rectangle with a angled line, running from the bottom left to the top right corner, with vertical stokes below the rectangle.",Logogram (serekh (palace) façade),C
HJ O137,13F88,U+13F88,O137,O137,O-07-001,The pylon of a temple.,Classifier pylon/gateway,C
HJ O138,13F89,U+13F89,O138,O138,O-07-003,"The two towers of a pylon of a temple, divided, with a rectangular opening in each tower on the inside.",,C
HJ O152,13F8A,U+13F8A,O152,O152,O-07-005,"A façade of a shrine with a flat roof, with a angled line written from the front bottom corner to the left top corner inside.",Logogram (sanctuary of Upper Egypt),C
HJ O021B,13F8B,U+13F8B,O21B,O21B,O-07-006,"A façade of a shrine with a flat roof, with oblique sides, with a large doorway.",Classifier doorway/gateway,C
HJ O021D,13F8C,U+13F8C,O21D,O21D,O-07-010,"written over a façade of a shrine with a flat roof, with vertical sides, with a small rectangle in the bottom corner away from the reading direction (O21D).",Logogram,C
HJ O018D,13F8D,U+13F8D,O18D,O18D,O-07-012,"A shrine with vertical sides and a flat roof, without internal detail, with an uraeus at the front tip of the roof.",Logogram (chapel),C
HJ O280,13F8E,U+13F8E,O280,O280,O-07-013,"A shrine with vertical sides and a flat roof, with a doorway, with an uraeus at the front tip of the roof.",Logogram (chapel),C
HJ O021C,13F8F,U+13F8F,O21C,O21C,O-07-014,"A façade of a shrine with a flat roof, with uraei on top, facing forwards, with oblique sides, with a large doorway.",Phonemogram (in r-rw.t (outside)),C
HJ O329B,13F90,U+13F90,O329B,O329B,O-07-015,"A façade of a shrine with a flat roof, with vertical strokes on top, with oblique sides, with a small doorway.",Logogram (palace),C
O021F,13F91,U+13F91,,,O-07-020,"A façade of a shrine with a flat roof, with uraei on top, facing forwards, with oblique sides, with two doorways.","Logogram (portal, portico)",C
HJ O032B,13F92,U+13F92,O32B,O32B,O-08-001,"A gateway, with the bottom fully closed.",Classifier doorway,C
HJ O032C,13F93,U+13F93,O32C,O32C,O-08-005,"A gateway, with the bottom fully closed, with internal detail.",Phonemogram (in r-rw.t (outside)),C
HJ O276,13F94,U+13F94,O276,O276,O-08-007,"A star (N14), on top of a gateway, with the bottom fully closed (O32B).",Logogram (doorway),C
HJ O145A,13F95,U+13F95,O145A,O145A,O-08-009,"A gateway, with the bottom fully closed (O32B), with feathers (H8) on top, angled forwards.","Classifier portal, portico",C
HJ O032D,13F96,U+13F96,O32D,O32D,O-08-012,A broad gateway.,Classifier tomb,C
O016G,13F97,U+13F97,O16,O16,O-08-013,,,
HJ O016A,13F98,U+13F98,O16A,O16A,O-08-015," A plan and façade of a hall, with a cornice with four Uraei on top, orientated forwards.","Classifier portal, portico",C
HJ O016B,13F99,U+13F99,O16B,O16B,O-08-018," A thin plan and façade of a hall, with a cornice with four Uraei on top, orientated forwards.",Logogram (main gate of a temple),C
O016F,13F9A,U+13F9A,,,O-08-026,"A plan and façade of a hall, with an entrance, with a cornice with Uraei on top, with half orientated forwards and half orientated backwards.",Classifier curtain,C
HJ O018E,13F9B,U+13F9B,O18E,O18E,O-09-003,,,
HJ O018B,13F9C,U+13F9C,O18B,O18B,O-09-006,"A shrine, seen from the side, with a downward sloping roof, on top of a sledge.","Classifier funerary chapel, cenotaph",C
HJ O018A,13F9D,U+13F9D,O18A,O18A,O-09-014,"A shrine, seen from the side, with a downward sloping roof, with an uraeus at the front of the roof.",Classifier chapel,C
O018F,13F9E,U+13F9E,,,O-09-015,"A shrine, seen from the side, with a downward sloping roof, with an uraeus at the front of the roof, with a rectangle attached to the front.",Logogram (sanctuary of Upper Egypt),C
HJ O148,13F9F,U+13F9F,O148,O148,O-09-020,"God, in mummy form, standing upright on a platform, with a long straight beard, wearing a cap, both arms forwards, holding a sceptre with a straight shaft, forked bottom and head of the Seth animal (S40) of the same size as the god, vertically (C19); written inside a shrine, seen from the side, with a downward sloping roof (O18). ",Logogram (to be divine),C
HJ O150,13FA0,U+13FA0,O150,O150,O-09-029,,,
HJ O329A,13FA1,U+13FA1,O329A,O329A,O-09-041,"A façade of a shrine with a flat roof, with oblique sides, with a large doorway, with a pole in front, with a horizontal line over the roof, connected to the roof with three vertical lines.",Classifier shrine,C
HJ O329,13FA2,U+13FA2,O329,O329,O-09-044,"A façade of a shrine with a flat roof, with oblique sides, with a large doorway, with a pole in front, with a horizontal line over the roof, connected to the roof with two vertical lines.",Logogram (sanctuary of Upper Egypt),C
HJ M211,13FA3,U+13FA3,M211,M211,O-09-045,"The façade of a shrine with a flat roof, with oblique sides, with a large doorway, with a long horizontal line coming from the front of the base, the front tip connected with a curved line going to the front tip of the roof, resembling a representation of two ribs, written parallel (Aa15).",Logogram (sanctuary of Upper Egypt),C
HJ O154,13FA4,U+13FA4,O154,O154,O-09-047,,,
HJ O153C,13FA5,U+13FA5,O153C,O153C,O-09-053,"A shrine, seen from the side, with a downward sloping roof, with an uraeus at the front of the roof (O18A), with a horizontal line over it.",Classifier shrine,C
HJ O019C,13FA6,U+13FA6,O19C,O19C,O-09-060,"An archaic shrine, seen from the side, with a downward sloping roof, with two vertical poles forming the front, with horizontal lines extending from the top of the roof, with short vertical lines in front of the poles.",Classifier shrine,C
HJ O156,13FA7,U+13FA7,O156,O156,O-09-066,"The emblem erected outside the temple of Min, resembling the horns of a bovid (F13) on top of a stem of papyrus with a bud (M13), with a coil of rope (V1) between the horns, connected to a cone, with a spike on top, from which a shrine with a flat roof comes forth.",Classifier chapel (associated with Min),C
HJ O275,13FA8,U+13FA8,O275,O275,O-09-068,"The head of a bovid, coming from an cone, with a forward, downward line of liquid coming from the mouth, on top of a base.",Logogram (Ennead),C
HJ O157,13FA9,U+13FA9,O157,O157,O-09-071,"An archaic shrine, seen from the side, with a downward sloping roof, with vertical poles in front of the shrine itself, connected to the shrine (O19), on top of a sledge.",Classifier shrine,C
HJ O158,13FAA,U+13FAA,O158,O158,O-09-072,,,
HJ O160,13FAB,U+13FAB,O160,O160,O-09-075,"A low shrine with a round roof, with two vertical lines enclosing the top, on top of a broad base, with a vertical line on either side of the shrine, with three horizontal strokes over it.",Logogram (sanctuary of Sokar),C
O020E,13FAC,U+13FAC,O20A,O20A,O-09-081,"A tall shrine with a round roof, with two vertical lines enclosing the top, on a base, with internal decoration consisting of two rectangles, with an angled line inside, forming a point at the front.","Classifier sanctuary, shrine",C
O020D,13FAD,U+13FAD,,,O-09-082,"A tall shrine with a round roof, with two vertical lines enclosing the top, on a base, without internal decoration.","Logogram (shrine, row of shrines)",C
HJ O161,13FAE,U+13FAE,O161,O161,O-09-083,"A tall shrine with oblique sides, a triangular roof and a doorway.",Logogram (Dendera),C
HJ O021A,13FAF,U+13FAF,O21A,O21A,O-09-085,,,
HJ O166,13FB0,U+13FB0,O166,O166,O-09-092,,,
O329E,13FB1,U+13FB1,,,O-09-093,"A façade of a shrine with a flat roof, with oblique sides, with a entryway resembling a smaller façade of a shrine with a flat roof, with oblique sides, with a large gateway; with a vertical rectangle added to the far side.",Logogram (sanctuary of Upper Egypt),C
HJ O167B,13FB2,U+13FB2,O167B,O167B,O-09-100,,,
HJ O184,13FB3,U+13FB3,O184,O184,O-09-103,"A pronaos or kiosk, with a rounded roof, supported on two columns with a flower-like capital on the outside of the lower walls.","Logogram (portal, portico)",C
HJ O185,13FB4,U+13FB4,O185,O185,O-09-105,"A pronaos or kiosk, with a rounded roof, supported on four columns with a flower-like capital, connected to the lower walls.","Logogram (ceiling, heaven)",C
O382,13FB5,U+13FB5,,,O-09-107,"A schematic representation of a pronaos or kiosk, with the two columns represented by a vertical line with a crossbar.","Logogram (portal, portico)",C
O021G,13FB6,U+13FB6,,,O-09-112,?The front wall and roof of a shrine?,?Logogram (shrine?),C
HJ O169A,13FB7,U+13FB7,O169A,O169A,O-10-001,"A booth, with the roof curving gradually.","Logogram (pavilion, hall, booth)",C
HJ O169,13FB8,U+13FB8,O169,O169,O-10-002,"A booth, with the roof curving gradually, with a circle on top of the roof.","Logogram (to tie on, to don)",C
O175D,13FB9,U+13FB9,,,O-10-003,"A booth, with the roof curving gradually after a sharp corner.",,C
O175C,13FBA,U+13FBA,,,O-10-004,A booth with a pointed roof.,,C
HJ O346,13FBB,U+13FBB,O346,O346,O-10-019,"A cloth wound on a pole, an emblem of divinity (R8), written inside a booth, with the roof curving gradually, with a circle in the center of the roof.",Logogram (divine booth),C
HJ O022A,13FBC,U+13FBC,O22A,O22A,O-10-030,"A booth, with the roof curving gradually, supported by a forked pole for supporting a roof (O30), with a circle on top of the roof.",Logogram (booth),C
HJ O022B,13FBD,U+13FBD,O22B,O22B,O-10-031,"A booth, with the roof curving gradually, with a vertical support in the middle, with a circle on top of the roof.",Phonemogram,C
HJ O022C,13FBE,U+13FBE,O22C,O22C,O-10-035,An open booth supported by a forked pole for supporting a roof (O30).,Phonemogram (in ꜥrḳ-wr),C
HJ O180,13FBF,U+13FBF,O180,O180,O-10-040,An open booth supported by a pole with a circular inset (P11A).,Phonemogram,C
HJ O023L,13FC0,U+13FC0,O23L,O23L,O-11-002,"A double pavilion, with flower-topped capitals on the columns, with curved roofs, without seats.","Logogram (jubilee, sed-festival)",C
HJ O023B,13FC1,U+13FC1,O23B,O23B,O-11-006,"A carrying chair (Q2), written inside a booth or pavilion, with two columns resembling a stem of papyrus with a bud (M13), with a curved roof.",Classifier throne dais,C
HJ O189A,13FC2,U+13FC2,O189A,O189A,O-11-008,,,
HJ O023C,13FC3,U+13FC3,O23C,O23C,O-11-009,"An open booth supported by a central column with a flower-like capital, with two carrying chairs (Q2) written inside, facing away from one another.","Logogram (jubilee, sed-festival)",C
HJ W004A,13FC4,U+13FC4,W4A,W4A,O-11-011,"An open booth supported by a forked pole for supporting a roof (O22C), on top of a wickerwork basket (V30).",Logogram (four),C
HJ W037,13FC5,U+13FC5,W37,W37,O-11-016,"A booth with a round roof, supported by three columns with a flower-like capital, on top of an alabaster basin with a diamond shaped inner marking (W3).","Logogram (jubilee, sed-festival)",C
HJ W037B,13FC6,U+13FC6,W37B,W37B,O-11-017,"A booth with a wavy roof, supported by three forked poles for supporting a roof (O30), on top of a wickerwork basket (V30).","Logogram (jubilee, sed-festival)",C
HJ O023Q,13FC7,U+13FC7,O23Q,O23Q,O-11-018,,,
HJ O023T,13FC8,U+13FC8,O23T,O23T,O-11-019,,,
HJ W035A,13FC9,U+13FC9,W35A,W35A,O-11-021,"An open booth supported by a forked pole for supporting a roof (O22C), on top of a wickerwork basket (V30); with a horizontal line, intersected in the middle by a coil of rope (V2) written left of the central pole.","Logogram (jubilee, sed-festival)",C
HJ W035,13FCA,U+13FCA,W35,W35,O-11-022,"An open booth supported by a pole, on top of an alabaster basin with a diamond shaped inner marking (W4); with a horizontal line, intersected in the middle by a coil of rope (V2) written left of the central pole.","Classifier jubilee, sed-festival",C
W035C,13FCB,U+13FCB,,,O-11-023,"A horizontal line, intersected in the middle by a coil of rope (V2), written within a booth, with the roof curving gradually after a sharp corner (O175D), on top of a wickerwork basket (V30).","Classifier jubilee, sed-festival",C
HJ O023D,13FCC,U+13FCC,O23D,O23D,O-11-024,"A booth with a round roof with a circle on top, supported by three columns with a flower-like capital, with two carrying chairs (Q2) facing away from one another; on top of an alabaster basin with a diamond shaped inner marking (W3).","Logogram (jubilee, sed-festival)",
O023V,13FCD,U+13FCD,,,O-11-025,"A booth with a round roof, supported by three columns, with the outer two having a flower-like capital, with the middle column resembling a rolled-up herdsman's shelter of papyrus (V18); on top of an alabaster basin with a diamond shaped inner marking (W3).",Logogram (festival),C
HJ W037D,13FCE,U+13FCE,W37D,W37D,O-11-026,"A booth with a round roof, supported by three forked poles for supporting a roof (O30), with two carrying chairs (Q2) facing away from one another; on top of a wickerwork basket (V30).","Logogram (jubilee, sed-festival)",C
HJ W037A,13FCF,U+13FCF,W37A,W37A,O-11-027,"A booth with a round roof, supported by three forked poles for supporting a roof (O30); on top of a wickerwork basket (V30).","Logogram (jubilee, sed-festival)",C
HJ O023E,13FD0,U+13FD0,O23E,O23E,O-11-028,"An open booth supported by a pole (O22), with two carrying chairs (Q2) facing away from one another; on top of an alabaster basin with a diamond shaped inner marking (W3).","Logogram (jubilee, sed-festival)",C
HJ O023F,13FD1,U+13FD1,O23F,O23F,O-11-030,,,
O023U,13FD2,U+13FD2,,,O-11-042,"A double pavilion, with columns topped with a triangle, with two carrying chairs (Q2), facing away from one another; on top of an alabaster basin with a diamond shaped inner marking (W3).","Logogram (jubilee, sed-festival)",C
HJ O023P,13FD3,U+13FD3,O23P,O23P,O-11-044,"A double pavilion, with columns without capitals, with the rounded roofs curving upwards at the far sides, with two carrying chairs (Q2), facing away from one another; on top of an alabaster basin with a diamond shaped inner marking (W3).","Logogram (jubilee, sed-festival)",C
HJ O023K,13FD4,U+13FD4,O23K,O23K,O-11-046,"A double pavilion, with columns without capitals, with the rounded roofs curving upwards at the far sides; on top of an alabaster basin with a diamond shaped inner marking (W3).","Logogram (jubilee, sed-festival)",C
HJ O182,13FD5,U+13FD5,O182,O182,O-11-049,"Two booths, with the roof curving gradually (O169A), on top of a plateau with a staircase at either side.",Logogram (festival),C
HJ O342,13FD6,U+13FD6,O342,O342,O-11-051,"A booth with a round roof, supported by two columns resembling a stem of papyrus with a bud (M13), with an abacus; on top of a base (O210A).","Logogram (ceiling, heaven)",C
HJ O283,13FD7,U+13FD7,O283,O283,O-11-056,"A ram (Ovis longipes palaeo-aegyptiacus), standing, without a beard (E11), with a round vessel with an upstanding rim (W24) above its back; written inside a booth consisting of the sky (N1), supported by two columns resembling a stem of papyrus with a bud (M13), with an abacus; on top of a base (O210A); on a broad base.",Phonemogram/Logogram,C
O024C,13FD8,U+13FD8,O24A,O24A,O-12-004,A mastaba with an enclosure wall.,"Classifier to ascend, to mount up",C
HJ O194,13FD9,U+13FD9,O194,O194,O-12-005,A truncated pyramid.,?,C
HJ O191,13FDA,U+13FDA,O191,O191,O-13-008,"An obelisk, without a base.",Classifier obelisk,C
HJ O191A,13FDB,U+13FDB,O191A,O191A,O-13-009,The benben stone.,"Phonemogram/logogram (to beget, to ejaculate, to create)",C
HJ O190,13FDC,U+13FDC,O190,O190,O-13-011,An obelisk of an Old Kingdom sun temple.,Classifier solar temple,C
HJ O195A,13FDD,U+13FDD,O195A,O195A,O-14-008,A narrow shrine or stela on a base.,Classifier shrine/chapel,C
HJ O196A,13FDE,U+13FDE,O196A,O196A,O-14-013,"A snake with a coiled tail, written vertically (I114), written inside a narrow shrine or stela on a plan of a crossroads in a village (O49).","Logogram (shrine, row of shrines)",C
O028D,13FDF,U+13FDF,O28,O28,O-16-004,A column with a tenon at the top.,Phonemogram,C
O028E,13FE0,U+13FE0,,,O-16-006,"A column with a base, with a tenon at the top, with a spiral, winding counterclockwise away from its central point, ending at the right lower corner after about one and a half turns (Z7) attached to the top, towards the front.",Phonemogram,C
HJ O164A,13FE1,U+13FE1,O164A,O164A,O-16-007,"A column with a tenon at the top, resembling a half circle.",Phonemogram,C
HJ O028B,13FE2,U+13FE2,O28B,O28B,O-16-008,"A column with a base, with a tenon at the top.",Phonemogram,C
HJ O201,13FE3,U+13FE3,O201,O201,O-16-011,,,
HJ O210A,13FE4,U+13FE4,O210A,O210A,O-16-030,"A column resembling a stem of papyrus with a bud (M13), with an abacus; on top of a base.",Logogram (papyriform column),C
HJ O206,13FE5,U+13FE5,O206,O206,O-16-031,"A column resembling a stem of papyrus with a bud (M13), without an abacus; on top of a base.",Classifier column (columned hall),C
HJ O207,13FE6,U+13FE6,O207,O207,O-16-035,,,
HJ O211,13FE7,U+13FE7,O211,O211,O-16-041,"A column with oblique sides, with a capital resembling a round vessel with an upstanding rim.",Classifier column (columned hall),C
HJ O210,13FE8,U+13FE8,O210,O210,O-16-044,,,
HJ O209,13FE9,U+13FE9,O209,O209,O-16-046,,,
HJ O214,13FEA,U+13FEA,O214,O214,O-16-047,"The capital of a column, in the form of a lotus flower, with an abacus on top.",Phonemogram,C
O357,13FEB,U+13FEB,,,O-16-048,"A column resembling a stem of papyrus with a bud (M13), on a base, with a ",Classifier pillar,C
HJ O215,13FEC,U+13FEC,O215,O215,O-16-049,"The capital of a column, in the form of the face of a human female, with hair in two curling sidelocks, with the ears of a bovid.","Logogram (face, sight)",C
HJ O212,13FED,U+13FED,O212,O212,O-16-050,,,
HJ O217,13FEE,U+13FEE,O217,O217,O-18-002,"A rectangular door bolt, resembling the forepart of a lion, with a rope used for locking attached to the paw of the lion, with a plummet attached to the rope.",Classifier door bolt,C
HJ O218,13FEF,U+13FEF,O218,O218,O-18-004,"A lion, lying down, tail curled over the body towards the back (E23), on top of a shrine, facing its mirror, connected with a rope running from paw to paw.",Classifier door bolt,C
HJ O219,13FF0,U+13FF0,O219,O219,O-18-005,"A door bolt, which curves upwards and backwards at the top.",Classifier door bolt,C
O034C,13FF1,U+13FF1,,,O-18-013,"A door bolt (O034), written over a circle of dots.",Phonemogram,C
HJ O222,13FF2,U+13FF2,O222,O222,O-18-021,"A door bolt (O034), written over two human feet and lower legs (D58), arranged horizontally.",Phonemogram,C
HJ O014C,13FF3,U+13FF3,O14C,O14C,O-19-010,"The corner of a wall, with battlements at the top, with the opening in the bottom right corner.",Classifier gateway,C
O225A,13FF4,U+13FF4,,,O-20-006,"A stairway, with a rectangle in the bottom corner.","Classifier dais, terrace, platform",C
HJ O042A,13FF5,U+13FF5,O42A,O42A,O-21-001,"A fence, consisting of a base resembling a representation of two ribs, written parallel (Aa15), with four forward angled lines with a bulb on top of it, with a horizontal line through the bulbs, with a loop at the far end.",Phonemogram,C
HJ O042B,13FF6,U+13FF6,O42B,O42B,O-21-002,"A fence, consisting of a base resembling a representation of two ribs, written parallel (Aa15), with four forward angled lines with a bulb on written over it, starting at the bottom line.",Phonemogram,C
HJ O042C,13FF7,U+13FF7,O42C,O42C,O-21-004,"A fence, consisting of a base resembling a representation of two ribs, written parallel (Aa15), mirrored, with four forward angled lines with a bulb on written over it, starting at the bottom line.",Phonemogram,C
HJ O042D,13FF8,U+13FF8,O42D,O42D,O-21-005,,,
HJ O042F,13FF9,U+13FF9,O42F,O42F,O-21-007,,,
HJ O042J,13FFA,U+13FFA,O42J,O42J,O-21-010,"A fence, consisting of a base resembling a representation of two ribs, written parallel (Aa15), with four forward angled lines with a bulb on top of it, with a horizontal line through the bulbs, which angles downwards at both sides.",Phonemogram,C
HJ O042I,13FFB,U+13FFB,O42I,O42I,O-21-012,"A fence, consisting of a base resembling a representation of two ribs, written parallel (Aa15), with four forward angled lines with a bulb over it, starting at the bottom line, with a horizontal line through the bulbs, with a loop at the far end.",Phonemogram,C
HJ O042K,13FFC,U+13FFC,O42K,O42K,O-21-014,,,
HJ O043A,13FFD,U+13FFD,O43A,O43A,O-21-020,"A fence, consisting of three forward angled lines with a bulb at the end, on top of a horizontal base.","Logogram (field, arable land)",C
HJ O043B,13FFE,U+13FFE,O43B,O43B,O-21-021,"A fence, consisting of four forward angled lines with a bulb at the end, on top of a horizontal base.",Phonemogram,C
HJ O051B,13FFF,U+13FFF,O51B,O51B,O-22-001,"A heap of grain on a raised floor, without internal detail.",,C
O051F,14000,U+14000,,,O-22-005,"A granary on a raised floor, with upstanding edges, with a doorway.",Classifier granary,C
HJ O051C,14001,U+14001,O51C,O51C,O-22-008,,,
O051D,14002,U+14002,,,O-22-009,"A rounded heap of grain on a raised floor, with lines of dots (grain?) written inside it.",Logogram (granary),C
HJ O051A,14003,U+14003,O51A,O51A,O-22-011,"A rounded heap of grain on a raised floor, without internal detail.",Logogram (granary),C
HJ O229,14004,U+14004,O229,O229,O-22-014,,,
HJ O229A,14005,U+14005,O229A,O229A,O-22-015,"Two rounded heaps of grain on a raised floor, without internal detail, with a small bit of space between the heaps.",Logogram (granary),C
HJ AA050A,14006,U+14006,Aa50A,Aa50A,O-23-004,"An ornamental chevaux de frise on top of walls, with a circle dividing the top and base, with the top spreading like a flower.",Logogram (ornament),C
HJ AA050,14007,U+14007,Aa50,Aa50,O-23-005,"An ornamental chevaux de frise on top of walls, with a circle dividing the top and base, with the top spreading like a flower, with a circle on top of the tip.",Logogram (ornament),C
O233B,14008,U+14008,,,O-24-008,"A tower of a fortress, with battlements on the top resembling a sand covered mountain over the edge of the cultivated areas (N26), with a forward, downward line coming from the front.",Classifier tower,C
HJ O234,14009,U+14009,O234,O234,O-24-011,"A mastaba with two compartments under a single beam, with a doorway in both compartments.","Classifier to ascend, to mount up",C
HJ O044C,1400A,U+1400A,O44C,O44C,O-24-012,"A cult emblem of Min, a standard consisting of a coil on top of a pole, with a triangular shape topping the coil.",Logogram (the emblem of the cult of Min),C
HJ O044B,1400B,U+1400B,O44B,O44B,O-24-016,"The emblem erected outside the temple of Min, resembling the horns of a bovid (F13) on top of a stem of papyrus with a bud (M13).","Logogram (office, rank, function)",C
HJ R131,1400C,U+1400C,R131,R131,O-24-021,"The emblem erected outside the temple of Min, resembling the horns of a bovid (F13) on top of a stem of papyrus with a bud (M13), with a sun disk (N5) between the horns, connected with a line to a cone with a spike on top.","Logogram (office, rank, function)",C
O045A,1400D,U+1400D,,,O-24-025,"A domed building, in the form of a quarter of a circle, with a smaller quarter circle inside the corner away from the reading direction, with an extended pole at the back, with multiple perpendicular lines on top of the curved line. ","Classifier harim, inner chamber",C
O045B,1400E,U+1400E,,,O-24-026,"A domed building, in the form of a quarter of a circle, with a smaller quarter circle inside the corner away from the reading direction, with an extended pole at the back.",Phonemogram,C
T026K,1400F,U+1400F,,,O-24-027,"A bird trap, with two vertical poles at the back, with a line running from the front to the vertical poles, with multiple perpendicular lines on top of the curved line.",Phonemogram,C
O047X,14010,U+14010,O47,,O-24-030,"A plan of a prehistoric building at the town of Nekhen, written as an oval, with the angled lines touching the oval.",Phonemogram,C
HJ O237,14011,U+14011,O237,O237,O-24-036,"A plan of a prehistoric building at the town of Nekhen, written as an oval, with multiple angled lines used as internal decoration.",Logogram (Hierakonpolis),C
O237A,14012,U+14012,,,O-24-037,"A plan of a prehistoric building at the town of Nekhen, written as an oval, with four angled lines, touching the oval.",Logogram (Hierakonpolis),C
HJ O238,14013,U+14013,O238,O238,O-24-039,,,
HJ O231,14014,U+14014,O231,O231,O-24-047,"A rectangular stone slab or brick, on top of two stone slaps or bricks, arranged horizontally, with a bit of space between them.",Classifier part of a building,C
HJ O048A,14015,U+14015,O48A,O48A,O-24-050,,,
O050E,14016,U+14016,O50,,O-24-053,,,
HJ O243,14017,U+14017,O243,O243,O-24-064,"A plan of a crossroads in a village, with multiple lines, angled towards the back, coming from the top.",Classifier conflagration,C
HJ O338,14018,U+14018,O338,O338,O-24-068,"A wall of a fortress, represented by a rectangle with horizontal lines as internal decoration, with battlements resembling the hill country over the edge of the cultivated areas (N25), with a loop and tie at the back.",Logogram (fortress),C
O380,14019,U+14019,,,O-24-079,An aerial view of a platform with a stairway/walkway attached to the left side.,Classifier stair,C
HJ P013,1401A,U+1401A,P13,P13,P-01-001,"A boat/ship, resembling a crescent moon, on top of a rectangle representing water.",Classifier movement,C
HJ P015A,1401B,U+1401B,P15A,P15A,P-01-004,"A boat/ship, resembling a crescent moon, with a low cone shape inside the boat/ship: on top of a base of two blocks, on a longer horizontal line.",Classifier boat/ship/bark,C
HJ P016,1401C,U+1401C,P16,P16,P-01-006,"A boat/ship with an upwards curved prow and a horizontal stern, with a low cone shape inside the boat/ship; on top of a base of two blocks, on a longer horizontal line.","Logogram (ship, boat, bark)",C
HJ P022,1401D,U+1401D,P22,P22,P-01-007,"A boat/ship, resembling a crescent moon with the ends bending horizontally, with a low cone shape inside the boat/ship. ",Classifier movement,C
HJ P019,1401E,U+1401E,P19,P19,P-01-008,"A boat/ship, resembling a crescent moon, on top of a canal (N36), with a low cone shape inside the boat/ship.",Classifier movement,C
HJ P017,1401F,U+1401F,P17,P17,P-01-011,"A boat/ship, resembling a crescent moon, on top of a rectangle representing water, with a vertical rectangle inside the boat/ship.",Classifier movement,C
P017R,14020,U+14020,,,P-01-012,"An upside-down boat/ship, resembling a crescent moon, on top of a rectangle representing water, with a vertical rectangle inside the boat/ship.","Classifier to upset, to overturn",C
HJ P001B,14021,U+14021,P1B,P1B,P-01-018,"A boat/ship, resembling a crescent moon, on top of a rectangle representing water, with a horizontal line extending front and back from the rectangle, with a carrying chair (Q2) inside the boat/ship, with an oar/rudder at the back.",Classifier movement,C
P001D,14022,U+14022,,,P-01-021,"A boat/ship, resembling a crescent moon, on top of a canal (N36), with a carrying chair (Q2) inside the boat/ship.",Classifier boat/ship,C
HJ P104A,14023,U+14023,P104A,P104A,P-01-023,"A boat/ship, resembling a crescent moon, with a carrying chair (Q2) inside the boat/ship, with an oar/rudder at the back.",Classifier movement,C
HJ P022A,14024,U+14024,P22A,P22A,P-01-024,"A boat/ship, resembling a crescent moon, with a tall cone inside the boat/ship.",Phonemogram,C
HJ P024,14025,U+14025,P24,P24,P-01-027,"An upside-down boat/ship, resembling a crescent moon, with an oar/rudder at the back.",Classifier (to capsize),C
HJ P020,14026,U+14026,P20,P20,P-01-028,"A boat/ship, resembling a crescent moon, on top of a rectangle representing water, with a carrying chair (Q2) inside the boat/ship.",Phonemogram,C
HJ P025,14027,U+14027,P25,P25,P-01-030,"A boat/ship, resembling a crescent moon, on top of a rectangle of water, with an oar/rudder at the back.",Classifier mooring,C
HJ P023,14028,U+14028,P23,P23,P-01-031,"A boat/ship, resembling a crescent moon, on top of a rectangle of water, with an oar/rudder at the back.",Classifier boat/ship,C
HJ P023A,14029,U+14029,P23A,P23A,P-01-032,"A boat/ship, resembling a crescent moon, on top of a canal (N36), with an oar/rudder at the back.",Classifier death,C
HJ P026,1402A,U+1402A,P26,P26,P-01-033,,,
HJ P030,1402B,U+1402B,P30,P30,P-01-035,"A boat/ship with a vertical prow, and an inward curved stern, on top of a rectangle representing water, with a carrying chair (Q2) inside the boat/ship. ","Logogram (ship, boat, bark)",C
HJ P030A,1402C,U+1402C,P30A,P30A,P-01-036,,,
P107A,1402D,U+1402D,,,P-01-038,"A boat/ship with a vertical prow, and a stern resembling the handle of a sickle (U1), on top of a rectangle representing water, with a carrying chair inside the boat/ship, with two oars/rudders at the back.",,C
HJ P027,1402E,U+1402E,P27,P27,P-01-039,,,
HJ P027A,1402F,U+1402F,P27A,P27A,P-01-040,"A boat/ship with a prow and stern resembling the handle of a sickle (U1), on top of a rectangle resembling water.",Classifier bark/boat,C
HJ P106,14030,U+14030,P106,P106,P-01-041,A boat/ship with a prow and stern resembling the handle of a sickle (U1).,Classifier bark/boat,C
HJ P028,14031,U+14031,P28,P28,P-01-042,"A boat/ship with a prow and stern resembling the handle of a sickle (U1), on top of a rectangle resembling water, with an oar/rudder at the back.","Logogram (ship, boat, bark)",C
HJ P029,14032,U+14032,P29,P29,P-01-043,"A boat/ship with an inward curved prow and stern, on top of a rectangle representing water, with an oar/rudder at the back.",Classifier bark/boat,C
HJ P034,14033,U+14033,P34,P34,P-01-045,"A boat/ship with a vertical prow and stern, on top of a rectangle representing water, with a rectangle inside the boat/ship.",Classifier bark/boat,C
HJ P004A,14034,U+14034,P4A,P4A,P-01-050,"A boat/ship with a prow and stern resembling the handle of a sickle (U1), on top of a rectangle resembling water, with a low cone shape inside the boat/ship, with an oar/rudder at the back.",Classifier bark/boat,C
HJ P071,14035,U+14035,P71,P71,P-01-051,"A boat/ship with a vertical prow and a stern resembling the handle of a sickle (U1), on top of a rectangle resembling water, with two throwing-sticks, or clubs used by foreign people (T14) inside the boat/ship.",Classifier bark/boat,C
HJ P071A,14036,U+14036,P71A,P71A,P-01-052,"A boat/ship with a vertical prow with a forward, downward rope coming from it, with a vertical stern, on top of a rectangle resembling water, with a low cone shape inside the boat/ship.",Classifier bark/boat,C
HJ P032,14037,U+14037,P32,P32,P-01-060,"A papyrus float, seen from the side, with a cross-like structure on it.",Classifier papyrus float,C
P003D,14038,U+14038,P3,,P-01-062,"A boat/ship with a vertical prow and a simple stern, on top of a rectangle resembling water, with an oval with rounded corners in the boat/ship, with an oar/rudder at the back.",Classifier movement,C
P003E,14039,U+14039,,P3,P-01-063,"A boat/ship with a prow and stern resembling the handle of a sickle (U1), on top of a rectangle resembling water, with a vertical pole and an oval with rounded corners inside the boat/ship, with an oar/rudder at the back.","Logogram (ship, boat, bark)",C
P003F,1403A,U+1403A,P3A,P3A,P-01-064,"A sedge (M23), written inside a boat/ship with a prow and stern resembling the handle of a sickle (U1), on top of a rectangle resembling water.",Logogram (bark of the king/royal bark),C
HJ P111,1403B,U+1403B,P111,P111,P-01-067,,,
HJ P071B,1403C,U+1403C,P71B,P71B,P-01-068,"A boat/ship with a vertical prow and a stern resembling the handle of a sickle (U1), on top of a rectangle resembling water, with a throwing-stick, or club used by foreign people (T14), two sceptres with a straight shaft, topped with the head of the Seth animal, facing backwards, and a rectangle, arranged horizontally, inside the boat/ship.","Logogram (ship, boat, bark)",
HJ P002E,1403D,U+1403D,P2E,P2E,P-02-001,,,
HJ P002C,1403E,U+1403E,P2C,P2C,P-02-004,,,
HJ P002H,1403F,U+1403F,P2H,P2h,P-02-011,"A boat/ship, resembling a crescent moon, on top of a rectangle of water, with a sail, with a crossbar over the mast, with the mast supported by ropes on either side, with an oar/rudder at the back.",Logogram (to go south (sailing upstream)),C
HJ P002A,14040,U+14040,P2A,P2A,P-02-012,"A boat/ship, resembling a crescent moon, on top of a rectangle of water, with a sail, with an oar/rudder at the back.",Classifier sailing upstream/going south,C
HJ P002B,14041,U+14041,P2B,P2B,P-02-014,"A boat/ship, resembling a crescent moon, with a sail, with a crossbar over the mast.",Logogram (to go south (sailing upstream)),C
HJ P002I,14042,U+14042,P2I,P2I,P-02-017,"A boat/ship, a prow and stern curved inwards, ending with a flower-like shape, on top of a rectangle of water, with a sail on top of a rectangle, with an oar/rudder at the back.",Classifier sailing upstream/going south,C
HJ P036,14043,U+14043,P36,P36,P-03-002,"A boat/ship with a prow and stern resembling the handle of a sickle (U1), on top of a rectangle resembling water, with a façade of a shrine with a flat roof, with oblique sides, with a large doorway (O21B) inside the boat/ship, with an oar/rudder at the back.",Classifier boat/ship,C
HJ P036B,14044,U+14044,P36B,P36B,P-03-007,"A boat/ship with a prow and stern resembling the handle of a sickle (U1), on top of a rectangle resembling water, with a façade of a shrine with a flat roof, with oblique sides, with a large doorway (O21B) inside the boat/ship.","Logogram (ship, boat, bark)",C
HJ P037,14045,U+14045,P37,P37,P-03-008,"A boat/ship with a prow and stern resembling the handle of a sickle (U1), on top of a rectangle resembling water, with a shrine, seen from the side, with a downward sloping roof, with an uraeus at the front of the roof (O18A) inside the boat/ship.",Classifier bark/boat,C
P037A,14046,U+14046,,,P-03-009,"A boat/ship with a prow and stern resembling the handle of a sickle (U1), on top of a canal (N36), with a shrine, seen from the side, with a downward sloping roof, with an uraeus at the front of the roof (O18A) inside the boat/ship.",Logogram/classifier (bark/boat),C
HJ P036A,14047,U+14047,P36A,P36A,P-03-012,,,
HJ P039,14048,U+14048,P39,P39,P-03-014,"A boat/ship, resembling a crescent moon, with the head of a falcon, with the sun, encircled by a cobra (Naja haje), standing up, with expanded hood (uraeus) (N6) on top of the head, on top of the prow and stern, on top of a rectangle of water, with a shrine, seen from the side, with a downward sloping roof, with an uraeus at the front of the roof (O18A) inside the boat/ship, with an oar/rudder at the back.",Classifier boat/ship,C
HJ P040,14049,U+14049,P40,P40,P-03-015,"A boat/ship, resembling a crescent moon, with the head of a falcon, with the sun, encircled by a cobra (Naja haje), standing up, with expanded hood (uraeus) (N6) on top of the head, on top of the prow and stern, prow lower than the stern, on top of a rectangle of water, with a shrine, seen from the side, with a downward sloping roof, with an uraeus at the front of the roof (O18A) inside the boat/ship, with an animal (leonid?) standing, wearing headgear resembling two feathers on top of goat horns, on top of a standard used for carrying religious symbols (R12) in front of the shrine, with a god with the head of a falcon, standing in front of the rudders, controlling the rudders with a horizontal rope with an uraeus at the front.",Classifier boat/ship,C
HJ P042,1404A,U+1404A,P42,P42,P-03-016,,,
P042B,1404B,U+1404B,,,P-03-020,"A boat/ship, resembling a crescent moon, with the head of a woman, with a headdress of bovine horns with a sun disk (F102), on top of the prow and stern; on top of horizontal carrying poles, on top of a table, with a shrine within the boat/ship, with an oar/rudder at the back.",Classifier boat/ship,C
P042C,1404C,U+1404C,,,P-03-021,"A boat/ship, resembling a crescent moon, with the head of a woman, with a headdress of bovine horns with a sun disk (F102), on top of the prow and stern; on top of horizontal carrying poles, being carried by four men, standing, two in front, two in back, with a shrine within the boat/ship, with an oar/rudder at the back.",Classifier boat/ship,C
P042E,1404D,U+1404D,,,P-03-024,"A boat/ship, resembling a crescent moon, with the head of a woman, with a headdress of bovine horns with a sun disk (F102), on top of the prow and stern, on top of a rectangle resembling water, with a façade of a shrine with a flat roof, with oblique sides, with a large doorway (O21B) inside the boat/ship.","Logogram wiA(ship, boat, bark)",C
HJ P044,1404E,U+1404E,P44,P44,P-03-032,"A boat/ship with a prow and stern resembling the handle of a sickle (U1), on top of a rectangle resembling water, with a circle inside the boat/ship, with an oar/rudder at the back.","Logogram (ship, boat, bark)",C
HJ P044C,1404F,U+1404F,P44C,P44C,P-03-033,"A boat/ship with a prow and stern resembling the handle of a sickle (U1), on top of a rectangle resembling water, with a circle inside the boat/ship.",Logogram (Amon-Re),C
HJ P044D,14050,U+14050,P44D,P44D,P-03-035,"A boat/ship with a prow and stern curved inwards, ending with a flower-like shape, with a circle inside the boat/ship.",Phonemogram,C
P044F,14051,U+14051,,,P-03-038,"A boat/ship with a prow and stern resembling the handle of a sickle (U1), on top of ripple of water, written inside a canal (N36C), with a circle inside the boat/ship.",Logogram,C
P044G,14052,U+14052,,,P-03-039,"A boat/ship with a prow and stern resembling the handle of a sickle (U1), with a circle inside the boat/ship, with an oar/rudder at the back.",Classifier boat/ship,C
HJ P045,14053,U+14053,P45,P45,P-03-041,,,
HJ P046,14054,U+14054,P46,P46,P-03-042,"A boat/ship with a vertical prow and stern, on top of a rectangle representing water, with a shepherd's crook with a package lashed to it, with a tie above and below the package (T18) inside the boat/ship, with an oar/rudder at the back.",Classifier bark/boat,C
HJ P051,14055,U+14055,P51,P51,P-03-047,,,
HJ P098,14056,U+14056,P98,P98,P-03-048,"A boat/ship with a prow and stern resembling the handle of a sickle (U1), on top of a rectangle resembling water, with two falcons (G5), arranged horizontally, on top of a standard used for carrying religious symbols, with a loop under the horizontal beam, running over the vertical pole (R12A) inside the boat/ship.",Logogram (bark of the two divine falcons),C
P098A,14057,U+14057,,,P-03-050,"A boat/ship with a prow and stern resembling the handle of a sickle (U1), with a falcon (G5) inside the ship.",Classifier bark,C
P098B,14058,U+14058,,,P-03-051,"A boat/ship with a prow and stern resembling the handle of a sickle (U1), on top of a rectangle resembling water, with a falcon (G5) inside the ship, with a rudder at the back.",Classifier bark,C
HJ P053,14059,U+14059,P53,P53,P-03-052,"A bovid, lying down, written within a boat/ship with a prow and stern resembling the handle of a sickle (U1) (P106), with a star (N14) above the back of the bovid.",Logogram (Sothis),C
P108A,1405A,U+1405A,,,P-03-056,"Man, running, wearing the white crown (S1), looking backwards, right arm extended in front, forearm nearly horizontal, hand at the height of the waist, left arm raised at the back, forearm nearly vertical, hand palm inwards; with a star (N14) written above the right arm, at the height of the head; inside a boat/ship with a prow and stern resembling the handle of a sickle (U1) (P106), with an oar/rudder at the back.",Logogram (Orion (constellation)),C
HJ P110,1405B,U+1405B,P110,P110,P-03-058,,,
HJ P054,1405C,U+1405C,P54,P54,P-03-060,"God, standing, with the head of a falcon, with a sun disk (N5) on his head, facing towards the back, both arms raised in front, hands held vertically, hand palms outwards, in front of a goddess, standing, with a headdress of bovine horns with a sun disk (F102), right arm forward, hand at the height of the waist, holding a sceptre with a straight shaft, forked bottom and head of the Seth animal (S40) of the same size as the woman, left arm hanging beside the body, holding a tie or strap, used with sandals (ankh sign, S34), at the loop (C228); inside a boat/ship with a prow and stern resembling the handle of a sickle (U1), on top of a canal (N36).",Classifier bark,C
HJ P055,1405D,U+1405D,P55,P55,P-03-062,"A boat/ship, resembling a crescent moon, on top of a rectangle of water, with a sail, with a point at the bottom angling backwards, with a distinctive beam at the top, with rigging; with a god, standing behind the sail on a platform, with the head of a falcon, wearing the double crown, arms forward, holding the ropes of a net which is under the front of the boat in his lower hand, and with an harpoon with the head of a falcon in his upper hand, the point of the harpoon in the net; with a goddess, kneeling in front of the sail on a platform, with a seat on her head, both arms forwards, holding the ropes of a net.",,C
HJ P056,1405E,U+1405E,P56,P56,P-03-063,"A boat/ship, resembling a crescent moon, on top of a rectangle of water, with a feather (H6) inside the boat/ship, with an oar/rudder at the back.",Logogram (protection),C
HJ P056A,1405F,U+1405F,P56A,P56A,P-03-064,"A boat/ship, resembling a crescent moon, on top of a rectangle of water, with a mirrored feather (H6) inside the boat/ship, with an oar/rudder at the back.",Logogram (protection),C
HJ P057,14060,U+14060,P57,P57,P-03-065,,,
V047B,14061,U+14061,,,P-03-068,"A moon-sickle shaped boat with a higher prow than stern, with the head of an antelope (F81) on top of the prow.",Phonemogram,C
HJ V047A,14062,U+14062,V47A,V47A,P-03-070,"A moon-sickle shaped boat with a higher stern than prow, with the head of an antelope (F81) on top of the stern, on top of a rectangle representing water, with loop of cord with the ends upwards (V6) written inside the boat.","Logogram (cloth, clothing)",C
P058A,14063,U+14063,,,P-03-071,"A moon-sickle shaped boat with a higher stern than prow, with the head of an antelope (F81) on top of the stern, with a low cone shape inside the boat/ship.","Logogram (cloth, clothing)",C
HJ P058,14064,U+14064,P58,P58,P-03-073,,,
HJ P059B,14065,U+14065,P59B,P59B,P-03-076,"A moon-sickle shaped boat with a higher prow than stern, with the head of an antelope (F81) on top of the prow, on top of a rectangle representing water, with a falcon (G5) standing on top of a façade of a shrine with a flat roof, with oblique sides, with a large doorway (O21B), inside the boat/ship, with an oar/rudder at the back.",Logogram ḥnw (Henu-bark of Sokar) or phonemogram skr,C
HJ P059A,14066,U+14066,P59A,P59A,P-03-077,"A moon-sickle shaped boat with a higher prow than stern, with the head of an antelope (F81) on top of the prow, on top of a rectangle with a broad base, with a falcon (G5) standing on top of a low cone shape, written inside the boat/ship.",Logogram (Henu-bark of Sokar),C
P059D,14067,U+14067,,,P-03-078,"A moon-sickle shaped boat with a higher prow than stern, with the head of an antelope (F81) on top of the prow, on top of a rectangle representing water, with a falcon (G5) standing on top of a tall cone shape, inside the boat/ship, with an oar/rudder at the back.",Logogram (Henu-bark of Sokar),C
HJ P115,14068,U+14068,P115,P115,P-03-083,"A moon-sickle shaped boat with a higher prow than stern, with the head of an antelope (F081) on top of the prow, on top of a sledge with two vertical internal strokes, with a falcon (G005) standing on top of a rectangular shrine, inside the boat/ship, with an oar/rudder at the back.",Classifier bark of Sokar,C
HJ P060A,14069,U+14069,P60A,P60A,P-03-085,"A moon-sickle shaped boat with a higher prow than stern, with the head of an antelope (F081) on top of the prow, on top of a sledge with two vertical internal strokes, with a falcon (G005) standing on top of a low cone shape, inside the boat/ship, with an oar/rudder at the back.",Classifier bark of Sokar,C
HJ P060B,1406A,U+1406A,P60B,P60B,P-03-086,"A moon-sickle shaped boat with a higher prow than stern, with a rudder, with the head of an antelope (F081) on top of the prow, facing inwards, with a downward line with multiple horizontal lines written over it coming from the head, on top of a sledge.",Classifier bark of Sokar,C
P063,1406B,U+1406B,P63,,P-03-089,"A moon-sickle shaped boat with a higher stern than prow, with the head of an antelope (F081) on top of the stern, on top of a rectangle representing water, with a tall shrine with a round roof, with two vertical lines enclosing the top, on a base, without internal decoration (O020D), written inside the boat/ship, with an oar/rudder at the front.",Logogram (Henu-bark of Sokar),C
HJ P068,1406C,U+1406C,P68,P68,P-03-092,"A moon-sickle shaped boat with a higher stern than prow, with the head of an antelope (F081) on top of the stern, on top of a sledge with two vertical internal strokes, with a tall shrine with a round roof, with two vertical lines enclosing the top, on a base, without internal decoration (O020D), written inside the boat/ship, with an oar/rudder at the front.",Classifier bark of Sokar,C
P066C,1406D,U+1406D,,,P-03-097,"A boat/ship, resembling a crescent moon, on top of a rectangle representing water, with a falcon with spread wings, on top of a low cone shape inside the boat/ship, embracing the cone with its wings, with an oar/rudder at the back.",Logogram (Henu-bark of Sokar),C
HJ P066A,1406E,U+1406E,P66A,P66A,P-03-100,"A moon-sickle shaped boat with a higher prow than stern, with the head of an antelope (F81) on top of the prow, on top of a rectangle representing water, with a falcon (G5) standing on top of a low cone shape inside the boat/ship, with an oar/rudder at the back.",Logogram (Henu-bark of Sokar),C
HJ P066,1406F,U+1406F,P66,P66,P-03-101,"A moon-sickle shaped boat with a higher stern than prow, with the head of an antelope (F81) on top of the stern, on top of a rectangle representing water, with a falcon (G5) standing on top of a low cone shape inside the boat/ship, with an oar/rudder at the front.",Logogram (Henu-bark of Sokar),C
HJ P116,14070,U+14070,P116,P116,P-03-103,"A moon-sickle shaped boat with a higher prow than stern, with a rudder, with the head of an antelope (F081) on top of the prow, facing inwards, with a downward line with multiple horizontal lines written over it coming from the head, on top of a sledge, with a falcon (G005), standing on top of a rectangular shrine, with vertical lines as internal detail, written inside the boat/ship.",Logogram (Sokar),C
P069A,14071,U+14071,,,P-03-107,"A moon-sickle shaped boat with a higher stern than prow, with the head of an antelope (F081) on top of the stern, on top of a block shaped shrine or table, with a falcon (G005) standing on top of a low cone shape inside the boat/ship, with an oar/rudder at the front.",Logogram (Sokar),C
HJ P061B,14072,U+14072,P61B,P61B,P-03-111,,,
HJ P066B,14073,U+14073,P66B,P66B,P-03-112,"A moon-sickle shaped boat with a higher prow than stern, with the head of an antelope (F081) on top of the prow, on top of a rectangle representing water, with a falcon with spread wings, on top of a low cone shape inside the boat/ship, embracing the cone with its wings, with an oar/rudder at the back.",Logogram (Henu-bark of Sokar),C
HJ P097A,14074,U+14074,P97A,P97A,P-03-113,"A moon-sickle shaped boat with a higher prow than stern, with the head of an antelope (F081) on top of the prow, on top of a sledge represented by four vertical lines between two horizontal lines, with a falcon with spread wings, on top of a low cone shape inside the boat/ship, embracing the cone with its wings, with an oar/rudder at the back.",Logogram (Henu-bark of Sokar),C
HJ P097C,14075,U+14075,P97C,P97C,P-03-114,"A moon-sickle shaped boat with a higher prow than stern, with the head of an antelope (F081) on top of the prow, with a downward line with multiple horizontal lines written over it coming from the head, on top of a sledge represented by four vertical lines between two horizontal lines, with a falcon with spread wings, on top of a low cone shape inside the boat/ship, embracing the cone with its wings, with an oar/rudder at the back.",Logogram (Sokar),C
P004F,14076,U+14076,,,P-04-001,"A fisherman's boat, with a net inside the boat, with internal detail.",Phonemogram,C
HJ P004B,14077,U+14077,P4B,P4B,P-04-002,"A fisherman's boat, with a net inside the boat, without internal detail.",Phonemogram,C
HJ P004C,14078,U+14078,P4C,P4C,P-04-004,"A fisherman's boat, on top of a rectangle representing water, with a net inside the boat, with internal detail.","Logogram (to loosen, to explain)",C
P004G,14079,U+14079,,,P-04-007,"A boat/ship, on top of a rectangle representing water, with a horizontal rectangle inside the ship, with an oar/rudder at the back.",Classifier boat/ship,C
HJ P074,1407A,U+1407A,P74,P74,P-05-002,"A boat/ship, on top of a rectangle representing water, with a flat shape between prow and stern  with vertical lines as internal decoration, with three vertical poles on top of the rectangle, with a line running from the top of the middle pole to the front and stern, forming a triangular shape, with two oar/rudders at the back.",Classifier boat/ship,C
HJ P005Q,1407B,U+1407B,P5Q,P5Q,P-06-002,,,
HJ P005S,1407C,U+1407C,P5S,P5S,P-06-003,"A rectangular sail, with the mast over the sail, with two loops of rope coming from the lower beam of the sail, looping over the mast.","Logogram (wind, breath, air)",C
HJ P005B,1407D,U+1407D,P5B,P5B,P-06-006,"A sail with a shorter top than bottom, with the mast behind the sail, with a line of rigging running from the tip of both bottom corners of the sail to the mast.","Classifier wind, breath, air",C
HJ P005F,1407E,U+1407E,P5F,P5F,P-06-015,"A sail resembling a half circle, with the mast over the sail, with multiple lines of rigging coming from the top beam of the sail to the mast.","Logogram (wind, breath, air)",C
HJ P005O,1407F,U+1407F,P5O,P5O,P-06-017,,,
HJ P005A,14080,U+14080,P5A,P5A,P-06-018,"A rectangular sail with the mast behind the sail, with multiple lines of rigging coming from the bottom beam of the sail, running to the mast.","Classifier wind, breath, air",C
P005AB,14081,U+14081,,,P-06-020,"A rectangular sail, with the mast in front of the sail, with a cross on the sail at either side of the mast.","Logogram (wind, breath, air)",C
HJ P005M,14082,U+14082,P5M,P5M,P-06-026,"A rectangular sail with the mast behind the sail, with one line of rigging coming from the bottom corners of the sail, running to the mast.","Classifier wind, breath, air",C
HJ P005D,14083,U+14083,P5D,P5D,P-06-030,,,
HJ P005I,14084,U+14084,P5I,P5I,P-06-033,"A sail, with a corner at the bottom, angling backwards, with a distinct beam at the top, with a mast in front of the sail.","Classifier wind, breath, air",C
HJ P005J,14085,U+14085,P5J,P5J,P-06-034,"A sail, with a corner at the bottom, angling backwards, with a mast in front of the sail.","Classifier wind, breath, air",C
HJ P005H,14086,U+14086,P5H,P5h,P-06-035,"A rectangular sail, with the mast over the sail, with a crossbeam over the sail, with rigging coming from the top of the sail to the mast.","Logogram (wind, breath, air)",C
HJ P005K,14087,U+14087,P5K,P5K,P-06-041,,,
P005Y,14088,U+14088,,,P-06-045,"A sail, with a corner at the bottom, angling backwards, with a distinct beam at the top, with a mast in front of the sail, with a crossbeam over the mast, with rigging coming from the top of the sail to the mast.","Logogram (wind, breath, air)",C
HJ P005L,14089,U+14089,P5L,P5L,P-06-046,"A sail, with a corner at the bottom, angling forwards, with a distinct beam at the top, with a mast in front of the sail, with a crossbeam over the mast.","Classifier wind, breath, air",C
HJ P005G,1408A,U+1408A,P5G,P5G,P-06-047,"A rectangular sail, with the mast in front of the sail.","Logogram (wind, breath, air)",C
HJ P118,1408B,U+1408B,P118,P118,P-07-001,"A mast of a ship, with two prongs, with white filling between the prongs.",Phonemogram,C
P006C,1408C,U+1408C,,,P-07-002,"A mast of a ship, with two prongs, resembling a sceptre (S42).",Phonemogram,C
HJ P076A,1408D,U+1408D,P76A,P76A,P-07-012,"A mast of a ship, with two prongs.",Phonemogram,C
HJ P006A,1408E,U+1408E,P6A,P6A,P-07-013,,,
HJ AA023A,1408F,U+1408F,Aa23A,Aa23A,P-07-015,,,
HJ P083,14090,U+14090,P83,P83,P-07-028,"A cobra (Naja haje), standing up, with expanded hood (uraeus) (I64), written over a mast of a ship with two prongs, connected by vertical lines (P6).",Logogram (snake divinity),C
P008A,14091,U+14091,P8A,,P-08-006,,,
HJ P010B,14092,U+14092,P10B,P10B,P-09-002,,,
HJ P086,14093,U+14093,P86,P86,P-09-005,A stylistic representation of an arm holding an oar.,Phonemogram,C
HJ P090,14094,U+14094,P90,P90,P-10-010,"An upward bent line, with the ends broadening.",Classifier (ferries/bridges),C
HJ AA005A,14095,U+14095,Aa5A,Aa5A,P-11-003,"A part of the steering gear of ships, with the lines horizontal and vertical.",Phonemogram,C
HJ AA005C,14096,U+14096,Aa5C,Aa5C,P-11-005,,,
HJ AA005B,14097,U+14097,Aa5B,Aa5B,P-11-007,"A part of the steering gear of ships, consisting of one beam.",Phonemogram,C
HJ P093,14098,U+14098,P93,P93,P-13-001,,,
Q001C,14099,U+14099,,,Q-01-002,A seat on top of a base.,Phonemogram,C
HJ Q001B,1409A,U+1409A,Q1B,Q1B,Q-01-005,"A seat, with a rectangle in the bottom corner.",Phonemogram,C
Q001D,1409B,U+1409B,,,Q-01-006,"A seat, with a rectangle in the bottom corner, on top of a base, with an upwards tick on top of the seat.",Phonemogram,C
HJ Q012A,1409C,U+1409C,Q12A,Q12A,Q-01-011,A block-throne on a base.,Classifier throne,C
HJ Q012B,1409D,U+1409D,Q12B,Q12B,Q-01-012,,,
HJ Q012,1409E,U+1409E,Q12,Q12,Q-01-013,"A block-throne with a rectangle in the far bottom corner, on top of a base.","Classifier seat, chair, throne",C
Q002E,1409F,U+1409F,,,Q-01-016,"A seat with legs, resembling the legs of a cow.",Classifier seat/chair,C
HJ Q013,140A0,U+140A0,Q13,Q13,Q-01-017,A carrying chair with the seat in a bowl-like structure.,Classifier carrying chair,C
HJ Q002C,140A1,U+140A1,Q2C,Q2C,Q-01-019,"A carrying chair with a broad base, and open internal section.","Logogram (seat, throne, place)",C
HJ Q002A,140A2,U+140A2,Q2A,Q2A,Q-01-021,,,
Q003A,140A3,U+140A3,,,Q-01-026,"A stool made of reed matting, with internal detail.",Phonemogram,C
HJ Q002B,140A4,U+140A4,Q2B,Q2B,Q-01-029,"A carrying chair consisting of a rectangular mat, with horizontal poles.",Classifier (sedan chair),C
HJ Q016,140A5,U+140A5,Q16,Q16,Q-01-030,A seat with a backwards angled backrest.,Classifier (seat with backrest?),C
HJ Q004A,140A6,U+140A6,Q4A,Q4A,Q-02-002,A headrest on a block.,Classifier headrest,C
HJ Q042,140A7,U+140A7,Q42,Q42,Q-02-004,,,
HJ Q018,140A8,U+140A8,Q18,Q18,Q-03-001,"A bed with leonid legs, inclined backwards.",Classifier to rest,C
HJ Q023,140A9,U+140A9,Q23,Q23,Q-03-002,"An inclined bed, with a single leonid leg.",Classifier inclined bed,C
HJ Q018A,140AA,U+140AA,Q18A,Q18A,Q-03-003,"A carrying chair, seen from the top, with the legs as seen from the side.",Classifier seat/chair,C
HJ Q019,140AB,U+140AB,Q19,Q19,Q-03-005,"A bed, with a leonid head, legs and tail.",Classifier bed,C
HJ Q020,140AC,U+140AC,Q20,Q20,Q-03-006,"A bed, with a leonid head, legs and tail, with a triangular shape on the bed.",Classifier to sleep/to spend the night,C
HJ Q022,140AD,U+140AD,Q22,Q22,Q-03-010,"A bed with a leonid head and leg on either side, oriented outwards.",Classifier bed,C
HJ Q043,140AE,U+140AE,Q43,Q43,Q-03-012,,,
Q051,140AF,U+140AF,,,Q-03-013,"A bed, with a leonid head, legs and tail, on top of a base, with a block-throne on the bed.",Logogram (throne dais),C
HJ Q024,140B0,U+140B0,Q24,Q24,Q-04-001,A mirror.,Logogram (mirror),C
Q025A,140B1,U+140B1,,,Q-04-005,A mirror with a handle with curves downwards at the top.,Classifier mirror,C
HJ Q027,140B2,U+140B2,Q27,Q27,Q-05-001,"A chest with a downward sloping lid, with legs.",Classifier box,C
Q028B,140B3,U+140B3,,,Q-05-004,"A wide cup (W10), with two maces with a pear-shaped head (T3), and a stick/staff with a cone on top with a crossbar below the cone.","Logogram (requirements, needs)",C
Q028C,140B4,U+140B4,,,Q-05-006,"A wide cup (W10), with two maces with a pear-shaped head (T3), surrounding a sceptre (S42) in the middle.","Logogram (requirements, needs)",C
HJ Q028A,140B5,U+140B5,Q28A,Q28A,Q-05-007,"A wide cup (W10), with three feathers (H6) inside it, angling forwards.","Logogram (requirements, needs)",C
HJ Q029,140B6,U+140B6,Q29,Q29,Q-05-009,"A box or chest, on top of a sledge, with a lid that encloses the chest, with feathers (H6) on top, two angled forwards, two angled backwards.",Classifier box/chest,C
HJ Q031,140B7,U+140B7,Q31,Q31,Q-05-016,"A box, resembling a façade of a shrine with a flat roof, with oblique sides, with a large doorway (O21B), with four feathers on top of the lid, two angling forwards, two angling backwards.",Logogram (box/chest),C
HJ Q037,140B8,U+140B8,Q37,Q37,Q-05-019,"An offering table or altar, with a rounded top.",Classifier offering table,C
HJ Q014,140B9,U+140B9,Q14,Q14,Q-05-020,A portable shrine.,Classifier shrine/chapel,C
HJ Q033,140BA,U+140BA,Q33,Q33,Q-05-023,"A portable chest, sealed with a tie.",Classifier to raise,C
HJ Q006I,140BB,U+140BB,Q6I,Q6I,Q-05-028,"A rectangular coffin with a rounded lid, and upstanding sides, with legs at the sides and in the middle.",Classifier to bury,C
Q006K,140BC,U+140BC,,,Q-05-030,"A rectangular coffin with a rounded lid, and upstanding sides, with three legs in the middle, with the rectangular section divided into four blocks.",Classifier burial,C
HJ Q006D,140BD,U+140BD,Q6D,Q6D,Q-05-035,"A rectangular coffin with a rounded lid, and upstanding sides, with legs at the side, with the rectangular chest divided by a vertical line.",Classifier box,C
HJ Q035,140BE,U+140BE,Q35,Q35,Q-05-036,"A rectangular coffin with a rounded lid, and upstanding sides, with legs at the side, with the top piece of a sistrum in the form of a shrine encased by two curls on top of the lid.",,
HJ Q047,140BF,U+140BF,Q47,Q47,Q-05-037,"A box or shrine, with a rounded lid and upstanding edges, with the head of a bubalis antelope on top of the lid.",Logogram (Crocodilopolis),C
HJ Q006G,140C0,U+140C0,Q6G,Q6G,Q-05-038,,,
HJ Q006A,140C1,U+140C1,Q6A,Q6A,Q-05-039,"A rectangular coffin with a rounded lid, and upstanding sides, without legs.",Classifier burial,C
HJ O159,140C2,U+140C2,O159,O159,Q-05-040,"A rectangular coffin with a rounded lid, and upstanding sides, on a broad base.",Classifier coffin,C
HJ Q006B,140C3,U+140C3,Q6B,Q6B,Q-05-046,"A rectangular coffin with a rounded lid with a triangular shape on top, and upstanding sides, with legs at the side.",Classifier burial,C
HJ Q006C,140C4,U+140C4,Q6C,Q6C,Q-05-049,"A rectangular chest with a round lid and upstanding sides, with legs at the side, with a band around the chest, with the loop and tie at the far side.",Logogram (to bind),C
HJ Q006E,140C5,U+140C5,Q6E,Q6E,Q-05-052,"A rectangular chest with legs at the side and the middle, with four rectangles arranged as a square on top of it.",Classifier burial,C
HJ Q007A,140C6,U+140C6,Q7A,Q7A,Q-06-001," A brazier resembling a wide cup (W10), with a flame rising from it, flame angling towards the front.","Logogram (temperature, temperament)",C
HJ Q007G,140C7,U+140C7,Q7G,Q7G,Q-06-002," A brazier with a flame rising from it, flame angling towards the front, represented as dots.",Logogram (fire),C
Q007I,140C8,U+140C8,,,Q-06-006," A brazier with a flame rising from it, flame curving forwards.",Classifier fire associated action,C
HJ Q007B,140C9,U+140C9,Q7B,Q7B,Q-06-009,,,
HJ Q007E,140CA,U+140CA,Q7E,Q7E,Q-06-013,A brazier.,Classifier brazier,C
HJ Q007F,140CB,U+140CB,Q7F,Q7F,Q-07-001,"A low, broad brazier.",Classifier (burning festival),C
Q036B,140CC,U+140CC,,,Q-07-004,"A brick-lined fireplace, on a base.",Classifier hearthstones,C
HJ Q036A,140CD,U+140CD,Q36A,Q36A,Q-07-005,A brick-lined fireplace.,Classifier hearthstones,C
Q050,140CE,U+140CE,,,Q-07-008,"A ladder, with the uprights connecting at the bottom.",Classifier ladder,C
HJ R001E,140CF,U+140CF,R1E,R1E,R-01-001,An one-legged table.,Classifier altar,C
HJ R001H,140D0,U+140D0,R1H,R1h,R-01-010,"Four circular items, arranged horizontally, on a one-legged table with a bowl-shaped surface.",Logogram (altar),C
HJ R001C,140D1,U+140D1,R1C,R1C,R-01-012,,,
HJ R001D,140D2,U+140D2,R1D,R1D,R-01-013,,,
HJ R121,140D3,U+140D3,R121,R121,R-01-022,,,
HJ R030,140D4,U+140D4,R30,R30,R-02-002,,,
HJ R003R,140D5,U+140D5,R3R,R3R,R-02-029,,,
HJ R033,140D6,U+140D6,R33,R33,R-02-032,"Three round vessels with an upstanding rim (W24), arranged horizontally, on top of a table resembling a gateway, with the bottom fully closed (O32B).","Classifier supplies, provisions",C
HJ R003C,140D7,U+140D7,R3C,R3C,R-02-033,,,
HJ R003N,140D8,U+140D8,R3N,R3N,R-02-035,"Four circular items, arranged horizontally, on a block table, with a cone at the far side, with a cross inside the block.",Classifier table,C
HJ R003E,140D9,U+140D9,R3E,R3E,R-02-036,,,
HJ R003O,140DA,U+140DA,R3O,R3O,R-02-037,"Three circular items, arranged horizontally, on a block shaped table on a base, with a cone at the far side, with internal decoration of sequentially smaller rectangles.",Classifier table,C
HJ R003M,140DB,U+140DB,R3M,R3M,R-02-042,"A table with an inwards incline of the front legs and vertical legs at the back, with a horizontal beam connecting the legs, with a vertical beam connecting the surface and horizontal beam, with a cone at the far side.",Classifier table,C
HJ R003D,140DC,U+140DC,R3D,R3D,R-02-043,"Four circular items, arranged horizontally, on top of a table with an inwards incline of the front legs and vertical legs at the back, with a horizontal beam connecting the legs, with a vertical beam connecting the surface and horizontal beam, with a cone at the far side (R3M).",Classifier table,C
R003AJ,140DD,U+140DD,,,R-02-050,"Three circular items, arranged horizontally, on top of a table with an inwards incline of the legs, with a horizontal beam connecting the legs, with a vertical beam connecting the surface and horizontal beam, with a cone at the far side.",Classifier table,C
R003AF,140DE,U+140DE,,,R-02-052,"A round loaf of bread (X6), a conical loaf of bread (X8) and a round loaf of bread (X6), arranged horizontally, on top of a table with an inwards incline of the legs, with a horizontal beam connecting the legs, with a vertical beam connecting the surface and horizontal beam, with a cone at the far side.",Classifier table,C
HJ R003AB,140DF,U+140DF,R3AB,R3AB,R-02-053,,,
HJ R003F,140E0,U+140E0,R3F,R3F,R-02-057,,,
R003AM,140E1,U+140E1,,,R-02-060,"A cluster of offerings, consisting of a conical loaf (X8), two oval loafs (X4), a round loaf (X6), a piece of flesh (F51), a wide cup (W10) and two circular items, arranged on top of a table with an inwards incline of the legs, with a horizontal beam connecting the legs, with a vertical beam connecting the surface and horizontal beam, with a cone at the far side.",Classifier altar,C
R003AP,140E2,U+140E2,,,R-02-062,"Five circular items, arranged horizontally, on top of a table with an inwards incline of the legs, with a horizontal beam connecting the legs, with multiple vertical beams connecting the surface and horizontal beam, with a cone at the far side.",Classifier offering table,C
HJ R003W,140E3,U+140E3,R3W,R3W,R-02-064,"Two circular items, on a table with the back leg extending beyond the surface, with a horizontal beam connecting the legs, with beams running from corner to corner, forming a cross.","Classifier altar, offering table",C
HJ R003AC,140E4,U+140E4,R3AC,R3AC,R-02-066,"Three cones, on top of a table with the legs extending beyond the surface, with a horizontal beam connecting the legs, with vertical beams between the surface and horizontal beam.",Logogram (altar of offerings),C
HJ R035,140E5,U+140E5,R35,R35,R-02-073,"Five tall water jars, on top of a table or stand with the surface at two levels, highest at the back, with legs, three on the lower level, two at the higher level.","Logogram (jar-stand, sideboard)",C
R003AO,140E6,U+140E6,,,R-02-075,"A cluster of offerings, consisting of a horizontal oval loaf of bread on top of two round loafs of bread, between two vertical oval loafs of bread, with a conical loaf of bread behind the vertical oval loaf, with a head of lettuce on top of the horizontal loaf; on top of a table with an inwards incline of the legs, with a horizontal beam directly under the surface, with a cone at the back.",Logogram (offerings),C
HJ R036,140E7,U+140E7,R36,R36,R-03-001,A one-legged altar or table with a bowl-shaped surface.,Classifier altar,C
HJ R040,140E8,U+140E8,R40,R40,R-03-003,,,
HJ R040A,140E9,U+140E9,R40A,R40A,R-03-004,,,
HJ R036C,140EA,U+140EA,R36C,R36C,R-03-005,"A one-legged altar or table with a bowl-shaped surface, with three lines of smoke coming from the surface.",classifier altar,C
HJ R036A,140EB,U+140EB,R36A,R36A,R-03-006,,,
HJ R037,140EC,U+140EC,R37,R37,R-03-007,A one-legged offering table with surface resembling a sand covered mountain over the edge of the cultivated areas (N26).,Logogram (altar),C
HJ R036B,140ED,U+140ED,R36B,R36B,R-03-008,"A one-legged offering table with surface resembling a sand covered mountain over the edge of the cultivated areas (N26), with smoke/flame coming from the surface.",Logogram (altar),C
R036D,140EE,U+140EE,,,R-03-009,"A one-legged offering table with surface resembling a sand covered mountain over the edge of the cultivated areas (N26), with smoke/flame coming from the surface, with a pellet of incense at either side of the flame.",Classifier altar,C
HJ R001I,140EF,U+140EF,R1I,R1I,R-03-011,"A one-legged offering table with surface resembling a sand covered mountain over the edge of the cultivated areas (N26), with a flame in the middle, with a pellet of incense at either side of the flame, with an oval shape, angling inwards at the tips of the table surface.",Logogram (altar),C
R036E,140F0,U+140F0,,,R-03-012,"A one-legged offering table with surface resembling a sand covered mountain over the edge of the cultivated areas (N26), with a flame in the middle, with a pellet of incense at either side of the flame.",Classifier altar,C
HJ R038A,140F1,U+140F1,R38A,R38A,R-03-013,"An one-legged offering table, with upstanding rims, resembling a bowl, with multiple pellets of incense inside the bowl.",Logogram (altar),C
HJ R012O,140F2,U+140F2,R12O,R12O,R-04-006,,,
R006B,140F3,U+140F3,,,R-05-002,"A diamond shaped censer for fumigation, written horizontally, with a forward, downward line at the front. ",Classifier fumigation/censing,C
R006A,140F4,U+140F4,,,R-05-005,"A censer for fumigation, written vertically, with a trapezoidal shape at the top and the bottom.",Classifier incense fire,C
HJ R042A,140F5,U+140F5,R42A,R42A,R-05-006,,,
HJ R042,140F6,U+140F6,R42,R42,R-05-011,"A censer for fumigation, resembling the forearm and hand of a man, holding a bowl for incense with smoke rising from the bowl (R7), with the head of a falcon, with a sun disk (N5) on top of its head, at the back.",Phonemogram/logogram (to satisfy),C
HJ R042B,140F7,U+140F7,R42B,R42B,R-05-013,,,
HJ R042C,140F8,U+140F8,R42C,R42C,R-05-014,,,
HJ R007C,140F9,U+140F9,R7C,R7C,R-06-003,"A bowl for incense, with two pellets of incense, with smoke rising from the bowl.",Logogram (incense),C
HJ R007A,140FA,U+140FA,R7A,R7A,R-06-005,,,
HJ R007B,140FB,U+140FB,R7B,R7B,R-06-007,,,
HJ R008A,140FC,U+140FC,R8A,R8A,R-07-003,"Three times a cloth wound on a pole, an emblem of divinity (R8), arranged horizontally.",Logogram (gods),C
R105A,140FD,U+140FD,,,R-07-004,"Three times a cloth wound on a pole, an emblem of divinity (R8), arranged horizontally, on top of a wickerwork basket.",Logogram (all the gods),C
R008B,140FE,U+140FE,,,R-07-005,"Nine times a cloth wound on a pole, an emblem of divinity (R8), arranged horizontally.",Logogram (Ennead),C
HJ R045,140FF,U+140FF,R45,R45,R-07-009,"A cobra (Naja haje), standing up, with expanded hood (uraeus) (I64), connected at the base of a cloth wound on a pole, an emblem of divinity (R8).",Logogram (god and goddess),C
HJ R046,14100,U+14100,R46,R46,R-07-010,"Three times a cobra (Naja haje), standing up, with expanded hood (uraeus) (I64), connected at the base of a cloth wound on a pole, an emblem of divinity (R8), on top of a standard used for the carrying of religious symbols with the vertical stick at the far side (R92A).",Logogram (gods and goddesses),C
HJ R107,14101,U+14101,R107,R107,R-07-011,"A cobra (Naja haje), standing up, with expanded hood (uraeus) (I64), connected at the base of a cloth wound on a pole, an emblem of divinity (R8), in front of three vertical strokes in a triangular orientation with one stroke a the top (Z2A); on top of a standard used for the carrying of religious symbols with the vertical stick at the far side (R92A).",Logogram (gods and goddesses),C
HJ R107A,14102,U+14102,R107A,R107A,R-07-012,"A cobra (Naja haje), standing up, with expanded hood (uraeus) (I64), connected at the base of a cloth wound on a pole, an emblem of divinity (R8), on top of a standard used for the carrying of religious symbols with the vertical stick at the far side (R92A).",Logogram (god and goddess),C
HJ R047,14103,U+14103,R47,R47,R-07-016,,,
R009A,14104,U+14104,,,R-07-018,"A cloth wound on a pole, an emblem of divinity (R8), on top of a circle.",Logogram (natron),C
HJ R049,14105,U+14105,R49,R49,R-07-028,"A cloth wound on a pole, an emblem of divinity (R8), written over a butcher's block with a rounded bottom, and a broad horizontal line on top, with the pole at the bottom of the block.",Logogram (necropolis),C
HJ R050,14106,U+14106,R50,R50,R-07-031,"A cloth wound on a pole, an emblem of divinity (R8), written over a butcher's block with a broad base, with the pole at the bottom of the block.",Logogram (necropolis),C
R010I,14107,U+14107,,,R-07-032,"A cloth wound on a pole, an emblem of divinity (R8), written on top of a butcher's block (T28).",Logogram (necropolis),C
HJ R010H,14108,U+14108,R10H,R10h,R-07-039,,,
HJ R010D,14109,U+14109,R10D,R10D,R-07-040,"A cloth wound on a pole, an emblem of divinity (R8), written over top of a butcher's block, with the pole at the bottom of the block, at the back of a base, with a feather (H6), angled forwards on the tip of the base.",Logogram (necropolis),C
HJ R010G,1410A,U+1410A,R10G,R10G,R-07-044,"A cloth wound on a pole, an emblem of divinity (R8), written over top of a butcher's block, with the pole at the bottom of the block, on top of a base, with a feather (H6), angled forwards on the tip of the base and a sandy hill slope (N29) behind the butcher's block.",Logogram (necropolis),C
R010J,1410B,U+1410B,,,R-07-046,"A cloth wound on a pole, an emblem of divinity (R8), written between a sandy hill slope (N29) and a butcher's block.",Logogram (necropolis),C
R010K,1410C,U+1410C,,,R-07-047,"A cloth wound on a pole, an emblem of divinity (R8), written between a butcher's block and a sandy hill slope (N29), with a feather (H6), angled forwards at the front tip of the butcher's block.",Logogram (necropolis),C
R010L,1410D,U+1410D,,,R-07-048,"A cloth wound on a pole, an emblem of divinity (R8), written between a butcher's block and a sandy hill slope (N29), with a feather (H6) on the butcher's block and hill.",Logogram (necropolis),C
R010M,1410E,U+1410E,,,R-07-049,"A cloth wound on a pole, an emblem of divinity (R8), connected at the back of the hill country over the edge of the cultivated areas (N25), with a feather (H6) on the first hill, and a butcher's block on the second hill.",Logogram (necropolis),C
R010N,1410F,U+1410F,R10A,R10A,R-07-050,,,
R010E,14110,U+14110,,,R-07-055,"A feather (H6), angled forwards on top of a butcher's block, on the front of a base, with a cloth wound on a pole, an emblem of divinity (R8) at the back of the base, with a half round loaf of bread (X1), above the hill country over the edge of the cultivated areas (N25), written between the butcher's block and the emblem of divinity.",Logogram (necropolis),C
HJ R108,14111,U+14111,R108,R108,R-07-057,"Two times a cloth wound on a pole, an emblem of divinity (R8), arranged horizontally, on top of a standard used for carrying religious symbols, with a loop under the horizontal beam, running over the vertical pole (R12A).",Logogram (18th nome of Upper Egypt),C
HJ R055,14112,U+14112,R55,R55,R-08-003,"Two arms, raised upwards, with the forearms and hands vertical, hand palms inwards (D28), written over a column imitating a bundle of stalks tied together (R11), supporting a ripple of water (N35), written within an oval (N102).",Phonemogram,C
HJ R122,14113,U+14113,R122,R122,R-08-004,A column imitating a bundle of stalks tied together with a sun disk (N5) on top of it.,Phonemogram,C
R140,14114,U+14114,,,R-08-006,"A headdress consisting of a sun disk with two feathers on top of the horns of a ram (S73), on top of a column imitating a bundle of stalks tied together (R11).",Phonemogram,C
HJ R056,14115,U+14115,R56,R56,R-09-001,"A standard used for carrying religious symbols, with a short vertical pole, with a loop under the horizontal beam, running over the vertical pole.",Classifier standard,C
HJ R091,14116,U+14116,R91,R91,R-09-005,"A pole, held upright through ropes.",Classifier pole,C
HJ R012A,14117,U+14117,R12A,R12A,R-09-014,"A standard used for carrying religious symbols, with a loop under the horizontal beam, running over the vertical pole.",Logogram (standard),C
HJ R092A,14118,U+14118,R92A,R92A,R-09-016,A standard used for the carrying of religious symbols with the vertical stick at the far side.,Classifier standard,C
HJ R123,14119,U+14119,R123,R123,R-09-017,A mirror resembling circle on top of standard used for the carrying of religious symbols with the vertical stick at the far side (R92A).,Classifier mirror,C
HJ R092,1411A,U+1411A,R92,R92,R-09-021,,,
HJ R059,1411B,U+1411B,R59,R59,R-09-031,"An unknown object, resembling a piece of cloth with two bands at the back, on top of a standard used for carrying religious symbols (R12).",Logogram (Duau (divinity)),C
HJ R058,1411C,U+1411C,R58,R58,R-09-032,"A half round loaf of bread (X1), above an egg (H8), in front of a star (N14), written on top of a standard in the shape of a crescent moon, with a loop under the horizontal beam, running over the vertical pole.",Logogram spd.t (Sothis) or ẖn.ty ꞽꜣb.t (foremost of the east),C
HJ R060,1411D,U+1411D,R60,R60,R-09-037,"An unknown object, on top of a standard used for carrying religious symbols (R12).",Logogram (Duau (divinity)),C
HJ R061,1411E,U+1411E,R61,R61,R-09-039,"A cobra in repose (Naja haje) (I10), upon a pole, with a feather (H6) vertically on its back, in line with the standard, on top of a base with a cone at the far side.","Logogram (border, boundry)",C
HJ R014A,1411F,U+1411F,R14A,R14A,R-11-001,"A feather (H6), angled forwards on top of a standard with a round top.",Logogram (west),C
HJ R063,14120,U+14120,R63,R63,R-11-003,"A feather (H6), angled forwards on top of a standard with a round top, on top of a sand covered mountain over the edge of the cultivated areas (N26).",Logogram (west),C
HJ R014B,14121,U+14121,R14B,R14B,R-11-007,"A feather (H6), angled forwards on top of a standard with a round top, with outwards angled lines coming from the tip of the pole.","Logogram (right, right side)",C
HJ R063A,14122,U+14122,R63A,R63A,R-11-013,"A feather (H6), written on top of a standard with a rounded top, with a loop over the standard, on top of a sand covered mountain over the edge of the cultivated areas (N26).",Logogram (west),C
HJ R065A,14123,U+14123,R65A,R65A,R-11-014,,,
R065B,14124,U+14124,,,R-11-015,"A feather (H6), angled forwards on top of a standard with a round top, with outwards angled lines coming from the tip of the pole, on top of the hill country over the edge of the cultivated areas (N25).",Logogram (west),C
HJ R065,14125,U+14125,R65,R65,R-11-023,,,
HJ R070,14126,U+14126,R70,R70,R-11-028,"A feather (H6), written on top of a standard with a rounded top, with a loop over the standard.",Logogram (west),C
HJ R124,14127,U+14127,R124,R124,R-11-035,,,
R015H,14128,U+14128,R15A,,R-12-001,"A spear made into a standard, resembling a fire-drill in a piece of wood (U28).",Phonemogram,C
HJ R072,14129,U+14129,R72,R72,R-12-002,"A spear made into a standard, resembling a fire-drill in a piece of wood (R15A), on top of a sand covered mountain over the edge of the cultivated areas (N26).",Logogram (east),C
R015C,1412A,U+1412A,,,R-12-010,"A spear made into a standard, resembling a fire-drill in a piece of wood (U28), with outwards angled lines coming from the tip of the pole.",Radicogram (left eye),C
R015A,1412B,U+1412B,,R15A,R-12-015,"A spear made into a standard, resembling a fire-drill in a piece of wood (U28), with a loop over the standard.",Logogram (east),C
HJ R072A,1412C,U+1412C,R72A,R72A,R-12-017,"A spear made into a standard, resembling a fire-drill in a piece of wood (U28), with a loop over the standard (Jsesh R15A), on top of a sand covered mountain over the edge of the cultivated areas (N26).",Logogram (east),C
HJ R076,1412D,U+1412D,R76,R76,R-12-018,"A spear made into a standard, resembling a fire-drill in a piece of wood (U28), with a loop over the standard (Jsesh R15A), on top of the hill country over the edge of the cultivated areas (N25).",Logogram (east),C
HJ R127,1412E,U+1412E,R127,R127,R-12-027,,,
HJ R015B,1412F,U+1412F,R15B,R15B,R-12-033,"A spear made into a standard, resembling a fire-drill in a piece of wood (U28), with two ties or bands of cloth at the far side of the pole.",Logogram (east),C
HJ R127A,14130,U+14130,R127A,R127A,R-12-034,,,
R015J,14131,U+14131,,,R-12-038,"A spear made into a standard, with a circle on either side of the spear tip, with a backwards curving loop over the standard.",Phonemogram,C
R141,14132,U+14132,,,R-12-040,"A spear made into a standard, resembling a fire-drill in a piece of wood (U28), with a floating dot at either side of the cone, with two ties or bands of cloth at the far side of the pole.",Radicogram (left eye),C
HJ R080,14133,U+14133,R80,R80,R-13-001,,,
HJ R017A,14134,U+14134,R17A,R17A,R-14-001,,,
HJ R017D,14135,U+14135,R17D,R17D,R-14-002,,,
R017E,14136,U+14136,,,R-14-003,"A wig, without fillet, with two feathers and a horizontal bar, upon a pole",Logogram (8th nome of Upper Egypt),C
HJ R083,14137,U+14137,R83,R83,R-14-006,"A wig, without fillet, with a headdress consisting of two feathers on top of the horns of a ram (S77), on top of a standard used for carrying religious symbols (R12).",Logogram (8th nome of Upper Egypt),C
HJ R018A,14138,U+14138,R18A,R18A,R-14-009,"A wig without a fillet, with a headdress consisting of two plumes (S9), with a cobra (Naja haje), standing up, with expanded hood (uraeus) written behind the wig, upon a pole.",Logogram (Abydos),C
HJ R018F,14139,U+14139,R18F,R18F,R-14-011,,,
HJ R018B,1413A,U+1413A,R18B,R18B,R-14-012,"A wig without a fillet, with a headdress consisting of two plumes (S9), with a cobra (Naja haje), standing up, with expanded hood (uraeus) written behind the wig, upon a pole (R18A), on top of a sand covered mountain over the edge of the cultivated areas (N26).",Logogram (Abydos),C
HJ R018D,1413B,U+1413B,R18D,R18D,R-14-014,"A wig without a fillet, with a headdress consisting of two plumes (S9), with a cobra (Naja haje), standing up, with expanded hood (uraeus) written behind the wig, upon a pole (R18A), on top of the hill country over the edge of the cultivated areas (N25).",Logogram (Abydos),C
R018H,1413C,U+1413C,,,R-14-018,"A wig without a fillet, with a headdress consisting of two plumes (S9), with a cobra (Naja haje), standing up, with expanded hood (uraeus) written behind the wig, upon a pole (R18A), on top of a standard used for carrying religious symbols (R12), on top of a parcel of land with irrigation ditches (N24).",Logogram (Abydos),C
HJ R017C,1413D,U+1413D,R17C,R17C,R-14-023,,,
HJ R082,1413E,U+1413E,R82,R82,R-15-001,"A standard resembling a lotus flower with two plumes on top (R16C), with a counterweight of a necklace (S18A), hanging down from either side of the plumes and from the top of the standard.",Phonemogram,C
HJ R082A,1413F,U+1413F,R82A,R82A,R-15-002,"A standard resembling a lotus flower with two plumes on top (R16C), with a counterweight of a necklace (S18A), hanging down from either side of the plumes.",Logogram (Nefertem),C
HJ R081,14140,U+14140,R81,R81,R-15-003,"A standard resembling a lotus flower with two plumes on top (R16C), with a counterweight of a necklace (S18A) hanging down at the far side.",Logogram (Nefertem),C
S040A,14141,U+14141,,,R-16-003,"A sceptre with a straight shaft, a forked base, topped with the head of the Seth animal (S40), with a backwards angled feather (H6)on top of the staff.",Logogram (Thebes),C
HJ R109,14142,U+14142,R109,R109,R-16-005,"A sceptre with a straight shaft, topped with the head of the Seth animal, with a fillet and a backwards angled feather (H6) on top of the staff, on top of a plan of a crossroads in a village (R109).",Logogram (Thebes),C
HJ R019A,14143,U+14143,R19A,R19A,R-16-006,,,
HJ R020A,14144,U+14144,R20A,R20A,R-17-004,"A flower, enclosed by the horns of a bovid, upside-down.",Logogram (Seshat (divinity)),C
R022A,14145,U+14145,,,R-18-001,"Two bones of a fossil squid (belemnite), resembling two arrow-shaped points at each side of a circle.",Logogram (Letopolis),C
HJ R023B,14146,U+14146,R23B,R23B,R-18-006,,,
HJ R118,14147,U+14147,R118,R118,R-18-008,"Two bones of a fossil squid (belemnite) (R22), on top of a standard used for carrying religious symbols (R12).",Logogram (Min (divinity)),C
HJ R088,14148,U+14148,R88,R88,R-20-001,A vertical hourglass-shaped shaped document holder.,Classifier document holder,C
HJ R085,14149,U+14149,R85,R85,R-22-001,,"Logogram/Classifier (the one of Shedet (i.e., Sobek))",
HJ R062A,1414A,U+1414A,R62A,R62A,R-23-004,,,
HJ R088A,1414B,U+1414B,R88A,R88A,R-23-005,,,
HJ R114,1414C,U+1414C,R114,R114,R-23-015,A pedestal or plinth.,"Classifier (base, pedestal, plinth (of a shrine))",C
HJ S001A,1414D,U+1414D,S1A,S1A,S-01-002,"The white crown of Upper Egypt, with an uraeus.",Classifier crown,C
S001B,1414E,U+1414E,,,S-01-003,"The white crown of Upper Egypt, with an uraeus and a fillet around the crown.",Logogram (the white crown),C
S046A,1414F,U+1414F,S46,S46,S-01-005,"The white crown of Upper Egypt, over a band of string or fabric, which makes a curl at the front.",Logogram (wearer of the sash (priest)),C
HJ S047,14150,U+14150,S47,S47,S-01-007,"The white crown of Upper Egypt, on top of a standard used for carrying religious symbols, with a loop under the horizontal beam, running over the vertical pole (R12A).",Logogram (the white crown),C
S047D,14151,U+14151,,,S-01-008,"The white crown of Upper Egypt, with an uraeus (S1A), on top of a standard used for carrying religious symbols, with a loop under the horizontal beam, running over the vertical pole (R12A).",Logogram (Tatenen (divinity)),C
HJ S047A,14152,U+14152,S47A,S47A,S-01-009,"The white crown of Upper Egypt in front of a flagellum (S45), on top of a standard used for carrying religious symbols, with a loop under the horizontal beam, running over the vertical pole (R12A).",Logogram (Baby (divinity)),C
HJ S048,14153,U+14153,S48,S48,S-01-013,"The white crown (S1), on top of a plan of a crossroads in a village (O49).",Logogram (Upper Egypt),C
S002B,14154,U+14154,S2A,S2A,S-01-018,"The white crown (S1), with the curl of the red crown (S89), on top of a wickerwork basket (V30).",Classifier crown,C
HJ S049A,14155,U+14155,S49A,S49A,S-01-019,"The white crown (S1), with the curl of the red crown (S89), on top of a wickerwork basket with a handle, orientated with the handle to the back (V31).",Classifier crown,C
HJ S182,14156,U+14156,S182,S182,S-01-020,"A cloth wound on a pole, an emblem of divinity (R8), in front of the white crown (S1), on top of a wickerwork basket (V30).",Logogram (to be divine),C
HJ S050,14157,U+14157,S50,S50,S-02-002,"The red crown (S3), on top of a plan of a crossroads in a village (O49).",Logogram (Lower Egypt),C
S004A,14158,U+14158,,,S-02-004,"The red crown, without the curl, on top of a wickerwork basket (V30).",Classifier crown,C
HJ S183,14159,U+14159,S183,S183,S-02-009,"Two red crowns (S3), overlapping each other.",Phonemogram,C
S173A,1415A,U+1415A,,,S-02-012,"The red crown, without the curl, with a uraeus, with a piece of cloth at the neck.",Classifier the red crown,C
S005A,1415B,U+1415B,,,S-03-002,"The union of the red crown of Lower Egypt and the white crown of Upper Egypt, with the white crown worn within the red crown. (i.e., the double crown), with an uraeus at the front.",Classifier double crown,C
HJ S055,1415C,U+1415C,S55,S55,S-04-003,The base of a crown.,"Logogram (cap, crown)",C
HJ S056A,1415D,U+1415D,S56A,S56A,S-05-002,"A head-cloth, tied together at the back, with the loop and ties at the back.",Logogram/phonemogram (carpenter),C
S056B,1415E,U+1415E,,,S-05-003,"A head-cloth, with a piece of cloth extending at the back.",Phonemogram,C
HJ S057,1415F,U+1415F,S57,S57,S-05-004,"A head-cloth, with an uraeus, extending downwards to the shoulder, with a piece of cloth extending at the back.",Phonemogram,C
HJ S057C,14160,U+14160,S57C,S57C,S-05-005,"A head-cloth, with an uraeus, with a piece of cloth extending at the back.",Classifier headcloth,C
HJ S057B,14161,U+14161,S57B,S57B,S-05-006,"A head-cloth, extending downwards to the shoulder, with a piece of cloth extending at the back.",Classifier headcloth,C
HJ S057A,14162,U+14162,S57A,S57A,S-05-008,"A long head-cloth, extending over the back.",Classifier headcloth,C
HJ S059,14163,U+14163,S59,S59,S-05-009,,,
HJ S010A,14164,U+14164,S10A,S10A,S-06-002,"A band of cloth, used as a fillet, represented as a half-circle, with a loop and ties at the back.","Logogram (to bind, to wind around)",C
S082A,14165,U+14165,,,S-06-003,"A band of cloth, used as a fillet, represented as a half-circle, with an uraeus at the front and a loop and ties at the back.","Logogram (to bind, to wind around)",C
HJ S008A,14166,U+14166,S8A,S8A,S-07-001,The Atef crown.,Classifier crown,C
HJ S186,14167,U+14167,S186,S186,S-07-003,,,
S008B,14168,U+14168,,,S-07-004,"The Atef crown with ram horns and a sun disk, with a circle on top of the split top of the Atef crown.",Logogram (Atef crown),C
S060A,14169,U+14169,S60A,,S-07-006,"The Atef crown, on top of the horns of a ram, with an uraeus, with a sun disk on the head, facing outwards, at either side of the crown.",Logogram (Atef crown),C
HJ S060,1416A,U+1416A,S60,S60,S-07-007,,,
HJ S061,1416B,U+1416B,S61,S61,S-08-001,"A crown, consisting of three horizontally arranged Atef crowns with a round bulb at the top, and the sun disk at the base, on top of the horns of a ram, with an uraeus, with a sun disk on the head, facing outwards, at either side of the crown, with two ureai hanging downwards from the horns at either side.",Logogram (Hemhem crown),C
HJ S061A,1416C,U+1416C,S61A,S61A,S-08-002,"A crown, consisting of three horizontally arranged Atef crowns with a round bulb at the top, and the sun disk at the base, on top of the horns of a ram, with an uraeus, with a sun disk on the head, facing outwards, at either side of the crown.",Logogram (Hemhem crown),C
S061D,1416D,U+1416D,,,S-08-005,"A crown, consisting of three horizontally arranged Atef crowns, on top of the horns of a ram, with an uraeus, facing outwards, at either side of the crown.",Logogram (Hemhem crown),C
HJ S062,1416E,U+1416E,S62,S62,S-09-002,A headdress consisting of the horns of a ram with two plumes on top of it.,Logogram (double plumes/two feather crown),C
HJ S063,1416F,U+1416F,S63,S63,S-09-004,"A headdress consisting of two plumes, with a sun disk between them, on top of a short vertical line.",Logogram (double plumes/two feather crown),C
HJ S063A,14170,U+14170,S63A,S63A,S-09-005,"A headdress consisting of two plumes, with a sun disk between them.",Logogram (double plumes/two feather crown),C
HJ S009A,14171,U+14171,S9A,S9A,S-09-008,,,
HJ S068,14172,U+14172,S68,S68,S-09-011,,,
HJ S067,14173,U+14173,S67,S67,S-09-015,A headdress consisting of four plumes on top of a head-cloth (S56).,Logogram (the four feather crown),C
HJ S064,14174,U+14174,S64,S64,S-09-019,"A headdress consisting of the horns of a ram with two plumes on top of it, with a sun disk between the plumes.",Logogram (double plumes/two feather crown),C
S064A,14175,U+14175,,,S-09-020,"A headdress consisting of the horns of a ram with two plumes on top of it, angled backwards, with a sun disk between the plumes.",Logogram (double plumes/two feather crown),C
HJ S072A,14176,U+14176,S72A,S72A,S-09-021,"A headdress consisting of the base of a crown (S55), with two plumes on top of it.",Logogram (double plumes/two feather crown),C
HJ S072,14177,U+14177,S72,S72,S-09-022,"A headdress consisting of the base of a crown (S55), with two plumes on top of it, with a sun disk between the plumes.",Logogram (double plumes/two feather crown),C
HJ S075,14178,U+14178,S75,S75,S-09-025,"A headdress consisting of two feathers on top of the horns of a ram, with a sun disk between the feathers, with a cobra (Naja haje), standing up, with expanded hood (uraeus), with sun disks its head on either side of the feathers, orientated outwards.",Phonemogram,C
HJ S074,14179,U+14179,S74,S74,S-09-026,"A headdress consisting of two feathers on top of the horns of a ram, with a cobra (Naja haje), standing up, with expanded hood (uraeus), with sun disks its head on either side of the feathers, orientated outwards.",Logogram (Elkab),C
HJ S073,1417A,U+1417A,S73,S73,S-09-027,A headdress consisting of a sun disk with two feathers on top of the horns of a ram.,Phonemogram,C
HJ S076,1417B,U+1417B,S76,S76,S-09-028,A headdress consisting of a sun disk with two feathers.,Classifier crown,C
HJ S077,1417C,U+1417C,S77,S77,S-09-030,A headdress consisting of two feathers on top of the horns of a ram.,Phonemogram,C
S079B,1417D,U+1417D,,,S-09-034,"Two feathers without quill, on top of a standard used for carrying religious symbols, with a loop under the horizontal beam, running over the vertical pole (R12A).",Logogram (3rd nome of Upper Egypt),C
HJ S078A,1417E,U+1417E,S78A,S78A,S-09-037,A headdress consisting of two feathers on a short vertical line.,Classifier two halves,C
HJ S075A,1417F,U+1417F,S75A,S75A,S-09-040,"A headdress consisting of two feathers on top of the horns of a ram, with a sun disk between the feathers, with a cobra (Naja haje), standing up, with expanded hood (uraeus), on either side of the feathers, orientated outwards; on top of a half-circle shaped base.",Phonemogram,C
HJ S080A,14180,U+14180,S80A,S80A,S-09-042,"A sun disk (N5), between two feathers (H6), orientated outwards, on top of the horns of a ram (F107).",Logogram (the horizon),C
S080B,14181,U+14181,,,S-09-043,"A dung beetle, scarab (scarabaeus sacer) (L1), with the fully extended wing of a bird (H5) on either side of the body (L12A), on top of a sun disk, on top of the horns of a ram, with a feather (H6), orientated outwards, at either side of the scarab, connected to the tip of the wings.",Logogram (who goes forth from the horizon),C
HJ S187,14182,U+14182,S187,S187,S-10-003,"A band of cloth, used as a fillet, with a flower at the front, and two loops at the back.","Logogram (wreath, garland)",C
HJ S082,14183,U+14183,S82,S82,S-10-004,"A band of cloth, used as a fillet, with an uraeus at the front, and a loop and string at the back.","Logogram (wreath, garland)",C
HJ S083,14184,U+14184,S83,S83,S-10-005,"A band of cloth, used as a fillet, with two uraei at the front, one wearing the white crown (S1), one wearing the red crown (S3).","Logogram (wreath, garland)",C
HJ S084,14185,U+14185,S84,S84,S-10-007,"A band of cloth, used as a fillet, decorated with flowers on the band.","Logogram (wreath, garland)",C
HJ S085,14186,U+14186,S85,S85,S-10-009,A garland of laurel leaves.,"Logogram (wreath, garland)",C
S188D,14187,U+14187,,,S-11-002,A collar of beads without internal decoration or terminals.,Classifier collar,C
HJ S188A,14188,U+14188,S188A,S188A,S-11-003,,,
S011E,14189,U+14189,,,S-11-004,"A collar of beads, resembling a basket, with ornamental terminals, resembling the head of a falcon, looking outwards.",Classifier collar,C
HJ S011B,1418A,U+1418A,S11B,S11B,S-11-005,"A collar of beads with ornamental terminals, resembling the head of a falcon, looking outwards.",Classifier collar,C
HJ S011A,1418B,U+1418B,S11A,S11A,S-11-006,"A collar of beads with ornamental terminals, resembling the head of a falcon, looking outwards, with outwards curving ties on top of the heads.",Classifier collar,C
HJ S011D,1418C,U+1418C,S11D,S11D,S-11-011,"A collar of beads with ornamental terminals, resembling the head of a falcon with a sun disk on its head, looking outwards, with two vertical strings with flower-like end-pieces, curving outwards and downwards, coming from the collar.",Logogram collar,C
HJ S091,1418D,U+1418D,S91,S91,S-11-015,"A necklace, consisting of a deep loop, with seven beads or circles on the loop, with the two top beads connected with a line with a bead in the center, with the ends of the loops curving outwards and downwards, with flower-like end-pieces, the left one a lotus bud and the right one a flowering lotus bud.",Classifier collar,C
S092A,1418E,U+1418E,,,S-11-017,"A necklace, consisting of a deep loop with three horizontal lines over it, with the capital of a column, in the form of the face of a human female, with hair in two curling sidelocks, with the ears of a bovid (O215) at the bottom of the loop, connected with a rectangle to the lowest horizontal line; with ornamental terminals resembling the same capital (O215), with outward and downward curving strings with flower-like end-pieces coming from the terminals.",Classifier collar,C
HJ S092,1418F,U+1418F,S92,S92,S-11-019,,,
HJ S091A,14190,U+14190,S91A,S91A,S-11-020,"A necklace, consisting of a deep loop, with multiple horizontal strands connecting the two sides of the loop, with the ends of the loops curving outwards and downwards, with flower-like end-pieces.","Logogram (necklace, collar)",C
S091B,14191,U+14191,,,S-11-023,"A necklace, consisting of a deep loop, with multiple horizontal strands connecting the two sides of the loop, connected by vertical lines (beads/netting), with the ends of the loops curving outwards and downwards, with flower-like end-pieces.","Logogram (necklace, collar)",C
HJ W107,14192,U+14192,W107,W107,S-11-027,"Two round vessels with a thin, upstanding rim, arranged horizontally; connected by the rims by an horizontal line of string, curving upwards at both ends.",Classifier vessel (twin vases for myrrh),C
HJ S096,14193,U+14193,S96,S96,S-11-030,,,
HJ S191,14194,U+14194,S191,S191,S-11-031,"A necklace, consisting of two eyes, with the markings of the head of a falcon, with a vertical line at the back with a triangle at the curl, as if seen from the front (Jsesh D10C), with an outwards and upwards loop of string, with a flower-like end-piece at the end of the string, orientated towards each other.","Classifier wreath, garland",C
HJ S012A,14195,U+14195,S12A,S12A,S-11-035,"A collar of beads, without detail.",Logogram (necklace),C
N004J,14196,U+14196,,,S-11-049,"A pectoral, resembling the sky (N1), with three vertical lines of short horizontal strokes, with V shaped arrows on top of the sky.",Logogram (to be bright),C
HJ N004F,14197,U+14197,N4F,N4F,S-11-051,"The sky (N1) / a pectoral resembling the sky; with three vertical lines consisting of short horizontal strokes, with upwards arrows at the bottom of the vertical lines, with three triangular shapes on top of the sky.",Logogram (to be bright) or Classifier dew/scent/rain,C
S017D,14198,U+14198,S17A,,S-11-052,,,
HJ S017B,14199,U+14199,S17B,S17B,S-11-055,A pectoral resembling the sky (N1) over three vertical lines with a forked top.,Logogram (brightness),C
HJ S015A,1419A,U+1419A,S15A,S15A,S-11-056,A pectoral of four glass or faïence beads.,Logogram (to be bright),C
HJ N004A,1419B,U+1419B,N4A,N4A,S-11-059,,,
HJ N004D,1419C,U+1419C,N4D,N4D,S-11-060,A pectoral consisting of a big rectangle with six strands of glass or faience beads.,Logogram (to be bright),C
S220,1419D,U+1419D,,,S-11-065,"A pectoral, consisting of a horizontal rectangle with three vertical strands of glass or faience beads.",Logogram (faience),C
HJ S197,1419E,U+1419E,S197,S197,S-11-068,"A girdle worn by various gods, with three hanging pieces.",Classifier place/divinity,C
S018C,1419F,U+1419F,,,S-11-071,"A bead necklace with a counterweight, written horizontally.",Logogram (menit necklace),C
HJ S018B,141A0,U+141A0,S18B,S18B,S-11-073,,,
HJ S098,141A1,U+141A1,S98,S98,S-11-075,"A bead necklace with a counterweight, written horizontally, with a loop at the front, with the head of woman, with a headdress of bovine horns with a sun disk (F102) and the vulture headdress on top of the counterweight.",Logogram (menit necklace),C
S098A,141A2,U+141A2,,,S-11-076,"A bead necklace with a counterweight, written horizontally, with the head of woman, with a headdress of bovine horns with a sun disk (F102) and the vulture headdress on top of the counterweight.",Classifier necklace,C
HJ S100,141A3,U+141A3,S100,S100,S-11-078,,,
HJ S100A,141A4,U+141A4,S100A,S100A,S-11-080,"An amulet resembling a shrine with a flat roof, with two ties at the top.",Classifier pectoral,C
S101D,141A5,U+141A5,,,S-11-085,"An amulet resembling a shrine with a flat roof, with a rectangle on the roof, with two outward, downward curving ties at the top, with an uraeus at either side of the base, with the front uraeus wearing the white crown (S1), and the back uraeus wearing the red crown (S3).",Classifier amulet,C
S101C,141A6,U+141A6,,,S-11-087,"An amulet resembling a shrine with a flat roof, with a rectangle on the roof, with two outward, downward curving ties at the top, with flower-like end-pieces.",Classifier amulet,C
S100B,141A7,U+141A7,,,S-11-090,"An amulet resembling a shrine with a flat roof, with a rectangle on top, without ties.",Classifier amulet (Logogram in line 3)?,C
S019A,141A8,U+141A8,,,S-12-004,"A seal, attached to a neck string, with the sting curving backwards and downwards, without a loop below the seal.",Phonemogram,C
HJ S020A,141A9,U+141A9,S20A,S20A,S-12-007,"A seal, attached to a neck string, without ties below the seal.",Phonemogram,C
S022B,141AA,U+141AA,,,S-13-006,"A shoulder knot, with a loop at every corner.",Phonemogram,C
HJ S022A,141AB,U+141AB,S22A,S22A,S-13-007,"A shoulder knot, with loops a the top ends and ties at the bottom ends, with circular blobs on top of the middle section, and vertical strokes below the vertical section.",Phonemogram,C
HJ S105,141AC,U+141AC,S105,S105,S-13-015,"A horizontal rectangular garment (bracelet, armband), with downward curving ties at both sides. ",Classifier cloth/garment,C
S105A,141AD,U+141AD,,,S-13-016,"An curved rectangular garment (bracelet, armband), with downward curving ties at both sides, with triangular end-pieces at the ties.","Classifier bracelet, anklet",C
HJ W109,141AE,U+141AE,W109,W109,S-13-017,,,
S026C,141AF,U+141AF,,,S-14-002,"A kilt or apron, with the side sections forming a sickle shape.","Logogram (kilt, royal apron)",C
HJ S109,141B0,U+141B0,S109,S109,S-14-004,"A vertical rectangular garment, with fringes at the bottom, and two outwards curving ties at the top.",Classifier garment,C
S207,141B1,U+141B1,,,S-15-003,"A loop of cord with the ends upwards (V6), written between the fringes of cloth resembling forked staffs, horizontal loop of twisted cloth connecting the two fringes, written over the loop of cord.",Logogram (clothing),C
HJ S114,141B2,U+141B2,S114,S114,S-15-005,A horizontal strip of cloth with one fringe.,Classifier cloth,C
HJ S115,141B3,U+141B3,S115,S115,S-15-007,A horizontal strip of cloth with three fringes.,Logogram (clothing),C
HJ S116,141B4,U+141B4,S116,S116,S-15-008,A horizontal strip of cloth with four fringes.,Logogram (clothing),C
HJ S117,141B5,U+141B5,S117,S117,S-15-009,A horizontal strip of cloth with five fringes.,Classifier cloth,C
HJ S118,141B6,U+141B6,S118,S118,S-15-010,A horizontal strip of cloth with six fringes.,Logogram (six-weave linen),C
HJ S113A,141B7,U+141B7,S113A,S113A,S-15-011,"A bag or a sack of linen, with a tie towards the front, and a (small) loop at the back (V33), written between two staves or poles with a two-pronged end piece for holding down snakes (U116), on top of a standard used for carrying religious symbols, with a short vertical pole, with a loop under the horizontal beam, running over the vertical pole (R56).",Logogram (linen),C
S028D,141B8,U+141B8,,,S-15-015,"A horizontal strip of cloth with fringes, written over a folded piece of cloth (S29).",Phonemogram,C
S028C,141B9,U+141B9,,,S-15-016,"A horizontal strip of cloth with fringes, above a folded piece of cloth (S29).",Classifier clothing,C
HJ S124,141BA,U+141BA,S124,S124,S-15-038,"A knife sharpener with a rounded body and a loop at the back (T31), on top of legs in a walking posture, feet orientated towards the reading direction (D54), written with the tip over a folded piece of cloth (S29).",Phonemogram,C
HJ S124A,141BB,U+141BB,S124A,S124A,S-15-040,,,
HJ S124C,141BC,U+141BC,S124C,S124C,S-15-042,,,
HJ S124D,141BD,U+141BD,S124D,S124D,S-15-043,"A knife sharpener with a rounded body and a loop at the back (T31), on top of legs in a walking posture, feet orientated towards the reading direction (D54), written with the tip over a folded piece of cloth (S29), with the short end towards the front.",Phonemogram,C
HJ S124E,141BE,U+141BE,S124E,S124E,S-15-044,"A knife sharpener with a rounded body, without a loop at the back, on top of legs in a walking posture, feet orientated towards the reading direction (D54), written with the tip over a folded piece of cloth (S29).",Phonemogram,C
S032B,141BF,U+141BF,,,S-15-051,"A rectangular piece of cloth, with sloping fringes on its front short side, with a cross shape as internal decoration.",Phonemogram,C
HJ S032A,141C0,U+141C0,S32A,S32A,S-15-056,"A square piece of cloth, with long sloping fringes on its front short side, with a cross shape as internal decoration.",Phonemogram,C
S128A,141C1,U+141C1,,,S-15-060,"A rectangular piece of cloth, with fringes at the short sides, and a stripe over the middle, written horizontally.",Phonemogram,C
HJ S129,141C2,U+141C2,S129,S129,S-15-061,"A rectangular piece of cloth, with fringes at the top and far side.",Classifier cloth,C
HJ S130,141C3,U+141C3,S130,S130,S-15-063,"An oval piece of cloth, with fringes on the top.",Classifier cloth,C
HJ S106,141C4,U+141C4,S106,S106,S-15-064,,,
HJ S133,141C5,U+141C5,S133,S133,S-17-005,"A tie or strap, used with sandals (ankh sign, S34), with the sun, within a halo (N5) on top of the loop.",classifier time,C
S134,141C6,U+141C6,S134B,S134,S-17-007,"A vessel with a spout and broad rim, made to resemble a tie or strap, used with sandals (ankh sign, S34).",Classifier ankh vessel,C
HJ S135,141C7,U+141C7,S135,S135,S-17-009,"A tie or strap, used with sandals (ankh sign, S34), with a column imitating a bundle of stalks tied together (R11) replacing the vertical strap.",Logogram (stability and life),C
HJ S176,141C8,U+141C8,S176,S176,S-17-012,"A tie or strap, used with sandals (ankh sign, S34), a column imitating a bundle of stalks tied together (R11) and a sceptre with a straight shaft, a forked base, topped with the head of the Seth animal (S40), arranged horizontally; on top of a wickerwork basket.","Logogram (all life, stability and dominion)",C
S176A,141C9,U+141C9,,,S-17-013,"A tie or strap, used with sandals (ankh sign, S34) and a sceptre with a straight shaft, a forked base, topped with the head of the Seth animal (S40), arranged horizontally; on top of a wickerwork basket.",Logogram (all life and dominion),C
HJ S036D,141CA,U+141CA,S36D,S36D,S-20-003,,,
HJ S036B,141CB,U+141CB,S36B,S36B,S-20-004,"A sun shade, made of a staff which holds feathers at the top, resembling a half circle, without internal detail, with outwards angled lines coming from the tip of the staff.",Phonemogram,C
HJ S036A,141CC,U+141CC,S36A,S36A,S-20-005,"A sun shade, made of a staff which holds feathers at the top, resembling a half circle, without internal detail, with an additional short staff.","Logogram (shadow, shade)",C
HJ S036C,141CD,U+141CD,S36C,S36C,S-20-006,"A sun shade, made of a staff which holds feathers at the top, resembling a half circle, without internal detail, with strokes on top of the feathers, with an additional short staff.",Phono-repeater/classifier (in ḥp.ty (extreme limits)),C
S036F,141CE,U+141CE,,,S-20-012,"A line with a straight hook, written over a sun shade, made of a staff which holds feathers at the top, resembling a half circle, without internal detail (S36).",Phonemogram,C
HJ S037C,141CF,U+141CF,S37C,S37C,S-21-003,A one handed fan with a straight handle.,Phonemogram,C
HJ S037D,141D0,U+141D0,S37D,S37D,S-21-004,"A one handed fan, with a handle consisting of a bowl-shaped section with a vertical downward line at either side, with a straight handle section.",Phonemogram,C
HJ S037B,141D1,U+141D1,S37B,S37B,S-21-005,,,
HJ S037A,141D2,U+141D2,S37A,S37A,S-21-009,"A one handed fan, with a handle resembling a stem of papyrus with a bud (M13), and the fan resembling a feather (H6).",Logogram (fan),C
HJ S198,141D3,U+141D3,S198,S198,S-22-005,,,
HJ S151,141D4,U+141D4,S151,S151,S-23-011,"Two sceptres with a straight shaft, a forked base, topped with the head of the Seth animal (S40), written on top of a standard used for the carrying of religious symbols with the vertical stick at the far side (R92A).",Logogram (Igai (divinity)),C
HJ S152,141D5,U+141D5,S152,S152,S-23-012,"A sceptre with a straight shaft, a forked base, topped with the head of the Seth animal (S40), under a crescent moon (N11) shape topped with a feather (H6).",Phonemogram/Logogram (iatet drink),C
HJ S152A,141D6,U+141D6,S152A,S152A,S-23-013,"A sceptre with a straight shaft, a forked base, topped with the head of the Seth animal (S40), under a crescent moon (N11) shape topped with a feather (H6), written on top of a standard used for the carrying of religious symbols with the vertical stick at the far side (R92A).",Phonemogram/Logogram (iatet drink),C
HJ S152B,141D7,U+141D7,S152B,S152B,S-23-014,"A sceptre with a straight shaft, a forked base, topped with the head of the Seth animal (S40), under a double crescent moon (N11), arranged vertically, topped with a feather (H6), written on top of a standard used for the carrying of religious symbols (R12).",Logogram (Iat (divinity),C
HJ S042A,141D8,U+141D8,S42A,S42A,S-24-002,A sceptre with two extensions at the top.,"Logogram (district, region)",C
HJ S153,141D9,U+141D9,S153,S153,S-24-007,,,
HJ S044A,141DA,U+141DA,S44A,S44A,S-24-008,"A sceptre (S42), with a flagellum (S45) at the back of the headpiece.",Phonemogram,C
HJ S043A,141DB,U+141DB,S43A,S43A,S-25-002,"A staff which widens towards the bottom, with a vertical stroke just above the base, extending beyond the staff.",Phonemogram,C
HJ S043B,141DC,U+141DC,S43B,S43B,S-25-003,"A staff which widens towards the bottom, without internal detail.",Phonemogram,C
S043E,141DD,U+141DD,,,S-25-005,"A sceptre or staff, with a cone shape above the handle.",Classifier sceptre,C
HJ S168,141DE,U+141DE,S168,S168,S-25-008,"A sceptre, with a short handle with a crossbar, with a long oval shape above the handle.","Logogram (Hetes-staff, baton)",C
S044C,141DF,U+141DF,S199B,S44,S-25-013,"A staff, which widens towards the bottom (S43) with a flagellum (S45) attached to the back.",Logogram (ames-sceptre),C
S044D,141E0,U+141E0,S44,,S-25-015,"A staff, which widens towards the bottom, with a circle on top, with a flagellum (S45) attached to the back.","Classifier staff, sceptre",C
HJ S109A,141E1,U+141E1,S109A,S109A,S-25-017,A type of garment.,Classifier clothing,C
HJ U026A,141E2,U+141E2,U26A,U26A,S-25-023,"An object resembling a drill, with a crossbar on the lower section.",Phonemogram,C
S167,141E3,U+141E3,,S167,S-26-009,"A flagellum (S45), written through a cartouche in a round form (V9).",Phonemogram,C
S167C,141E4,U+141E4,,,S-26-010,A circle with a flagellum (S45) coming from the top.,Phonemogram,C
HJ AA021A,141E5,U+141E5,Aa21A,Aa21A,S-27-002,"An object consisting of a horizontal rectangle with a triangular indentation at the bottom, with a vertical line on top of it, with a horizontal line on top of the vertical line, to the same width of the rectangle.","Logogram (to judge, to separate)",C
Aa021D,141E6,U+141E6,,,S-27-004,"An object consisting of a horizontal rectangle with a triangular indentation at the bottom, with a vertical line on top of it, with a half-circle on top of the vertical line.","Logogram (to judge, to separate)",C
Aa021E,141E7,U+141E7,,,S-27-007,"An object consisting of a horizontal rectangle with a triangular indentation at the bottom, with a vertical line on top of it, with a short horizontal line crossing the vertical line.","Logogram (to judge, to separate)",C
HJ AA042,141E8,U+141E8,Aa42,Aa42,S-27-009,"An object consisting of two connected triangles, arranged horizontally with the points down, with a vertical line on the top, with a half-circle on top of the vertical line. ","Logogram (to judge, to separate)",C
HJ AA020B,141E9,U+141E9,Aa20B,Aa20B,S-28-002,"A type of ornament, with a tie and a loop at the top, and fringes at the bottom.",Phonemogram,C
HJ T137,141EA,U+141EA,T137,T137,S-28-009,"A type of ornament, with two ties at the top, with a broad base.",Phonemogram,C
HJ AA020C,141EB,U+141EB,Aa20C,Aa20C,S-28-013,"A type of ornament, with two ties at the top, and fringes at the bottom.",Logogram (counterweight),C
HJ AA020A,141EC,U+141EC,Aa20A,Aa20A,S-28-014,"A type of ornament, with two ties at the top, with two horizontal lines at the bottom, with the vertical lines extending beyond the horizontal lines.",Phonemogram,C
Aa020D,141ED,U+141ED,,,S-28-021,"A cone-shaped object with two ties at the top, with a forward, downward dotted line coming from the top","Classifier to spit, to expel",C
S221,141EE,U+141EE,,,S-28-022,"Some type of cone-shaped ornament, with netting as internal decoration, on top of a base, with a two ties at the top, the front short and angled upwards, the tie at the back forming a curl.",Phonemogram,C
HJ AA041,141EF,U+141EF,Aa41,Aa41,S-28-023,,,
S222,141F0,U+141F0,,,S-28-024,"A type of ornament, with two ties at the top, connected to a circle, with an oval passing over the vertical lines.",Phonemogram,C
HJ S089,141F1,U+141F1,S89,S89,S-29-001,The curl of the red crown.,Classifier (curl),C
HJ S107,141F2,U+141F2,S107,S107,S-29-002,A bracelet.,Classifier (bracelet),C
HJ S112,141F3,U+141F3,S112,S112,S-29-004,A rectangular/square piece of cloth with wavy fringes on top.,Classifier cloth/garment,C
HJ S088,141F4,U+141F4,S88,S88,S-29-005,A vertical piece of cloth which bends forward towards the top.,Classifier cloth,C
HJ S104,141F5,U+141F5,S104,S104,S-29-009,"An necklace, resembling the sun, with three beams of sunlight coming from it, with an arm at either side, holding a staff or line at an outwards angle, connected to a base, with the head of a canine on the front staff.","Classifier dignity, rank",C
HJ S203,141F6,U+141F6,S203,S203,S-29-014,"A birthing brick, with the head of a female on top of it, in the front, with a headdress of bovine horns with a sun disk (F102).","Logogram (abode, birth place, birthing brick)",C
HJ T003C,141F7,U+141F7,T3C,T3C,T-01-003,"A mace with a pear-shaped head, written vertically, with a round blade attached to the front of the mace-head.",Logogram (mace),C
T003H,141F8,U+141F8,T3A,T3A,T-01-005,,,
HJ T003B,141F9,U+141F9,T3B,T3B,T-01-006,,,
HJ T001A,141FA,U+141FA,T1A,T1A,T-01-015,,,
T117A,141FB,U+141FB,,,T-01-018,"A mace with a pear-shaped head, written vertically, with an upwards tick at the front of the mace-head.",Phonemogram,C
HJ T003F,141FC,U+141FC,T3F,T3F,T-01-019,"A mace with a pear-shaped head, written vertically, with an upwards and inwards curving line at the front of the mace-head, and an upwards tick at the back.",Phonemogram,C
HJ T117,141FD,U+141FD,T117,T117,T-01-020,"A coil of rope (V1), written behind the mace head of a mace with a pear-shaped head, written vertically (T3).",Phonemogram,C
T150,141FE,U+141FE,,,T-01-022,"A mace with a pear-shaped head, written vertically, on top of a circle, with two branches at either side of the handle.",Phonemogram/logogram (white crown),C
S014E,141FF,U+141FF,,,T-01-053,"A mace with a pear-shaped head, written vertically (T3), on top of a collar of beads (S12).",Logogram (silver),C
HJ T044,14200,U+14200,T44,T44,T-01-055,"Three maces with a pear-shaped head, written vertically (T3), arranged horizontally, on top of a standard used for carrying religious symbols, with a short vertical pole, with a loop under the horizontal beam, running over the vertical pole (R56).",Phonemogram (in (tꜣ)-ṯnn (divinity)),C
T036C,14201,U+14201,,T36,T-02-003,"A shield with a rounded top, with a boss in the center.",Classifier shield,C
HJ T049,14202,U+14202,T49,T49,T-02-004,"A round shield with a boss in the center, with a vertical line dividing the two halves of the shield.",Classifier shield,C
T049A,14203,U+14203,,,T-02-006,"An oval shield with a boss in the center, with a vertical line dividing the two halves of the shield.",Logogram (shield),C
HJ T007B,14204,U+14204,T7B,T7B,T-03-001,An axe with a round blade and a straight handle.,"Logogram (carpenter, shipwright)",C
HJ AA070,14205,U+14205,Aa70,Aa70,T-03-002,"A strainer, written horizontally, with the handle towards the front, curving downwards and backwards.","Classifier (strainer, colander)",C
HJ T053,14206,U+14206,T53,T53,T-04-002,The broad blade of an axe.,Logogram (metal),C
HJ S018A,14207,U+14207,S18A,S18A,T-05-007,A counterweight of a necklace.,Phonemogram,C
HJ T009D,14208,U+14208,T9D,T9D,T-06-003,"A bow, written horizontally, with a rectangular central section, with the tips of the bow angling downwards.",Phonemogram,C
HJ T009B,14209,U+14209,T9B,T9B,T-06-009,"A bow, written horizontally, with a small rectangle in the middle, with the two limbs angling downwards, with upward coiled tips. ",Logogram/phonemogram (to stretch out),C
HJ T126,1420A,U+1420A,T126,T126,T-06-018,"A bow, written horizontally, with a rectangular central section, with the tips of the bow forming a bowl-shaped loop (T9), on top of legs in a walking posture, feet orientated towards the reading direction (D54).","Classifier beyond, outside",C
T151,1420B,U+1420B,,,T-06-019,"Two horizontal horns, with a curved line of dots running from tip to tip.",Phonemogram/logogram,C
HJ T011B,1420C,U+1420C,T11B,T11B,T-07-002,An arrow with rectangular fletching.,Classifier (arrow),C
T011D,1420D,U+1420D,,,T-07-005,"An arrow with a splayed arrowhead, and rounded fletching.",Phonemogram,C
HJ T125,1420E,U+1420E,T125,T125,T-07-010,"An arrow with rectangular fletching, written vertically, on top of a plan of a crossroads in a village (O49).",Logogram (Syene (Aswan)),C
HJ T131,1420F,U+1420F,T131,T131,T-07-012,"An arrow or dart, with the tip slowly tapering out towards the back.",Phono-repeater,C
HJ T058A,14210,U+14210,T58A,T58A,T-07-014,"A hexagon, with a loop at each corner.",Phonemogram,C
T058C,14211,U+14211,,,T-07-018,"An arrow with rectangular fletching (T11B), written with the fletching towards the front, with the arrowhead inside a hexagon with curling corners.",Phonemogram,C
HJ T060,14212,U+14212,T60,T60,T-07-020,,,
HJ T060A,14213,U+14213,T60A,T60A,T-07-023,"Two arrows, crossing, with the fletching at the top, on top of a standard used for carrying religious symbols (R12).",Logogram (Neith),C
HJ T063,14214,U+14214,T63,T63,T-07-026,"A shield with a rounded top, with two arrows crossed over it, fletching upwards (T62), on top of a standard used for carrying religious symbols, with a loop under the horizontal beam, running over the vertical pole (R12A).","Logogram (Neith, 4th and 5th nomes of Lower Egypt)",C
T063E,14215,U+14215,,,T-07-027,"A shield with a rounded top, on top of a base, with an arrow with the fletching upwards sticking out at either side.","Logogram (Neith, 4th and 5th nomes of Lower Egypt)",C
T063F,14216,U+14216,,,T-07-028,"A shield with a rounded top, with two arrows crossed over it, fletching upwards (T62), on top of a standard used for carrying religious symbols, with a short vertical pole, with a loop under the horizontal beam, running over the vertical pole (R56).","Logogram (Neith, 4th and 5th nomes of Lower Egypt)",C
HJ T063C,14217,U+14217,T63C,T63C,T-07-029,"A shield with a rounded top, with two arrows crossed over it, arrowheads at the top; on top of a standard used for carrying religious symbols, with a short vertical pole, with a loop under the horizontal beam, running over the vertical pole (R56).","Logogram (Neith, 4th and 5th nomes of Lower Egypt)",C
HJ T064,14218,U+14218,T64,T64,T-07-030,"A shield with a rounded top, with two arrows crossed over it, fletching upwards (T62), in front of a clump of three papyrus flowers, with two buds bent down (M15); on top of a standard used for carrying religious symbols (R12).","Logogram (Neith-North, 5th nome of Lower Egypt)",C
HJ T116B,14219,U+14219,T116B,T116B,T-07-031,"A shield with a rounded top, with two arrows crossed over it, fletching upwards (T62), in front of a sedge (M23); on top of a standard used for carrying religious symbols (R12).","Logogram (Neith-South, 4th nome of Lower Egypt)",C
HJ T064B,1421A,U+1421A,T64B,T64B,T-07-034,,,
HJ T116,1421B,U+1421B,T116,T116,T-07-038,"A shield with a rounded top, with two arrows crossed over it, fletching upwards (T62) in front of a mouth (D21) written over a sedge (M23); on top of a standard used for carrying religious symbols (R12), on top of a parcel of land with irrigation ditches (N24).","Logogram (Neith-South, 4th nome of Lower Egypt)",C
HJ T116A,1421C,U+1421C,T116A,T116A,T-07-039,"A shield with a rounded top, with two arrows crossed over it, fletching upwards (T62) in front of a sedge (M23); on top of a standard used for carrying religious symbols (R12), on top of a parcel of land with irrigation ditches (N24).","Logogram (Neith-South, 4th nome of Lower Egypt)",C
HJ T062,1421D,U+1421D,T62,T62,T-07-040,"A shield with a rounded top, with two arrows crossed over it, fletching upwards.",Phonemogram,C
HJ T063A,1421E,U+1421E,T63A,T63A,T-07-044,,,
T063D,1421F,U+1421F,,,T-07-045,"An oval shield on a pole, with two arrows crossed over the shield, fletching towards the front.",Classifier feminine life force,C
HJ AA018A,14220,U+14220,Aa18A,Aa18a,T-07-051,"A cover of a quiver, with a vertical loop on top.",Phonemogram,C
Aa017A,14221,U+14221,,,T-07-057,"A cover of a quiver, resembling two rectangles.",Logogram (back),C
Aa017B,14222,U+14222,,,T-07-058,"A cover of a quiver, with the rope curving into a loop.",Phonemogram,C
Aa018D,14223,U+14223,,,T-07-061,"The cover of a quiver, with a rectangular inset with vertical lines inside, with the rope on top making a sharp corner.",Phonemogram,C
HJ T067,14224,U+14224,T67,T67,T-08-007,"A bowstring, coiled up, with both ends angling downwards.",Phonemogram,C
HJ T067A,14225,U+14225,T67A,T67A,T-08-009,"A bowstring, coiled up, with both ends angling downwards, with a large loop at the ends.",Phonemogram/logogram (mother),C
HJ T012A,14226,U+14226,T12A,T12A,T-08-011,"A bowstring, coiled up, with both ends angling downwards, with a small round loop with a short piece of rope continuing at the ends.",Phonemogram,C
HJ T012B,14227,U+14227,T12B,T12B,T-08-012,"A bowstring, coiled up, with both ends angling downwards, with a small round loop with a short piece of rope continuing at end at the back.",Phonemogram,C
T012D,14228,U+14228,,,T-08-017,"A bowstring, coiled up, with both ends angling downwards, with cone-shaped loops at the ends.",Phono-repeater,C
HJ T013A,14229,U+14229,T13A,T13A,T-09-001,"Pieces of wood, lessening in width towards the top, lashed together with the top piece at an angle, with a loop at the back.",Phonemogram,C
HJ T014A,1422A,U+1422A,T14A,T14A,T-09-007,"A throwing-stick, or a club used by foreign people, on top of a horizontal line.",Phono-repeater,C
HJ T072,1422B,U+1422B,T72,T72,T-09-018,"A band of string or fabric, which coils at the front, written over three throwing-sticks, or clubs used by foreign people (T14), arranged horizontally.",Phonemogram/logogram (strife),C
HJ T133,1422C,U+1422C,T133,T133,T-09-019,,,
T142,1422D,U+1422D,,,T-09-020,"Two throwing-sticks, or clubs used by foreign people (T14), arranged horizontally, on top of a standard used for carrying religious symbols, with a loop under the horizontal beam, running over the vertical pole (R12A).",Logogram/phonemogram (Meter canal),C
HJ T124,1422E,U+1422E,T124,T124,T-09-024,"A fire-drill in a piece of wood (U28), written between two times pieces of wood, lashed together with the top piece at an angle, with a loop and tie at the back (T13), with the first mirrored, on top of a base.",Phonemogram,C
HJ T073,1422F,U+1422F,T73,T73,T-10-005,"A scimitar (khopesh), written vertically, blade curving inwards, with the head of a falcon with a sun disk (N5) on top of it.","Logogram (to be strong, brave, capable)",C
T073B,14230,U+14230,,,T-10-006,"A scimitar (khopesh), written vertically, blade curving forwards, with the head of a falcon with a sun disk (N5) on top of it.","Logogram (valour, strength)",C
HJ T073A,14231,U+14231,T73A,T73A,T-10-007,"A scimitar (khopesh), written vertically, blade curving inwards, with the head of a falcon with he sun within a halo, encircled by a cobra (Naja haje), standing up, with expanded hood (uraeus) (N6); on top of the head.",Logogram (khopesh sword/scimitar),C
T073C,14232,U+14232,,,T-10-008,"A scimitar (khopesh), written vertically, blade curving forwards, with the head of a falcon with he sun within a halo, encircled by a cobra (Naja haje), standing up, with expanded hood (uraeus) (N6); on top of the head.","Classifier to be strong, brave, capable",C
T073D,14233,U+14233,,,T-10-009,"A scimitar (khopesh), written vertically, blade curving inwards, with the head of a falcon, wearing the double crown (S5), on top of it.",Logogram (khopesh sword/scimitar),C
HJ T130,14234,U+14234,T130,T130,T-10-010,"A scimitar (khopesh), written vertically, blade curving forwards, with the handle resembling a one-legged table.","Logogram (to be strong, brave, capable)",C
HJ T074,14235,U+14235,T74,T74,T-12-001,"A shepherd's crook with a package lashed to it, with the top tie replaced by a knife (T30A).",Logogram (to follow),C
HJ T018A,14236,U+14236,T18A,T18A,T-12-004,"A shepherd's crook with a package lashed to it, with a tie above the package.","Logogram (follower, retainer)",C
HJ T075,14237,U+14237,T75,T75,T-12-005,"A shepherd's crook with a package lashed to it, with the top tie replaced by a knife (T30A), on top of legs in a walking posture, feet orientated towards the reading direction (D54)",Logogram (to follow),C
HJ T019A,14238,U+14238,T19A,T19A,T-13-002,A harpoon-head with two horizontal strokes on top and a two angled strokes as point. ,"Classifier stalk, reed",C
HJ T076A,14239,U+14239,T76A,T76A,T-13-006,,,
HJ T079,1423A,U+1423A,T79,T79,T-13-009,"A harpoon-head with two horizontal strokes on top, and triangular point.",Phono-repeater,C
HJ T076B,1423B,U+1423B,T76B,T76B,T-13-010,"A harpoon-head with two horizontal strokes on top, and triangular point on top of a circle.",Phonemogram,C
T019E,1423C,U+1423C,T19,,T-13-012,A harpoon-head with two horizontal strokes on top and a single curl on top of the point.,Phono-repeater,C
T019F,1423D,U+1423D,,T19,T-13-013,A harpoon-head with two horizontal strokes on top and two curls on top of the point.,Phonemogram,C
HJ T076,1423E,U+1423E,T76,T76,T-13-014,"A harpoon-head with two horizontal strokes on top and a single curl on top of the point (T19), on top of a circle.",Phonemogram,C
HJ T019C,1423F,U+1423F,T19C,T19C,T-13-015,harpoon-head with two horizontal strokes and two angled strokes on top of the point,Phonemogram,C
HJ T120,14240,U+14240,T120,T120,T-13-018,"A harpoon-head with two horizontal strokes on top and a single curl on top of the point (T19), on top of a plan of a crossroads in a village (O49).",Phonemogram,C
HJ T021A,14241,U+14241,T21A,T21A,T-13-020,"A two-barbed harpoon, with a handle on the shaft, written horizontally.","Logogram (one, sole)",C
T144,14242,U+14242,,,T-13-023,"A two-barbed harpoon, with a handle on the shaft, written vertically, on top of a half-circle.","Logogram (one, sole)",C
HJ T021D,14243,U+14243,T21D,T21D,T-13-025,"A two-barbed harpoon, with a handle and curl on the shaft, written horizontally.","Logogram (one, sole)",C
HJ T011C,14244,U+14244,T11C,T11C,T-13-026,,,
T021G,14245,U+14245,,,T-13-027,"A two-barbed harpoon, with a rectangle and angled line on the shaft, written horizontally.","Logogram (one, sole)",C
HJ T021C,14246,U+14246,T21C,T21C,T-13-029,"A two-barbed harpoon, with a rectangle and a curl on the shaft, curling towards the shaft, written vertically.","Logogram (one, sole)",C
HJ T021E,14247,U+14247,T21E,T21E,T-13-035,"A two-barbed harpoon, with a handle and curl on the shaft, with a bowl-like curved section at the end, written horizontally.","Logogram (one, sole)",C
HJ T080,14248,U+14248,T80,T80,T-13-039,"A spear, arrow without fletching or a harpoon without handle, written vertically, tip upwards.","Logogram (one, sole)",C
HJ T080B,14249,U+14249,T80B,T80B,T-13-040,"A spear, arrow without fletching or a harpoon without handle, written horizontally.","Classifier lance, spear",C
T022E,1424A,U+1424A,,,T-13-051,"A two-barbed arrowhead, with the point facing downwards, in the ground, resembled by a half-circle.",Phonemogram,C
HJ T022A,1424B,U+1424B,T22A,T22A,T-13-052,"A two-barbed arrowhead, with the point facing downwards, in the ground, resembling a half-circle, with only the barbs visible.",Phonemogram,C
HJ T022B,1424C,U+1424C,T22B,T22B,T-13-053,"A two-barbed arrowhead, point facing downwards, in the ground, resembling a cartouche in the round form (V9), with only the barbs visible.",Phonemogram,C
HJ T022D,1424D,U+1424D,T22D,T22D,T-13-056,"An arrowhead, point facing downwards, in the ground, resembling a cartouche in the round form (V9).",Phonemogram,C
HJ T083A,1424E,U+1424E,T83A,T83A,T-13-062,,,
HJ T083,1424F,U+1424F,T83,T83,T-13-063,,,
T083C,14250,U+14250,,,T-13-064,"A spear, arrow without fletching or a harpoon without handle, written horizontally, on top of a boat/ship, resembling a crescent moon, with an oar/rudder at the back, connected by three lines; on a standard used for carrying religious symbols, with a loop under the horizontal beam, running over the vertical pole (R12A).",Logogram (7th and 8th nomes of Lower Egypt),C
T083D,14251,U+14251,,,T-13-066,"A spear, arrow without fletching or a harpoon without handle, written horizontally, on top of a crescent moon shape, connected by three lines, point towards the front; on a standard used for carrying religious symbols, with a loop under the horizontal beam, running over the vertical pole (R12A).",Logogram (7th and 8th nomes of Lower Egypt),C
HJ T084,14252,U+14252,T84,T84,T-13-067,,,
HJ T084B,14253,U+14253,T84B,T84B,T-13-068,"A spear, arrow without fletching or a harpoon without handle, written horizontally, on top of a crescent moon shape, connected by four lines, with the point towards the back, in front of a feather (H6), angled forwards on top of a standard with a round top, with outwards angled lines coming from the tip of the pole (R14B), on top of a standard used for carrying religious symbols, with a loop under the horizontal beam, running over the vertical pole.",Logogram (7th nome of Lower Egypt),C
HJ T128A,14254,U+14254,T128A,T128A,T-13-070,,,
HJ T128,14255,U+14255,T128,T128,T-13-074,,,
HJ T084A,14256,U+14256,T84A,T84A,T-13-075,"A spear, arrow without fletching or a harpoon without handle, written horizontally, on top of a crescent moon shape, connected by four lines, in front of a feather (H6), angled forwards on top of a standard with a round top, with outwards angled lines coming from the tip of the pole (R14B); on top of a standard used for carrying religious symbols (R12), written on top of a parcel of land with irrigation ditches (N24).",Logogram (7th nome of Lower Egypt),C
HJ T085,14257,U+14257,T85,T85,T-13-076,,,
HJ T136,14258,U+14258,T136,T136,T-14-001,,,
HJ T088B,14259,U+14259,T88B,T88B,T-14-003,"A long net without internal detail, which widens towards the end, with two loops on the front.",Phonemogram,C
HJ T088,1425A,U+1425A,T88,T88,T-14-004,"A long oval net with internal netting, with two loops at the front, with a triangular block at the back.",Logogram (net),C
T088C,1425B,U+1425B,,,T-14-005,"A long oval net with internal netting, with two loops at the front.","Classifier catching, netting",C
HJ T024B,1425C,U+1425C,T24B,T24B,T-14-006,"A round net with internal netting, with ties at the front which angle outwards and backwards.","Classifier catching, netting",C
HJ T088A,1425D,U+1425D,T88A,T88A,T-14-007,"A long, oval net with internal netting, which widens towards the back, with two loops at the front, and a downward curving rope at the back.",Logogram (net),C
T088D,1425E,U+1425E,,,T-14-008,"A long oval net, resembling a loop with vertical lines inside it, with ties at the front which curve outwards and backwards.",Classifier net,C
HJ T024A,1425F,U+1425F,T24A,T24A,T-14-012,"A net used for fishing or fowling, without weights.","Classifier catching, netting",C
HJ T089,14260,U+14260,T89,T89,T-14-017,"A fish-trap, which widens towards the bottom.",Classifier fish-trap,C
HJ T025E,14261,U+14261,T25E,T25E,T-15-001,"A float, made of reed, with a circle with two ties at the top.",Phonemogram,C
T025F,14262,U+14262,,,T-15-006,"A float, made of reed, with a circle with three ties at the top, which resemble triangles.",Phonemogram,C
HJ T025C,14263,U+14263,T25C,T25C,T-15-008,"A float, made of reed.",Phonemogram,C
HJ T025A,14264,U+14264,T25A,T25A,T-15-011,,,
HJ T025B,14265,U+14265,T25B,T25B,T-15-012,"A float, made out of two inwards curving bundles, connected at the bent with an horizontal line.",Phonemogram,C
HJ T026B,14266,U+14266,T26B,T26B,T-16-001,,,
HJ T026E,14267,U+14267,T26E,T26E,T-16-003,,,
HJ T026F,14268,U+14268,T26F,T26F,T-16-004,"A bird trap, with one vertical and horizontal pole, with multiple lines running from the horizontal to the vertical pole, with two lines at 45 degree coming from the corner.",Phonemogram,C
HJ T026G,14269,U+14269,T26G,T26G,T-16-005,"A bird trap, with one vertical and horizontal pole, with a net running from the front to the vertical pole, with two angled strokes on the middle of the net.",Phonemogram,C
T026M,1426A,U+1426A,,,T-16-006,"A bird trap, with two vertical poles at the back, with a net running from the front to the vertical poles, with two upward ticks at the front of the net.",Phonemogram,C
HJ T026H,1426B,U+1426B,T26H,T26h,T-16-007,"A bird trap, with two vertical poles at the back, with a net running from the front to the vertical poles.","Logogram (to weave, to trap)",C
HJ T026A,1426C,U+1426C,T26A,T26A,T-16-008,"A bird trap, with two vertical poles at the back, with a line running from the front to the vertical poles, with two upward ticks at the front of the line.",Phono-repeater,C
T026J,1426D,U+1426D,,,T-16-009,"A bird trap, with two vertical poles at the back, with two lines running from the front to the vertical poles, with two upwards ticks at the front of the line.",Phonemogram,C
HJ T026D,1426E,U+1426E,T26D,T26D,T-16-011,"A bird trap, with a horizontal beam and an upstanding beam at 20 degree clockwise, with a line running from the front to the upstanding beam.","Classifier catching, netting",C
HJ T051,1426F,U+1426F,T51,T51,T-16-021,"A bundle of reeds woven together, bending backwards.",Classifier shelter,C
HJ T090,14270,U+14270,T90,T90,T-16-026,"A hexagon-shaped net trap, with a rope to pull it close.",Classifier net,C
HJ U100,14271,U+14271,U100,U100,T-16-027,"An oval shaped net trap, with a triangular piece at either short end.",Classifier net,C
T090A,14272,U+14272,,,T-16-028,"A hexagon shaped net trap, on top of an oval base, bound between two pillars, the front pillar resembling a flowering reed (M17), the back resembling a stem of papyrus with a bud, with the head of a bird on top of it.",Logogram (net),C
HJ T093,14273,U+14273,T93,T93,T-16-029,A wickerwork fish trap.,Classifier fish-trap,C
HJ T030A,14274,U+14274,T30A,T30A,T-18-001,A knife with a triangular blade and a straight handle.,"Classifier cutting, slaughter",C
T095C,14275,U+14275,,,T-18-007,"A knife with a triangular blade and a straight handle (T30A), written horizontally, on top of an oval.","Logogram (flint, in ds-km, obsidian)",C
HJ T095A,14276,U+14276,T95A,T95A,T-18-008,"A knife with a triangular blade and a straight handle (T30A), written inside an oval.","Logogram (to carve, to enscribe, to engrave)",C
HJ T095,14277,U+14277,T95,T95,T-18-009,"A knife with a triangular blade and a straight handle (T30A), written at a forward angle, blade forwards, on top of an oval.","Logogram (to carve, to enscribe, to engrave)",C
HJ T095B,14278,U+14278,T95B,T95B,T-18-010,"A knife with a triangular blade and a straight handle (T30A), written at a forward angle, blade forwards, on top of an oval with three angled lines inside the oval.","Logogram (to carve, to enscribe, to engrave)",C
HJ T101,14279,U+14279,T101,T101,T-18-023,,,
HJ T102,1427A,U+1427A,T102,T102,T-18-024,"A knife with a triangular blade and a straight handle (T30A), on top of a round-topped butcher's block, with a base with upstanding edges.",Classifier place of execution,C
HJ T102A,1427B,U+1427B,T102A,T102A,T-18-025,"A knife with a triangular blade and a straight handle (T30A), on top of a round-topped butcher's block, with netting as internal decoration, with a base with upstanding edges.",Logogram (place of execution),C
HJ N078,1427C,U+1427C,N78,N78,T-18-026,"A knife with a triangular blade and a straight handle (T30A), on top of a butcher's block, with the base of the block resembling the hill country over the edge of the cultivated areas (N25).",Logogram (place of slaughter),C
T103B,1427D,U+1427D,,,T-18-028,"A knife with a triangular blade and a straight handle (T30A), on top of ribs of beef (F43).","Logogram (butchery, slaughter)",C
HJ T103A,1427E,U+1427E,T103A,T103A,T-18-033,"A knife with a triangular blade and a straight handle (T30A), with the tip of the knife on top of stack of ribs, on top of an upside-down cone (F41C), angling forwards, blade upwards.","Logogram (butchery, slaughter)",C
T146,1427F,U+1427F,,,T-18-035,"A knife with a triangular blade and a straight handle (T30A), on top of a round-topped butcher's block, with the vertical lines of the base extending to the same height as the top of the butcher's block.",Logogram (place of execution),C
T141,14280,U+14280,,,T-18-036,"A knife with a triangular blade and a straight handle (T30A), on top of a wickerwork basket (V30).","Logogram (to carve, to enscribe, to engrave)",C
HJ T031A,14281,U+14281,T31A,T31A,T-18-040,,,
T030D,14282,U+14282,,,T-18-045,"A knife with a rounded blade and rounded handle, with a dotted line of liquid coming from the blade.",Classifier stench,C
HJ T029C,14283,U+14283,T29C,T29C,T-18-047,"A knife with a rounded blade and rounded handle (T30), written over a butcher's block (T28).",Logogram (place of slaughter),C
HJ T029A,14284,U+14284,T29A,T29A,T-18-049,,,
T145,14285,U+14285,,,T-18-051,"A knife with a rounded blade and rounded handle (T30), written over a beer-jug (W22).",Phonemogram,C
HJ T032B,14286,U+14286,T32B,T32B,T-18-061,,,
HJ T140,14287,U+14287,T140,T140,T-19-006,"A knife sharpener, with a thin, curved body, and a loop at the end (T33), on top of legs in a walking posture, feet orientated towards the reading direction (D54).",Phonemogram,C
T033C,14288,U+14288,T33A,T33A,T-19-008,,,
HJ T106,14289,U+14289,T106,T106,T-20-001,A fish-tail shaped ritual object (knife?).,Classifier to spread (in psš-kf (a type of flint knife)),C
HJ T113,1428A,U+1428A,T113,T113,T-21-001,A horizontal line with a crescent moon shape at the front.,Classifier to cause to breathe,C
HJ T086,1428B,U+1428B,T86,T86,T-21-006,"Two harpoon-heads, with a straight line above a angled line as tip, connected to each other.",Classifier points (of a harpoon),C
HJ T087,1428C,U+1428C,T87,T87,T-21-007,A loop of cord with multiple lines with fishhooks hanging from it. ,Classifier hooks,C
HJ T109,1428D,U+1428D,T109,T109,T-21-008,Assumed to be a curved knife.,Classifier circumcision,C
HJ T094,1428E,U+1428E,T94,T94,T-21-010,,,
HJ U131,1428F,U+1428F,U131,U131,U-01-016,"A sickle (U1), on top of legs in a walking posture, feet orientated towards the reading direction (D54).",Phonemogram,C
HJ U007B,14290,U+14290,U7B,U7B,U-02-009,"A hoe with a rope connecting the two pieces, written at an angle (U6), on top of a strip of land (N17).",Classifier hacking,C
HJ U007C,14291,U+14291,U7C,U7C,U-02-011,"A hoe without a rope connecting the two pieces (U8), written at an angle, on top of a strip of land (N17).",Classifier hacking,C
U007E,14292,U+14292,,,U-02-012,"A hoe with a rope connecting the two pieces, written at an angle (U6), on top of a strip of land, with three grains of sand written beneath it (N16).",Logogram (to hack the land),C
HJ U007A,14293,U+14293,U7A,U7A,U-02-013,"A hoe without a rope connecting the two pieces (U8), written at an angle, on top of a circle.",Classifier hacking,C
HJ U007D,14294,U+14294,U7D,U7D,U-02-016,"A hoe with a rope connecting the two pieces, with the frontal sections of the pieces crossing each other.",Phonemogram,C
HJ U052,14295,U+14295,U52,U52,U-03-012,,,
HJ U050A,14296,U+14296,U50A,U50A,U-03-014,"A half-round vessel on its side, with three forward, downward lines of grain coming from the front.","Classifier harvest, crop",C
U050B,14297,U+14297,,,U-03-016,"A half-round vessel on its side, with a forward, downward line of grain coming from the front.",Classifier grain/barley,C
HJ U055A,14298,U+14298,U55A,U55A,U-03-019,"A grain measure, resembling a horizontal stick, with a bulb at the front, with a vertical line on top of the horizontal stick, with an upward stroke behind the vertical line.",Classifier grain,C
U054B,14299,U+14299,,,U-03-022,"A grain measure, resembling a horizontal stick, with a downward hanging bulb at the front, with a vertical line on top of the horizontal stick, with an upward stroke behind the vertical line.",Classifier grain,C
HJ U054,1429A,U+1429A,U54,U54,U-03-027,"A grain measure, resembling a horizontal stick, with a downward hanging bulb at the front, with a rectangle on top, with an upward stroke behind the rectangle.",Classifier grain,C
HJ U055,1429B,U+1429B,U55,U55,U-03-029,,,
HJ U013A,1429C,U+1429C,U13A,U13A,U-05-001,"A plough, with a crossbar and two vertical lines on the long beam, without a circle at the front of the long beam.",Phonemogram,C
HJ U013C,1429D,U+1429D,U13C,U13C,U-05-002,"A plough, with a crossbar and two vertical lines on the long beam, with the long beam curving upwards at the front.",Phono-repeater,C
HJ U014A,1429E,U+1429E,U14A,U14A,U-05-007,,,
HJ U013B,1429F,U+1429F,U13B,U13B,U-05-011,"A plough with a crossbar, with two vertical lines on the tip of the top beam.",Phono-repeater,C
HJ U058,142A0,U+142A0,U58,U58,U-05-012,,,
HJ U013D,142A1,U+142A1,U13D,U13D,U-05-015,"A plough, without a crossbar and two vertical lines on the end of the long beam.",Logogram (fruit),C
HJ U117,142A2,U+142A2,U117,U117,U-05-017,"A hoe without a rope connecting the two pieces, with a downward, backward line of grains coming from the bottom piece.",Logogram (fruit),C
U015B,142A3,U+142A3,,,U-06-002,A sledge with two ties on top.,Phonemogram,C
HJ U015A,142A4,U+142A4,U15A,U15A,U-06-003,"A sledge, with a broad downward loop at the front, with two forward angled lines on top of the loop.",Phonemogram,C
HJ U016A,142A5,U+142A5,U16A,U16A,U-06-006,,,
HJ U016D,142A6,U+142A6,U16D,U16D,U-06-008,"A sledge, with the head of a canine at the front, with a half-circle on the sledge.",Phonemogram,C
HJ U122,142A7,U+142A7,U122,U122,U-06-015,"A rectangular coffin with a rounded lid, and upstanding sides, with a three-by-three block internal decoration, on top of a sledge.",Classifier burial,C
U140,142A8,U+142A8,,,U-06-017,"The sun, within a halo (N5), on top of a sledge (U15).",Logogram (Re-Atoum),C
U017A,142A9,U+142A9,,,U-07-004,"A hoe or pick excavating a rectangular pool, with the handle angling upwards, with the handle towards the front.","Logogram (to found, to establish, to hunt, to lay (a trap))",C
HJ U119,142AA,U+142AA,U119,U119,U-07-007,"A hoe or pick excavating a rectangular pool, resembling the sky (N1), with the handle angling upwards, with the handle towards the back.","Logogram (to found, to establish, to hunt, to lay (a trap))",C
HJ U019A,142AB,U+142AB,U19A,U19A,U-08-002,An adze with an attached blade at the front.,"Classifier claw, nail",C
U134,142AC,U+142AC,,,U-08-005,An adze with a triangular blade at the front.,Phonemogram,C
U020A,142AD,U+142AD,,,U-08-008,"An adze without the downward curve at the end of the handle, with three blades.",Logogram (nail),
HJ U021A,142AE,U+142AE,U21A,U21A,U-08-014,"An adze, with an attached blade at the front, in a piece of wood, with the end handle below the wood.",Phonemogram,C
HJ U064,142AF,U+142AF,U64,U64,U-08-024,"An adze with an attached blade at the front, with multiple horizontal lines.","Classifier claw, nail",C
HJ U065,142B0,U+142B0,U65,U65,U-08-025,"An adze, with an attached triangular blade at the front, bound at the upward piece of the handle, in a piece of wood, with the end handle ending at the height of the wood.",Phonemogram,C
HJ U022A,142B1,U+142B1,U22A,U22A,U-09-007,"A chisel with a conical handle, with a broad base and horizontal line on top, and a blade.",Phonemogram,C
HJ U024E,142B2,U+142B2,U24E,U24E,U-09-011,"A chisel with a half-circle handle, vertical line at the top and a long blade.",Phonemogram,C
HJ U127,142B3,U+142B3,U127,U127,U-09-016,"A drill for drilling holes in beads, with a rectangular handle which slopes inwards towards the drill-bit, with a vertical line as drill-bit (U27B), on top of a horizontal rectangle.",Phonemogram,C
HJ U027B,142B4,U+142B4,U27B,U27B,U-09-017,"A drill for drilling holes in beads, with a rectangular handle which slopes inwards towards the drill-bit, with a vertical line as drill-bit.",Classifier chisel,C
HJ U128,142B5,U+142B5,U128,U128,U-09-018,"A drill for drilling holes in beads, with a handle resembling an upside-down pawn, with a vertical line as drill-bit, on top of a horizontal rectangle.",Phonemogram,C
HJ U027A,142B6,U+142B6,U27A,U27A,U-09-020,,,
HJ U023B,142B7,U+142B7,U23B,U23B,U-09-021,"A hairpin or burin, with a horizontal line above and below the circle of the pin.",Phonemogram,C
HJ U023E,142B8,U+142B8,U23E,U23E,U-09-024,"A hairpin or burin, with a horizontal line under the oval of the pin, and a triangular shape on top of the oval.",Phonemogram,C
U023F,142B9,U+142B9,,,U-09-027,"A hairpin or burin, resembling a vase on a table.",Phonemogram,C
U023G,142BA,U+142BA,,,U-09-028,"A hairpin or burin, with a straight vertical line as pin, with a round head with a triangular top.",Phonemogram,C
HJ U072,142BB,U+142BB,U72,U72,U-09-040,"A drill, consisting of a upside-down conical handle which tapers out into the drill-bit.",Classifier drilling,C
HJ U025C,142BC,U+142BC,U25C,U25C,U-09-047,"A drill, with a conical handle with a dot on top, with a curl in towards the front at the handle, with a round drill-bit with a horizontal line over it.",Phonemogram,C
HJ U025B,142BD,U+142BD,U25B,U25B,U-09-048,"A drill, with a conical handle, with a curl in towards the back at the handle, with a forked drill-bit with a horizontal line over it.",Phonemogram,C
U025D,142BE,U+142BE,,,U-09-052,"A drill, with a half-circle handle, with a curl towards the front on top of the handle, with a round drill-bit with a horizontal line on top of the circle, with a forward curl coming from the horizontal line.",Logogram (to open),C
HJ U024M,142BF,U+142BF,U24M,U24M,U-09-053,"A drill, with a half-circle handle, with a curl towards the front on top of the handle, with a vertical line as drill-bit, on top of a horizontal rectangle.",Phonemogram,C
HJ U024J,142C0,U+142C0,U24J,U24J,U-09-054,,,
HJ U024K,142C1,U+142C1,U24K,U24K,U-09-056,"A drill, with a half-circle handle, with a vertical line on top, with a round drill-bit.",Logogram (to open),C
U024R,142C2,U+142C2,,,U-09-057,"A drill, with a half-circle handle, with a vertical line on top, with a forked drill-bit.",Phonemogram,C
HJ U024I,142C3,U+142C3,U24I,U24I,U-09-058,,,
HJ U024A,142C4,U+142C4,U24A,U24A,U-09-059,"A drill, with a half-circle handle, with a vertical line on top, with a curl towards the front on top of the handle, with a forked drill-bit.",Phonemogram,C
U024O,142C5,U+142C5,,,U-09-060,"A drill, with a half-circle handle, with a vertical line on top, with a curl towards the front on top of the handle, with a forked drill-bit, with a horizontal line on top of the forked drill-bit.",Logogram (craftsman),C
U142,142C6,U+142C6,,,U-09-061,"A drill, with a conical handle on a horizontal line, with a outwards curl at either side of the handle, with a forked drill-bit.",Phonemogram,C
HJ U024D,142C7,U+142C7,U24D,U24D,U-09-064,"A drill, with a half-circle handle, with a vertical line on top, with a curl towards the front on top of the handle, with a round drill-bit, with a horizontal line on top of the round drill-bit.",Logogram (to open),C
U024H,142C8,U+142C8,U24G,U24h,U-09-068,"A drill, with a half-circle handle, with two lines on top, in a V shape, with a forked drill-bit.",Phonemogram,C
HJ U074,142C9,U+142C9,U74,U74,U-09-071,"A drill, with a half-circle handle, with a feather (H6) on top, with a round drill-bit with a horizontal line on top of the circle, with a short vertical stroke next to the drill, connected to the handle.",Logogram (craftsman),C
U024S,142CA,U+142CA,,,U-09-075,"A drill, with a half-circle handle, with a forward angled stroke on top of the handle, with a forked drill-bit, with a horizontal line on top of the forked drill-bit.",Logogram (to open),C
U025F,142CB,U+142CB,,,U-09-077,"A drill, with a round handle with a horizontal line on top, with a forward, upward line at the front of the circle, with a round drill-bit with a horizontal line over it. ",Logogram (craftsman),C
U025G,142CC,U+142CC,U25,,U-09-078,,,
HJ U025A,142CD,U+142CD,U25A,U25A,U-09-079,"A stoneworker's drill weighted at the top with stones, lashed together with strings, with two right angled bends in the drill-bit.",Logogram (skilled),C
HJ U024C,142CE,U+142CE,U24C,U24C,U-09-081,"A stoneworker's drill, with a round handle with two ties at the top, in a V-shape, with two right angled bends in the drill-bit.",Logogram (craft),C
U024G,142CF,U+142CF,U24H,U24G,U-09-082,,,
HJ U024B,142D0,U+142D0,U24B,U24B,U-09-083,"A drill, with a half-circle handle, with a forward angled loop and a backwards tick on top of the handle, with a round drill-bit, with a horizontal line above and below the drill-bit.",Logogram (craftsman),C
U026B,142D1,U+142D1,,,U-09-089,"A drill with a handle consisting of a horizontal line with a vertical line on top of each side, with a round drill-bit with a horizontal line over it. ",Logogram (to open),C
HJ U075,142D2,U+142D2,U75,U75,U-09-092,,,
U024T,142D3,U+142D3,,,U-09-097,"A drill, with a rectangular handle with a forward curving line on it, with a forked drill-bit with a horizontal line over it. ",Logogram (craftsman),C
U027D,142D4,U+142D4,,,U-09-098,"A drill, with a rectangular handle with a loop on it, with a round drill-bit with a horizontal line over it. ",Logogram (to open),C
U027C,142D5,U+142D5,,,U-09-099,"A drill, with a rectangular handle with a loop on it, with a forked drill-bit, with a horizontal line on top of the forked drill-bit.",Logogram (to open),C
U024Q,142D6,U+142D6,,,U-09-105,"A drill, with a handle consisting of a horizontal line with a curling line which curves from the back to the front on top of the horizontal line, with a forked drill-bit, with a horizontal line on top of the drill-bit.",Logogram (to open),C
HJ U024N,142D7,U+142D7,U24N,U24N,U-09-106,"A drill, with a handle consisting of a horizontal line with a circle on top of the horizontal line, with a round drill-bit, with a horizontal line on top of the drill-bit.",Phonemogram,C
HJ U030A,142D8,U+142D8,U30A,U30A,U-11-003,"A pottery kiln, with the bottom curving forwards.",Phonemogram,C
U030C,142D9,U+142D9,,,U-11-009,"A pottery kiln, with the bottom curving forwards, without the round lid on top.",Phonemogram,C
U032D,142DA,U+142DA,,,U-12-003,"A pestle, inside a mortar, with angular corners.",Phonemogram,C
U032F,142DB,U+142DB,U32A,U32A,U-12-004,"A pestle, inside a square-bottomed mortar.",Phono-repeater,C
HJ U032B,142DC,U+142DC,U32B,U32B,U-12-006,"A pestle with a handle/tick at the front, inside a round-bottomed mortar.",Phonemogram,C
HJ U033A,142DD,U+142DD,U33A,U33A,U-12-012,A pestle with a vertical line over the bottom.,Phonemogram,C
HJ U034A,142DE,U+142DE,U34A,U34A,U-13-002,A spindle resembling a dagger with a pointed tip (T8A).,Phonemogram,C
U088A,142DF,U+142DF,,,U-15-007,"A razor, with a straight handle, orientated to the front.",Classifier shaving,C
U141,142E0,U+142E0,,,U-15-009,"Two razors, handles upwards, inside a pouch.",Logogram (to shave),C
HJ U089,142E1,U+142E1,U89,U89,U-15-010,,,
HJ U038A,142E2,U+142E2,U38A,U38A,U-16-001,A simplified representation of a balance on a pole.,"Classifier balance, scale",C
HJ U038C,142E3,U+142E3,U38C,U38C,U-16-003,"A balance, with the pole resembling a column with a base, with a tenon at the top (O28B), with a plummet, resembling a heart (F34).",Logogram (balance (in mḫꜣ.t-tꜣ.wy)),C
HJ U091,142E4,U+142E4,U91,U91,U-16-008,"A balance, without a pole (or a handheld balance).","Classifier balance, scale",C
HJ U039A,142E5,U+142E5,U39A,U39A,U-16-012,"A pole of a balance, with the pole resembling a seat (Q1).","Logogram (to lift, to raise)",C
HJ U039C,142E6,U+142E6,U39C,U39C,U-16-014,,,
HJ U039P,142E7,U+142E7,U39P,U39P,U-16-015,,,
HJ U039F,142E8,U+142E8,U39F,U39F,U-16-016,"The pole of a balance, with the pole resembling a seat (Q1), with a plummet resembling a heart (F34) hanging from the crossbeam.","Classifier lifting, carrying",C
HJ U039O,142E9,U+142E9,U39O,U39O,U-16-017,"The pole of a balance, with the pole resembling a seat (Q1), with a plummet resembling a heart (F34) hanging from a forward, downward curving line.","Logogram (to lift, to carry)",C
U039S,142EA,U+142EA,,,U-16-020,"The pole of a balance, resembling a column with a base, with a tenon at the top (O28B), with an upward angling crossbeam.","Logogram (to lift, to carry)",C
HJ U039N,142EB,U+142EB,U39N,U39N,U-16-021,"The pole of a balance, resembling a column with a base, with a tenon at the top (O28B), with a plummet resembling a heart (F34) hanging from the crossbeam.","Logogram (to lift, to carry)",C
HJ U039I,142EC,U+142EC,U39I,U39I,U-16-025,A schematic representation of the pole of a balance.,"Classifier lifting, carrying",C
HJ U039B,142ED,U+142ED,U39B,U39B,U-16-028,,,
HJ U039Q,142EE,U+142EE,U39Q,U39Q,U-16-029,"The pole of a balance, represented as a vertical line with a curved hook at the front.","Classifier to raise, to lift up",C
HJ U039H,142EF,U+142EF,U39H,U39h,U-16-031,"A tool, represented as a vertical line with a horizontal line at the front, with a line with a plummet resembling a heart (F34) hanging from the horizontal line.",Classifier measuring tool?,C
U003F,142F0,U+142F0,,,U-16-032,"The pole of a balance, represented as a vertical line with a curved hook at the front, with a horizontal base.","Classifier lifting, carrying",C
HJ U039E,142F1,U+142F1,U39E,U39E,U-16-034,"The pole of a balance, on a horizontal base, with a angled line on each side as support, with a line with a plummet resembling a heart (F34) hanging from the hook.","Classifier lifting, carrying",C
HJ U039D,142F2,U+142F2,U39D,U39D,U-16-036,"The pole of a balance, with the crossbar resembling a feather (H6), written horizontally.",Phonemogram (ꞽn wṯs-ḥr),C
HJ U094,142F3,U+142F3,U94,U94,U-16-038,"An astronomical instrument, with a line coming from the top of the rectangle, with a plummet at the end of the line, below the base of the object.","Classifier service, task",C
HJ U094A,142F4,U+142F4,U94A,U94A,U-16-039,An astronomical instrument without a line and plummet.,"Logogram (service, task)",C
HJ U095,142F5,U+142F5,U95,U95,U-16-042,,,
HJ U096,142F6,U+142F6,U96,U96,U-16-043,"An astronomical instrument to measure the movements of the stars, consisting of a square block coming from a long horizontal base, with a vertical line going over the middle of the square block, descending below the block, with a plummet in the shape of a heart (F34) hanging below the base.","Logogram (service, task)",C
U096A,142F7,U+142F7,,,U-16-044,"An astronomical instrument to measure the movements of the stars, consisting of two vertical ovals at the front of a long horizontal base, with a plummet in the shape of a heart (F34) hanging below the base, connected to a vertical line between the two ovals, with an upward dot in the middle of the horizontal base.",Classifier astronomical instrument,C
U039T,142F8,U+142F8,,,U-16-045,"An astronomical instrument, resembling a façade of a shrine with a flat roof, with oblique sides, with a large doorway (O21B), on a long base, beside a sandy hill slope (N29), with a line coming from the top of the shrine, with a plummet at the end of the line, below the base of the shrine.","Logogram (service, task)",C
HJ U097,142F9,U+142F9,U97,U97,U-16-048,"A level, consisting of three beams in the shape of an A, with a vertical line with a plummet coming from the top corner.","Classifier length, width",C
HJ U097A,142FA,U+142FA,U97A,U97A,U-16-049,"A level, consisting of two beams in a triangular formation, with a vertical line with a plummet coming from the top corner.",Phonemogram,C
HJ U099A,142FB,U+142FB,U99A,U99A,U-17-004,"A tall potter's wheel, with a forward angling lump of clay on top of the wheel.","Classifier to shape, to create",C
HJ U099B,142FC,U+142FC,U99B,U99B,U-17-005,"The head of a human man, seen in profile, with a short straight beard (D1), on top of a tall potter's wheel.",Logogram (life),C
HJ U099C,142FD,U+142FD,U99C,U99C,U-17-008,"A tall potter's wheel, with a lump of clay on top of the wheel.",Classifier potter's wheel,C
U099H,142FE,U+142FE,,,U-17-010,"A flat bottom jar without handles, with a broad rim, on top of a low potter's wheel.",Classifier potter,C
U099E,142FF,U+142FF,,,U-17-011,"A potter's wheel, resembling a wickerwork basket (V30), on a small vertical rectangle, with a wide base (O9C).",Logogram (potter's wheel),C
U143,14300,U+14300,,,U-17-012,A potter's wheel.,Classifier potter's wheel,C
HJ AA023S,14301,U+14301,Aa23S,Aa23S,U-18-002,,,
HJ AA023C,14302,U+14302,Aa23C,Aa23C,U-18-006,,,
HJ AA023R,14303,U+14303,Aa23R,Aa23R,U-18-009,"A wine press, consisting of two rectangular forked poles, with a slightly curved line between the poles, on which a basket hangs, connected by three lines to the curved line.",Logogram (Chesemu (divinity)),C
HJ AA023D,14304,U+14304,Aa23D,Aa23D,U-18-010,"A wine press, consisting of two rectangular forked poles, with a horizontal line just below the forks, extending beyond the poles, with two vertical lines of 3 dots coming from the middle of the horizontal line.",Logogram (Chesemu (divinity)),C
Aa023B,14305,U+14305,,Aa23B,U-18-011,,,
HJ AA023J,14306,U+14306,Aa23J,Aa23J,U-18-016,"A wine press, resembling two masts of a ship with two prongs, connected by vertical lines (P6) on a base, with a wide cup (W10) between the two masts, on top of the base, with two horizontal lines connecting the inner prongs of the masts.",Logogram (Chesemu (divinity)),C
HJ AA023L,14307,U+14307,Aa23L,Aa23L,U-18-018,"A wine press, resembling two masts of a ship with two prongs, connected by vertical lines (P6) on a base, with a wide cup (W10) between the two masts, on top of the base, with a horizontal line connecting the inner prongs of the mast, with a loop of cord with the ends upwards (V6), written with the ties over the horizontal line.",Logogram (Chesemu (divinity)),C
Aa023Y,14308,U+14308,,,U-18-020,"A wine press, with two forked poles, with two horizontal lines written over the middle of the shaft of the two poles, extending beyond the poles, with a wide cup (W10) written on top of the top horizontal line.",Logogram (Chesemu (divinity)),C
HJ AA023K,14309,U+14309,Aa23K,Aa23K,U-18-021,,,
HJ AA023F,1430A,U+1430A,Aa23F,Aa23F,U-18-022,,,
HJ AA023P,1430B,U+1430B,Aa23P,Aa23P,U-18-025,"A wine press, resembling two masts of a ship with two prongs, connected by vertical lines (P6) on a base, with a line connecting the shafts of the poles, with a loop and tie at the far side.",Logogram (Chesemu (divinity)),C
HJ AA023O,1430C,U+1430C,Aa23O,Aa23O,U-18-026,,,
Aa023Z,1430D,U+1430D,,,U-18-027,"A wine press, consisting of two rectangular forked poles, with two horizontal lines at the top of the two poles.",,C
HJ AA023I,1430E,U+1430E,Aa23I,Aa23I,U-18-030,,,
HJ AA023M,1430F,U+1430F,Aa23M,Aa23M,U-18-035,"A warp, stretched between two forked poles with a short shaft below the fork.","Logogram (to press, to cling (to))",C
HJ AA024A,14310,U+14310,Aa24A,Aa24A,U-18-037,"A warp, stretched between two poles resembling wide cups (W10), with ties extending downwards at the back.","Classifier pressing, hitting",C
HJ AA024B,14311,U+14311,Aa24B,Aa24B,U-18-040,,,
HJ S132,14312,U+14312,S132,S132,U-18-043,"Two rectangular pieces of cloth, with fringes on the short sides, written vertically, with a loop around the two pieces of cloth.",Phonemogram,C
HJ U101,14313,U+14313,U101,U101,U-19-001,A circular sieve.,Classifier gold dust,C
HJ U103,14314,U+14314,U103,U103,U-19-004,A rectangular cage with netted sides.,Classifier cage,C
HJ U093,14315,U+14315,U93,U93,U-19-005,A cauldron.,Classifier cauldron,C
HJ AA027C,14316,U+14316,Aa27C,Aa27C,U-21-005,,,
HJ AA027D,14317,U+14317,Aa27D,Aa27D,U-21-006,"A milling tool, with a long vertical stick under a horizontal oval with vertical lines at the short sides.",Phonemogram,C
HJ AA027E,14318,U+14318,Aa27E,Aa27E,U-21-014,"A milling tool, with a long vertical stick, under a half-circle, with vertical lines at the short sides.",Phonemogram,C
HJ U098,14319,U+14319,U98,U98,U-22-002,"A diamond shaped plummet of a balance with an backward and downward curving string / A diamond shaped brazier with a flame rising from it, flame angling towards the front.",Classifier flame,C
HJ U109,1431A,U+1431A,U109,U109,U-22-003,A broom.,"Classifier sweeping, wiping",C
HJ U105,1431B,U+1431B,U105,U105,U-22-005,A saw.,Classifier saw,C
HJ U107,1431C,U+1431C,U107,U107,U-22-009,Upright of a ladder.,Classifier (upright of a ladder),C
Aa029A,1431D,U+1431D,Aa29,,U-22-020,"An instrument used by bricklayers, with a triangular extension at the front.",Phonemogram,C
HJ V002B,1431E,U+1431E,V2B,V2B,V-01-018,,,
HJ V043A,1431F,U+1431F,V43A,V43A,V-01-023,"Three coils of rope (V1), arranged horizontally, on top of a horizontal line.","Logogram (field, arable land)",C
HJ V046,14320,U+14320,V46,V46,V-01-027,"A Hieratic ligature of a horizontal line, intersected in the middle by a coil of rope (V2), above legs in a walking posture, feet orientated towards the reading direction (D54).",Phono-repeater sṯꜣ and classifier movement sṯꜣ&,C
HJ V045,14321,U+14321,V45,V45,V-01-030,"A rope, resembling a plan of a courtyard or reed shelter (O4).",Phono-repeater,C
HJ V048,14322,U+14322,V48,V48,V-01-043,"A loop of cord with the ends upwards (V006), combined with a folded piece of cloth (S029) mirrored horizontally.",Classifier clothing,C
HJ V049,14323,U+14323,V49,V49,V-01-046,"A leaf, root and stem of a lotus-plant, with the leaf resembling a loop of cord with the ends downwards (V7), and with the root resembling a cartouche in a round form (V9).",Phonemogram,C
HJ V054,14324,U+14324,V54,V54,V-02-007,"An egg (H008) above a stroke shaped like an eyebrow (D013), written inside a cartouche in a round form (V009), with three stems of papyrus with a bud (M013) at the front, and three stems of papyrus with a flowering bud (M127) at the back.",Logogram (cult image?),C
V129A,14325,U+14325,,,V-03-003,"An oval cartouche, written vertically, with two horizontal lines inside the cartouche.",Logogram (name),C
HJ V058,14326,U+14326,V58,V58,V-04-001,,,
HJ V059,14327,U+14327,V59,V59,V-04-002,"A coiled rope, resembling a W shape.",Logogram (float? (part of the hunting equipment for hunting hippos)),C
HJ V062,14328,U+14328,V62,V62,V-04-009,,,
HJ V063,14329,U+14329,V63,V63,V-04-010,"A wide band of string or fabric, written within an oval of dots.",Phonemogram,C
V016C,1432A,U+1432A,,,V-04-019,"A looped cord, used as a hobble for cattle, with two horizontal loops and four vertical loops.",Phonemogram,C
HJ V016A,1432B,U+1432B,V16A,V16A,V-04-020,"A looped cord, used as a hobble for cattle, with two horizontal loops and six vertical loops.",Phonemogram,C
HJ V016B,1432C,U+1432C,V16B,V16B,V-04-021,"A looped cord, used as a hobble for cattle, without horizontal loops, with six vertical loops.",Phonemogram,C
V017C,1432D,U+1432D,,,V-04-028,"A rolled-up herdsman's shelter of papyrus, with a rectangle at either side and the top of the loop.",Logogram (protection),C
HJ V017B,1432E,U+1432E,V17B,V17B,V-04-029,"A rolled-up herdsman's shelter of papyrus, with a rectangle at either side of the loop, and a cross on top of the loop.",Logogram (protection),C
HJ V021A,1432F,U+1432F,V21A,V21A,V-04-054,"A cobra in repose (Naja haje) (I10), written over a hobble for cattle without a crossbar (V20).",Phonemogram,C
V021C,14330,U+14330,V21,,V-04-056,,,
HJ V117,14331,U+14331,V117,V117,V-04-057,"Two loops of rope, with the ends curling outwards (V58), arranged horizontally, on top of a standard used for carrying religious symbols (R12).",Logogram (19th nome of Upper Egypt),C
HJ V117A,14332,U+14332,V117A,V117A,V-04-058,"Two loops of rope, with the ends curling outwards (V58), arranged horizontally, on top of a standard used for carrying religious symbols (R12), written on top of a parcel of land with irrigation ditches (N24).",Logogram (19th nome of Upper Egypt),C
HJ V023B,14333,U+14333,V23B,V23B,V-05-004,A whip without internal detail and a loop at the back.,Phonemogram,C
HJ V065A,14334,U+14334,V65A,V65A,V-05-011,A whip with a loop at the front and the back.,Phonemogram,C
HJ AA027A,14335,U+14335,Aa27A,Aa27A,V-06-011,,,
HJ V065,14336,U+14336,V65,V65,V-07-005,"A tool used for the fixing of nets, with loops at either ends.",Phonemogram,C
V028F,14337,U+14337,V28A,V28A,V-08-002,"A wick of twisted flax, consisting of a singular loop at the top.",Interpretant,C
HJ V028B,14338,U+14338,V28B,V28B,V-08-004,"A wick of twisted flax, consisting of four loops.",Interpretant,C
HJ V028C,14339,U+14339,V28C,V28C,V-08-005,"A wick of twisted flax, consisting of two loops.",Interpretant,C
HJ V119,1433A,U+1433A,V119,V119,V-08-021,,,
V084B,1433B,U+1433B,,,V-08-024,"A swap made from a hank of fiber, with three loops, with a horizontal forward line coming from the top loop.",Phonemogram,C
V084A,1433C,U+1433C,,,V-08-025,"A swap made from a hank of fiber, with two loops, with a forward tick and a small loop on top of the top loop.","Classifier to dispel, to drive away",C
V149,1433D,U+1433D,,,V-08-031,"A mace with a pear-shaped head, rotated 45 degree forwards (T2), with the mace-head leaning against a wick of twisted flax, consisting of three loops (V28).","Logogram (to strike, to drive)",C
V028G,1433E,U+1433E,,,V-08-034,"A swap made from a hank of fiber, with three loops, with three strokes on the top loop.",Phonemogram,C
V029B,1433F,U+1433F,V29A,V29A,V-08-039,"A swab made from a hank of fiber with two loops, with fringes on the wide top-piece.",Phonemogram,C
HJ V091,14340,U+14340,V91,V91,V-08-040,A swab made from a hank of fiber with three loops.,Phonemogram,C
HJ V089,14341,U+14341,V89,V89,V-08-046,"A swap made from a hank of fiber, with two loops, with ties at the top and bottom.",Phonemogram,C
V148,14342,U+14342,,,V-08-053,"A wick of twisted flax, orientated on its side, curving upwards.",Classifier (wick),C
HJ V031B,14343,U+14343,V31B,V31B,V-09-011, A wickerwork basket with a handle at either side.,Phonemogram,C
HJ V096,14344,U+14344,V96,V96,V-09-016,"A wickerwork basket, with a vertical string with a bead attached to it on the far side.",Phonemogram,C
HJ V115,14345,U+14345,V115,V115,V-09-019,"Three feathers (H6), arranged horizontally, on top of a wickerwork basket with a handle, orientated with the handle to the back (V31).",Phonemogram,C
HJ V097,14346,U+14346,V97,V97,V-10-001,"Square woven basket (see Jequier, BIFAO 7, 89-94)",Classifier (offering),C
HJ V032D,14347,U+14347,V32D,V32D,V-11-002,,,
HJ V032E,14348,U+14348,V32E,V32E,V-11-005,"A wickerwork frail with ties, and spiked end-pieces.",Phonemogram,C
HJ V032B,14349,U+14349,V32B,V32B,V-11-010,A wickerwork frail without ties or internal decoration.,Phonemogram,C
HJ V098,1434A,U+1434A,V98,V98,V-14-001,A sheath or receptacle with V shaped indentation at the top.,Phonemogram,C
V098A,1434B,U+1434B,,,V-14-003,"A sheath or receptacle with V shaped indentation at the top, on top of a base, with a rectangle written inside it.",Phono-repeater,C
HJ V036G,1434C,U+1434C,V36G,V36G,V-14-010,"A sheath or receptacle with V shaped indentation at the top, bound at the top with a loop and tie at the backside.",Phonemogram,C
HJ V036E,1434D,U+1434D,V36E,V36E,V-14-012,"A sheath or receptacle with V shaped indentation at the top, on top of a base, with a small rectangle inside, bound at the top with a tie and loop at either side.",Phonemogram,C
HJ V036A,1434E,U+1434E,V36A,V36A,V-14-016,"A sheath or receptacle with V shaped indentation at the top, with a forward curved line coming from the indentation, bound at the top with a loop and tie at the backside.",Phonemogram,C
HJ V036H,1434F,U+1434F,V36H,V36h,V-14-018,"A sheath or receptacle with V shaped indentation at the top, on top of a base, with a forward curved line coming from the indentation, bound at the top with a loop and tie at the backside.",Phonemogram,C
V036K,14350,U+14350,,,V-14-019,"A sheath or receptacle with V shaped indentation at the top, on top of a base, with a forward curved line coming from the indentation.",Phono-repeater,C
HJ V036B,14351,U+14351,V36B,V36B,V-14-024,,,
HJ F143,14352,U+14352,F143,F143,V-15-005,"A basket-shaped bag with a tied off end at the front / A uterus of a cow, tied off at the front.",Phonemogram,C
HJ V131,14353,U+14353,V131,V131,V-15-010,"A basket-shaped bag with a tied off end at the front, with a split end / A uterus of a cow, tied off at the front, with a split end.",Phonemogram,C
HJ F143C,14354,U+14354,F143C,F143C,V-15-012,"A basket-shaped bag with a tied off end at the front, resembling a loop, with an upwards stroke at the back / A uterus of a cow, tied off at the front, with an upward stroke at the back.",Phonemogram,C
HJ V132,14355,U+14355,V132,V132,V-15-013,"The womb of a cow, with fallopian tubes.",Logogram/phonemogram (womb),C
HJ V102,14356,U+14356,V102,V102,V-16-001,A cross-section of a cup or vessel.,Phonemogram,C
HJ V110,14357,U+14357,V110,V110,V-17-002,"A net, with loops at the top ends.",Logogram (net),C
V110B,14358,U+14358,,,V-17-003,"A net, with loops and ties at the top ends.",Logogram (net),C
HJ W001B,14359,U+14359,W1B,W1B,W-01-004,"A sealed ointment jar with a round lid, with ties.","Classifier oil, unguent",C
HJ W027B,1435A,U+1435A,W27B,W27B,W-01-009,"A perfume jar with triangular handles, with a round lid with a triangular knob.",Phonemogram,C
HJ W027,1435B,U+1435B,W27,W27,W-01-010,"A sealed perfume jar with triangular handles, with a round lid, with ties.",Phonemogram,C
W027C,1435C,U+1435C,,,W-01-011,"A sealed vessel with triangular handles, with a round lid without knob.","Classifier oil, unguent",C
HJ W002B,1435D,U+1435D,W2B,W2B,W-01-012,"A tall vessel with a round lid with rim, without knob.","Classifier oil, unguent",C
HJ W029,1435E,U+1435E,W29,W29,W-01-014,"A tall vessel with a round lid without rim, without knob.","Classifier liquid, fluid",C
HJ W027A,1435F,U+1435F,W27A,W27A,W-01-015,"A sealed perfume jar, without handles, with ties.","Classifier oil, unguent",C
HJ W030,14360,U+14360,W30,W30,W-01-017,An ointment jar without seal.,"Classifier oil, unguent",C
HJ W032,14361,U+14361,W32,W32,W-01-021,"A vessel which widens at the base, with a rectangular lid.","Classifier/logogram oil, unguent",C
HJ W032A,14362,U+14362,W32A,W32A,W-01-024,A vessel with a rectangular lid.,"Logogram/Phonemogram (oil, unguent)",C
W003C,14363,U+14363,W3A,W3A,W-02-003,"An alabaster basin with a diamond shaped inner marking, with additional internal decoration / A wickerwork basket with a diamond shaped inner marking and with the wickerwork structure visible.",Logogram (lord),C
W005B,14364,U+14364,,,W-02-011,"An alabaster basin with a diamond shaped inner marking (W3), on top of a butcher's block (T28).",Logogram (lector priest),C
HJ W038,14365,U+14365,W38,W38,W-02-012,,,
HJ W039,14366,U+14366,W39,W39,W-02-013,"An alabaster basin with a diamond shaped inner marking (W3), with two forearms coming from the top the basin, forearms and hands vertical, hand palms inwards, with a forearm, with the palm of the hand facing upwards (D36) written over the arms.",Phonemogram,C
W009E,14367,U+14367,W9B,,W-03-002,"A stone jug, with a very narrow base, with a large handle connecting to the rim, without a small handle.",Phonemogram,C
W009B,14368,U+14368,,W9B,W-03-003,,,
W009F,14369,U+14369,W9A,W9A,W-03-006,"A stone jug with a large handle connecting to the rim, and a small handle.",Phonemogram,C
HJ W040,1436A,U+1436A,W40,W40,W-03-009,A rounded stone jug with a large handle connecting to the rim.,Phonemogram,C
HJ W041,1436B,U+1436B,W41,W41,W-03-011,"A tall stone jug, which widens at the base, with a large handle connecting to the rim.",Phonemogram,C
HJ W010B,1436C,U+1436C,W10B,W10B,W-04-009,"A tall cup, with a rim wider than its base.",Logogram (cup),C
HJ W011A,1436D,U+1436D,W11A,W11A,W-05-003,"A ring-stand for jars, without internal decoration.",Phonemogram,C
W014D,1436E,U+1436E,W14A,W14A,W-06-010,A tall water pot with a spout.,"Classifier jar, vessel",C
HJ W015A,1436F,U+1436F,W15A,W15A,W-06-012,"A tall water pot with a spout, with a line of liquid coming from the spout.",Classifier cool,C
HJ W015B,14370,U+14370,W15B,W15B,W-06-016,"A tall water pot with a spout, with a forward, downward line of liquid coming from the top of the vessel.","Classifier to be cool, to cool",C
W015D,14371,U+14371,,,W-06-017,"A tall water pot with a spout, with a backward, downward line of liquid coming from the top of the vessel.",Logogram (cool water/libation water),C
HJ W045,14372,U+14372,W45,W45,W-06-021,"A tall water pot, rotated 45 degree forward angle, with a forward, downward dotted line coming from the top.","Classifier to pour, to sprinkle",C
W099A,14373,U+14373,,,W-06-023,"A tall water pot, with a forward, downward line of liquid coming from the top of the vessel, with the line ending on top of a canal (N36).","Logogram (to be cool, to cool)",C
W099C,14374,U+14374,,,W-06-025,"A tall water pot with a spout, with a line of liquid coming from the spout (W15), with the line ending on top of a canal (N36).",Logogram (cool water/libation water),C
HJ W047,14375,U+14375,W47,W47,W-06-027,"A tall water pot with a spout, with a line of liquid coming from the spout (W15), on top of the hill country over the edge of the cultivated areas (N25).",Logogram (the (first) cataract),C
HJ W048,14376,U+14376,W48,W48,W-06-028,"A tall water pot with a spout, with a line of liquid coming from the spout (W15), on top of a plan of a crossroads in a village (O49).","Phonemogram/logogram (in ḳbḥ.wy (the two sources, i.e., Egypt))",C
HJ W048A,14377,U+14377,W48A,W48A,W-06-030,"A tall water pot with a spout, with a line of liquid coming from the spout (W15), in front of its mirror, with the lines of water ending on top of a plan of a crossroads in a village (O49).","Logogram (the two sources, i.e. Egypt)",C
HJ W016A,14378,U+14378,W16A,W16A,W-06-031,"A tall water pot with a spout, with a line of liquid coming from the spout (W15), inside a ring-stand.",Logogram (cool water/libation water),C
HJ W017B,14379,U+14379,W17B,W17B,W-06-040,"A representation of water pots in a rack, with the water pots resembling a rectangle with a slightly wider base and top.",Phonemogram,C
W017C,1437A,U+1437A,W17C,,W-06-043,"A schematic representation of three sealed water pots in a rack, with the downward curving lines connecting to the base.",Phonemogram,C
HJ W017D,1437B,U+1437B,W17D,W17D,W-06-044,"A schematic representation of three sealed water pots in a rack, without a base, with a block of four rectangles on top.",Phonemogram,C
W017F,1437C,U+1437C,W17A,W17A,W-06-045,A schematic representation of three sealed water pots in a rack.,Phonemogram,C
HJ W018B,1437D,U+1437D,W18B,W18B,W-06-046,A schematic representation of four sealed water pots in a rack.,Phonemogram,C
W018D,1437E,U+1437E,W18A,W18A,W-06-047,,,
W019A,1437F,U+1437F,,,W-07-002,"A milk jar in a carrying sling, with upward lines above the vessel, resembling the horns of a bovid (F13).",Phonemogram,C
W020A,14380,U+14380,,,W-07-007,"A rounded milk jar with two horizontal lines over the jar, with a leaf covering the milk.",Classifier milk,C
HJ W050,14381,U+14381,W50,W50,W-07-009,A milk jar with a leaf covering the milk.,Classifier milk,C
HJ W121,14382,U+14382,W121,W121,W-07-011,,,
HJ W052,14383,U+14383,W52,W52,W-08-001,,,
HJ W053,14384,U+14384,W53,W53,W-08-002,"A tall milk jug in a carrying sling, with upward lines above the vessel, resembling the horns of a bovid (F13).",Phonemogram,C
HJ W053A,14385,U+14385,W53A,W53A,W-08-003,"A situla which widens at the base, with a triangular stand, with a carrying loop, with two upward lines coming from the rim.",Classifier vessel (situla?),C
HJ W054,14386,U+14386,W54,W54,W-09-001,"A vase on its side, with liquid issuing from it.","Logogram (to be pure, to be clean)",C
HJ W057,14387,U+14387,W57,W57,W-09-003,"A vase on its side, with liquid issuing from it (W54), ending in a basin.","Classifier to pour out, to empty",C
HJ W056,14388,U+14388,W56,W56,W-09-006,"A vase with a broad rim, rotated 45 degree forwards, with a forward line of liquid coming from the vase.",Phonemogram,C
W021D,14389,U+14389,W21D,,W-10-002,"Two round vessels with a broad rim, arranged horizontally, connected by two lines.",Classifier beer-jug,C
HJ W122,1438A,U+1438A,W122,W122,W-10-003,,,
HJ W021A,1438B,U+1438B,W21A,W21A,W-10-005,"A twin set of round vessels with an upstanding rim, bound together.",Classifier drunkenness,C
HJ W021B,1438C,U+1438C,W21B,W21B,W-10-006,"Two conical wine jars, arranged horizontally, connected by multiple lines.",Classifier wine,C
HJ W021C,1438D,U+1438D,W21C,W21C,W-10-008,,,
HJ W123,1438E,U+1438E,W123,W123,W-11-001,,,
HJ W059,1438F,U+1438F,W59,W59,W-11-002,"A wine jar with a broad rim, with two horizontal lines over the jar.","Classifier liquid, fluid",C
HJ W060,14390,U+14390,W60,W60,W-11-003,"A wine jar with a long neck and broad rim, with two horizontal lines over the jar.",Classifier jar,C
HJ W061,14391,U+14391,W61,W61,W-11-005,"A long necked, round bottom vessel, with a broad rim, with a horizontal line over the vessel.","Classifier oil, unguent",C
HJ W113,14392,U+14392,W113,W113,W-11-009,"A broad cup (W10), with a triangle of rectangular bricks on top of it.",Logogram diw-(the five pellets),C
W125A,14393,U+14393,,,W-11-010,"A flat bottom jug with a rounded top, with a small upward rim.",Classifier jug,C
HJ W063,14394,U+14394,W63,W63,W-11-011,,,
HJ W101,14395,U+14395,W101,W101,W-11-024,"A round vessel with an upstanding rim (W24), on top of long legs in a walking posture, feet orientated towards the reading direction (W25), on top of the sky (N1).",Phonemogram,C
HJ W124,14396,U+14396,W124,W124,W-11-028,"Three round vessel with an upstanding rim (W24), arranged horizontally, on top of a rectangular base or tray.",Phonemogram,C
W126A,14397,U+14397,,,W-11-030,"A granite vessel with small handles, written inside a diamond shaped enclosure, in which the ends of the lines overlap.",Logogram (Elephantine),C
HJ W064,14398,U+14398,W64,W64,W-11-036,,,
HJ W065,14399,U+14399,W65,W65,W-11-037,"A long, pointed vessel, written vertically.","Classifier liquid, fluid",C
W065A,1439A,U+1439A,,,W-11-038,"A long, pointed vessel, written horizontally.","Classifier jar, vessel",C
W065B,1439B,U+1439B,,,W-11-039,"A long, broken, pointed vessel, written horizontally.","Classifier breaking, destroying",C
HJ W066,1439C,U+1439C,W66,W66,W-11-041,A rounded beer-jug.,Classifier alcoholic beverage,C
W130,1439D,U+1439D,,,W-11-044,"A vase with the head of a human, seen in profile.",Logogram (libation vase),C
HJ W067,1439E,U+1439E,W67,W67,W-11-045,"A well with a straight line of water (N42), with a horizontal tube attached at the back.",Classifier to fill,C
HJ W119,1439F,U+1439F,W119,W119,W-11-046,"A vessel with a flat bottom, which is the widest point of the vessel, with a broad rim, as wide as the bottom.",Classifier vessel,C
HJ W070,143A0,U+143A0,W70,W70,W-11-051,"A straight-bottomed vessel with broad rim, with a spout at the front.","Classifier jar, vessel",C
HJ W120,143A1,U+143A1,W120,W120,W-11-053,"A sealed straight-bottomed vessel, with a spout at the front.","Classifier jar, vessel",C
HJ W069,143A2,U+143A2,W69,W69,W-11-055,"A vessel with an upstanding rim and spout at the back, inside a wide cup.",Classifier (to wash),C
HJ W112,143A3,U+143A3,W112,W112,W-11-056,"A pointed vessel with a broad rim, with a spout at the front.",Logogram (nemset vase),C
HJ W072,143A4,U+143A4,W72,W72,W-11-061,An amphora with a broad rim.,Classifier vessel,C
HJ W073,143A5,U+143A5,W73,W73,W-11-062,A vessel with a flat top and a widening base.,"Classifier vessel, jar",C
W078A,143A6,U+143A6,,W78A,W-11-064,,,
HJ W062,143A7,U+143A7,W62,W62,W-11-065,"A flat-bottomed vessel which rounds towards the top, with a broad rim.","Classifier jar, vessel",C
HJ W076,143A8,U+143A8,W76,W76,W-11-071,A wide bowl with a broad rim.,Classifier drinking vessel,C
HJ W077,143A9,U+143A9,W77,W77,W-11-073,A vessel with a small base and a broad rim.,Classifier drinking vessel,C
HJ W078,143AA,U+143AA,W78,W78,W-11-078,,,
HJ W079,143AB,U+143AB,W79,W79,W-11-079,"A broad dish, with a small base.",Classifier dish,C
HJ W080,143AC,U+143AC,W80,W80,W-11-082,,,
HJ W085,143AD,U+143AD,W85,W85,W-11-091,,,
HJ W125,143AE,U+143AE,W125,W125,W-11-095,"A flat bottom jar without handles, with a broad rim and a small neck.",Logogram (some type of vessel),C
W128,143AF,U+143AF,,,W-11-098,"A pointed vessel with a spout, with line of fluid coming from the spout.",Classifier milk,C
W131,143B0,U+143B0,,,W-11-100,"A round vessel with a broad rim, with a downward line at either side of the neck.",Classifier vessel (possibly for oil),C
HJ W117,143B1,U+143B1,W117,W117,W-11-102,,,
HJ W088,143B2,U+143B2,W88,W88,W-11-105,,,
HJ W089,143B3,U+143B3,W89,W89,W-11-106,A sealed beer-jug without handles.,Logogram (beer),C
HJ W092,143B4,U+143B4,W92,W92,W-11-110,A round vessel with a circular indentation at the top.,Logogram (gold vase for myrrh),C
HJ W093,143B5,U+143B5,W93,W93,W-11-111,"A pile of pottery, arranged in order to be fired.",Classifier oven,C
HJ W095,143B6,U+143B6,W95,W95,W-11-113,,,
W132,143B7,U+143B7,,,W-11-115,"The head of a ram without horns, on top of a jar.",?,C
HJ W007A,143B8,U+143B8,W7A,W7A,W-11-121,A granite vessel with large handles.,Classifier granite,C
HJ W100,143B9,U+143B9,W100,W100,W-11-122,"A plate or low broad vessel, with a half circle on top of it.",Phonemogram,C
HJ W104,143BA,U+143BA,W104,W104,W-11-123,A round vessel with an upstanding rim which curves downwards.,"Logogram (a nw-vase, representing an amulet of lapis-lazuli)",C
HJ W098,143BB,U+143BB,W98,W98,W-11-124,"A rectangular basin with a triangular shape on top, with two feet inside the basin.",Classifier basin for washing feet,C
HJ X002D,143BC,U+143BC,X2D,X2D,X-02-003,A round loaf of bread in a wide cup (W10).,Logogram (father),C
X002E,143BD,U+143BD,,,X-02-005,A round loaf of bread on top of a wide cup (W10).,Logogram (father),C
HJ X002A,143BE,U+143BE,X2A,X2A,X-02-006,"A round loaf with four curved imprints (X6B), on top of a wide cup (W10).",Logogram (father),C
HJ X002B,143BF,U+143BF,X2B,X2B,X-02-007,,,
HJ X003A,143C0,U+143C0,X3A,X3A,X-03-001,A loaf of bread with a horizontal base.,Classifier bread,C
HJ X003B,143C1,U+143C1,X3B,X3B,X-03-005,"A loaf of bread, with a curved imprint at both long sides.",Classifier bread,C
X003D,143C2,U+143C2,,,X-03-007,"A conical loaf of bread, with an curved imprint on the sides and the bottom.",Classifier bread/food,C
X004K,143C3,U+143C3,X4B,X4B,X-04-003,,,
X004J,143C4,U+143C4,,,X-04-004,"A roll of bread, with a rectangle at the middle of the top line.",Classifier food,C
X004X,143C5,U+143C5,X4,X4,X-04-006,"A roll of bread, with a circle in the middle.",Classifier festival,C
X004L,143C6,U+143C6,X4A,,X-04-007,"A roll of bread, with oval lines within it.",Classifier food,C
HJ X004E,143C7,U+143C7,X4E,X4E,X-04-009,"A roll of bread, with vertical ovals inside the edges, with a horizontal line in the middle.",Classifier offering,C
HJ X004C,143C8,U+143C8,X4C,X4C,X-04-013,"A loaf of bread resembling a quarter oval, with round imprints at all four sides.",Logogram (type of bread),C
HJ X005A,143C9,U+143C9,X5A,X5A,X-05-002,"An horizontal oval shape, with two upward curving strokes added at the front short side (X5), on top of legs in a walking posture, feet orientated towards the reading direction (D54).",Logogram (to pass by),C
HJ X006D,143CA,U+143CA,X6D,X6D,X-06-001,,,
X006G,143CB,U+143CB,X6A,X6A,X-06-009,A round loaf with a half circle finger mark at the bottom.,Phonemogram,C
HJ X006B,143CC,U+143CC,X6B,X6B,X-06-011,A round loaf with four curved imprints.,"Classifier offering, cake, loaf",C
HJ X013,143CD,U+143CD,X13,X13,X-08-003,,,
HJ X010,143CE,U+143CE,X10,X10,X-08-004,Four flat breads stacked on top of each other.,Classifier bread,C
Y001B,143CF,U+143CF,,US248Y1VARB,Y-01-007,"A papyrus scroll, rolled-up, tied and sealed, written horizontally, with one tie at the front of the seal.",Classifier abstract words,C
HJ Y023,143D0,U+143D0,Y23,Y23,Y-01-014,"Two flutes, connected to each other.",Classifier double flute,C
HJ Y003B,143D1,U+143D1,Y3B,Y3B,Y-02-007,"A scribe's kit, consisting of a palette, ink or paint pouch and a reed pen, with the pallet resembling the counterweight of a necklace (S18A), and the reed pen resembling a forked pole for supporting a roof (O30).","Logogram (to write, to draw)",C
HJ Y003C,143D2,U+143D2,Y3C,Y3C,Y-02-008,"A scribe's kit, consisting of a palette, ink or paint pouch and a simplified reed pen.",Logogram (scribe),C
Y003D,143D3,U+143D3,,,Y-02-009,"A scribe's kit, consisting of a pallet and an ink or paint pouch.",Classifier red,C
HJ Y011,143D4,U+143D4,Y11,Y11,Y-02-010,A scribal pallet.,Classifier scribal pallet,C
HJ Y012,143D5,U+143D5,Y12,Y12,Y-02-012,Scribe's water pot.,Classifier (scribal water pot),C
HJ Y013,143D6,U+143D6,Y13,Y13,Y-02-013,,,
HJ Y027,143D7,U+143D7,Y27,Y27,Y-02-014,"A writing tablet with a round top, with a vertical line at either side of the tablet.",Classifier writing tablet,C
Y030,143D8,U+143D8,,,Y-03-007,A game board of the Mehen game.,Classifier snake-game,C
HJ Y007A,143D9,U+143D9,Y7A,Y7A,Y-04-002,"A rounded harp, with a human head in profile on the tip.",Phonemogram,C
Y007D,143DA,U+143DA,,,Y-04-005,"A rounded harp, with a female human head, in profile, with a headdress of bovine horns with a sun disk (F102), on the tip.",Phonemogram,C
Y007C,143DB,U+143DB,,,Y-04-006,"A rounded harp, with a female human head, in profile, with a headdress of bovine horns with a sun disk with two plumes on top of the sun disk (S65) on the tip.","Logogram (to say, to speak)",C
Y007E,143DC,U+143DC,,,Y-04-007,"A rounded harp, with a female human head, in profile, with a headdress consisting of two plumes, with a sun disk between them (S63A), on the tip.","Logogram (to say, to speak)",C
HJ Y016,143DD,U+143DD,Y16,Y16,Y-04-008,A triangular harp.,"Logogram (to say, to speak)",C
HJ Y017,143DE,U+143DE,Y17,Y17,Y-05-001,Tambourine.,Classifier tambourine,
Y017A,143DF,U+143DF,,,Y-05-002,Tambourine.,Classifier tambourine,C
HJ Y024,143E0,U+143E0,Y24,Y24,Y-05-003,Ball.,Logogram (ball),C
HJ Y018A,143E1,U+143E1,Y18A,Y18A,Y-06-001,"A sistrum, without internal detail on top.",Classifier sistrum,C
HJ Y018,143E2,U+143E2,Y18,Y18,Y-06-003,"A sistrum, with horizontal wavy lines over the top piece.",Logogram (sistrum),C
Y018E,143E3,U+143E3,,,Y-06-005,"A sistrum with horizontal wavy lines over the top piece, with the human face on the handle having hair.",Classifier sistrum,C
HJ Y008A,143E4,U+143E4,Y8A,Y8A,Y-06-013,"A sistrum, with two curls on top of human head with ears on top of the handle, without central piece.",Logogram (sistrum),C
Y008B,143E5,U+143E5,,,Y-06-017,"A sistrum, with the top piece in the form of a shrine encased by two curls, with the human face on the handle having hair.",Logogram (sistrum),C
HJ Y021,143E6,U+143E6,Y21,Y21,Y-06-023,"The headpiece of a sistrum, resembling a façade of a shrine with a flat roof, with oblique sides, with a large doorway (O21B), enclosed by two curls.",Classifier head-piece of a sistrum,C
Z002F,143E7,U+143E7,Z2C,Z2C,Z-01-016,Three diagonal strokes arranged horizontally.,Classifier plural,C
Z015J,143E8,U+143E8,,,Z-01-033,Four horizontal strokes arranged vertically.,,C
HJ Z011A,143E9,U+143E9,Z11A,Z11A,Z-02-006,"A horizontal stroke overlapping a vertical stroke, both strokes of the same length.",Phonemogram,C
HJ Z011B,143EA,U+143EA,Z11B,Z11B,Z-02-008,"A short horizontal stroke overlapped by a longer vertical stroke, the crossing point is near the top of the vertical stroke.",Phonemogram,C
HJ Z026,143EB,U+143EB,Z26,Z26,Z-03-006,,,
HJ Z020,143EC,U+143EC,Z20,Z20,Z-04-003,,,
HJ Z022,143ED,U+143ED,Z22,Z22,Z-04-005,,,
HJ Z030,143EE,U+143EE,Z30,Z30,Z-06-003,"A diagonal line on top of a horizontal line, open at the front.",Logogram (1/2 aroura),C
HJ Z036,143EF,U+143EF,Z36,Z36,Z-06-007,"rectangular writing tablet with, with a vertical line at either side of the tablet.",Classifier writing tablet,C
HJ Z006A,143F0,U+143F0,Z6A,Z6A,Z-06-008,"A diagonal line, with a perpendicular line over the middle.","Classifier enemy, opponent",C
HJ Z031,143F1,U+143F1,Z31,Z31,Z-06-012,,,
HJ Z037,143F2,U+143F2,Z37,Z37,Z-06-017,,,
Z049,143F3,U+143F3,,Ff100,Z-07-008,An oval dot.,,C
Z050,143F4,U+143F4,,Ff101,Z-07-009,An horizontal line with a small downwards line at the front.,,C
Z051,143F5,U+143F5,,Ff110,Z-07-010,"An horizontal line with a small downwards line at the front, followed by a short horizontal line with an upwards curving half-circle line on the back of the line after a small bit of space",,C
Z052,143F6,U+143F6,,,Z-07-011,Verse-point.,,C
HJ AA008A,143F7,U+143F7,Aa8A,Aa8A,AA-08-001,"A long horizontal line, crossed by a short vertical line, in the middle.",Logogram,C
Aa025B,143F8,U+143F8,,,AA-22-002,A crescent moon shape written on top of a vertical line.,Phonemogram,C
HJ AA078,143F9,U+143F9,Aa78,Aa78,AA-22-006,,,
HJ AA080,143FA,U+143FA,Aa80,Aa80,AA-22-007,"Two vertical ovals, connected together at the long sides.",Phonemogram,C
