unicode_cp,unicode,kEH_AltSeq,kEH_Cat,kEH_Core,kEH_Desc,kEH_FVal,kEH_Func,kEH_HG,kEH_IFAO,kEH_JSesh,kEH_NoMirror,kEH_NoRotate,kEH_UniK
13000,U+13000,,A-01-001,C,"Man, seated, right knee raised, right arm raised, left arm in front of body.",,Classifier human being,A1,"1,1",A1,,,A001
13001,U+13001,,A-01-027,C,"Man, seated, right knee raised, right arm raised with hand to mouth, left arm hanging beside the body.",,Classifier eating/drinking/speech/ silence/thoughts/feelings,A2,"2,4",A2,,,A002
13002,U+13002,,A-01-005,C,"Man, seated on heel, right knee raised, right arm raised, left arm in front of body.",ḥmsꞽ,Classifier sitting,A3,,A3,,,A003
13003,U+13003,,A-01-040,C,"Man, seated, right knee raised, back straight, both arms raised in front, hand palms outwards.",,Classifier supplication/hiding/rejection,A4,"2,14",A4,,,A004
13004,U+13004,,A-11-002,C,,,,A5,,A5,,,A005
13005,U+13005,,A-11-003,C,"Man, seated, right knee raised, back straight, both arms raised in front, hand palms outwards, under a corner of a wall.",ꞽmn,Logogram (to hide),A5A,"15,3",A5A,,,A005A
13006,U+13006,,A-09-001,C,"Man, seated, right knee raised, with a vase on its side, with liquid issuing from it (W54), orientated to the front, on his head, both arms raised towards the front, hand palms outwards.",wꜥb,"Logogram (pure, clean)",A6,"13,5",A6,,,A006
13007,U+13007,,A-09-011,C,"Man, seated, both knees down, with a vase on its side, with liquid issuing from it (W54), orientated to the front, on his head, with the water ending on a block, both arms forward, extended downwards toward the block.",sṯ,Classifier to libate,,"14,1",,,,A006A
13008,U+13008,,A-09-005,C,,,,,,US1A6BEXTU,,,A006B
13009,U+13009,,A-01-036,C,"Man, seated on heel, right leg extended with foot in front of left leg, right and left arm sloping downwards to either side of the body.",,Classifier sitting/weak/faint,A7,"2,9",A7,,,A007
1300A,U+1300A,,A-01-059,C,"Man, seated, right knee raised, right arm angled in front of the body, left arm raised, hand held vertically, hand palm inwards (hnw gesture).",,Classifier joy/veneration,,"3,7",A8,,,A008
1300B,U+1300B,,A-07-021,C,"Man, seated, right knee raised, a vessel on his head, right arm raised in front, with the hand at the vessel, left arm hanging beside the body.",fꜣꞽ,"Classifier to lift, to carry",A9,"11,6",A9,,,A009
1300C,U+1300C,,A-12-042,C,"Man, seated, right knee raised, right arm extended forward, holding the shaft of an oar, with the blade at the level of the feet, left arm hanging beside the body.",sḳdꞽ,Classifier sailing/rowing,A10,,A10,,,A010
1300D,U+1300D,,A-07-041,C,"Man, seated, right knee raised, right arm raised In front, holding a sceptre (S42), angled towards the head, left arm in front of the body, holding a stick, resting against the shoulder.",ḫnms,Phonemogram,A11,,A11,,,A011
1300E,U+1300E,,A-17-003,C,"Man, seated on heel, right knee up, with a feather (H6) on his head, angling backwards, right arm forwards, forearm horizontal, holding a composite bow (T10), left arm in front of the body, holding a stick which angles backwards, leaning against the left shoulder.",mšꜥ,Logogram (army),A12,,A12,,,A012
1300F,U+1300F,,A-18-001,C,"Man (enemy), seated on heel, both knees down, both arms behind the back, bound together with rope.",,Classifier rebel/enemy ,A13,"24,5",A13,,,A013
13010,U+13010,,A-18-081,C,"Man, curled up, right and left lower legs separated, back nearly horizontal, both arms forward, forearms horizontal, grasping a line of liquid (blood) which comes from the head.",rḳ,"Classifier rebel, opponent",A14,,A14,,,A014
13011,U+13011,,A-18-074,C,"Man, seated on heel, right knee raised, with a band of cloth around the middle, both arms forward, holding an axe with the axeblade in the forehead of the man.",mt,Classifier death,,"27,4",A14A,,,A014A
13012,U+13012,,A-05-004,C,"Man, written horizontally, facing down, arms raised in front.",ḫr,Logogram (to fall),A15,"7,11",A15,,,A015
13013,U+13013,,A-04-005,C,"Man, standing, bent forwards, arms hanging downwards, extended towards the front.",,Classifier bowing,A16,"6,10",A16,,,A016
13014,U+13014,,A-23-002,C,"A child, seated on nothing, forelegs separated, right arm raised with hand to mouth, left arm hanging beside the body.",,Classifier youth/child,A17,"34,1",A17,,,A017
13015,U+13015,,A-23-007,C,"Child, seated on nothing, forelegs spread, right arm forward, extended towards the knee, hand palm down, left arm hanging beside the body.",,Classifier youth/child,,,A17A,,,A017A
13016,U+13016,,A-23-030,C,"Child, wearing the red crown (S3), seated on nothing, forelegs spread, right arm raised in front with hand to mouth, left arm hanging beside the body.",,Classifier child (royal),A18,"35,7",A18,,,A018
13017,U+13017,,A-06-017,C,"Old man, standing, with a bent back, right arm forwards, holding a staff/stick near the top, with the staff at a slight backward angle, left arm hanging beside the body.",ꞽꜣw,"Logogram (old, old age)",,"9,7",A19,,,A019
13018,U+13018,,A-06-009,C,"Man, standing, with a slightly bent back, right arm in front holding a long staff or pole with a two-pronged end piece for holding down snakes (U116), left arm hanging beside the body.",smsw,Logogram (elder),A20,"9,5",A20,,,A020
13019,U+13019,,A-06-005,C,"Man, standing, wearing a short sash-kilt, right arm in front, holding a long stick/staff, left arm hanging beside the body, holding a piece of cloth.",,,A21,"8,15",A21,,,A021
1301A,U+1301A,,A-06-037,C,"Man, standing on a base (statue), right arm forward, holding a stick/staff, which rests on the same base, left arm hanging beside the body holding a sceptre (S42), sceptre-head extending in front of the body.",,Classifier statue,A22,,A22,,,A022
1301B,U+1301B,,A-27-024,C,"The king, standing, with a long straight beard and short wig/coif, with a uraeus bound to the forehead, right arm forward, hand at the height of the shoulder, holding a staff with a triangular piece (point down) at the height of the waist, left arm hanging beside the body, holding a mace (T3) horizontally.",ꞽt.y,Classifier sovereign,A23,,A23,,,A023
1301C,U+1301C,,A-16-021,C,"Man, standing, both arms towards the front, holding a branch, as if to strike with it.",,Classifier force/effort,A24,"22,8",A24,,,A024
1301D,U+1301D,,A-16-039,C,"Man, standing, back bent forward, right arm forward, holding a stick which slightly curves towards the body, left arm hanging beside the body.",,Classifier force/effort,A25,,A25,,,A025
1301E,U+1301E,,A-02-020,C,"Man, standing, right arm outstretched before him, with the left arm hanging beside the body.",ꞽ,Logogram (vocative interjection),A26,"4,5",A26,,,A026
1301F,U+1301F,,A-02-041,C,"Man, running, right arm raised in front, left arm in front of the body.",ꞽn,Phonemogram/classifier messenger,A27,"5,7",A27,,,A027
13020,U+13020,,A-02-044,C,"Man, standing, with arms raised at either side of the body, hand palms inwards.",ḳꜣꞽ,Logogram (to be high),A28,"5,11",A28,,,A028
13021,U+13021,,A-03-001,C,"Man, upside-down, both arms raised at either side of the body, hand palms inwards.",sḫd,Classifier upside-down,A29,"6,2",A29,,Y,A029
13022,U+13022,,A-04-001,C,"Man, standing, both arms raised in front, hands held vertically, hand palms outwards.",,Classifier adoration,A30,"6,4",A30,,,A030
13023,U+13023,,A-02-030,C,"Man, standing, head facing forwards, arms raised behind him, hand palms outwards.",,Classifier turning away,A31,"4,16",A31,,,A031
13024,U+13024,,A-19-011,C,"Man, dancing, left leg straight, right knee in front of the left leg, right foot behind the left leg, toes at the height of the left foot, right arm in front of the body, left arm raised at the back, hand at the height of the head.",ḫbꞽ,Classifier dancing,A32,"29,9",A32,,,A032
13025,U+13025,,A-19-014,C,,,,,"29,12",,,,A032A
13026,U+13026,,A-14-011,C,"Man, standing, bent forwards, both arms forward, holding a stick with a bundle or a mat over his shoulders, bundle behind the back.",rw,Classifier wandering/displaced,A33,,A33,,,A033
13027,U+13027,,A-12-019,C,"Man, standing, back slightly bent forwards, both arms forward, holding a long stick (rammer), which ends at the bottom in a mortar.",ḫwsꞽ,"Logogram (to pound, to build)",A34,"16,9",A34,,,A034
13028,U+13028,,A-12-023,C,"Man, standing, both arms raised in front, touching a vertically written wall with battlements near the top.",ḳd,Logogram (to build),A35,"16,12",A35,,,A035
13029,U+13029,,A-12-008,C,"Man, standing, back bent forwards, both arms forwards, extending downwards into a large vessel.",ꜥf.ty,Logogram (brewer),A36,"15,14",A36,,,A036
1302A,U+1302A,,A-12-045,C,"Man, standing inside a cross-section of a vessel that reaches to his shoulders, arms extended at either side of the body, holding the rim of the vessel.",ꜥf.ty,Logogram (brewer),A37,,A37,,,A037
1302B,U+1302B,,A-21-002,C,"Man, standing, arms at either side of the body, holding the necks of two emblematic animals with panther heads, connected by a line which runs under the feet of the man. ",ḳꞽs,Logogram (Cusae),A38,"32,5",A38,,,A038
1302C,U+1302C,,A-21-001,C,"Man, standing on the back of two animals, which look either way, man arms extended at either side of the body, holding both heads of the animals.",ḳꞽs,Logogram (Cusae),A39,"32,4",A39,,,A039
1302D,U+1302D,,A-26-005,C,"God, seated, both knees up, with covered legs and arms, with a long-curved beard and long wig.",,Classifier divinity,,"38,9",A40,,,A040
1302E,U+1302E,,A-26-013,C,"God, seated, both knees up, with covered legs and arms, with a long-curved beard and long wig, holding a holding a sceptre with a straight shaft, topped with the head of the Seth animal.",,Classifier divinity,A40A,"38,14",A40A,,,A040A
1302F,U+1302F,,A-26-008,C,"King, seated, both knees up, with covered legs and arms, with a long straight beard, wearing a coif with uraeus.",ꞽ,Logogram (first person singular),A41,"38,11",A41,,,A041
13030,U+13030,,A-26-019,C,"King, seated, both knees up, with covered legs and arms, with a long straight beard, wearing a coif with uraeus, holding a flagellum (S45).",n(y)-sw.t,Classifier king,A42,"39,5",A42,,,A042
13031,U+13031,,A-26-029,C,"King, seated, both knees up, with covered legs and arms, with a long straight beard, wearing a coif with uraeus, holding a flagellum (S45) and crook (S38) with the opening inwards.",ꞽ,Logogram (first person singular),A42B,"39,14",A42B,,,A042A
13032,U+13032,,A-28-002,C,"King, seated, both knees up, with covered legs and arms, with a long straight beard, wearing the white crown with uraeus (S1A).",,Classifier king,,,A43,,,A043
13033,U+13033,,A-28-017,C,"King, seated, both knees up, with covered legs and arms, with a long straight beard, wearing the white crown (S1), holding a sceptre with a straight shaft, topped with the head of the Seth animal vertically.",n.y-sw.t,Logogram (king of Upper Egypt),A43M,"42,14",A43M,,,A043A
13034,U+13034,,A-28-010,C,"King, seated, both knees up, with covered legs and arms, without beard, wearing the white crown with uraeus (S1A), holding a flagellum (S45).",n.y-sw.t,Classifier king,A44,"42,7",A44,,,A044
13035,U+13035,,A-29-001,C,"God, seated, both knees up, with covered legs and arms, with a long-curved beard, wearing the red crown with (S3).",bꞽ.ty,Classifier king,A45,"44,4",A45,,,A045
13036,U+13036,,A-29-007,C,"King, seated, both knees up, with covered legs and arms, with a long straight beard, wearing the red crown with (S3), holding a sceptre with a straight shaft, topped with the head of the Seth animal vertically.",n.y-sw.t,Classifier king,A45B,"44,9",A45B,,,A045A
13037,U+13037,,A-29-004,C,"God, seated, both knees up, with covered legs and arms, with a long-curved beard, wearing the red crown with (S3), holding a flagellum (S45).",bꞽ.tyw,Classifier king,A46,"44,6",A46,,,A046
13038,U+13038,,A-13-004,C,"Man (shepherd), seated, both knees up, with covered legs and arms, with a short straight beard and short hair/wig, holding a stick which curves inwards, with a band of string or fabric, with the ties away from the body.",sꜣw,Logogram (to guard),A47,"17,8",A47,,,A047
13039,U+13039,,A-13-030,C,"Man, seated, both knees up, with covered legs and arms, with short hair/wig, holding an unknown object (mace/knife/stick?)",ꞽr.y,"Logogram (relating to, belonging to)",,,A48,,,A048
1303A,U+1303A,,A-13-032,C,"Man, seated, both knees up, with covered legs and arms, with a short bushy beard and short hair/wig, holding a stick which angles slightly towards the body.",,Classifier foreigner,,,A49,,,A049
1303B,U+1303B,,A-25-032,C,"Man, with short straight beard, seated on a chair, no arms visible.",špsꞽ,Logogram (to be noble),A50,"37,16",A50,,,A050
1303C,U+1303C,,A-25-005,C,"Man, with a short straight beard, seated on a chair, both arms extended forward, forearms horizontal, one above another, holding a flagellum (S45).",šps,Logogram (to be noble),A51,"36,9",A51,,,A051
1303D,U+1303D,,A-31-001,C,"Man, seated, both knees down, with short straight beard, both arms forward, forearms horizontal, one above the other, holding a flagellum (S45).",,Classifier name (deceased person),A52,"46,11",A52,,,A052
1303E,U+1303E,,A-32-001,C,"A mummy with a long-curved beard, standing upright.",,Classifier image/statue/likeness,A53,"47,5",A53,,,A053
1303F,U+1303F,,A-32-007,C,"A mummy with a long-curved beard, lying horizontally.",,Classifier body/corpse/death,A54,"47,6",A54,,Y,A054
13040,U+13040,,A-32-008,C,"A mummy with a long-curved beard, lying horizontally on top of a bed.",sḏr,Logogram (to sleep/to spend the night),A55,,A55,,,A055
13041,U+13041,,A-12-047,C,"Man, seated, right knee raised, right arm raised in front, left arm in front of body, holding a stick which rests against the left shoulder. ",ḫft.y,Classifier enemy,A56,,A56,,,A056
13042,U+13042,,A-29-029,C,"King, standing, with a long straight beard, wearing the red crown (S3), both arms forwards, hands at the height of the belly/waist, holding a loaf of bread on a reed mat (R4) horizontally.",ḥtp-dꞽ-n.y-sw.t,Logogram (an offering that the king gives),A57,,A57,,,A057
13043,U+13043,,A-12-012,C,"Man, standing, back bent forward, both arms toward the front, holding a hoe with a rope connecting the two pieces (U6), with the forward piece at the level of the feet.",ḫbs,Classifier hacking,A58,"16,4",A58,,,A058
13044,U+13044,,A-16-029,C,"Man, standing, right arm forward, forearm and hand at the level of the waist, left arm raised, forearm vertically, holding a stick nearly horizontally.",sḥrꞽ,Classifier driving away,A59,"22,15",A59,,,A059
13045,U+13045,,A-10-013,C,"Man, standing, right arm forward, forearm horizontal, hand palm upwards, left arm backwards, upper arm horizontal, forearm nearly vertical, hand palm inwards, with a dotted line running between the hand palms.",stꞽ,"Logogram (to sprinkle, to scatter)",A60,,A60,,,A060
13046,U+13046,,A-02-033,C,"Man, standing, head oriented backwards, with the arms hanging at either side of the body.",ꜥnn,Logogram (to turn back),A61,"5,4",A61,,,A061
13047,U+13047,,A-02-004,C,"Foreign man, with a bushy beard, standing, wearing a long dress, with the arms hanging at either side of the body.",wr,"Logogram (great one, chief)",,"3,12",,,,A062
13048,U+13048,,A-25-025,C,,,,A63,"37,12",A63,,,A063
13049,U+13049,,A-07-006,C,"Man, seated on heel, both knees down, back straight, arm extended in front, forearm horizontal, holding a wide cup (W10). ",fꜣꞽ,"Classifier to lift, to carry",A116,"10,14",A116,,,A064
1304A,U+1304A,,A-27-023,C,"Stylistic early dynastic form of a man, standing, holding a stick.",ꞽr.y-nṯr,Logogram (the one who belongs to the god),A469,"41,11",A469,,,A065
1304B,U+1304B,,A-20-001,C,"Man, standing, wearing kilt, right arm extended in front, held horizontally, holding a sistrum (Y18), left arm hanging beside the body.",ꞽḥy,Logogram (the musician/Ihy),,"30,6",A239,,,A066
1304C,U+1304C,,A-24-001,C,"A dwarf, standing, arms hanging at either side of the body.",,Classifier personal name,,"36,5",,,,A067
1304D,U+1304D,,A-16-009,C,"Man, standing, right arm forward, forearm horizontal at the height of the waist, holding a knife (T30) at a forward angle, left arm hanging beside the body.",wpw.ty,Logogram (messenger),A199A,"21,14",A199A,,,A068
1304E,U+1304E,,A-01-008,C,"Man, seated, right knee raised, right arm raised, left arm hanging beside the body.",,Classifier occupation/relationship,A71,"1,5",A71,,,A069
1304F,U+1304F,,C-13-001,C,"Man, seated, right knee raised, raised arms at either side of the body, hands held vertically, with the hand palms inwards.",ḥḥ,"Logogram (million, many)",A73,"68,13",A73,,,A070
13050,U+13050,,B-01-003,C,"Woman, seated, both knees up, with covered legs and arms, with long hair.",,Classifier female,B1,"48,3",B1,,,B001
13051,U+13051,,B-09-002,C,"Woman, pregnant, seated, both knees down, with a band of cloth around the head, right arm forward, angling down towards the knee, left arm hanging beside the body.",ꞽwr,Classifier pregnant,B2,"54,2",B2,,,B002
13052,U+13052,,B-09-011,C,"Woman, pregnant, seated, both knees down, right arm forward, angling down towards the knee, left arm hanging beside the body, with the head and arms of a child coming from the legs.",msꞽ,Classifier birth,B3,"54,5",B3,,,B003
13053,U+13053,,B-09-004,C,"Woman, pregnant, seated, both knees down, right arm forward, angling down towards the knee, left arm hanging beside the body, with three vertical lines coming from the legs.",msꞽ,Classifier birth,B4,,B4,,,B004
13054,U+13054,,B-09-014,C,"Woman, seated, both knees down, nursing a child, seated on her lap, left arm forward, hand over the chest of the woman, right arm hanging beside the body; right arm forward, embracing/holding the child, left arm over the chest.",rnn,"Classifier nursing, rearing",B5,"54,8",B5,,,B005
13055,U+13055,,B-02-010,C,"Woman, seated, both knees down, with long hair and a band of cloth around the head, bound at the back, with two sticks forming a cross-like structure over the legs.",? | mnḫ.t,Logogram weaver or nurse,,,B104,,,B005A
13056,U+13056,,B-09-020,C,"Woman, seated on a block throne, with a child on her lap, facing her, both arms down; both arms forward, right arm behind the child, left arm in front of the child.",rnn,"Classifier nursing, rearing",B6,"54,13",B6,,,B006
13057,U+13057,,B-01-022,C,"Woman, seated, both knees up, with covered legs and arms, with long hair, wearing a diadem, holding a flower which curves forward, with the flower orientated downwards.",,Classifier female royalty,B7,"49,6",B7,,,B007
13058,U+13058,,B-02-002,C,"Woman, seated, both knees down, no arms visible, with a flower on the knee, which curves towards the face, with the flower in front of the face.",ḥr.w-nb,Classifier human being (together with A1),B8,"49,15",B8,,,B008
13059,U+13059,,B-08-005,C,"Woman, standing, with long hair, right arm extended forward, hand at the height of the shoulder, holding a sistrum (Y18), vertically, left arm hanging beside the body.",ꞽḥ.yt,Logogram (the musician),B47,"53,10",B47,,,B009
1305A,U+1305A,,C-24-002,C,"God, seated, knees up, with covered legs and arms, with a long-curved beard and long wig/hair, with N6 (The sun, encircled by a cobra (Naja haje), standing up, with expanded hood (uraeus)) on its head.",rꜥ,Logogram (Re),C1,"76,5",C1,,,C001
1305B,U+1305B,,C-09-029,C,"God, seated, knees up, with covered legs and arms, with the head of a falcon, with a sun disk (N5) on its head, holding a tie or strap, used with sandals (ankh sign, S34), angling forward. ",rꜥ,Logogram (Re),C2,"63,7",C2,,,C002
1305C,U+1305C,,C-09-017,C,"God, seated, knees up, with covered legs and arms, with the head of a falcon, with a sun disk (N5) on its head.",rꜥ,Logogram (Re),C2A,"62,9",C2A,,,C002A
1305D,U+1305D,1305C 13440,C-09-018,L,,,,,"62,10",,,,C002B
1305E,U+1305E,1305B 13440,C-09-030,L,,,,,"63,8",,,,C002C
1305F,U+1305F,,C-31-001,C,"God, seated, knees up, with covered legs and arms, with the head of an ibis.",ḏhwty,Logogram (Thot),C3,"78,8",C3,,,C003
13060,U+13060,,C-15-001,C,"God, seated, knees up, with covered legs and arms, with the head of a ram, with horizontal twisted horns.",ẖnm.w,Classifier Khnum,C4,"71,3",C4,,,C004
13061,U+13061,,C-15-007,C,"God, seated, knees up, with covered legs and arms, with the head of a ram with horizontal twisted horns, holding a tie or strap, used with sandals (ankh sign, S34), angling forward. ",ẖnm.t-ꜥnḫ,Logogram/phonemogram (who joins with life),C5,"71,8",C5,,,C005
13062,U+13062,,C-04-001,C,"God, seated, knees up, with covered legs and arms, with the head of a jackal.",,Classifier Anubis/Wepwawet (divinity),C6,"58,10",C6,,,C006
13063,U+13063,,C-26-001,C,"God, seated, knees up, with covered legs and arms, with the head of a Seth animal.",stš/stẖ,Logogram (Seth),C7,"76,9",C7,,,C007
13064,U+13064,,C-17-001,C,"An ithyphallic god, with long, curved beard, standing on a platform, wearing a double plume headdress, with a line coming from the back of the head, running down to the base, arm raised in back, with a flagellum (S45) written over the arm.",gb.tyw,Classifier Min,C8,"72,5",C8,,,C008
13065,U+13065,,C-35-002,C,"Goddess, seated, knees up, with covered legs and arms, with a headdress of bovine horns with a sun disk (F102).",ḥw.t-ḥr,Logogram (Hathor),C9,"80,8",,,,C009
13066,U+13066,,C-37-002,C,"Goddess, seated, knees up, with covered legs and arms, with a cloth band around her head, with a feather (H6) on her head.",mꜣꜥ.t,Logogram (Maat),C10,"85,7",C10,,,C010
13067,U+13067,,C-37-005,C,"Goddess, seated, knees up, with covered legs and arms, with a cloth band around her head, with a feather (H6) on her head, holding a tie or strap, used with sandals (ankh sign, S34), angling forward. ",mꜣꜥ.t,Logogram (Maat),C10A,"86,1",C10A,,,C010A
13068,U+13068,,C-13-004,C,"God, seated on heel, right knee raised, with long-curved beard and coif, with a palm branch, stripped of leaves and notched on his head (M4), notch forward, raised arms at either side of the body, hands held vertically, with the hand palms inwards.",ḥḥ,"Logogram (million, many)",,,C11,,,C011
13069,U+13069,,C-03-003,C,"God, seated, knees up, with covered legs and arms, with a long-curved beard, wearing the double-plume headdress (S72A), with a line running from the crown down the back, holding a sceptre with a straight shaft, topped with the head of the Seth animal vertically.",ꞽmn,Logogram (Amon),C12,"57,9",C12,,,C012
1306A,U+1306A,13069 13440,C-03-010,L,,,,,"58,6",,,,C013
1306B,U+1306B,,C-03-011,C,"God, seated, knees up, with covered legs and arms, with a long-curved beard, wearing the double-plume headdress (S72A), with a line running from the crown down the back, holding a khopesh sword (T16A) vertically.",ꞽmn-ḥr-ḫpš=f,Logogram (Amon is his strength (sꜣ-rꜥ name Ramses VI)),C12F,"58,7",C12F,,,C014
1306C,U+1306C,1306B 13440,C-03-013,L,,,,,,,,,C015
1306D,U+1306D,,A-30-004,C,"God, seated, both knees up, with covered legs and arms, with a long, curved beard, wearing the double crown (S5), holding a tie or strap, used with sandals (ankh sign, S34), angling forward. ",ꞽtmw,Logogram (Atum),,,,,,C016
1306E,U+1306E,,C-09-078,C,"God, seated, knees up, with covered legs and arms, with the head of a falcon, wearing a headdress consisting of two plumes with a sun disk (S63A/S70), holding a tie or strap, used with sandals (ankh sign, S34), angling forward. ",,Classifier Montu (divinity),C17,"65,6",C17,,,C017
1306F,U+1306F,,C-30-002,C,"God, seated, both knees down, with a long-curved beard and long hair/wig, wearing a headdress consisting of two feathers on ram horns (S77).",tꜣ-ṯnn,Classifier Tatenen,,,,,,C018
13070,U+13070,,C-23-016,C,"God, in mummy form, standing upright on a platform, with a long straight beard, wearing a cap, both arms forward, holding a sceptre with a straight shaft, forked bottom and head of the Seth animal (S40) of the same size as the god, vertically.",ptḥ,Classifier Ptah,C19,"75,11",C19,,,C019
13071,U+13071,,C-23-023,C,"God, in mummy form, standing upright on a platform, with a long straight beard, wearing a cap, both arms forward, holding a sceptre with a straight shaft, forked bottom, and the vertically oriented head of the Seth animal (S040), of the same size as the god, adorned with an ankh sign (S034) and a djed pillar (R011); enclosed within a shrine supported by columns resembling papyrus stems with buds (M013).",ptḥ,Logogram (Ptah),C20,"76,3",C20,,,C020
13072,U+13072,,C-07-001,C,"Bes figure, seen from the front, with tail between the legs and headdress, arms downwards, hands behind the back.",bs,Phonemogram,C33,"60,12",C33,,,C021
13073,U+13073,,C-09-086,C,"God, seated, knees up, with covered legs and arms, with the head of a falcon, with a crescent moon with the entire moon disk (N62) on its head.",ꞽꜥḥ,Classifier moon,C49B,,C49B,,,C022
13074,U+13074,,C-36-015,C,"Goddess, seated, knees up, with covered legs and arms, with the head of a lion/lioness, with N6 (The sun, encircled by a cobra (Naja haje), standing up, with expanded hood (uraeus)) on her head.",sḫm.t,Logogram (Sekhmet),C165,"84,8",C165,,,C023
13075,U+13075,,C-40-006,C,"Goddess, seated, knees up, with covered legs and arms, wearing the red crown (S3), holding a sceptre with a straight shaft, topped with the head of the Seth animal vertically. ",n.t,Logogram (Neith),C185B,"88,1",C185B,,,C024
13076,U+13076,,D-01-001,C,"The head of a human man, seen in profile, with a short straight beard.",tp,Logogram (head),D1,"94,1",D1,,,D001
13077,U+13077,,D-02-001,C,The face of a human man.,ḥr,Phonemogram,D2,"94,12",D2,,,D002
13078,U+13078,,D-04-004,C,A lock of hair with three strands.,,Classifier hair,D3,,D3,,,D003
13079,U+13079,,D-05-001,C,An eye.,ꞽr,Phonemogram,D4,"96,14",D4,,,D004
1307A,U+1307A,,D-06-007,C,An eye with two touches of eye paint above the eye.,dgꞽ,Classifier eye related actions,D5,,D5,,,D005
1307B,U+1307B,,D-06-001,C,"An eye, with a line of eye-paint above the eye.",dgꞽ,Classifier eye related actions,D6,"97,4",D6,,,D006
1307C,U+1307C,,D-06-020,C,An eye with a painted lower lid.,ꜥntyw,Phonemogram,D7,"98,1",D7,,,D007
1307D,U+1307D,,D-06-026,C,"An eye, written inside an oval.",ꜥn,Phonemogram,D8,"98,2",D8,,,D008
1307E,U+1307E,,D-06-030,C,An eye with a painted lower lid inside an oval.,ꜥn,Phonemogram,D8A,"98,5",D8A,,,D008A
1307F,U+1307F,,D-07-001,C,"An eye, with three lines coming from the bottom.",rmꞽ,Logogram (to weep),D9,,D9,,,D009
13080,U+13080,,D-08-002,C,"An eye, with the markings of the head of a falcon.",wḏꜣ.t,Logogram (udjat eye),D10,"99,1",D10,,,D010
13081,U+13081,,D-09-001,C,The left part of the white of an eye.,,Logogram 1/2,D11,"99,7",D11,Y,,D011
13082,U+13082,,D-09-002,C,The pupil of an eye.,ḏfḏ,Classifier pupil,D12,"99,8",D12,,,D012
13083,U+13083,,D-09-005,C,An eyebrow.,ꞽnḥ,Classifier eyebrow,D13,"99,10",D13,,,D013
13084,U+13084,,D-09-009,C,The right part of the white of an eye.,,Logogram 1/16,D14,"99,13",D14,Y,,D014
13085,U+13085,,D-09-010,C,The right lower marking of an udjat eye.,,Logogram 1/32,D15,,D15,,,D015
13086,U+13086,,D-09-011,C,The left lower marking of an udjat eye.,,Logogram 1/64,D16,,D16,,,D016
13087,U+13087,,D-09-012,C,The left and right lower marking of an udjat eye.,tꞽ.t,"Logogram (figure, image)",D17,"99,14",D17,,,D017
13088,U+13088,,D-10-001,C,The ear of a human.,msḏr,Logogram (ear),D18,"100,6",D18,,,D018
13089,U+13089,,D-11-001,C,"The nose, eye and cheek of a human.",šr.t,Classifier nose,D19,"100,7",D19,,,D019
1308A,U+1308A,,D-11-002,C,"The nose, eye and cheek of a human, written in a semi-cursive fashion.",fnḏ,Classifier nose,D20,"100,8",D20,,,D020
1308B,U+1308B,,D-12-001,C,A mouth.,r,Phonemogram,D21,"100,11",D21,,,D021
1308C,U+1308C,,D-12-004,C,A mouth with two vertical lines at the bottom of the sign.,r.wy,Logogram (2/3),D22,"100,13",D22,,,D022
1308D,U+1308D,,D-12-015,C,A mouth with three vertical lines at the bottom of the sign,ḫmt-r.w,Logogram (3/4),D23,,D23,,,D023
1308E,U+1308E,,D-13-001,C,The upper lip of a human with teeth.,sp.t,"Classifier lip, border, edge",D24,"101,9",D24,,,D024
1308F,U+1308F,,D-13-004,C,"The upper and lower lips of a human, with teeth.",sp.ty,Logogram (lips),D25,"101,11",D25,,,D025
13090,U+13090,,D-14-005,C,"A human mouth, seen from the side, with a wavy downward sloping line coming from the lips.",snf,Classifier blood,D26,"102,1",D26,,,D026
13091,U+13091,,D-16-002,C,A human breast.,mnḏ,Classifier breast,D27,"102,13",D27,,,D027
13092,U+13092,13091,D-16-001,L,A human breast.,,,D27A,"102,12",D27A,,,D027A
13093,U+13093,,D-18-001,C,"Two arms, raised upwards, with the forearms and hands vertical, hand palms inwards.",kꜣ,"Logogram (spirit, essence)",D28,"103,2",D28,,,D028
13094,U+13094,,D-18-008,C,"Two arms, raised upwards, with the forearms and hands vertical, hand palms inwards, on top of a standard used for carrying religious symbols (R12).",kꜣ,"Logogram (spirit, essence)",D29,,D29,,,D029
13095,U+13095,,D-18-009,C,"Two arms, raised, with the palms of the hands towards each other, written on it side, with a downward curving line at the back.",nḥb-kꜣ.w,Classifier Nehebkau,D30,,D30,,,D030
13096,U+13096,13098 1343B 1335B,D-19-012,C,"Two arms, lowered, with the elbows bent outwards, and the palms of the hands facing each other (D32), with a club used by washermen for beating laundry (U36) written between the arms.",ḥm-kꜣ,Logogram (mortuary priest),D31,"106,15",D31,,,D031
13097,U+13097,13093 1343A 1335B,D-18-072,L,"Two arms, raised upwards, with the forearms and hands vertical, hand palms inwards, with a club used by washermen for beating laundry (U36), written between the arms.",ḥm-kꜣ,Logogram (mortuary priest),,,D31A,,,D031A
13098,U+13098,,D-19-001,C,"Two arms, lowered, with the elbows bent outwards, and the palms of the hands facing each other.",,"Classifier enveloping, embracing, uniting",D32,"106,4",D32,,,D032
13099,U+13099,,D-20-002,C,"Two arms, holding an oar, in a rowing motion, below a cover.",ẖn,Phonemogram,D33,"108,1",D33,,,D033
1309A,U+1309A,,D-21-007,C,"Two arms, connected at the shoulders, one arm forwards, with a horizontal forearm, holding a shield as seen in profile, top curving inwards, the other arm downwards, forearm vertical, holding a mace (T3) horizontally.",ꜥḥꜣ,Logogram (to fight),D34,,,,,D034
1309B,U+1309B,,D-21-002,C,"Two arms, connected at the shoulders, one arm forwards, with a horizontal forearm, holding a rectangular shield with inward curving sides, the other arm downwards, forearm vertical, holding a mace (T3) horizontally.",ꜥḥꜣ,Logogram (to fight),D34A,"108,8",D34A,,,D034A
1309C,U+1309C,,D-22-002,C,"Two arms, connected at the shoulders, spread sideways, forearms horizontal, with the palms of the hands facing upwards",n,Logogram (negative particle),D35,"109,5",D35,,,D035
1309D,U+1309D,,D-23-001,C,"A forearm, with the palm of the hand facing upwards.",ꜥ,Phonemogram,D36,"109,7",D36,,,D036
1309E,U+1309E,,D-24-002,C,A forearm with the hand holding a conical loaf of bread (X8).,ḏꞽ > dꞽ,Phonemogram,D37,"110,1",D37,,,D037
1309F,U+1309F,,D-24-004,C,"A forearm with the hand holding a loaf of bread, without internal detail (X3).",m,Phonemogram,D38,"110,3",D38,,,D038
130A0,U+130A0,,D-24-007,C,A forearm with the hand holding a round vessel with an upstanding rim (W24).,ḥnk,"Logogram (to offer, to present)",D39,"110,6",D39,,,D039
130A1,U+130A1,,D-25-001,C,A forearm with the hand holding a stick.,,"Classifier force, effort",D40,"110,13",D40,,,D040
130A2,U+130A2,,D-25-014,C,"A forearm, with the palm of the hand downwards, with the upper arm bent forwards.",,Classifier arm related movements or actions,D41,"111,10",D41,,,D041
130A3,U+130A3,,D-25-017,C,"A forearm, with the palm of the hand downwards, upper arm vertical.",mḥ,Logogram (cubit),D42,"111,13",D42,,,D042
130A4,U+130A4,,D-25-021,C,A forearm with the hand holding a flagellum (S45).,ḫwꞽ,Logogram (to protect),D43,"112,1",D43,,,D043
130A5,U+130A5,,D-25-007,C,A forearm with the hand holding a sceptre (S42).,ḫrp,Classifier governing/controlling,D44,"111,3",D44,,,D044
130A6,U+130A6,,D-26-011,C,"An arm, bent at the elbow, forearm nearly horizontal, holding a wand or brush.",ḏsr,Logogram (to make holy),D45,"113,4",D45,,,D045
130A7,U+130A7,,D-28-001,C,A human hand.,d,Phonemogram,D46,"114,10",D46,,,D046
130A8,U+130A8,,D-28-009,C,A human hand with a forward downward line coming from the thumb.,ꞽd.t,"Logogram (scent, perfume, dew)",D46C,,D46C,,,D046A
130A9,U+130A9,,D-28-016,C,A human hand with the thumb upwards and the palm curved upwards.,ḏr.t,Classifier hand,D47,"115,6",D47,,,D047
130AA,U+130AA,,D-28-028,C,A human hand without a thumb.,šsp,Logogram (palm),D48,,D48,,,D048
130AB,U+130AB,,D-28-027,C,"A human hand, holding an oval.",ḥnt,Phono-repeater,,,D48A,,,D048A
130AC,U+130AC,,D-29-001,C,"A human hand, held as a fist, with the thumb on top.",ꜣmm,Classifier grasping/holding,D49,"115,14",D49,,,D049
130AD,U+130AD,,D-30-001,C,A vertical human finger.,ḏbꜥ,Logogram (finger),D50,"116,7",D50,,Y,D050
130AE,U+130AE,,D-30-008,C,,,\20000,,,,,,D050A
130AF,U+130AF,,D-30-009,C,,,\30000,,,,,,D050B
130B0,U+130B0,,D-30-010,C,,,\40000,,,,,,D050C
130B1,U+130B1,,D-30-011,C,,,\50000,,,,,,D050D
130B2,U+130B2,,D-30-012,C,,,\60000,,,,,,D050E
130B3,U+130B3,,D-30-013,C,,,\70000,,,,,,D050F
130B4,U+130B4,,D-30-014,C,,,\80000,,,,,,D050G
130B5,U+130B5,,D-30-015,C,,,\90000,,,,,,D050H
130B6,U+130B6,,D-30-016,C,,,\50000,,,,,,D050I
130B7,U+130B7,,D-30-006,C,A horizontal human finger.,ṯꜣꞽ,Classifier taking,D51,"116,12",D51,,Y,D051
130B8,U+130B8,,D-31-001,C,A phallus with a scrotum.,bꜣḥ,Phonemogram,D52,"116,14",D52,,,D052
130B9,U+130B9,130B8 13436 132F4,S-15-047,L,"A phallus with a scrotum (D52), written over a folded piece of cloth (S29).",sšm,Phonemogram,,"381,11",S125,,,D052A
130BA,U+130BA,,D-31-007,C,"A phallus with a scrotum, with a line of liquid issuing from it.",bꜣḥ,Phonemogram,D53,"117,7",D53,,,D053
130BB,U+130BB,,D-34-001,C,"Legs in a walking posture, feet orientated towards the reading direction.",,Classifier movement,D54,"118,5",D54,Y,,D054
130BC,U+130BC,,D-34-013,C,"Legs in a walking posture, feet orientated towards the reading direction, with a hook added to the front leg.",ꞽwꞽ,Logogram (to come),,,D54A,,,D054A
130BD,U+130BD,,D-34-002,C,"Legs in a walking posture, feet orientated away from the reading direction.",,Classifier reverse movement,D55,"118,6",D55,Y,,D055
130BE,U+130BE,,D-35-001,C,A leg with a bent knee.,rd,Classifier leg/foot,D56,"119,5",D56,,,D056
130BF,U+130BF,,D-35-005,C,"A leg with a bent knee (D56), with a knife with a rounded blade and rounded handle (T30) written over it.",nkn,"Classifier damage, injury",D57,"119,9",D57,,,D057
130C0,U+130C0,,D-35-012,C,A human foot and lower leg.,b,Phonemogram,D58,"119,12",D58,,,D058
130C1,U+130C1,1309D 13436 130C0,D-35-031,L,"A forearm, with the palm of the hand facing upwards (D36) written over a human foot and lower leg (D58).",ꜥb,Phonemogram,D59,"120,8",D59,,,D059
130C2,U+130C2,,D-35-017,C,"A human foot and lower leg (D58), with a vase on its side, with liquid issuing from it (W54) on top of it.",wꜥb,"Logogram (to be pure, to be clean)",D60,"120,2",D60,,,D060
130C3,U+130C3,,D-36-001,C,"A stylized row of three toes, with the ovals at the left side.",sꜣḥ,Phono-repeater,D61,"122,1",D61,,,D061
130C4,U+130C4,,D-36-002,C,"A stylized row of three toes, with the ovals at the right side.",sꜣḥ,Phonemogram,D62,,D62,,,D062
130C5,U+130C5,,D-36-007,C,"A stylized set of two toes, resembling a cloth wound on a pole, an emblem of divinity (R8), on top of a base with a loop at the far end.",sꜣḥ,Phonemogram,D63,,D63,,,D063
130C6,U+130C6,,D-28-018,C,A human hand with the thumb downwards and the palm curved downwards.,ḏr.t,Logogram (hand),D271,,D271,,,D064
130C7,U+130C7,,D-04-015,C,"A sidelock, usually worn by a child.",šrꞽ,"Logogram (child, son, lad)",D132,"96,12",D132,,,D065
130C8,U+130C8,,D-26-022,C,"An arm, bent at the elbow, forearm nearly horizontal, hand held like a fist, with a stylus angled over the tip of the fist.",wdꞽ,Classifier to engrave,,"113,15",D66 D245,,,D066
130C9,U+130C9,,D-38-001,C,,,,,"471,14",,,,D067
130CA,U+130CA,,D-38-002,C,,,,,,,,,D067A
130CB,U+130CB,,D-38-003,C,,,,,,,,,D067B
130CC,U+130CC,,D-38-004,C,,,,,,,,,D067C
130CD,U+130CD,,D-38-005,C,,,,,,,,,D067D
130CE,U+130CE,,D-38-006,C,,,,,,,,,D067E
130CF,U+130CF,,D-38-007,C,,,,,,,,,D067F
130D0,U+130D0,,D-38-008,C,,,,,,,,,D067G
130D1,U+130D1,,D-38-009,C,,,,,,,,,D067H
130D2,U+130D2,,E-23-002,C,"A bovid (bull), standing, with outwards curving horns.",kꜣ,Logogram (bull),,,E1,,,E001
130D3,U+130D3,,E-23-006,C,"A bovid (bull), standing, with its head lowered as if to attack.",smꜣ,Classifier rage/aggression,E2,"142,13",E2,,,E002
130D4,U+130D4,,E-25-001,C,"A calf, standing.",bḥs,Classifier calf,E3,"145,4",E3,,,E003
130D5,U+130D5,,E-23-091,C,"A cult image of a bovid (cow), lying down, with a sun disk (N5) with two feathers between the horns, with a flagellum (S45) on its back, and a necklace around the neck.",mḥ.yt,Classifier cow divinity,,,E4,,,E004
130D6,U+130D6,,E-23-066,C,"A bovid (cow), standing, head facing backwards over its body, with a calf below the cow, suckling.",ꜣms,Classifier concern,E5,,E5,,,E005
130D7,U+130D7,,E-09-005,C,"A horse, about to rear, front legs nearly vertical.",ḥtr,Logogram (span (of horses)/horse),,"132,5",E6,,,E006
130D8,U+130D8,,E-01-001,C,"A donkey/ass, standing.",ꜥꜣ,Classifier donkey/ass,E7,"124,1",E7,,,E007
130D9,U+130D9,,E-10-008,C,A immature goat (kid).,ꞽb,Logogram (kid),E8,,E8,,,E008
130DA,U+130DA,,E-10-009,C,"A immature goat (kid), rearing.",ꞽb,Phono-repeater,E8A,,E8A,,,E008A
130DB,U+130DB,,E-05-009,C,"A newborn bubalis antelope, lying down, legs folded beneath the body, long tail downwards.",ꞽw,Phonemogram,E9,"128,9",E9,,,E009
130DC,U+130DC,,E-23-062,C,"A bovid (cow), lying down, legs folded beneath the body.",ꞽh.t,Classifier cow (cow of the sky),E100,"144,11",E100,,,E009A
130DD,U+130DD,,E-04-001,C,"A ram (Ovis longipes palaeo-aegyptiacus), standing, with a beard.",bꜣ,Classifier ram,E10,"127,8",E10,,,E010
130DE,U+130DE,,E-04-002,C,"A ram (Ovis longipes palaeo-aegyptiacus), standing, without a beard.",bꜣ,Phonemogram,E11,"127,10",E11,,,E011
130DF,U+130DF,,E-19-002,C,A pig.,ꞽpḥ,Classifier pig,,"137,14",E12,,,E012
130E0,U+130E0,,E-08-002,C,"A cat, seated, tail curled over the body towards the back.",mꞽ,Phonemogram,E13,"131,5",E13,,,E013
130E1,U+130E1,,E-06-003,C,"A hunting hound, standing, tail curling upwards.",ṯsm,Classifier dog/hound,E14,"129,4",E14,,,E014
130E2,U+130E2,,E-07-001,C,"A jackal, lying down, tail downwards.",ꞽnp.w,Logogram (Anubis),E15,"130,3",E15,,,E015
130E3,U+130E3,,E-07-017,C,"A jackal, lying down, tail downwards, on top of a shrine.",ḥr.y-sštꜣ,Logogram (privy to the secrets),E16,"130,15",E16,,,E016
130E4,U+130E4,,E-07-020,C,"A jackal, lying down, tail downwards, with a flagellum (S45) on its back, on top of a shrine.",ꞽnp.w,Classifier Anubis,,"131,2",E16AEXTU,,,E016A
130E5,U+130E5,,E-06-004,C,"A jackal, standing, tail down.",sꜣb,Phonemogram,E17,"129,5",E17,,,E017
130E6,U+130E6,,E-06-015,C,"A jackal, standing, tail down, head looking backwards.",sṯꜣ,Phonemogram,E141,"129,12",E141,,,E017A
130E7,U+130E7,,E-06-018,C,"A jackal, standing, tail down (E17), on top of a standard used for the carrying of religious symbols, with an uraeus at the front of the standard.",wp-wꜣ.wt,Logogram (Wepwawet),E18,"129,15",E18,,,E018
130E8,U+130E8,,E-06-022,C,"A jackal, standing, tail down (E17), on top of a standard used for the carrying of religious symbols, with an uraeus and šdšd-protuberance at the front of the standard, with a mace (T3) written horizontally over the vertical pole of the standard.",wp-wꜣ.wt,Classifier Wepwawet,,,E19,,,E019
130E9,U+130E9,,E-02-003,C,"The animal of Seth, seated, tail up.",stš/stẖ,Logogram (Seth),E20,"124,5",E20,,,E020
130EA,U+130EA,,E-02-004,C,,,,E147,,E147,,,E020A
130EB,U+130EB,,E-02-009,C,"The animal of Seth, lying down, tail up.",stš/stẖ,Logogram (Seth),E21,"124,9",E21,,,E021
130EC,U+130EC,,E-17-001,C,"A lion, standing, tail downwards.",mꜣꞽ,Classifier (lion),E22,"135,11",E22,,,E022
130ED,U+130ED,,E-17-011,C,"A lion, lying down, tail curled over the body towards the back.",rw,Phonemogram,E23,"136,12",E23,,,E023
130EE,U+130EE,,E-18-001,C,"A panther or leopard, standing.",ꜣby,Classifier leopard,E24,"137,11",E24,,,E024
130EF,U+130EF,,E-14-003,C,A hippopotamus (Hippopotamus amphibius).,ḫꜣb,Classifier hippopotamus,E25,"133,8",E25,,,E025
130F0,U+130F0,,E-11-001,C,An elephant.,ꜣbw,Classifier elephant,E26,"133,2",E26,,,E026
130F1,U+130F1,,E-12-002,C,A giraffe.,sr,Classifier to fortell,E27,"133,4",E27,,,E027
130F2,U+130F2,,E-03-001,C,"An oryx, standing.",mꜣ-ḥḏ,Classifier oryx,E28,"126,3",E28,,,E028
130F3,U+130F3,,E-03-005,C,"A basket with four pieces of grain or fruit (M39) in front of an oryx, standing (E28), on top of a parcel of land with irrigation ditches (N24).",mꜣ-ḥḏ,"Logogram (Oryx nome, 16th nome of Upper Egypt)",,,US1E28AEXTU,,,E028A
130F4,U+130F4,,E-03-028,C,"A gazelle, standing, with one horn visible.",gḥs,Classifier gazelle,E29,"127,3",E29,,,E029
130F5,U+130F5,,E-10-013,C,A Nubian ibex (Capra nubiana).,n(ꞽ)ꜣw,Classifier ibex,E30,,E30,,,E030
130F6,U+130F6,,E-10-007,C,"A goat, standing, with a seal, attached to a neck string (S20) around its neck.",sꜥḥ,"Logogram (rank, diginity)",E187,"132,13",E187,,,E031
130F7,U+130F7,,E-20-003,C,A hamadryas baboon (Papio hamadryas).,ḳnd,"Classifier rage, fury",E32,"138,3",E32,,,E032
130F8,U+130F8,,E-20-004,C,A monkey.,gf,Classifier monkey,E33,"138,4",E33,,,E033
130F9,U+130F9,,E-16-006,C,"A desert hare, lying down, with whiskers.",wn,Phonemogram,,,E34,,,E034
130FA,U+130FA,130F9,E-16-005,L,,,,,"135,6",,,,E034A
130FB,U+130FB,,E-20-007,C,"A hamadryas baboon (Papio hamadryas), seated, hands on knees, tail upwards.",ḏḥwty,Logogram (Thot),,,US248E35VARA,,,E036
130FC,U+130FC,,E-20-033,C,"A hamadryas baboon (Papio hamadryas), seated, hands on knees, tail upwards, in front of a sheath or receptacle with V shaped indentation at the top, bound at the top with a loop at the backside (V36G); on top of an alabaster basin with a diamond shaped inner marking (W3).",wnšb,Logogram (symbol of the cycle of time),E45,"139,4",E45,,,E037
130FD,U+130FD,,E-23-055,C,,,,E92,"144,3",E92,,,E038
130FE,U+130FE,,F-03-002,C,The head of a bovid (ox) with outwards curving horns.,kꜣ,"Classifier bull, ox, cattle",,"147,6",F1,,,F001
130FF,U+130FF,,F-03-014,C,"The head of a bovid (cow), without horns, with an ear.",ḫnt,Phonemogram,F63,"147,12",F63,,,F001A
13100,U+13100,,F-03-004,C,"The head of a bovid (bull), angled forward as if to attack.",ḏnd,Classifier rage/aggression,F2,,F2,,,F002
13101,U+13101,,F-07-001,C,The head of a hippopotamus.,ꜣt,Phonemogram,F3,"152,5",F3,,,F003
13102,U+13102,,F-08-006,C,"The forepart of a lion, lying down.",ḥꜣ.t,"Logogram (beginning, front)",F4,"152,14",F4,,,F004
13103,U+13103,,F-06-011,C,The head of a bubalis antelope.,šsꜣ,Phonemogram,F5,"151,12",F5,,,F005
13104,U+13104,,F-06-009,C,The forepart of a bubalis antelope.,šsꜣ,Phonemogram,F6,"151,10",F6,,,F006
13105,U+13105,,F-02-004,C,"The head of a ram (Ovis longipes palaeo-aegyptiacus), with beard.",šfšf.yt,"Classifier worth, dignity, renown",F7,"146,7",F7,,,F007
13106,U+13106,,F-02-009,C,"The forepart of a ram (Ovis longipes palaeo-aegyptiacus), with beard.",šf.yt,"Logogram (worth, dignity, renown)",F8,,F8,,,F008
13107,U+13107,,F-08-001,C,The head of a leopard.,pḥ.ty,Logogram (strength),F9,"152,9",F9,,,F009
13108,U+13108,,F-05-004,C,"The head and neck of a long-necked horned animal, with a forked end to the neck with a horizontal line over the forked end.",sꜥm,Classifier throat associated action,F10,"150,9",F10,,,F010
13109,U+13109,,F-05-003,C,The head and neck of a long-necked horned animal.,ꜥm,Classifier throat associated action,F11,"149,6",F11,,,F011
1310A,U+1310A,,F-05-001,C,The head and neck of a canine animal.,wsr,Phonemogram,F12,"149,5",F12,,,F012
1310B,U+1310B,,F-11-001,C,The horns of a bovid (ox).,wp,Phonemogram,F13,"154,10",F13,,,F013
1310C,U+1310C,1310B,F-11-003,L,,,,,"154,12",,,,F013A
1310D,U+1310D,,F-11-006,C,"A palm branch, stripped of leaves and notched with a round notch (M4), written within the horns of a bovid (F13).",wp-rnp.t,Logogram (New Year's Day),F14,"154,14",F14,,,F014
1310E,U+1310E,,F-11-010,C,"A palm branch, stripped of leaves and notched with a round notch (M4), on top of a sun disk (N5), written within the horns of a bovid (F13). ",wp-rnp.t,Logogram (New Year's Day),F15,"155,2",F15,,,F015
1310F,U+1310F,,F-13-001,C,A horn of a bovid,ꜥb,Logogram (horn),F16,"155,14",F16,,,F016
13110,U+13110,,F-13-009,C,"A vase on its side, with liquid issuing from it (W54), written over the horn of a bovid (F16).",ꜥb.w,Logogram purification,F17,"156,8",F17,,,F017
13111,U+13111,,F-14-001,C,A tusk of an elephant.,ḥ,Phonemogram,F18,"156,10",F18,,,F018
13112,U+13112,,F-15-004,C,The lower jawbone of a bovid (ox).,ꜥr,Classifier jaw,F19,,F19,,,F019
13113,U+13113,,F-16-001,C,A tongue.,ns,Logogram (tongue),F20,"157,5",F20,,,F020
13114,U+13114,,F-17-005,C,"The ear of a bovid (ox), without internal detail.",msḏr,Logogram (ear),F21,,F21,,,F021
13115,U+13115,,F-17-007,C,"The ear of a bovid (ox), without internal detail, with two strokes on the base.",,"Logogram to hear, to listen",,,Ff4,,,F021A
13116,U+13116,,F-18-001,C,The hindquarters of a seated lion or leopard.,pḥ,Phonemogram,F22,"159,1",F22,,,F022
13117,U+13117,,F-19-010,C,"A foreleg of a bovid (ox), hoof orientated towards the reading direction.",ḫpš,Classifier foreleg/arm,F23,"159,12",F23,,,F023
13118,U+13118,13117 13440,F-19-009,L,"A foreleg of a bovid (ox), hoof orientated away from the reading direction.",ḫpš,Classifier foreleg/arm,F24,"159,11",F24,,,F024
13119,U+13119,,F-19-006,C,The leg and hoof of a bovid (ox).,wḥm,Phonemogram,F25,"159,8",F25,,,F025
1311A,U+1311A,,F-20-001,C,The skin of a goat.,ẖn,Phonemogram,F26,"161,1",F26,,,F026
1311B,U+1311B,,F-20-005,C,"The skin of a cow, with the tail curved backwards.",ṯsm,Classifier animal,F27,"161,4",F27,,,F027
1311C,U+1311C,,F-20-015,C,"The skin of a cow, with the tail hanging straight down.",sꜣb,"Logogram (dappled, many-coloured)",F28,"161,11",F28,,,F028
1311D,U+1311D,,F-20-016,C,"The skin of a cow, with the tail hanging straight down, pierced by an arrow with rounded fletching (T11).",st,Phonemogram,F29,"161,12",F29,,,F029
1311E,U+1311E,,F-20-031,C,A water skin.,šd,Phonemogram,F30,"162,13",F30,,,F030
1311F,U+1311F,,F-20-037,C,"Three skins of foxes, tied together at the top.",ms,Phonemogram,F31,"163,2",F31,,,F031
13120,U+13120,,F-20-035,C,"A simplified representation of three skins of foxes, tied together at the top.",ms,Phonemogram,,"162,16",US22F31AEXTU,,,F031A
13121,U+13121,,F-21-006,C,"The udder and tail of an animal, seen from below.",ẖ.t,"Logogram (belly, body)",F32,"163,10",F32,,,F032
13122,U+13122,,F-22-004,C,The tail of an animal.,sd,Phonemogram,F33,,F33,,,F033
13123,U+13123,,F-23-001,C,A heart without internal detail.,ꞽb,"Logogram (heart, mind, wish)",,"164,1",F34,,,F034
13124,U+13124,,F-24-004,C,"A windpipe and heart, with a single horizontal stroke at the top.",nfr,Phonemogram,F35,"164,13",F35,,,F035
13125,U+13125,,F-24-008,C,A windpipe and lungs.,smꜣ,Phonemogram,F36,"165,2",F36,,,F036
13126,U+13126,,F-25-030,C,"A spine with four ribs, with a downward curving loop at the end of the spine.",ꞽꜣ.t,"Classifier spine, vertebrae",F37,,F37,,,F037
13127,U+13127,,F-25-016,C,"A spine with four ribs, written at an angle.",šꜥd,Logogram (to cut),F37B,"166,8",F37B,,,F037A
13128,U+13128,,F-25-005,C,"A piece of spine with three vertebrae, angling forwards.",psḏ,"Classifier back, backbone",,,F38,,,F038
13129,U+13129,,F-25-038,C,,,,,,F38C,,,F038A
1312A,U+1312A,,F-25-033,C,"A spine, with the spinal cord hanging out at the backside, with two blocks at the bottom.",ꞽmꜣḫ,Phonemogram,F39,"167,2",F39,,,F039
1312B,U+1312B,,F-25-045,C,"A spine, with the spinal cord hanging out at either side.",ꜣwꞽ,"Logogram (to be long, to stretch out)",F40,"167,14",F40,,,F040
1312C,U+1312C,,F-26-001,C,"A section of vertebrae, written vertically, with a small dot on top.",šꜥ.t,Classifier slaughter/evil,F41,"168,6",F41,,,F041
1312D,U+1312D,,F-26-006,C,A rib.,spr,Classifier rib,F42,"168,10",F42,,,F042
1312E,U+1312E,,F-26-010,C,Ribs of beef.,spḥ.t,Classifier ribs (meat of ribs),F43,,F43,,,F043
1312F,U+1312F,,F-27-001,C,A leg-bone with meat.,ꞽwꜥ,Phono-repeater,F44,"168,14",F44,,,F044
13130,U+13130,,D-32-011,C,The uterus of a cow.,ꞽd.t,"Logogram (uterus, womb)",F45,,F45,,,F045
13131,U+13131,,AA-21-002,C,An object resembling a long vertical line with two pointed lines on top.,m,Phonemogram,AA56,"481,12",Aa56,,Y,F045A
13132,U+13132,,F-28-004,C,"An intestine, with the opening to the bottom right.",pẖr,"Logogram (to go round, to turn round)",F46,,F46,,,F046
13133,U+13133,13132 FE01,F-28-001,L,"An intestine, with the opening to the top left.",pẖr,"Logogram (to go round, to turn round)",F46A,"169,10",F46A,,,F046A
13134,U+13134,13132 13440,F-28-003,L,"An intestine, with the opening to the bottom left.",ḳ(ꜣ)b,"Classifier winding, intestine",F47,"169,12",F47,,,F047
13135,U+13135,13132 FE01 13440,F-28-005,L,"An intestine, with the opening to the top right.",pẖr,"Logogram (to go round, to turn round)",F47A,,F47A,,,F047A
13136,U+13136,,F-28-006,C,"An intestine, with the openings top left and bottom right.",pẖr,"Logogram (to go round, to turn round)",F48,"169,13",F48,,,F048
13137,U+13137,13136 13440,F-28-007,L,"An intestine, with the openings top right and bottom left.",wḏb,Phono-repeater,F49,,F49,,,F049
13138,U+13138,13132 13436 132F4,F-28-013,L,"A folded piece of cloth (S29), written over an intestine, with the opening to the bottom right (F46).",spẖr,Phonemogram,F50,,F50,,,F050
13139,U+13139,,F-29-003,C,"A piece of flesh, point towards the back, curving downwards.",f,Phonemogram,F51,"170,3",F51,,,F051
1313A,U+1313A,13139 13431 13139 13431 13139,F-29-009,L,"Three pieces of flesh, point towards the back, curving downwards, arranged horizontally.",ḥꜥ.w,Classifier part of a body,,,,,,F051A
1313B,U+1313B,13139 13430 13139 13430 13139,F-29-010,L,"Three pieces of flesh, point towards the back, curving downwards, arranged vertically.",ḥꜥ.w,"Logogram (limbs, body)",,,,,,F051B
1313C,U+1313C,13139 FE01,F-29-011,L,,,,F51A,,F51A,,,F051C
1313D,U+1313D,,F-30-001,C,A pile of excrement.,ḥs,Classifier excrement,F52,"170,9",F52,,,F052
1313E,U+1313E,,F-02-021,C,"The head of a ram (Ovis longipes palaeo-aegyptiacus), with beard, on top of a staff with a forked end.",mdw,Phonemogram,F59,,F59,,,F053
1313F,U+1313F,,G-26-001,C,An Egyptian vulture (Neophron percnopterus).,ꜣ,Phonemogram,G1,"204,1",G1,,,G001
13140,U+13140,,G-26-004,C,"Two Egyptian vultures (Neophron percnopterus), overlapping each other.",ꜣꜣ,Phonemogram,G2,"204,4",G2,,,G002
13141,U+13141,13333 13436 1313F,G-26-022,L,"An Egyptian vulture (Neophron percnopterus) (G1), written over a sickle (U1), with the handle towards the back.",mꜣ,Phonemogram,G3,"388,8",G3,,,G003
13142,U+13142,,G-02-003,C,A long-legged buzzard (Buteo rufinus).,tyw,Phonemogram,G4,,G4,,,G004
13143,U+13143,,G-12-002,C,A falcon.,ḥr,Logogram (Horus),G5,"184,14",G5,,,G005
13144,U+13144,,G-12-005,C,A falcon (G5) with a flagellum (S45) on its back.,bꞽk,Classifier falcon,G6,"185,3",G6,,,G006
13145,U+13145,,G-12-144,C,A falcon (G5) on top of a wickerwork basket (V30).,nb,Logogram (lord),G139,"191,7",G139,,,G006A
13146,U+13146,,G-12-047,C,"A falcon (G5), on top of a standard used for carrying religious symbols (R12).",,Classifier divine beings/divine things,G7,"187,6",G7,,,G007
13147,U+13147,,G-12-132,C,"A falcon (G5), on top of a moon sickle shaped boat.",nmty,Logogram (Nemty (divinity)),G7A,"191,3",G7A,,,G007A
13148,U+13148,,G-12-133,C,"A falcon (G5), on top of a moon sickle shaped boat, which rests upon a pedestal (P15).",,Logogram nmty (Nemty (divinity)),G7B,,G7B,,,G007B
13149,U+13149,,G-12-148,C,"A falcon (G5), on top of a collar of beads (S12).",ḥr-nbw,Logogram (golden Horus),G8,,G8,,,G008
1314A,U+1314A,,G-12-015,C,A falcon (G5) with a sun disk (N5) on its head.,rꜥ-ḥr,Logogram (Re-Hor (usually in rꜥ-ḥr-ꜣḫ.ty),G9,"185,13",G9,,,G009
1314B,U+1314B,,G-12-151,C,"A falcon (G5), on top of a moon-sickle shaped boat with a higher prow than stern, with a rudder, with the head of an antelope (F81) on top of the prow, facing inwards, with a downward line with multiple horizontal lines written over it coming from the head, on top of a sledge (P60B).",ḥnw,Classifier bark of Sokar,G10,,G10,,,G010
1314C,U+1314C,,G-15-001,C,An archaic image of a falcon/cult image of a falcon.,ꜥẖm,Classifier cult image,G11,"193,9",G11,,,G011
1314D,U+1314D,,G-15-002,C,,,,,,G11A,,,G011A
1314E,U+1314E,,G-15-003,C,"An archaic image of a falcon/cult image of a falcon, with a flagellum (S45) on its back.",ꜥẖm,Classifier cult image,G12,"193,11",G12,,,G012
1314F,U+1314F,,G-15-012,C,"An archaic image of a falcon/cult image of a falcon, wearing a headdress consisting of two plumes (S9).",spd(.w),Classifier falcon divinity,G13,"194,3",G13,,,G013
13150,U+13150,,G-24-001,C,A griffon vulture (Gyps fulvus).,mw.t,Logogram (mother),G14,"201,9",G14,,,G014
13151,U+13151,,G-24-018,C,"A griffon vulture (Gyps fulvus), with a flagellum (S45) on its back.",mw.t,Logogram (mother),G15,"202,14",G15,,,G015
13152,U+13152,13D04 13431 13D95,G-24-029,L,"A griffon vulture (Gyps fulvus), on top of a wickerwork basket (V30), in front of a cobra (Naja haje), standing up, with expanded hood (uraeus), with a coiled tail (I12), upon a wickerwork basket (V30).",nb.ty,Logogram (the two ladies (i.e. Nekhbet and Wadjet),G16,"203,5",G16,,,G016
13153,U+13153,,G-09-001,C,An owl.,m,Phonemogram,G17,"176,10",G17,,,G017
13154,U+13154,,G-09-006,C,"Two owls, overlapping each other.",mm,Phonemogram,G18,"176,13",G18,,,G018
13155,U+13155,13153 13436 1309E,G-09-023,L,,,,G19,"178,2",G19,,,G019
13156,U+13156,13153 13436 1309D,G-09-008,L,"A forearm, with the palm of the hand facing upwards (D36), written over an owl (G17).",m-ꜥ,Phonemogram,G20,"177,2",G20,,,G020
13157,U+13157,13153 13436 1308B,G-09-013,L,"A mouth (D21), written over an owl (G17).",mr (ꞽm.y-r),Phonemogram,G90,"177,8",G90,,,G020A
13158,U+13158,,G-22-002,C,"A saharan helmeted guinea fowl (Numida m. meleagris), with a lappet.",nḥ,Phonemogram,G21,"200,4",G21,,,G021
13159,U+13159,,G-17-001,C,A hoopoe (Upupa epops).,ḏb,Phonemogram,,"195,15",,,,G022
1315A,U+1315A,,G-23-001,C,A lapwing (Vanellus cristatus).,rḫ.yt,"Logogram (common folk, subjects, people)",G23,"201,1",G23,,,G023
1315B,U+1315B,,G-23-005,C,"A lapwing (Vanellus cristatus), legs drawn towards the body, wings extended above the body.",rḫ.yt,"Logogram (common folk, subjects, people)",G24,"201,4",G24,,,G024
1315C,U+1315C,,G-11-081,C,A crested ibis (Ibis comata).,ꜣḫ,Phonemogram,G25,"182,8",G25,,,G025
1315D,U+1315D,,G-11-089,C,"An African sacred ibis (Threskiornis aethiopicus) (G26A), on top of a standard used for carrying religious symbols (R12).",ḏḥwty,Logogram (Thot),G26,"182,16",G26,,,G026
1315E,U+1315E,,G-11-085,C,An African sacred ibis (Threskiornis aethiopicus).,hb,Classifier ibis,G26A,"182,13",G26A,,,G026A
1315F,U+1315F,,G-11-001,C,A greater flamingo (Phoenicopterus roseus).,dšr,Logogram (to be red),G27,"179,4",G27,,,G027
13160,U+13160,,G-11-008,C,A black ibis (Plegadis falcinellus).,gm,Phonemogram,G28,"179,10",G28,,,G028
13161,U+13161,,G-11-011,C,"A saddle-billed stork (Ephippiorhynchus senegalensis), with lappet.",bꜣ,Phonemogram,G29,"179,11",G29,,,G029
13162,U+13162,,G-11-018,C,"Three saddle-billed storks (Ephippiorhynchus senegalensis), overlapping each other, the first bird having a lappet.",bꜣ.w,Logogram (souls),G30,"180,5",G30,,,G030
13163,U+13163,,G-11-050,C,A gray heron (Ardea cinerea).,bnw,Classifier heron,G31,"181,7",G31,,,G031
13164,U+13164,,G-11-061,C,"A gray heron (Ardea cinerea), legs drawn towards the body, seated on a pole, held upright through ropes (R91).",bꜥḥ,Logogram (to inundate),G32,,G32,,,G032
13165,U+13165,,G-11-028,C,A cattle egret (Bubulcus ibis).,sdꜣ,Phonemogram,G33,"180,9",G33,,,G033
13166,U+13166,,G-01-001,C,"An ostrich (Struthio camelus), with both wings upwards.",nꞽw,Classifier ostrich,G34,"171,1",G34,,,G034
13167,U+13167,,G-10-001,C,A great cormorant (Phalacrocorax carbo).,ꜥḳ,Phonemogram,G35,"178,13",G35,,,G035
13168,U+13168,,G-16-002,C,A swallow (Hirundo rustica savignii).,wr,Phonemogram,G36,"194,13",G36,,,G036
13169,U+13169,13168,G-16-003,L,,,,,,,,,G036A
1316A,U+1316A,,G-16-013,C,A house sparrow (Passer domesticus niloticus).,ꞽsf.t,"Classifier negative, bad",G37,"195,12",G37,,,G037
1316B,U+1316B,1316A,G-16-014,L,,,,,,,,,G037A
1316C,U+1316C,,G-08-001,C,A greater white-fronted goose (Anser albifrons).,gb,Phonemogram,G38,"196,4",G38,,,G038
1316D,U+1316D,,G-04-001,C,A pintail duck (Anas acuta).,sꜣ ,Logogram (son),G39,"173,8",G39,,,G039
1316E,U+1316E,,G-05-001,C,"A greater white-fronted goose (Anser albifrons), flying, with a wing at either side of its body.",pꜣ,Phonemogram,G40,"174,5",G40,,,G040
1316F,U+1316F,,G-05-010,C,"A greater white-fronted goose (Anser albifrons), alighting or flying up, with both wings behind the body.",ḫn,Phonemogram,G41,"174,13",G41,,,G041
13170,U+13170,,G-07-003,C,A widgeon (Mareca penelope).,ḏfꜣ,Phonemogram,G42,"176,9",G42,,,G042
13171,U+13171,,G-03-001,C,A quail chick (Coturnix coturnix).,w,Phonemogram,G43,"171,9",G43,,,G043
13172,U+13172,13171 13433 133CF,G-03-018,L,"A half round loaf of bread (X1), written in front of a quail chick (G43).",tw,Phonemogram,,"172,16",,,,G043A
13173,U+13173,,G-03-003,C,"Two quail chicks (Coturnix coturnix), overlapping each other.",ww,Phonemogram,G44,"171,11",G44,,,G044
13174,U+13174,1309D 13436 13171,G-03-005,L,"A forearm, with the palm of the hand facing upwards (D36), written over a quail chick (G43).",wꜥ,Phonemogram,G45,"172,1",G45,,,G045
13175,U+13175,1309E 13436 13171,G-03-007,L,"A forearm with the hand holding a conical loaf of bread (D37), written over a quail chick (G43).",dꞽw,Phonemogram,G247,"172,13",G247,,,G045A
13176,U+13176,13333 13436 13171,G-03-025,L,"A quail chick (G43), written over a sickle (U1).",mꜣw,Phonemogram,G46,"388,10",G46,,,G046
13177,U+13177,,G-20-006,C,"A duckling, with open beak, outstretched wings on either side of the body, and the legs drawn towards the body.",ṯꜣ,Phonemogram,G47,"198,11",G47,,,G047
13178,U+13178,,G-20-023,C,"Three ducklings, with open beaks, outstretched wings on either side of the body, and the legs drawn towards the body (G47), inside a nest.",šš,Classifier nest,G48,"199,5",G48,,,G048
13179,U+13179,,G-20-030,C,,,,,,,,,G049
1317A,U+1317A,,G-04-011,C,"Two plovers, overlapping each other.",rḫ.ty,Phonemogram,G50,,G50,,,G050
1317B,U+1317B,,G-11-043,C,"A cattle egret (Bubulcus ibis), pecking and standing upon a fish with a long broad fin on its back, and two small fins on its belly.",ḥꜣm,Classifier catching fish,G51,"181,2",G51,,,G051
1317C,U+1317C,,G-08-020,C,"A goose, standing, with its head downwards, as if it is picking up food",snm,"Classifier feeding, eating",G52,,G52,,,G052
1317D,U+1317D,,G-18-004,C,"A bowl for incense with smoke rising from the bowl (R7), written in front of the legs of a human headed bird (G53A).",bꜣ,Logogram (soul),G53,,G53,,,G053
1317E,U+1317E,,G-08-016,C,"A trussed and plucked goose or duck, with the head backwards below its body.",snḏ,Phonemogram,G54,"196,15",G54,,,G054
1317F,U+1317F,,H-03-001,C,The head of a pintail duck (Anas acuta).,ꜣpd,"Logogram (bird, fowl)",H1,"207,3",H1,,,H001
13180,U+13180,,H-04-005,C,The head of a gray heron (Ardea cinerea).,wšm,Phono-repeater,H2,,H2,,,H002
13181,U+13181,,H-05-001,C,The head of a spoonbill (Platalea leucorodia).,pꜣḳ,Phonemogram,H3,"207,12",H3,,,H003
13182,U+13182,,H-06-003,C,"The head of a griffon vulture (Gyps fulvus), with a backwards curved neck.",rmṯ,Classifier people,H4,"208,4",H4,,,H004
13183,U+13183,,H-07-005,C,The fully extended wing of a bird.,ḏnḥ,Classifier wing,H5,,H5,,,H005
13184,U+13184,,H-08-001,C,A feather.,šw,Phonemogram,H6,"209,5",H6,,,H006
13185,U+13185,,H-08-003,C,A feather with tow upwards angled ticks on the front.,šw,Phonemogram,H6A,,H6A,,,H006A
13186,U+13186,,H-09-004,C,"The claw of a bird, with two frontal digits visible.",ꞽꜣf.t,Classifier claw,H7,"210,5",H7,,,H007
13187,U+13187,,H-10-001,C,An egg.,sꜣ,Logogram (son),H8,"210,8",H8,,,H008
13188,U+13188,,I-01-001,C,A lizard or gecko.,ꜥšꜣ,Phonemogram,I1,"211,1",I1,,,I001
13189,U+13189,,I-02-001,C,A freshwater turtle.,štw,Classifier turtle,I2,"211,3",I2,,,I002
1318A,U+1318A,,I-03-001,C,A Nile crocodile (Crocodylus niloticus).,ꜣd,Classifier aggression,I3,"211,4",I3,,,I003
1318B,U+1318B,,I-03-043,C,A Nile crocodile (Crocodylus niloticus) on top of a shrine.,sbk,Classifier Sobek,I4,,I4,,,I004
1318C,U+1318C,,I-03-038,C,"A Nile crocodile (Crocodylus niloticus) with its tail curved forward, below the body.",sꜣḳ,Logogram (to gather),I5,"212,8",I5,,,I005
1318D,U+1318D,,I-03-003,C,A cult image of a crocodile.,sbk,Classifier Sobek,I5A,,I5A,,,I005A
1318E,U+1318E,,I-04-008,C,"A piece of crocodile skin with horizontal spines, or tail of a crocodile.",km,Phonemogram,,,I6,,,I006
1318F,U+1318F,,I-05-001,C,A frog or toad.,ḥḳ.t,Classifier divinity,I7,"213,14",I7,,,I007
13190,U+13190,,I-05-004,C,A tadpole.,ḥfn,Logogram (one hundred thousand),I8,"214,1",I8,,,I008
13191,U+13191,,I-07-002,C,A horned desert viper (Cerastes cerastes).,f,Phonemogram,I9,"214,12",I9,,,I009
13192,U+13192,,I-07-009,C,"A horned desert viper (Cerastes cerastes) (I9), coming out of an open rectangle, with the top line shorter than the bottom line.",prꞽ,Logogram (to go forth),I24,"215,3",I24,,,I009A
13193,U+13193,,I-09-001,C,A cobra in repose (Naja haje).,ḏ,Phonemogram,I10,"215,10",I10,,,I010
13194,U+13194,,I-09-013,C,"A cobra in repose (Naja haje) (I10), with a feather (H6) on its back, angling backwards.",ḏfꜣ,Phonemogram,I31,"216,6",I31,,,I010A
13195,U+13195,,I-09-005,C,"Two cobras in repose (Naja haje), overlapping each other.",ḏḏ,Phonemogram,I11,,I11,,,I011
13196,U+13196,13193 13433 13437 133CF 13430 131FF 13438,I-09-021,L,A half round loaf of bread (X1) above a strip of land (N17); written below a cobra in repose (Naja haje) (I10).,ḏ.t,Logogram (eternity),,"216,7",,,,I011A
13197,U+13197,,I-11-049,C,"A cobra (Naja haje), standing up, with expanded hood (uraeus), with a coiled tail.",nbw.t,Classifier female divinity,I12,"220,4",I12,,,I012
13198,U+13198,,I-11-053,C,"A cobra (Naja haje), standing up, with expanded hood (uraeus), with a coiled tail (I12), upon a wickerwork basket (V30).",wꜣḏ.t,Classifier female divinity (Wadjet),I13,,I13,,,I013
13199,U+13199,,I-13-004,C,"A snake with a coiled tail, consisting of two coils.",ḳꜣb,"Classifier coiling, winding",I14,"223,8",I14,,,I014
1319A,U+1319A,,I-13-003,C,"A cobra (Naja haje), standing up, with expanded hood (uraeus), with a coiled tail, consisting of two coils.",ꞽꜥr.t,Classifier snake/uraeus,I15,"223,7",I15,,,I015
1319B,U+1319B,,K-01-001,C,A Nile tilapia (Oreochromis niloticus).,ꞽn,Phonemogram,K1,"226,1",K1,,,K001
1319C,U+1319C,,K-01-006,C,A fish (Labeobarbus bynni),bw,Phono-repeater,K2,"226,5",K2,,,K002
1319D,U+1319D,,K-01-015,C,A mullet (Mugil cephalus).,rm,Logogram (fish),K3,"226,13",K3,,,K003
1319E,U+1319E,,K-01-029,C,A freshwater elephant fish (Mormyrus kannume).,ẖꜣ,Phonemogram,K4,"227,8",K4,,,K004
1319F,U+1319F,,K-01-004,C,"A fish with a long broad fin on its back, and two small fins on its belly.",bs,Phono-repeater,K5,"226,2",K5,,,K005
131A0,U+131A0,,K-02-008,C,The scale of a fish.,nšm.t,Logogram (scale),K6,"228,13",K6,,,K006
131A1,U+131A1,,K-01-008,C,A fahaka puffer fish (Tetrodon fahaka).,špt,"Classifier rage, anger",K7,"226,7",K7,,,K007
131A2,U+131A2,,K-01-011,C,An electric catfish (Malapterurus electricus).,nꜥr,Classifier catfish,K13,"226,9",K13,,,K008
131A3,U+131A3,,L-01-001,C,"A dung beetle, scarab (scarabaeus sacer).",ḫpr,Logogram (to become),L1,"229,1",L1,,,L001
131A4,U+131A4,,L-02-002,C,A bee.,bꞽ.ty,Logogram (king of Lower Egypt),L2,"230,4",L2,,,L002
131A5,U+131A5,131D3 13431 131A4 13430 133CF 13431 133CF,L-02-005,L,"A sedge (M23) written above a half round loaf of bread (X1), in front of a bee (L2) written above a half round loaf of bread (X1).",n(.y)-sw.t-bꞽ.ty,Logogram (king of Upper Egypt and Lower Egypt),,,,,,L002A
131A6,U+131A6,,L-02-007,C,,,,L3,,L3,,,L003
131A7,U+131A7,,L-03-001,C,A common locust.,snḥm,Classifier locust,L4,"230,7",L4,,,L004
131A8,U+131A8,,L-05-001,C,A centipede.,spꜣ,Classifier centipede,L5,"230,10",L5,,,L005
131A9,U+131A9,,L-07-006,C,A bivalve shell.,ḫꜣ,Phonemogram,L6,,L6,,,L006
131AA,U+131AA,131A9 13440,L-07-007,L,,,,,,,,,L006A
131AB,U+131AB,,L-06-005,C,A water scorpion (nep cinerea).,srḳ.t,Classifier scorpion,L7,"231,4",L7,,,L007
131AC,U+131AC,,L-07-004,C,"A click beetle (Lanelater Notodonta), without legs.",ꜥnḫ,Logogram/phonemogram (type of beetle),,,L8,,,L008
131AD,U+131AD,,M-01-001,C,A tree.,ꜥš,"Classifier tree, product of a tree",M1,"232,1",M1,,,M001
131AE,U+131AE,131B1 13436 131AD,M-01-008,L,"A branch, horizontally written (M3), written over a tree (M1).",hbny,Classifier product of a tree,M1A,"232,7",M1A,,,M001A
131AF,U+131AF,13191 13436 131AD,M-01-006,L,"A horned desert viper (Cerastes cerastes), written over a tree (M1).",ꞽm=f,Phonemogram,M48,"232,5",M1E M48,,,M001B
131B0,U+131B0,,M-03-001,C,"A herb, with three flowers or leaves, curving upwards, with the middle flower/leaf higher than the other two.",ḥn,Phonemogram,M2,"233,8",M2,,,M002
131B1,U+131B1,,M-04-001,C,"A branch, horizontally written.",ḫt,Phonemogram,M3,"234,4",M3,,Y,M003
131B2,U+131B2,13153 13436 131B1,G-09-025,L,"A branch, horizontally written (M3), over an owl (G17).",m-ḫt,Phonemogram,,,M3A,,,M003A
131B3,U+131B3,,M-05-001,C,"A palm branch, stripped of leaves and notched with a round notch.",rnp.t,Logogram (year),M4,"235,4",M4,,,M004
131B4,U+131B4,,M-05-024,C,"A palm branch, stripped of leaves and notched with a round notch (M4), on top of a half round loaf of bread (X1).",tr,Logogram (time/season),M5,,M5,,,M005
131B5,U+131B5,,M-05-015,C,"A palm branch, stripped of leaves and notched with a round notch (M4), on top of a mouth (D21).",tr,Logogram (time/season),M6,"235,14",M6,,,M006
131B6,U+131B6,,M-05-025,C,"A palm branch, stripped of leaves and notched with a round notch (M4), on top of a stool made of reed matting (Q3).",rnp,"Classifier youth, vigour, fresh",M7,,M7,,,M007
131B7,U+131B7,,M-06-023,C,"A pool with lotus flowers, consisting of three flowers and two buds.",šꜣ,Phonemogram,M8,,M8,,,M008
131B8,U+131B8,,M-08-025,C,"A lotus flower, with the flower facing forward, and the stem facing downward.",sšn,Classifier lotus flower,M9,"240,4",M9,,,M009
131B9,U+131B9,,M-07-001,C,"A lotus bud, with the bud facing forward, and the stem facing downward.",nḥb.t,Classifier lotus bud,M10,"238,3",M10,,,M010
131BA,U+131BA,,M-07-005,C,"A lotus bud with a long stalk, folded under itself.",wdn,Classifier offering,M72,"238,7",M72,,,M010A
131BB,U+131BB,,M-10-001,C,"A lotus flower, facing forwards, with a long-twisted stalk, which is folded under itself.",wdn,Logogram (to offer),M11,"242,3",M11,,,M011
131BC,U+131BC,,M-11-002,C,"A leaf, stem and root of a lotus plant.",ḫꜣ,Phonemogram,M12,"243,4",M12,,,M012
131BD,U+131BD,,M-11-041,C,,,\2000,,,,,,M012A
131BE,U+131BE,,M-11-043,C,,,\3000,,,,,,M012B
131BF,U+131BF,,M-11-044,C,,,\4000,,,,,,M012C
131C0,U+131C0,,M-11-046,C,,,\5000,,,,,,M012D
131C1,U+131C1,,M-11-047,C,,,\6000,,,,,,M012E
131C2,U+131C2,,M-11-048,C,,,\7000,,,,,,M012F
131C3,U+131C3,,M-11-049,C,,,\8000,,,,,,M012G
131C4,U+131C4,,M-11-050,C,,,\9000,,,,,,M012H
131C5,U+131C5,,M-12-006,C,A stem of papyrus with a bud.,wꜣḏ,Phonemogram,M13,"245,6",M13,,,M013
131C6,U+131C6,13193 13436 131C5,M-12-021,L,"A cobra in repose (Naja haje, I10), written over a stem of papyrus with a bud (M13).",wꜣḏ,Phonemogram,M14,"246,3",M14,,,M014
131C7,U+131C7,,M-13-018,C,"A clump of three papyrus flowers, with two buds bent down.",mḥ.w,Logogram (Lower Egypt),M15,"247,14",M15,,,M015
131C8,U+131C8,,M-13-021,C,"Three thin stems of papyrus with a bud, with two buds bent down; on top of a plan of a crossroads in a village (O49).",mḥ.w,Logogram (Lower Egypt),M139,"248,2",M139,,,M015A
131C9,U+131C9,,M-13-003,C,A clump of three papyrus flowers.,ḥꜣ,Phonemogram,M16,"247,3",M16,,,M016
131CA,U+131CA,,M-13-009,C,"Three thin stems of papyrus with a bud, on top of a plan of a crossroads in a village (O49).",mḥ.w,Logogram (Lower Egypt),M139B,"247,8",M139B,,,M016A
131CB,U+131CB,,M-14-001,C,A flowering reed.,ꞽ,Phonemogram,M17,"248,7",M17,,,M017
131CC,U+131CC,,M-14-003,C,"Two flowering reeds, arranged horizontally.",y,Phonemogram,,,,,,M017A
131CD,U+131CD,,M-14-012,C,"A flowering reed (M17), on top of legs in a walking posture, feet orientated towards the reading direction (D54).",ꞽy(ꞽ),Phonemogram/logogram (to come),M18,"248,14",M18,,,M018
131CE,U+131CE,,M-14-017,C,"A flowering reed (M17) and a club used by washermen for beating laundry as part of the cleaning process (U36), connected by a network consisting of four horizontal lines and three lines going from bottom corner to top corner.",ꜥꜣb,Phonemogram,M19,"249,5",M19,,,M019
131CF,U+131CF,,M-15-001,C,A field of reeds with three flowering reeds and three stumps.,sḫ.t,"Logogram (marshland, country)",M20,"249,11",M20,,,M020
131D0,U+131D0,,M-15-007,C,A field of reeds with three flowering reeds and a downward loop at the far end.,sm,"Logogram (herb, plant)",M21,"250,2",M21,,,M021
131D1,U+131D1,,M-16-002,C,A rush with two shoots.,nḫb,Phonemogram,M22,"250,4",M22,,,M022
131D2,U+131D2,,M-16-005,C,"Two rushes with two shoots (M22), arranged horizontally.",nn,Phonemogram,,,,,,M022A
131D3,U+131D3,,M-16-016,C,A sedge.,n(.y)-sw.t,Logogram (king of Upper Egypt),M23,"250,10",M23,,,M023
131D4,U+131D4,,M-16-026,C,"A sedge (M23), written on top of a mouth (D21).",rsw/rsy,Phonemogram,M24,"251,4",M24,,,M024
131D5,U+131D5,,M-12-030,C,A stem of papyrus with a flowering bud.,tꜣ,Logogram (land),M127,"246,10",M127,,,M024A
131D6,U+131D6,,M-16-058,C,"A desert plant, with four branches, with flowers on every branch (M26A), written on top of a mouth (D21).",šmꜥ.w,Logogram (Upper Egypt),M25,"252,9",M25,,,M025
131D7,U+131D7,,M-16-046,C,"A desert plant, with four branches, with flowers on every branch, on a horizontal base.",šmꜥ.w,Logogram (Upper Egypt),M26,"252,3",M26,,,M026
131D8,U+131D8,1309D 13436 131D7,M-16-053,L,"A forearm, with the palm of the hand facing upwards (D36), written over a desert plant, with four branches, with flowers on every branch, on a horizontal base. (M26).",šmꜥ.w,Logogram (Upper Egypt),M27,,M27,,,M027
131D9,U+131D9,,M-16-056,C,"A desert plant, with four branches, with flowers on every branch (M26A), written on top of a hobble for cattle without a crossbar (V20).",mḏ-šmꜥ.w,Logogram (the 10 of Upper Egypt),M28,"252,8",,,,M028
131DA,U+131DA,,M-13-010,C,"Three thin stems of papyrus with a flowering bud, on top of a plan of a crossroads in a village (O49).",šmꜥ.w,Logogram (Upper Egypt),M140B,"247,9",M140B,,,M028A
131DB,U+131DB,,M-17-003,C,A pod of a carob (Ceratonia siliqua) tree.,nḏm,Logogram (to be sweet),M29,"253,1",M29,,,M029
131DC,U+131DC,,M-18-001,C,A root.,bnr/bnꞽ,Logogram (to be sweet),M30,"253,6",M30,,,M030
131DD,U+131DD,,M-19-001,C,"A rhizome of a lotus, resembling vertical lines coming from a vessel.",srd,Classifier growing,M31,"254,6",M31,,,M031
131DE,U+131DE,,M-19-006,C,"Either a tree growing in a pot, or a rhizome of a lotus, with a leaf coming from it.",srd,Classifier growing,,,US1M31AEXTU,,,M031A
131DF,U+131DF,,M-18-012,C,"A rhizome of a lotus, with two shoots at the bottom.",rd,Classifier growing,M32,,M32,,,M032
131E0,U+131E0,,M-20-004,C,"Three grains of corn, arranged horizontally.",ꞽt,"Logogram (grain, barley, corn)",M33,,M33,,,M033
131E1,U+131E1,131E0 FE00 13440,M-20-005,L,"Three grains of corn, arranged vertically.",ꞽt,"Classifier grain, barley, corn",M33A,,M33A,,,M033A
131E2,U+131E2,131E0,M-20-006,L,"Three grains of corn, arranged in a triangular form, with a single grain at the bottom.",tbtb,"Classifier grain, barley, corn",,,,,,M033B
131E3,U+131E3,,M-21-001,C,An ear of corn.,bd.t,Logogram (emmer),M34,"255,1",M34,,,M034
131E4,U+131E4,,M-20-007,C,A heap of corn.,ꜥḥꜥ,"Classifier heap, quantity",M35,,M35,,,M035
131E5,U+131E5,,M-22-016,C,"A bundle of flax stems, bound together with string, loop and tie at the back, with the bolls visible on the top, squared at the bottom.",ḏr,Phonemogram,M36,"256,8",M36,,,M036
131E6,U+131E6,,M-22-012,C,"A bundle of flax stems, bound together with string near the top of the bundle.",ḏr,Phonemogram,M37,,M37,,,M037
131E7,U+131E7,,M-22-013,C,"A bundle of flax stems, bound together with string near the bottom of the bundle.",ḥmꜥ,Classifier flax,M38,,M38,,,M038
131E8,U+131E8,,M-23-001,C,A basket with four pieces of grain or fruit.,snṯr,Classifier granular product,M39,"257,7",M39,,,M039
131E9,U+131E9,,M-24-001,C,"A vertical bundle of reeds, tied together, with the ties at the front",ꞽs,Phonemogram,M40,"257,8",M40,,,M040
131EA,U+131EA,,M-24-004,C,"A vertical bundle of reeds, tied together, with the ties resembling a triangle.",ꞽs,Phonemogram,,"257,13",US1M40AEXTU,,,M040A
131EB,U+131EB,,M-25-001,C,A log of wood.,ꜥš,Classifier wood/timber,M41,"258,8",M41,,,M041
131EC,U+131EC,,M-08-038,C,A flower with four petals.,wn,Phonemogram,M42,"240,15",M42,,,M042
131ED,U+131ED,,M-26-005,C,"A vine with fruits on two forked supports, with the back of the vine descending down, into a basket or vessel.",ꞽrp,Logogram (wine),M43,,M43,,,M043
131EE,U+131EE,,M-27-002,C,A thorn.,spd,Phonemogram,M44,"259,7",M44,,,M044
131EF,U+131EF,,N-01-001,C,The sky.,p.t,Logogram (sky),N1,"261,1",N1,,Y,N001
131F0,U+131F0,,N-01-022,C,The sky with a sceptre with a forked end hanging from it.,grḥ,Classifier night,N2,,N2,,,N002
131F1,U+131F1,,N-01-023,C,The sky with a sceptre with a cone at the end hanging from it.,grḥ,Classifier night,N3,,N3,,,N003
131F2,U+131F2,,N-01-028,C,"The sky, with lines of moisture coming from it.",sšn,Classifier storm,N4,"262,3",N4,,,N004
131F3,U+131F3,,N-02-001,C,"The sun, within a halo.",rꜥ,"Logogram (the sun, Re)",N5,"262,6",N5,,,N005
131F4,U+131F4,,N-03-003,C,"The sun within a halo, encircled by a cobra (Naja haje), standing up, with expanded hood (uraeus).",rꜥ,"Logogram (the sun, Re)",N6,"263,2",N6,,,N006
131F5,U+131F5,,N-04-015,C,The sun disk upon a butcher's block.,ẖr.t-hrw,"Logogram (course (of the day), daily requirements)",N7,,N7,,,N007
131F6,U+131F6,,N-04-016,C,"The sun, with three beams of sunlight coming from it.",psḏ,"Classifier light, shining, rising",,,,,,N008
131F7,U+131F7,,N-07-001,C,"The moon, with one half obscured.",psḏ,Phonemogram,N9,"267,6",N9,,,N009
131F8,U+131F8,,N-07-006,C,"The moon, partly obscured to form a crescent at the top of the circle.",psḏ,Phonemogram,N10,"267,9",N10,,,N010
131F9,U+131F9,,N-06-001,C,A crescent moon.,ꜣbd,Logogram (month),N11,"266,7",N11,,,N011
131FA,U+131FA,,N-06-005,C, A crescent moon with a part of the moon disc.,ꞽꜥḥ,Classifier moon,N12,"266,8",N12,,,N012
131FB,U+131FB,,N-08-008,C,"The back half of a crescent moon (N63A), written over a star (N14).",smd.t,Logogram (half-month (festival)),,,N13,,,N013
131FC,U+131FC,,N-08-001,C,A star.,sbꜣ,Logogram (star),N14,"268,1",N14,,,N014
131FD,U+131FD,,N-08-005,C,"A star, within a circle.",dwꜣ.t,Classifier (netherworld),N15,"268,5",N15,,,N015
131FE,U+131FE,,N-09-027,C,"A strip of land, with three grains of sand written beneath it.",tꜣ,Logogram (land),N16,,N16,,,N016
131FF,U+131FF,,N-09-002,C,A strip of land.,tꜣ,Logogram (land),N17,"268,9",N17,,,N017
13200,U+13200,,N-09-011,C,An oval of sand.,ꞽw,Logogram (island),N18,"269,4",N18,,,N018
13201,U+13201,,N-19-011,C,"A ripple of water (N35), written within an oval.",ꞽmn,Phonemogram,,,,,,N018A
13202,U+13202,13200 13439 13283,N-09-029,L,,,,,,,,,N018B
13203,U+13203,,N-09-012,C,"Two ovals of sand, arranged vertically.",ꜣḫ.ty,Logogram (horizon-dweller),N19,"269,5",N19,,,N019
13204,U+13204,,N-10-011,C,A long tongue of land.,wḏb,Classifier riverbank,N20,"270,9",N20,,,N020
13205,U+13205,,N-10-001,C,A tongue of land.,ꞽdb,Logogram (riverbank),N21,"269,15",N21,,,N021
13206,U+13206,,N-10-015,C,A tongue of land with a vertical line at the front.,ꞽdb,Logogram (riverbank),N22,"270,13",N22,,,N022
13207,U+13207,,N-11-002,C,An irrigation canal.,dmꞽ,Classifier geographical location,N23,"270,15",N23,,,N023
13208,U+13208,,N-11-007,C,A parcel of land with irrigation ditches.,spꜣ.t,"Logogram (nome, district)",N24,"271,5",N24,,,N024
13209,U+13209,,N-13-001,C,The hill country over the edge of the cultivated areas.,ḫꜣs.t,"Classifier foreign land, desert",N25,"272,8",N25,,,N025
1320A,U+1320A,13209,N-13-002,L,,,,,"272,9",,,,N025A
1320B,U+1320B,,N-13-014,C,A sand covered mountain over the edge of the cultivated areas.,ḏw,Phonemogram,N26,"273,4",N26,,,N026
1320C,U+1320C,,N-15-002,C,The sun rising over a sand covered mountain over the edge of the cultivated areas.,ꜣḫ.t,Logogram (horizon),N27,"274,4",N27,,,N027
1320D,U+1320D,,N-16-001,C,A hill with a halo of sun rays behind it.,ḫꜥ,Phonemogram,N28,"274,12",N28,,,N028
1320E,U+1320E,,N-17-001,C, A sandy hill slope.,ḳ,Phonemogram,N29,"275,8",N29,,,N029
1320F,U+1320F,,N-17-004,C,A hill with shrubs.,ꞽꜣ.t,"Logogram hill, mound",N30,"275,12",N30,,,N030
13210,U+13210,,N-18-003,C,"A road with two shrubs at the top, and one at the bottom.",wꜣ.t,Logogram (road),N31,"276,6",N31,,,N031
13211,U+13211,,N-22-001,C,A lump of clay.,sꞽn,Classifier clay,N32,,N32,,,N032
13212,U+13212,,N-14-006,C,A grain of sand.,snṯr,"Classifier medicaments, incense, oil",N33,"274,2",N33,,,N033
13213,U+13213,,N-14-002,C,Three grains of sand that are horizontally aligned to each other.,ꜥn.tyw,"Classifier medicaments, incense, oil",N33A,"273,14",N33A,,,N033A
13214,U+13214,,N-22-002,C,An ingot of metal.,ꞽḳḥ.w,Classifier metal objects,N34,,N34,,,N034
13215,U+13215,13214,N-22-003,L,A slightly less broad ingot of metal.,bꞽꜣ,Logogram (metal),,,,,,N034A
13216,U+13216,,N-19-001,C,A ripple of water.,n,Phonemogram,N35,"277,2",N35,,,N035
13217,U+13217,,N-19-002,C,"Three ripples of water, vertically aligned above one another.",mw,Logogram (water),N35A,,N35A,,,N035A
13218,U+13218,,N-20-001,C,A canal.,mr,Phonemogram,N36,"277,11",N36,,,N036
13219,U+13219,,N-20-018,C,A rectangular pool.,š,Phonemogram,N37,"278,7",N37,,,N037
1321A,U+1321A,,N-20-022,C,"A rectangular pool, with two diagonal strokes written inside.",š,Phonemogram,,,N37A,,,N037A
1321B,U+1321B,,N-20-019,C,A rectangular pool with sloping sides.,š,Phonemogram,N38,"278,3",N38,,,N038
1321C,U+1321C,,N-20-031,C,"A rectangular pool, with vertical ripples of water written within it.",š,Phonemogram,N39,"278,16",N39,,,N039
1321D,U+1321D,,N-20-033,C,"A rectangular pool (N37), on top of legs in a walking posture, feet orientated towards the reading direction (D54).",šm,Logogram (to go),N40,"279,2",N40,,,N040
1321E,U+1321E,,N-21-001,C,A well with a ripple of water.,ḥm,Phonemogram,N41,"279,5",N41,,,N041
1321F,U+1321F,,N-21-004,C,A well with a straight line of water.,ḥm,Phonemogram,N42,"279,8",N42,,,N042
13220,U+13220,,O-05-121,C,"A wall, written vertically, with battlements on the corners, and one in the middle of the long sides (O36), in front of a mace with a pear-shaped head, written vertically (T3); on top of a standard used for carrying religious symbols (R12), written on top of a parcel of land with irrigation ditches (N24).",ꞽnb-ḥḏ,Logogram (Memphis (the white wall; first nome of Lower Egypt)),,,NL1,,,NL001
13221,U+13221,,F-19-029,C,"The thigh of a bovid (ox), on top of a standard used for the carrying of religious symbols (R12) on top of a parcel of land with irrigation ditches (N24).",ḫm/ḫpš/ꞽwꜥ,Logogram (2nd nome of Lower Egypt),,,NL2,,,NL002
13222,U+13222,,G-12-156,C,"A feather (H6), in front of a falcon (G5), on top of a standard used for carrying religious symbols (R12), on top of a parcel of land with irrigation ditches (N24).",ꞽmn.tt,"Logogram (West, 3rd nome of Lower Egypt)",,,NL3,,,NL003
13223,U+13223,,T-07-037,C,"A shield with a rounded top, with two arrows crossed over it, fletching upwards (T62) in front of a sedge written on top of a mouth (M24); on top of a standard used for carrying religious symbols (R12), on top of a parcel of land with irrigation ditches (N24).",n.t-rs.yt,"Logogram (Neith-South, 4th nome of Lower Egypt)",,,NL4,,,NL004
13224,U+13224,,T-07-035,C,"A shield with a rounded top, with two arrows crossed over it, fletching upwards (T62), in front of a clump of three papyrus flowers, with two buds bent down (M15); on top of a standard used for carrying religious symbols (R12), on top of a parcel of land with irrigation ditches (N24).",n.t-mḥ.yt,"Logogram (Neith-North, 5th nome of Lower Egypt)",,,NL5,,,NL005
13225,U+13225,,T-07-036,C,"A shield with a rounded top, with two arrows crossed over it, fletching upwards (T62) in front of a whip with a loop at the front (V23A) on top of a half round loaf of bread (X1); on top of a standard used for carrying religious symbols (R12), on top of a parcel of land with irrigation ditches (N24).",n.t-mḥ.yt,"Logogram (Neith-North, 5th nome of Lower Egypt)",,,NL5A,,,NL005A
13226,U+13226,,E-23-048,C,"A sand covered mountain over the edge of the cultivated areas (N26), in front of a bovid (bull), standing (E1), on top of a standard used for the carrying of religious symbols (R12) on top of a parcel of land with irrigation ditches (N24).",ḫꜣsw.w,Logogram (6th nome of Lower Egypt),,,NL6,,,NL006
13227,U+13227,,T-13-071,C,"An one-barbed harpoon, with handle, written horizontally (T21), on top of a crescent moon shape, connected by three lines, in front of a feather (H6), angled forwards on top of a standard with a round top, with an short vertical line beside the main pole (R14); on top of a standard used for carrying religious symbols (R12), written on top of a parcel of land with irrigation ditches (N24).",wꜥ-m-ḥww-ꞽmn.ty,Logogram (7th nome of Lower Egypt),,,NL7,,,NL007
13228,U+13228,,T-13-072,C,"An one-barbed harpoon, with handle, written horizontally (T21), on top of a crescent moon shape, connected by three lines, in front of a spear made into a standard, with a circle on either side of the spear tip, with a loop over the standard (Jsesh/Gardiner R15); on top of a standard used for carrying religious symbols (R12), written on top of a parcel of land with irrigation ditches (N24).",wꜥ-m-ḥww-ꞽꜣb.ty,Logogram (8th nome of Lower Egypt),,,NL8,,,NL008
13229,U+13229,,C-32-014,C,"Man/god, standing, with a double plume/feather headdress, right arm forward, hand at the height of the shoulder, holding a crook (S38) of the size of the man, left arm hanging beside the body, holding a flagellum (S45) horizontally; on top of a standard used for the carrying of religious symbols (R12) on top of a parcel of land with irrigation ditches (N24).",ꜥnḏ.ty ,Logogram (9th nome of Lower Egypt),,,NL9,,,NL009
1322A,U+1322A,,E-23-049,C,"A piece of crocodile skin with horizontal spines, or tail of a crocodile (I6), in front of a bovid (bull), standing; on top of a standard used for the carrying of religious symbols (R12), on top of a parcel of land with irrigation ditches (N24).",km-wr,Logogram (10th nome of Lower Egypt),,,NL10,,,NL010
1322B,U+1322B,,E-23-050,C,"A pustule or gland, or a packet of mummy bandages (Aa2), in front of a bovid (bull), standing (E1); on top of a standard used for the carrying of religious symbols (R12), on top of a parcel of land with irrigation ditches (N24).",ḥsbw,Logogram (11th nome of Lower Egypt),,,NL11,,,NL011
1322C,U+1322C,,E-23-051,C,"A newborn bubalis antelope, lying down, legs folded beneath the body, long tail downwards (E9), in front of a bovid (bull), standing (E1); on top of a standard used for the carrying of religious symbols (R12), on top of a parcel of land with irrigation ditches (N24).",ṯb-nṯr,Logogram (12th nome of Lower Egypt),,,NL12,,,NL012
1322D,U+1322D,,N-11-044,C,"A double forked tool for the mending of nets, with a broad middle section (V26), written vertically, in front of a crook (S38); on top of a standard used for carrying religious symbols (R12), written on top of a parcel of land with irrigation ditches (N24).",ḥḳꜣ-ꜥnḏ.w,Logogram (13th nome of Lower Egypt),,,NL13,,,NL013
1322E,U+1322E,,N-11-036,C,"A schematic representation of three sealed water pots in a rack, without horizontal line at the bottom, with the downward lines descending to the bottom (W017A), in front of a spear made into a standard, with a circle on either side of the spear tip, with a loop over the standard (Jsesh R15); on top of a standard used for carrying religious symbols (R12), written on top of a parcel of land with irrigation ditches (N24).",ḫnt.y-ꞽꜣb.ty,Logogram (14th nome of Upper Egypt),,,NL14,,,NL014
1322F,U+1322F,,G-11-107,C,"An African sacred ibis (Threskiornis aethiopicus) (G26A), on top of a standard used for carrying religious symbols (R12), on top of a parcel of land with irrigation ditches (N24).",ḏhwty,"Logogram (Thot nome, 15th nome of Lower Egypt)",,,NL15,,,NL015
13230,U+13230,,K-01-034,C,"A fish, with its tail orientated downwards (K4A), on top of a standard used for carrying religious symbols (R12), on top of a parcel of land with irrigation ditches (N24).",ḥꜣ.t-mḥ.yt,Logogram (First-of-fishes nome (16th nome of Lower Egypt)),,,NL16,,,NL016
13231,U+13231,,N-11-045,C,"A tusk of an elephant (F18), above a human hand (D46); above a half round loaf of bread (X1) beside a plan of a crossroads in a village (O49); on top of a standard used for carrying religious symbols (R12), written on top of a parcel of land with irrigation ditches (N24).",bḥd.t,"Logogram (Behdet, 17th nome of Lower Egypt)",,,NL17,,,NL017
13232,U+13232,,N-11-046,C,"A windpipe and lungs (F36), in front of a cluster of signs consisting of a tusk of an elephant (F18), above a human hand (D46); above a half round loaf of bread (X1) beside a plan of a crossroads in a village (O49); on top of a standard used for carrying religious symbols (R12), written on top of a parcel of land with irrigation ditches (N24).",smꜣ-bḥd.t,Logogram (17th nome of Lower Egypt (Diospolis)),,,NL17A,,,NL017A
13233,U+13233,,N-11-038,C,,,,,,NL18,,,NL018
13234,U+13234,,N-11-039,C,,,,,,NL19,,,NL019
13235,U+13235,,G-12-157,C,,,,,,NL20,,,NL020
13236,U+13236,,N-11-047,C,"A strip of land (N17), above a cluster of signs consisting of a bow, of an archaic type (Aa23), in front of a half round loaf of bread (X1), over a strip of land (N17); on top of a standard used for carrying religious symbols (R12), written on top of a parcel of land with irrigation ditches (N24).",tꜣ-sty,"Logogram (Nubia, 1st nome of Upper Egypt)",,,NU1,,,NU001
13237,U+13237,,G-12-153,C,"The pole of a balance, with the crossbar resembling a feather (H6), written horizontally (U39D), in front of a falcon (G5); on top of a standard used for carrying religious symbols (R12), on top of a parcel of land with irrigation ditches (N24).",wṯs-ḥr,"Logogram (Throne of Horus (Edfu, 2nd nome of Upper Egypt))",,,NU2,,,NU002
13238,U+13238,,S-09-044,C,"Two feathers (H6), orientated outwards, on top of a plan of a prehistoric building at the town of Nekhen, written as a circle / A circle with two vertical strokes, arranged horizontally, written within it (O48); on top of a standard used for carrying religious symbols (R12), written on top of a parcel of land with irrigation ditches (N24).",nḫn,Logogram (3rd nome of Upper Egypt),,,NU3,,,NU003
13239,U+13239,,R-16-004,C,"A sceptre with a straight shaft, a forked base, topped with the head of the Seth animal (S40), with a fillet and a backwards angled feather (H6) on top of the staff (R19); on top of a standard used for carrying religious symbols (R12), written on top of a parcel of land with irrigation ditches (N24).",wꜣs.t,Logogram (Thebes),,,NU4,,,NU004
1323A,U+1323A,,G-12-154,C,"Two falcons (G5), arranged horizontally, on top of a standard used for carrying religious symbols (R12), on top of a parcel of land with irrigation ditches (N24).",nṯr.wy,"Logogram (The two gods, 5th nome of Upper Egypt)",,,NU5,,,NU005
1323B,U+1323B,,I-03-017,C,"A Nile crocodile (Crocodylus niloticus), with a feather (H6), angled backwards, on its head; on top of a standard used for carrying religious symbols (R12), on top of a parcel of land with irrigation ditches (N24).",ꞽḳr,"Logogram (Iqer, 6th nome of Upper Egypt)",,,NU6,,,NU006
1323C,U+1323C,,R-21-002,C,"An emblem with a human face with cow ears, with two upwards line which curl inwards (R129), on top of a standard used for carrying religious symbols (R12), written on top of a parcel of land with irrigation ditches (N24).",bꜣ.t,Logogram (Bat (7th nome of Upper Egypt)),,,NU7,,,NU007
1323D,U+1323D,,S-09-045,C,"A wig, with a fillet, with a headdress consisting of two feathers, on top of a vertical pole, on top of a standard used for carrying religious symbols (R12), written on top of a parcel of land with irrigation ditches (N24).",tꜣ-wr,Logogram (8th nome of Upper Egypt),,,NU8,,,NU008
1323E,U+1323E,,R-18-007,C,"A feather (H6), on top of two bones of a fossil squid (belemnite) (R22), on top of a standard used for carrying religious symbols (R12), written on top of a parcel of land with irrigation ditches (N24).",mnw,Logogram (9th nome of Upper Egypt),,,NU9,,,NU009
1323F,U+1323F,,I-09-015,C,"A cobra in repose (Naja haje) (I10), with a feather (H6) on its back, angling backwards; on top of a standard used for carrying religious symbols (R12), on top of a parcel of land with irrigation ditches (N24).",wꜣḏ.t,"Logogram (Wadjet, 10th nome of Upper Egypt)",,,NU10,,,NU010
13240,U+13240,,I-09-023,C,"A stem of papyrus with a bud (M13), in front of a half round loaf of bread (X1), written below a cobra in repose (Naja haje) (I10); on top of a standard used for carrying religious symbols (R12), on top of a parcel of land with irrigation ditches (N24).",wꜣḏ.t,"Logogram (Wadjet, 10th nome of Upper Egypt)",,,NU10A,,,NU010A
13241,U+13241,,E-02-040,C,"The animal of Seth, lying down, tail up (E21), on top of a standard used for the carrying of religious symbols (R12) on top of a parcel of land with irrigation ditches (N24).",šꜣ/stẖ/stš,Logogram (11th nome of Upper Egypt),,,NU11,,,NU011
13242,U+13242,,N-11-048,C,"A wick of twisted flax, consisting of 3 loops (V28), in front of the red crown (S3), in front of three ripples of water, vertically aligned above one another (N35A); on top of a standard used for carrying religious symbols (R12), written on top of a parcel of land with irrigation ditches (N24).",ḥw-n.t,Logogram (11th nome of Upper Egypt (commonly under stẖ/stš/šꜣ),,,NU11A,,,NU011A
13243,U+13243,,N-13-027,C,"A sand covered mountain over the edge of the cultivated areas (N26), above a horned desert viper (Cerastes cerastes) (I9); on top of a standard used for carrying religious symbols (R12), written on top of a parcel of land with irrigation ditches (N24).",ꜣtf.t,Logogram (12th nome of Upper Egypt),,,NU12,,,NU012
13244,U+13244,,N-11-040,C,"A horned desert viper (Cerastes cerastes) (I9), written over a tree (M1), in front of a schematic representation of three sealed water pots in a rack, without horizontal line at the bottom, with the downward lines descending to the bottom (W017A); on top of a standard used for carrying religious symbols (R12), written on top of a parcel of land with irrigation ditches (N24).",nḏf.t-ḫnt.t,Logogram (13th nome of Upper Egypt),,,NU13,,,NU013
13245,U+13245,,N-11-041,C,"A horned desert viper (Cerastes cerastes) (I9), written over a tree (M1), in front of hindquarters of a seated lion or leopard (F22) above a half round loaf of bread (X1); on top of a standard used for carrying religious symbols (R12), written on top of a parcel of land with irrigation ditches (N24).",nḏf.t-pḥ.t,Logogram (14th nome of Upper Egypt),,,NU14,,,NU014
13246,U+13246,,E-16-010,C,"A desert hare, lying down (E34), on top of a standard used for the carrying of religious symbols (R12), on top of a parcel of land with irrigation ditches (N24).",wnw.t,"Logogram (Hermopolis magna, 15th nome of Upper Egypt)",E34B,,E34B,,,NU015
13247,U+13247,,E-03-009,C,"A basket with four pieces of grain or fruit (M39) in front of an oryx, standing (E28), on top of a standard used for the carrying of religious symbols (R12) on top of a parcel of land with irrigation ditches (N24).",mꜣ-ḥḏ,"Logogram (Oryx nome, 16th nome of Upper Egypt)",,,NU16,,,NU016
13248,U+13248,,E-07-030,C,"A jackal, lying down, tail downwards (E15), on top of a standard used for the carrying of religious symbols (R12) on top of a parcel of land with irrigation ditches (N24).",ꞽnpw.t,Logogram (Anubis nome (17th nome of Upper Egypt)),,,NU17,,,NU017
13249,U+13249,,G-13-028,C,"A falcon, standing, with extended wings at either side of the body, at 45 degree; on top of a standard used for carrying religious symbols (R12), on top of a parcel of land with irrigation ditches (N24).",dwn-ꜥn.wy,Logogram (18th nome of Upper Egypt (known as nmty as well)),,,NU18,,,NU018
1324A,U+1324A,,G-12-155,C,,,,,,NU18A,,,NU018A
1324B,U+1324B,,S-23-015,C,"A human foot and lower leg (D58), written between two sceptres with a straight shaft, a forked base, topped with the head of the Seth animal (S40), on top of a standard used for carrying religious symbols (R12), written on top of a parcel of land with irrigation ditches (N24).",bw-ꞽgꜣꞽ,"Logogram (place of Igai, 19th nome of Upper Egypt)",,,NU19,,,NU019
1324C,U+1324C,,N-11-042,C,"A tree (M1), in front of a schematic representation of three sealed water pots in a rack, without horizontal line at the bottom, with the downward lines descending to the bottom (W017A); on top of a standard used for carrying religious symbols (R12), written on top of a parcel of land with irrigation ditches (N24).",nꜥr.t-ḫnt.t,Logogram (20th nome of Upper Egypt),,,NU20,,,NU020
1324D,U+1324D,,N-11-043,C,"A tree (M1), in front of hindquarters of a seated lion or leopard (F22) above a half round loaf of bread (X1); on top of a standard used for carrying religious symbols (R12), written on top of a parcel of land with irrigation ditches (N24).",nꜥr.t-ph.t,Logogram (21th nome of Upper Egypt),,,NU21,,,NU021
1324E,U+1324E,,T-18-052,C,,mdnꞽ.t,Logogram (22th nome of Upper Egypt),,,NU22,,,NU022
1324F,U+1324F,,T-18-054,C,,mdnꞽ.t,Logogram (22th nome of Upper Egypt),,,,,,NU022A
13250,U+13250,,O-01-001,C,A house or enclosure.,pr,"Logogram (house, domain)",O1,"280,1",O1,,,O001
13251,U+13251,13250 1343B 132F9,O-01-005,L,"A tie or strap, used with sandals (ankh sign) (S34), written with its loop inside a house or enclosure (O1).",pr-ꜥnḫ,"Logogram (scriptorum, school (house of life))",,"280,5",,,,O001A
13252,U+13252,13250 1343B 13309,O-01-047,L,"A mace with a pear-shaped head, written vertically (T3), intruding with the top inside a house or enclosure (O1).",pr-ḥḏ,Logogram (treasury),O2,"281,14",O2,,,O002
13253,U+13253,,O-01-054,C,"An oar, written vertically (P8), intruding with the top inside a house or enclosure (O1), with a loaf of bread, without internal detail (X3) left of the oar, and a beer-jug (W22) right of the oar.",pr.t-ḫrw,Logogram (invocation offering),O3,,O3,,,O003
13254,U+13254,,O-02-001,C,A plan of a courtyard or reed shelter.,h,Phonemogram,O4,"283,2",O4,,,O004
13255,U+13255,,O-02-008,C,A plan of a winding wall.,nm,Phonemogram,O5,"283,8",O5,,,O005
13256,U+13256,13255 13440,O-02-009,L,,,,O5u,"283,9",O5U,,,O005A
13257,U+13257,,O-03-005,C,"A plan of a rectangular enclosure, with an internal rectangle in the lower corner away from the reading direction.",ḥw.t,"Logogram (temple, mansion, estate)",O6,"284,1",O6,,,O006
13258,U+13258,,O-03-017,C,,,,,,,,,O006A
13259,U+13259,,O-03-023,C,,,,,,,,,O006B
1325A,U+1325A,,O-03-025,C,,,,,,,,,O006C
1325B,U+1325B,,O-03-024,C,,,,O85A,"284,10",O85A,,,O006D
1325C,U+1325C,,O-03-022,C,,,,O85,"284,9",O85,,,O006E
1325D,U+1325D,,O-03-018,C,,,,,,,,,O006F
1325E,U+1325E,13257 1343A 133CF,O-03-027,L,"A half round loaf of bread (X1), written inside a plan of a rectangular enclosure, with an internal rectangle in the lower corner away from the reading direction (O6).",ḥw.t,"Logogram (temple, mansion, estate)",O7,"284,12",O7,,,O007
1325F,U+1325F,13257 1343A 133CF 13436 1327B,O-03-044,L,"A wooden column, written horizontally (O29), written over a half round loaf of bread (X1), written inside a plan of a rectangular enclosure, with an internal rectangle in the lower corner away from the reading direction (O6).",ḥw.t-ꜥꜣ.t,"Logogram (the great domain, temple)",,"285,6",O8,,,O008
13260,U+13260,13F60 13439 133CF,O-03-175,L,"A wickerwork basket (V30), on top of a plan of a rectangular enclosure, with an internal rectangle in the lower corner away from the reading direction (O6), with a half round loaf of bread (X1), written inside the enclosure.",nb.t-ḥw.t,Logogram (Nephthys (divinity)),O9,,O9,,,O009
13261,U+13261,13257 13439 13143,O-03-106,L,"A falcon (G5), written inside a plan of a rectangular enclosure, with an internal rectangle in the top corner away from the reading direction.",ḥw.t-ḥr,Logogram (Hathor (divinity)),O10,"289,1",O10,,,O010
13262,U+13262,13257 13439 132F9,O-03-121,L,"A tie or strap, used with sandals (ankh sign) (S34), written inside a plan of a rectangular enclosure, with an internal rectangle in the lower corner away from the reading direction (O6).",ḥw.t-ꜥnḫ,Logogram (mansion of life),,,,,,O010A
13263,U+13263,13257 13439 131A4,O-03-105,L,,,,,"288,16",,,,O010B
13264,U+13264,1326C 13439 13077,O-09-013,L,,,,,,US248O10CEXTU,,,O010C
13265,U+13265,,O-04-007,C,"A wall of the palace, with ornamental chevaux de frise on top of the wall, with internal decoration.",ꜥḥ,Logogram (palace),O11,"293,5",O11,,,O011
13266,U+13266,1309D 13436 13265,O-04-012,L,"A forearm, with the palm of the hand facing upwards (D36), written over a wall of the palace, with ornamental chevaux de frise on top of the wall, with internal decoration (O11).",ꜥḥ,Logogram (palace),O12,"293,9",O12,,,O012
13267,U+13267,,O-05-001,C,"An enclosure wall with battlements on the front side and top, and on the vertical line of the opening.",sbḫ,"Classifier enfolding, enclosing, walling in",,,O13,,,O013
13268,U+13268,,O-19-007,C,"The corner of a wall, with battlements, with the opening in the bottom right corner.",sbḫ.t,Classifier gateway,O14,,O14,,,O014
13269,U+13269,,O-05-038,C,"A wide cup (W10) above a half round loaf of bread (X1), written inside the enclosed part of an enclosure wall without battlements, with a block on each corner.",wsḫ.t,Logogram (court),O15,"296,10",O15,,,O015
1326A,U+1326A,,O-08-014,C," A plan and façade of a hall, with a cornice with Uraei on top, with half orientated forwards and half orientated backwards.",sbḫ.t,"Logogram (portal, portico)",,,,,,O016
1326B,U+1326B,,O-08-023,C," A plan of a hall, with a cornice with uraei.",tꜣ,Phonemogram,O17,"303,9",O17,,,O017
1326C,U+1326C,,O-09-011,C,"A shrine, seen from the side, with a downward sloping roof.",kꜣr,"Classifier shrine, chapel",O18,"304,8",O18,,,O018
1326D,U+1326D,,O-09-057,C,"An archaic shrine, seen from the side, with a downward sloping roof, with vertical poles in front of the shrine itself, connected to the shrine.",pr-wr,Classifier shrine,,"306,7",O19,,,O019
1326E,U+1326E,,O-09-062,C,"An archaic shrine, seen from the side, with a downward sloping roof, with upward curving lines coming from the roof, and short vertical lines in front of the shrine.",ꞽtr.t,"Logogram (shrine, row of shrines)",O19A,"306,11",O19A,,,O019A
1326F,U+1326F,,O-09-079,C,"A tall shrine with a round roof, with two vertical lines enclosing the top, on a base, with internal decoration consisting of two vertical lines",ꞽtr.ty,"Classifier sanctuary, shrine",O20,"307,10",O20,,,O020
13270,U+13270,1326F,O-09-078,L,,,,,"307,9",,,,O020A
13271,U+13271,,O-07-009,C,"A façade of a shrine with a flat roof, with vertical sides, with a small doorway.",sḥ,"Logogram (pavilion, hall, booth)",O21,,O21,,,O021
13272,U+13272,,O-10-034,C,An open booth supported by a pole.,sḥ,Classifier booth,O22,"310,5",O22,,,O022
13273,U+13273,,O-11-004,C,"A double pavilion, with flower-topped capitals on the columns, with curved roofs, with two carrying chairs (Q2) facing away from one another.",ḥb-sd,"Logogram (jubilee, sed-festival)",O23,"310,12",O23,,,O023
13274,U+13274,,O-12-002,C,A pyramid with an enclosure wall.,mr,"Classifier pyramid, tomb",O24,"313,2",O24,,,O024
13275,U+13275,,O-12-003,C,An Old Kingdom solar temple with an enclosure wall.,sḫ.t-rꜥ,Classifier solar temple,,,,,,O024A
13276,U+13276,,O-13-005,C,"An obelisk, with base.",tḫn,Classifier obelisk,O25,"313,7",O25,,,O025
13277,U+13277,,O-13-001,C,"An obelisk of an Old Kingdom sun temple, with a circle (sun disk) on top of the obelisk.",nḫn-rꜥ,Classifier solar temple,,"313,3",,,,O025A
13278,U+13278,,O-14-002,C,A stela on a base.,wḏ,Classifier stela,O26,"313,13",O26,,,O026
13279,U+13279,,O-15-003,C,A hall supported by two columns.,ḫꜣ,"Classifier hall, office",O27,,O27,,,O027
1327A,U+1327A,,O-16-001,C,"A column with a tenon at the top, represented as a vertical line.",ꞽwn,Phonemogram,,"314,11",,,,O028
1327B,U+1327B,,O-16-024,C,"A wooden column, written horizontally.",ꜥꜣ,Phonemogram,O29,,O29,,,O029
1327C,U+1327C,1327B FE00,O-16-022,L,"A wooden column, written vertically.",ꜥꜣ,Phonemogram,O29v,"315,14",O29v,,,O029A
1327D,U+1327D,,O-16-026,C,A forked pole for supporting a roof.,sḫn.t,"Logogram (pole, support)",O30,"315,16",O30,,Y,O030
1327E,U+1327E,1327D 13431 1327D 13431 1327D 13431 1327D,O-16-028,L,,,,,,,,,O030A
1327F,U+1327F,,O-17-001,C,"A tenoned door, written horizontally.",ꜥꜣ,Logogram (gate),O31,"317,4",O31,,,O031
13280,U+13280,,O-08-003,C,A gateway.,sbꜣ,Classifier doorway,O32,,O32,,,O032
13281,U+13281,,O-06-051,C,"A façade of a palace or tomb, with the top resembling two floating horizontal lines.",srḫ,Classifier palace façade,,,O33,,,O033
13282,U+13282,,O-06-054,C,,,,,,,,,O033A
13283,U+13283,,O-18-006,C,A door bolt.,s,Phonemogram,O34,"317,10",O34,,,O034
13284,U+13284,,O-18-015,C,"A door bolt (O034) placed above legs in a walking posture, with feet oriented toward the reading direction (D054).",ꞽs,Phonemogram,O35,"318,2",O35,,,O035
13285,U+13285,,O-05-108,C,"A wall, written vertically, with battlements on the corners, and one in the middle of the long sides.",ꞽnb,Logogram (wall),O36,"299,1",O36,,Y,O036
13286,U+13286,,O-05-115,C,,,,,,,,,O036A
13287,U+13287,,O-05-116,C,,,,,,,,,O036B
13288,U+13288,,O-05-106,C,,,,,,,,,O036C
13289,U+13289,,O-05-107,C,,,,,,,,,O036D
1328A,U+1328A,,O-05-100,C,"A wall, with battlements on the corners, and one in the middle of the long sides, written at a forward angle.",whn,"Classifier overthrow, demolish",O37,,O37,,Y,O037
1328B,U+1328B,,O-19-003,C,"The corner of a wall, with the opening in the bottom right corner.",ꜥrr.yt,Classifier passage,O38,"318,12",O38,,,O038
1328C,U+1328C,,O-24-002,C,A rectangular stone slab or brick.,mꜣṯ,"Classifier stone, brick, pebble",O39,"321,11",O39,,,O039
1328D,U+1328D,,O-20-003,C,A stairway.,rwd,Logogram stairway,O40,"319,8",O40,,,O040
1328E,U+1328E,,O-20-001,C,A double stairway.,ḳꜣ.y,"Classifier ascending, being high",O41,"319,6",O41,,,O041
1328F,U+1328F,,O-21-013,C,"A fence, consisting of a horizontal base with four lines with bulbs at the end, angled backwards, with a curved line connecting the front of the base and the first line with a bulb, with a horizontal line with a loop at the front through the bulbs.",šsp,Phonemogram,O42,"319,14",O42,,,O042
13290,U+13290,,O-21-017,C,"A fence, consisting of a horizontal base, with five vertical lines with a bulb on top of it, with a horizontal line through the bulbs.",šsp,Phonemogram,O43,"320,4",O43,,,O043
13291,U+13291,,O-24-013,C,"The emblem erected outside the temple of Min, resembling the horns of a bovid (F13) on top of a stem of papyrus with a bud (M13), with a coil of rope (V1) between the horns.",ꞽꜣw.t,"Logogram (office, rank, function)",O44,"322,4",O44,,,O044
13292,U+13292,,O-24-023,C,"A domed building, in the form of a quarter of a circle, with a smaller quarter circle inside the corner away from the reading direction.",ꞽp.t,"Logogram (harim, inner chamber)",O45,"322,12",O45,,,O045
13293,U+13293,,O-24-029,C,"A domed building, with a rectangle in the corner away from the reading direction.",ꞽp.t,"Logogram (harim, inner chamber)",O46,,O46,,,O046
13294,U+13294,,O-24-031,C,"A plan of a prehistoric building at the town of Nekhen, written as an oval, without the angled lines touching the oval.",nḫn,Logogram (Hierakonpolis),,"322,15",O47,,,O047
13295,U+13295,,O-24-048,C,"A plan of a prehistoric building at the town of Nekhen, written as a circle / A circle with two vertical strokes, arranged horizontally, written within it.",sp,"Logogram (time, occasion)",O48,"323,13",O48,,,O048
13296,U+13296,,O-24-060,C,A plan of a crossroads in a village.,nꞽw.t,"Logogram (city, village)",O49,"324,5",O49,,,O049
13297,U+13297,,O-24-054,C,A circular threshing floor covered with grain.,sp.t,Classifier treshing floor,,,O50,,,O050
13298,U+13298,13299 13440,O-24-052,L,,,,,,Ff8,,,O050A
13299,U+13299,,O-24-051,C,"A circle, with two lines at 45 degree coming from the front of the circle.",sp,"Phono-repeater/classifier (time, occasion)",,"323,16",Ff8A,,,O050B
1329A,U+1329A,,O-22-002,C,A heap of grain on a raised floor.,šnw.t,Logogram (granary),O51,,O51,,,O051
1329B,U+1329B,,P-01-015,C,"A boat/ship, resembling a crescent moon, on top of a rectangle representing water, with a carrying chair (Q2) inside the boat/ship, with an oar/rudder at the back.",ḫnt,Classifier movement,P1,"325,8",P1,,Y,P001
1329C,U+1329C,,P-01-017,C,"An upside-down boat/ship, resembling a crescent moon, on top of a rectangle representing water, with a carrying chair (Q2) inside the boat/ship, with an oar/rudder at the back.",pnꜥ,"Classifier to upset, to overturn",P1A,"325,11",P1A,,Y,P001A
1329D,U+1329D,,P-02-018,C,,,,P2,,P2,,,P002
1329E,U+1329E,,P-01-061,C,"A boat/ship with a vertical prow and a stern resembling the handle of a sickle (U1), on top of a rectangle resembling water, with an oval with rounded corners in the boat/ship, with an oar/rudder at the back.",(m)skt.t,Classifier bark/boat,,,,,,P003
1329F,U+1329F,,P-01-066,C,,,,,,,,,P003A
132A0,U+132A0,,P-04-005,C,"A fisherman's boat, on top of a rectangle representing water, with a net inside the boat, without internal detail.",wḥꜥ,"Logogram (to loosen, to explain)",P4,"332,9",P4,,,P004
132A1,U+132A1,,P-06-027,C,"A rectangular sail, on a mast of a ship with two prongs, connected by vertical lines (P6), written behind the sail.",ṯꜣw,"Logogram (wind, breath, air)",P5,,P5,,,P005
132A2,U+132A2,,P-07-004,C,"A mast of a ship with two prongs, connected by vertical lines.",ꜥḥꜥ,Phonemogram,P6,"335,7",P6,,,P006
132A3,U+132A3,1309D 13436 132A2 ,P-07-020,L,"A forearm, with the palm of the hand facing upwards (D36), written over a mast of a ship with two prongs, connected by vertical lines (P6).",ꜥḥꜥ,Phonemogram,P7,"336,5",P7,,,P007
132A4,U+132A4,,P-08-001,C,"An oar, written vertically.",ḫrw,Phonemogram,P8,"336,15",P8,,,P008
132A5,U+132A5,13191 13436 132A4,P-08-008,L,"A horned desert viper (Cerastes cerastes) (I9), written over an oar, written vertically (P8).",ḫrw=f(y),Phonemogram,P9,,P9,,,P009
132A6,U+132A6,,P-09-001,C,An oar used for the steering of a ship (rudder).,ḥmw,Logogram (steering oar),P10,"337,5",P10,,,P010
132A7,U+132A7,,P-10-003,C,A mooring post.,mnꞽ.t,Classifier mooring post,P11,"338,1",P11,,,P011
132A8,U+132A8,,Q-01-003,C,A seat.,s.t,"Logogram (seat, throne, place)",Q1,"339,4",Q1,,,Q001
132A9,U+132A9,,Q-01-015,C,A carrying chair.,ws,Phonemogram,Q2,"340,1",Q2,,,Q002
132AA,U+132AA,,Q-01-022,C,A stool made of reed matting.,p,Phonemogram,Q3,"340,5",Q3,,,Q003
132AB,U+132AB,,Q-02-001,C,A headrest.,wrs,Classifier headrest,Q4,"340,12",Q4,,,Q004
132AC,U+132AC,,Q-05-051,C,"A rectangular chest, with legs at the side.",hn(w),Classifier box,Q5,"261,2",Q5,,,Q005
132AD,U+132AD,,Q-05-034,C,"A rectangular coffin with a rounded lid, and upstanding sides, with legs at the side.",ḳrs.w,Classifier coffin,Q6,,Q6,,,Q006
132AE,U+132AE,,Q-06-003,C," A brazier with a flame rising from it, flame angling towards the front.",sḏ.t,"Classifier fire, flame, heat",Q7,"344,14",Q7,,,Q007
132AF,U+132AF,,R-01-006,C,"A loaf of bread (X3), a flat-bottom jar with handles (W23) and a round loaf of bread (X6), arranged horizontally on an one-legged table.",ḫꜣ(w).t,Classifier altar,R1,,R1,,,R001
132B0,U+132B0,,R-01-018,C,"A one-legged table with long upright loaves of bread, cut in halves.",ḫꜣw.t,Logogram (altar),R2,"347,1",R2,,,R002
132B1,U+132B1,,R-01-009,C,"Three circular items, arranged horizontally, on a one-legged table with a bowl-shaped surface.",ḫꜣw.t,Logogram (altar),R1G,,R1G,,,R002A
132B2,U+132B2,,R-02-009,C,"A round loaf of bread (X6), a tall water-jug (W14) and a loaf of bread (X3), arranged horizontally on a table with an inwards incline of the legs, with a horizontal beam connecting the legs (R3P).",ḥ(ꜣ)b,Classifier festival,R3,"347,9",R3,,,R003
132B3,U+132B3,,R-02-008,C,"A table with an inwards incline of the legs, with a horizontal beam connecting the legs.",ḫnt,Classifier offering table/jar-stand,,,R3P,,,R003A
132B4,U+132B4,,R-02-012,C,,,,,,R3PA,,,R003B
132B5,U+132B5,,R-04-001,C,A loaf of bread on a reed mat.,ḥtp,Logogram (offering),R4,"351,6",R4,,,R004
132B6,U+132B6,,R-05-001,C,"A censer for fumigation, written horizontally, with a forward, downward line at the front.",kꜣp,Classifier fumigation/censing,R5,"351,14",R5,,,R005
132B7,U+132B7,,R-05-003,C,"A censer for fumigation, written horizontally, with a trapezoidal  shape at the front, with a backward, downward line at the back.",kꜣp,"Logogram (to fumigate, to cense)",R6,,R6,,,R006
132B8,U+132B8,,R-06-002,C,A bowl for incense with smoke rising from the bowl.,snṯr,Logogram (incense),R7,"352,11",R7,,,R007
132B9,U+132B9,,R-07-001,C,"A cloth wound on a pole, an emblem of divinity.",nṯr,Logogram (god),R8,"353,3",R8,,,R008
132BA,U+132BA,,R-07-017,C,"A cloth wound on a pole, an emblem of divinity (R8), on top of a bag or a sack of linen, with a tie towards the front, and a (small) loop at the back (V33).",ḥsmn,Classifier natron,R9,"354,2",R9,,,R009
132BB,U+132BB,,R-07-053,C,"A cloth wound on a pole, an emblem of divinity (R8), written between a butcher's block and a sandy hill slope (N29).",ẖr.t-nṯr,Logogram (necropolis),R10,,R10,,,R010
132BC,U+132BC,,R-07-033,C,"A cloth wound on a pole, an emblem of divinity (R8), written over a butcher's block, with the pole at the bottom of the block.",ẖr.t-nṯr,Logogram (necropolis),,,,,,R010A
132BD,U+132BD,,R-08-001,C,A column imitating a bundle of stalks tied together.,ḏd,Phonemogram,R11,"355,14",R11,,,R011
132BE,U+132BE,,R-09-024,C,A standard used for carrying religious symbols.,ꞽꜣ.t,Classifier standard,R12,,R12,,,R012
132BF,U+132BF,,G-12-116,C,"A falcon (G5) on a standard with a rounded top, with a feather (H6), angled forwards, attached to the standard in front of the falcon.",ꞽmn.t,"Logogram (west, right side)",R13,"190,5",R13,,,R013
132C0,U+132C0,,R-11-017,C,"A feather (H6), angled forwards on top of a standard with a round top, with an short vertical line beside the main pole.",ꞽmn.t,Logogram (west),R14,"359,14",R14,,,R014
132C1,U+132C1,,R-12-014,C,"A spear made into a standard, with a circle on either side of the spear tip, with a loop over the standard.",ꜣb,Phonemogram,,,R15,,,R015
132C2,U+132C2,,R-14-022,C,"Two plumes (S9), mounted symmetrically on a papyrus stalk (M13), with a band of string or fabric (V12) written over the stem.",sk.w,"Classifier fray, battle",R16,,R16,,,R016
132C3,U+132C3,,R-15-005,C,A standard resembling a lotus flower with two plumes on top.,nfr-tm,Logogram (Nefertem),,,,,,R016A
132C4,U+132C4,,R-14-024,C,"A wig with a fillet, with a headdress consisting of two plumes (S9), on top of a pole.",tꜣ-wr,Logogram (8th nome of Upper Egypt),R17,,R17,,,R017
132C5,U+132C5,,R-14-007,C,"A wig, with a fillet, with a headdress consisting of two feathers on top of the horns of a ram (S77), on top of a vertical pole, on top of a parcel of land with irrigation ditches (N24).",tꜣ-wr,Logogram (8th nome of Upper Egypt),R18,,R18,,,R018
132C6,U+132C6,,R-16-001,C,"A sceptre with a straight shaft, a forked base, topped with the head of the Seth animal (S40), with a fillet and a backwards angled feather (H6) on top of the staff.",wꜣs.t,Logogram (Thebes),R19,"363,15",R19,,,R019
132C7,U+132C7,,R-17-003,C,"A flower with a long stem, enclosed by the horns of a bovid, upside-down.",sšꜣ.t,Logogram (Seshat (divinity)),R20,"364,6",R20,,,R020
132C8,U+132C8,,R-17-002,C,"A flower with a long stem, enclosed by the horns of a bovid, upside-down, with two plumes (S9) on top of the horns.",sšꜣ.t,Logogram (Seshat (divinity)),R21,"364,5",R21,,,R021
132C9,U+132C9,,R-18-005,C,Two bones of a fossil squid (belemnite).,ḫm,Logogram (Letopolis),R22,"364,11",R22,,,R022
132CA,U+132CA,,R-18-004,C,"Two bones of a fossil squid (belemnite), with an extra triangular shape at each side of the circle.",mnw,Logogram (Min (divinity)),R23,"364,10",R23,,,R023
132CB,U+132CB,,R-19-003,C,"Two bows, strung together as a package.",n.t,Logogram (Neith (divinity)),R24,,R24,,,R024
132CC,U+132CC,,R-19-008,C,"Two bows, strung together as a package, written vertically, with internal detail in the package.",n.t,Logogram (Neith (divinity)),R25,,R25,,,R025
132CD,U+132CD,,F-24-027,C,"A windpipe and lungs (F36), with a wide cup on each side of the lungs, from which two flowers come, one vertical, the other crossing the windpipe, to angle downwards on top of the vertical flower on the other side, with a stem of papyrus with a flowering bud between the two flowers.",smꜣ,Phonemogram,,,,,,R026
132CE,U+132CE,,R-12-029,C,,n.t,Logogram (Neith (divinity)),,,,,,R027
132CF,U+132CF,,R-21-001,C,"An emblem with a human face with cow ears, with two upward lines which curl inwards.",bꜣ.t,Logogram (Bat (7th nome of Upper Egypt)),R129,,R129,,,R028
132D0,U+132D0,,O-14-010,C,"A snake with a coiled tail, written vertically (I114), written inside a narrow shrine or stela on a base (O195A).",ꞽtr.t,"Logogram (shrine, row of shrines)",O196,"314,5",O196,,,R029
132D1,U+132D1,,S-01-001,C,The white crown of Upper Egypt.,ḥḏ,Phonemogram,S1,"366,1",S1,,,S001
132D2,U+132D2,,S-01-017,C,"The white crown (S1), on top of a wickerwork basket (V30).",wrr.t,Classifier crown,S2,"366,13",S2,,,S002
132D3,U+132D3,,S-01-014,C,"The white crown (S1), on top of a plan of a crossroads in a village (O49).",šmꜥ.w,Logogram (Upper Egypt),,,,,,S002A
132D4,U+132D4,,S-02-001,C,The red crown of Lower Egypt.,n,Phonemogram,S3,"367,1",S3,,,S003
132D5,U+132D5,,S-02-003,C,"The red crown (S3), on top of a wickerwork basket (V30).",n.t,Classifier crown,S4,"367,5",S4,,,S004
132D6,U+132D6,,S-03-001,C,"The union of the red crown of Lower Egypt and the white crown of Upper Egypt, with the white crown worn within the red crown. (i.e., the double crown).",sḫm.ty,Classifier double crown,S5,"367,10",S5,,,S005
132D7,U+132D7,,S-03-008,C,"The union of the red crown of Lower Egypt and the white crown of Upper Egypt, with the white crown worn within the red crown. (i.e., the double crown, S5), on top of a wickerwork basket (V30).",sḫm.ty,Classifier double crown,S6,,S6,,,S006
132D8,U+132D8,,S-02-008,C,"The red crown (S3), on top of a plan of a crossroads in a village (O49).",mḥ.w,Logogram (Lower Egypt),,,,,,S006A
132D9,U+132D9,,S-04-001,C,The blue crown.,ḫprš,Classifier crown,S7,"368,1",S7,,,S007
132DA,U+132DA,,S-07-002,C,The Atef crown with ram horns and a sun disk.,ꜣtf,Logogram (Atef crown),S8,"369,5",S8,,,S008
132DB,U+132DB,,S-09-017,C,A headdress consisting of two plumes.,šw.ty,Logogram (double plumes/two feather crown),S9,,S9,,,S009
132DC,U+132DC,,S-10-001,C,"A band of cloth, used as a fillet.",mḏḥ,"Logogram (strip of cloth, fillet)",S10,"371,12",S10,,,S010
132DD,U+132DD,,S-11-012,C,A collar of beads with ornamental terminals.,wsḫ,"Logogram (necklace, collar)",S11,,S11,,,S011
132DE,U+132DE,,S-11-034,C,A collar of beads.,nbw,Logogram (gold),S12,"374,16",S12,,,S012
132DF,U+132DF,132DE 13436 130C0,S-11-039,L,"A collar of beads (S12), written over a human foot and lower leg (D58).",nb,Phonemogram,S13,"375,5",S13,,,S013
132E0,U+132E0,132DE 13436 13309,T-01-052,L,"A collar of beads (S12), written over a mace with a pear-shaped head, written vertically (T3).",ḥḏ,Logogram (silver),S14,"412,15",S14,,,S014
132E1,U+132E1,132DE 13436 13300,S-11-043,L,"A collar of beads (S12), written over a sceptre with a straight shaft, a forked base, topped with the head of the Seth animal (S40).",ḏꜥm,"Logogram (white gold, fine gold, electrum)",S14A,"375,9",S14A,,,S014A
132E2,U+132E2,,S-11-044,C,,,,,,,,,S014B
132E3,U+132E3,,S-11-047,C,A pectoral of three glass or faïence beads.,ṯḥn.t,"Logogram (faience, glass)",S15,"375,11",S15,,,S015
132E4,U+132E4,,S-11-063,C,A pectoral consisting of a circle with three strands of glass or faïence beads.,ṯḥn.t,"Logogram (faience, glass)",S16,,S16,,,S016
132E5,U+132E5,,S-11-064,C,"A pectoral consisting of a horizontal rectangle with a loop on top, with three vertical strands of glass or faience beads, resembling ripples.",ṯḥn.t,"Logogram (faience, glass)",S17,,S17,,,S017
132E6,U+132E6,,S-11-067,C,"A girdle worn by various gods, with four hanging pieces.",šsm,Phonemogram,,,S17A,,,S017A
132E7,U+132E7,,S-11-074,C,A bead necklace with a counterweight.,mnꞽ.t,Classifier necklace,S18,,S18,,,S018
132E8,U+132E8,,S-12-001,C,"A seal, attached to a neck string, with the sting curving backwards and downwards, with a loop below the seal.",ḫtm.w/y,Logogram (sealbearer),S19,"377,7",S19,,,S019
132E9,U+132E9,,S-12-006,C,"A seal, attached to a neck string.",ḫtm,"Logogram (seal, lock, sealing)",S20,"377,14",S20,,,S020
132EA,U+132EA,,S-12-011,C,A ring or bracelet.,wsḫ,"Logogram (necklace, collar)",S21,,S21,,,S021
132EB,U+132EB,,S-13-001,C,"A shoulder knot, with loops a the top ends and ties at the bottom ends.",sṯ,Phonemogram,S22,"378,4",S22,,,S022
132EC,U+132EC,,S-26-014,C,Two pieces of cloth strung together / Two flagellums (S45) on top of/written through a cartouche in a round form (V9).,dmḏ,"Logogram (to unite, to assemble)",S23,,S23,,,S023
132ED,U+132ED,,S-13-010,C,A girdle knot.,ṯs,"Classifier to tie, to bind",S24,"378,13",S24,,,S024
132EE,U+132EE,,S-13-014,C,A garment with downward curving ties at both sides.,mꜣs.t,"Classifier garment, mantle, kilt",S25,"379,2",S25,,,S025
132EF,U+132EF,,S-14-001,C,A kilt or apron.,šnḏ.wt,"Classifier kilt, royal apron",S26,"379,7",S26,,,S026
132F0,U+132F0,,S-15-062,C,An oval bale of cloth.,dꜣꞽ.w,"Logogram (loincloth, garment)",,,,,,S026A
132F1,U+132F1,132F0,S-15-065,L,,,,,,,,,S026B
132F2,U+132F2,,S-15-006,C,A horizontal strip of cloth with two fringes.,mnḫ.t,Logogram (clothing),S27,"379,13",S27,,,S027
132F3,U+132F3,,S-15-013,C,"A horizontal strip of cloth with fringes, combined with a folded piece of cloth (S29).",ḥbs,Classifier clothing,,"380,2",S28,,,S028
132F4,U+132F4,,S-15-019,C,A folded piece of cloth.,s,Phonemogram,S29,"380,6",S29,,,S029
132F5,U+132F5,13191 13436 132F4,S-15-027,L,"A horned desert viper (Cerastes cerastes) (I9), written over a folded piece of cloth (S29).",sf,Phonemogram,S30,"380,12",S30,,,S030
132F6,U+132F6,13333 13436 132F4,S-15-024,L,"A sickle (U1), written over a folded piece of cloth (S29).",smꜣ,Phonemogram,S31,"380,9",S31,,,S031
132F7,U+132F7,,S-15-055,C,"A rectangular piece of cloth, with sloping fringes on its front short side, without internal decoration.",sꞽꜣ,Phonemogram,S32,"382,2",S32,,,S032
132F8,U+132F8,,S-16-001,C,A sandal.,ṯbw.t,Classifier sandal,S33,"382,8",S33,,,S033
132F9,U+132F9,,S-17-001,C,"A tie or strap, used with sandals (ankh sign).",ꜥnḫ,Logogram (life),S34,"382,11",S34,,,S034
132FA,U+132FA,,S-19-001,C,"A sun shade, made of a staff which holds feathers at the top, resembling a half circle, with internal detail.",mnḳb,"Classifier shadow, shade",S35,"383,8",S35,,,S035
132FB,U+132FB,132FA,S-19-002,L,,,,,,,,,S035A
132FC,U+132FC,,S-20-001,C,"A sun shade, made of a staff which holds feathers at the top, resembling a half circle, without internal detail.",šw.t,"Logogram (shadow, shade)",S36,"358,3",S36,,,S036
132FD,U+132FD,,S-21-002,C,"A one handed fan, with a handle resembling a stem of papyrus with a bud (M13).",ḫw,Logogram (fan),S37,,S37,,,S037
132FE,U+132FE,,S-22-001,C,A crook.,ḥḳꜣ,Phonemogram,S38,"384,7",S38,,,S038
132FF,U+132FF,,S-25-021,C,A shepherd's crook.,ꜥw.t,Logogram (shepherd's crook),S39,"387,1",S39,,,S039
13300,U+13300,,S-23-001,C,"A sceptre with a straight shaft, a forked base, topped with the head of the Seth animal.",wꜣs,Phonemogram,S40,"384,11",S40,,,S040
13301,U+13301,,S-23-010,C,"A sceptre with a spiral shaft, a forked base, topped with the head of the Seth animal.",ḏꜥm,Classifier sceptre,S41,"385,6",S41,,,S041
13302,U+13302,,S-24-001,C,A sceptre.,sḫm,Phonemogram,S42,"385,7",S42,,,S042
13303,U+13303,,S-25-001,C,A staff which widens towards the bottom.,md(w),Phonemogram,S43,"386,8",S43,,,S043
13304,U+13304,,S-25-014,C,"A vertical staff, with a flagellum (S45) attached to the back.",ꜣsm,"Classifier staff, sceptre",,,,,,S044
13305,U+13305,,S-26-001,C,"A flagellum or flail, with the stick oriented forwards.",nḫꜣḫꜣ,Logogram (flagellum),S45,"387,2",S45,,,S045
13306,U+13306,,S-05-001,C,A head-cloth.,k,Phonemogram,S56,"368,5",S56,,,S046
13307,U+13307,,T-01-013,C,"A mace with cup or dish shaped head, written horizontally.",mn,Phonemogram,T1,,T1,,,T001
13308,U+13308,,T-01-001,C,"A mace with a pear-shaped head, written 45 degree forwards.",sḳr,"Classifier striking, hitting",T2,"411,1",T2,,Y,T002
13309,U+13309,,T-01-004,C,"A mace with a pear-shaped head, written vertically.",ḥḏ,Phonemogram,T3,"411,4",T3,,Y,T003
1330A,U+1330A,,T-01-049,C,"A mace with pear shaped head, written vertically (T3), on top of a sand covered mountain over the edge of the cultivated areas (N26).",ḥḏw,Phonemogram,T43,,T43,,,T003A
1330B,U+1330B,,T-01-039,C,"A mace with pear shaped head, written vertically, with a strap around the handle, loop towards the front.",ḥḏ,Phonemogram,T4,"412,5",T4,,,T004
1330C,U+1330C,13193 13436 13309,T-01-025,L,"A cobra in repose (Naja haje) (I10), written over a mace with a pear-shaped head, written vertically (T3).",ḥḏ,Phonemogram,T5,"411,10",T5,,,T005
1330D,U+1330D,13193 13433 13193 13436 13309,T-01-032,L,"Two cobras in repose (Naja haje) (I10), arranged vertically, written over a mace with a pear-shaped head, written vertically (T3).",ḥḏḏ,Phonemogram,T6,"412,1",T6,,,T006
1330E,U+1330E,,T-03-007,C,An axe with a round blade and a curved handle.,mḏḥ.w,"Logogram (carpenter, shipwright)",T7,"414,2",T7,,,T007
1330F,U+1330F,,T-03-005,C,"An axe with a hourglass-shaped blade, with a straight handle, written vertically.",ꞽḳḥ.w,"Classifier axe, battle-axe",T7A,,T7A,,,T007A
13310,U+13310,,T-05-004,C,A dagger within a round tipped sheath.,tp,Phonemogram,T8,"414,8",T8,,,T008
13311,U+13311,,T-05-005,C,A dagger with a pointed tip.,tp,Phonemogram,T8A,,T8A,,,T008A
13312,U+13312,,T-06-001,C,"A bow, written horizontally, with a rectangular central section, with the tips of the bow forming a bowl-shaped loop.",pḏ.t,"Classifier bow, weapon",T9,"415,9",T9,,,T009
13313,U+13313,,T-06-010,C,"A bow, written horizontally, with a straight middle section, with the limbs forming a bowl-shaped loop.",pḏ,Phonemogram,T9A,"416,1",T9A,,,T009A
13314,U+13314,,T-06-004,C,"A composite bow, with handle bound to the bowstring when out of use.",pḏ.t,Logogram (bow),T10,"415,11",T10,,,T010
13315,U+13315,,T-07-007,C,An arrow with rounded fletching.,swn,Phonemogram,T11,,T11,,,T011
13316,U+13316,,T-07-021,C,,,,T60B,,,,,T011A
13317,U+13317,,T-08-001,C,"A bowstring, coiled up, with a loop at the front end, and the back end angled downwards, with a loop on it.",rwḏ,Phonemogram,T12,"418,3",T12,,,T012
13318,U+13318,,T-09-004,C,"Pieces of wood, lashed together with the top piece at an angle, with a loop and tie at the back.",rs,Phono-repeater,T13,"419,6",T13,,,T013
13319,U+13319,,T-09-006,C,"A throwing-stick, or a club used by foreign people.",ḳmꜣ,Phono-repeater,T14,"419,10",T14,,,T014
1331A,U+1331A,,T-09-022,C,"A throwing-stick, or a club used by foreign people (T14), angled backwards.",ṯḥn,Phonemogram,T15,"420,7",T15,,,T015
1331B,U+1331B,,T-10-001,C,"A scimitar (khopesh), written horizontally.",ḫpš,"Classifier curved blade, scimitar",T16,,T16,,,T016
1331C,U+1331C,,T-10-002,C,"A scimitar (khopesh), written vertically, blade curving forwards, with a handle resembling a stem of papyrus with a bud (M13).",ḫpš,"Classifier strong arm, power, strength",T16A,"420,9",T16A,,,T016A
1331D,U+1331D,,T-11-001,C,A chariot.,wrr.t,Logogram (chariot),T17,"420,14",T17,,,T017
1331E,U+1331E,,T-12-002,C,"A shepherd's crook with a package lashed to it, with a tie above and below the package.",šms.w,"Logogram (follower, retainer)",T18,"421,5",T18,,,T018
1331F,U+1331F,,T-13-004,C,A harpoon-head with two horizontal strokes on top and an angled stroke below a curl as point. ,ꜣbw,Classifier bone,T19B,"421,13",T19B,,,T019
13320,U+13320,,T-13-005,C,"A harpoon-head with one horizontal stroke on top, and two angled strokes as point.",ḳs,Classifier harpoon,T20,"422,1",T20,,,T020
13321,U+13321,,T-13-031,C,"An one-barbed harpoon, with handle, written horizontally.",wꜥ,"Logogram (one, sole)",T21,"423,6",T21,,,T021
13322,U+13322,,T-13-048,C,"A two-barbed arrowhead, with the point facing downwards.",sn,Phonemogram,T22,"423,16",T22,,,T022
13323,U+13323,,T-13-054,C,"A rounded two-barbed arrowhead, with the point facing downwards.",sn,Phonemogram,T23,"424,3",T23,,,T023
13324,U+13324,,T-14-011,C,A net used for fishing or fowling.,ꞽ.ꜥḥ,"Classifier catching, netting",T24,,T24,,,T024
13325,U+13325,,T-15-009,C,"A float, made of reed, with a tie towards the front at the top.",ḏbꜣ,Phonemogram,T25,,T25,,,T025
13326,U+13326,,T-16-014,C,"A bird trap consisting of a horizontal beam and vertical beam, with two lines running from the horizontal beam to the vertical beam, crossing in the middle.",ꞽbṯ,"Classifier catching, netting",T26,,T26,,,T026
13327,U+13327,,T-16-020,C,"A bird trap, with a horizontal and vertical pole, with one line running from the front of the horizontal beam to the middle of the vertical beam, and one line running from the middle of the horizontal beam to the top of the vertical beam.",sḫt,"Classifier weaving, woven material",T27,,T27,,,T027
13328,U+13328,,T-17-002,C,A butcher's block.,ẖr,Phonemogram,T28,"427,7",T28,,,T028
13329,U+13329,,T-18-048,C,"A knife with a rounded blade and rounded handle (T30), written on top of a butcher's block (T28).",,Logogram (place of slaughter),T29,,T29,,,T029
1332A,U+1332A,,T-18-042,C,A knife with a rounded blade and rounded handle.,ds,"Classifier cutting, slaughter",T30,"429,10",T30,,,T030
1332B,U+1332B,,T-18-039,C,A knife sharpener with a rounded body and a loop at the back.,sšm,Phonemogram,,"429,7",T31,,,T031
1332C,U+1332C,,T-18-056,C,"A knife sharpener with a rounded body and a loop at the back (T31), on top of legs in a walking posture, feet orientated towards the reading direction (D54)",sšm,Phonemogram,,"429,15",T32,,,T032
1332D,U+1332D,1332B 13436 132F4,S-15-032,L,"A knife sharpener with a rounded body and a loop at the back (T31), written over a folded piece of cloth (S29).",sšm,Phonemogram,S123,"380,16",S123,,,T032A
1332E,U+1332E,,T-19-004,C,"A knife sharpener, with a thin, curved body, and a loop at the end.",sšm,Logogram (butcher),T33,"430,9",T33,,,T033
1332F,U+1332F,13333 13432 13079,T-19-005,L,,,,,,,,,T033A
13330,U+13330,,T-19-001,C,"A vertical slaughtering knife, with cup-shaped handle.",nm,Classifier knife,T34,"430,6",T34,,,T034
13331,U+13331,,T-19-003,C,"A vertical slaughtering knife, without distinct handle.",nm,Logogram (knife),T35,"430,8",T35,,,T035
13332,U+13332,,T-02-001,C,"A shield with a rounded top, with a loop on top, with a boss in the center of the shield.",ꞽkm,Classifier shield,,"413,6",,,,T036
13333,U+13333,,U-01-001,C,A sickle.,mꜣ,Phonemogram,U1,"388,1",U1,,,U001
13334,U+13334,,U-01-003,C,A sickle with a more horizontal blade.,mꜣ,Phonemogram,U2,"388,5",U2,,,U002
13335,U+13335,13333 13432 13079,U-01-004,L,"An eye (D4), written above the blade of a sickle (U1).",mꜣ,"Phonemogram (in mꜣꜣ, to see)",U3,"388,13",U3,,,U003
13336,U+13336,13333 13432 13419,U-01-007,L,"A platform with a sloping front (Aa11), written above the blade of a sickle (U1).",mꜣꜥ,Phonemogram,U4,,U4,,,U004
13337,U+13337,13334 13432 13419,U-01-006,L,"A platform with a sloping front (Aa11), written above the blade of a sickle with a more horizontal blade (U2).",mꜣꜥ,Phonemogram,U5,"389,3",U5,,,U005
13338,U+13338,,U-02-001,C,"A hoe with a rope connecting the two pieces, written at an angle.",mr,Phonemogram,U6,"389,12",U6,,,U006
13339,U+13339,13338 FE03,U-02-003,L,,,,,,,,,U006A
1333A,U+1333A,13338 FE03 13440,U-02-004,L,,,,,,,,,U006B
1333B,U+1333B,13338 FE06,U-02-006,L,"A hoe with a rope connecting the two pieces, written horizontally.",mr,Phonemogram,U7,"389,15",U7,,,U007
1333C,U+1333C,,U-02-010,C,A hoe without a rope connecting the two pieces.,ḥn,Phonemogram,U8,"390,6",U8,,,U008
1333D,U+1333D,,U-03-008,C,"A grain measure, with a forward and downward line of grain coming from the front.",sšr,Classifier grain/barley,U9,,U9,,,U009
1333E,U+1333E,,U-03-007,C,"A grain measure, with a forward and downward line of grain coming from the front, with three grains of corn, arranged horizontally (M33), above the grain measure.",šm.w,"Logogram (harvest, crop)",U10,,U10,,,U010
1333F,U+1333F,,U-03-009,C,"A grain measure, with a forward and downward line of grain coming from the front, with a hook on top of the measure, resembling a crook (S38).",ḥḳꜣ.t,"Logogram (bushel (a corn measure, 10 hin))",U11,,U11,,,U011
13340,U+13340,,U-03-010,C,"A grain measure, with a forward and downward line of grain coming from the front, with a vertical human finger (D50) on top of the measure.",ḥḳꜣ.t,"Logogram (bushel (a corn measure, 10 hin))",U12,,U12,,,U012
13341,U+13341,,U-05-014,C,"A plough, with a crossbar and two vertical lines on the end of the long beam.",skꜣ,Classifier plough/plowed material,U13,,U13,,,U013
13342,U+13342,,U-05-008,C,"Two branches of wood, joined at one end.",šnꜥ,Phono-repeater,U14,,U14,,,U014
13343,U+13343,,U-06-001,C,A sledge.,tm,Phonemogram,U15,"393,9",U15,,,U015
13344,U+13344,,U-06-005,C,"A sledge, with the head of a canine at the front, with a rectangle on the sledge.",bꞽꜣ,Phonemogram,U16,"393,13",U16,,,U016
13345,U+13345,,U-07-002,C,"A hoe or pick excavating a rectangular pool, with the handle angling downwards.",grg,Phonemogram,U17,"394,5",U17,,,U017
13346,U+13346,,U-07-001,C,"A hoe or pick excavating a rectangular pool with sloping sides (N38), with the handle angling downwards.",grg,"Logogram (to found, to establish, to hunt, to lay (a trap))",U18,"394,4",U18,,,U018
13347,U+13347,,U-08-001,C,An adze.,nw,Phonemogram,U19,"394,11",U19,,,U019
13348,U+13348,,U-08-007,C,An adze without the downward curve at the end of the handle.,nw,Phonemogram,U20,"395,1",U20,,,U020
13349,U+13349,,U-08-012,C,"An adze, with an attached blade at the front (U19A), in a piece of wood.",stp,Phonemogram,U21,"395,5",U21,,,U021
1334A,U+1334A,,U-09-008,C,A chisel with a conical handle and short blade.,mnḫ,Phono-repeater,U22,"396,9",U22,,,U022
1334B,U+1334B,,U-09-025,C,"A hairpin or burin, with a horizontal line above and below the oval of the pin.",ꜣb/mr,Phonemogram,U23,"397,6",U23,,,U023
1334C,U+1334C,,U-09-026,C,"A hairpin or burin, without the horizontal line on the top.",mr,Phonemogram,U23A,"396,8",U23A,,,U023A
1334D,U+1334D,,U-09-085,C,"A drill, with a half-circle handle, with a backward tick on top of the handle, with a forked drill-bit with a horizontal line on top of the forked drill-bit, with a short vertical stroke next to the drill, connected to the handle.",ḥmw.w,Logogram (craftsman),U24,"399,16",U24,,,U024
1334E,U+1334E,,U-09-076,C,"A stoneworker's drill weighted at the top with stones, lashed together with strings.",ḥmw.t,Logogram (craft),,,U25,,,U025
1334F,U+1334F,,U-09-088,C,"A drill with a truncated pyramid-shaped handle, with a round drill-bit with a horizontal line over it. ",wbꜣ,Logogram (to open),U26,,U26,,,U026
13350,U+13350,,U-09-015,C,"A drill for drilling holes in beads, with a rectangular handle, and a round drill bit.",wbꜣ,Classifier to open,U27,,U27,,,U027
13351,U+13351,,U-10-001,C,A fire-drill in a piece of wood.,ḏꜣ,Phonemogram,U28,"401,2",U28,,,U028
13352,U+13352,,U-10-003,C,A fire-drill on top of a piece of wood.,ḏꜣ,Phonemogram,U29,"401,4",U29,,,U029
13353,U+13353,13351 13436 133F2,U-10-006,L,"A spiral, winding counterclockwise away from its central point, ending at the right lower corner after about one and a half turns (Z7), written behind a fire-drill in a piece of wood (U28).",wḏꜣ,Phonemogram,U29A,"401,7",U29A,,,U029A
13354,U+13354,,U-11-005,C,A pottery kiln.,tꜣ,Phonemogram,U30,"402,5",U30,,,U030
13355,U+13355,,U-20-001,C,A baker's raker or two crossed castanet sticks.,rtḥ,Classifier to restrain,U31,,U31,,Y,U031
13356,U+13356,,U-12-001,C,"A pestle, inside a round-bottomed mortar.",sḥm,"Logogram (to pound, to crush)",U32,"402,15",U32,,,U032
13357,U+13357,,U-12-008,C,A pestle with a handle/tick at the front.,smn,Phono-repeater,,,,,,U032A
13358,U+13358,,U-12-011,C,A pestle.,tꞽ,Phonemogram,U33,"403,7",U33,,,U033
13359,U+13359,,U-13-001,C,A spindle.,ḫsf,Phonemogram,U34,"403,13",U34,,,U034
1335A,U+1335A,13191 13436 13359,U-13-007,L,"A horned desert viper (Cerastes cerastes) (I9), written over a spindle (U34).",ḫsf,Phonemogram,U35,"404,4",U35,,,U035
1335B,U+1335B,,U-14-001,C,A club used by washermen for beating laundry.,ḥm,Phonemogram,U36,"404,9",U36,,,U036
1335C,U+1335C,,U-15-002,C,A razor.,mẖꜥḳ.t,Logogram (razor),U37,"404,12",U37,,,U037
1335D,U+1335D,,U-16-004,C,"A balance, with a plummet resembling a heart (F34).",mḫꜣ.t,Logogram (balance),U38,"405,8",U38,,,U038
1335E,U+1335E,,U-16-033,C,"The pole of a balance, on a horizontal base, with a angled line on each side as support.",mḫꜣ.t,"Classifier balance, scale",U39,"407,2",U39,,,U039
1335F,U+1335F,,U-16-026,C,The semi-Hieratic form of a pole of a balance.,rs,Phonemogram,U40,"406,14",U40,,,U040
13360,U+13360,,U-22-001,C,The plummet of a balance.,tḫ,Classifier plummet,U41,,U41,,,U041
13361,U+13361,,U-04-001,C,A staff or pole with a two-pronged end piece for holding down snakes.,ms.t,Logogram (staff),U116,"392,10",U116,,Y,U042
13362,U+13362,,V-01-003,C,A coil of rope.,šn.t,Logogram (100),V1,"431,4",V1,,,V001
13363,U+13363,,V-01-005,C,,,200,,,,,,V001A
13364,U+13364,,V-01-006,C,,,300,,,,,,V001B
13365,U+13365,,V-01-007,C,,,400,,,,,,V001C
13366,U+13366,,V-01-008,C,,,500,,,,,,V001D
13367,U+13367,,V-01-009,C,,,600,,,,,,V001E
13368,U+13368,,V-01-010,C,,,700,,,,,,V001F
13369,U+13369,,V-01-011,C,,,800,,,,,,V001G
1336A,U+1336A,,V-01-012,C,,,900,,,,,,V001H
1336B,U+1336B,,V-01-013,C,,,500,,,,,,V001I
1336C,U+1336C,,V-01-019,C,"A horizontal line, intersected in the middle by a coil of rope (V1).",sṯꜣ,"Logogram (to drag, to pull, to draw)",V2,,V2,,,V002
1336D,U+1336D,,V-01-052,C,"Hieroglyphic representation of the Hieratic form of a horizontal line, intersected in the middle by a coil of rope (V2).",stꜣ/sṯꜣ,Phonemogram,,,Ff6,,,V002A
1336E,U+1336E,,V-01-021,C,"A horizontal line, intersected in the middle by three coils of rope (V1).",sṯꜣ.w,Phonemogram,V3,"431,13",V3,,,V003
1336F,U+1336F,,V-01-029,C,"A lasso, with a big loop at the front, with a tie at the front and a small loop at the back, with an upward, downward curving line behind the loop.",wꜣ,Phonemogram,V4,"432,3",V4,,,V004
13370,U+13370,,V-01-036,C,"A looped rope, with two small loops at the bottom, and a small loop within a big loop above the small loops.",snṯ,Logogram (foundation),V5,,V5,,,V005
13371,U+13371,,V-01-041,C,A loop of cord with the ends upwards.,šs,Phonemogram,V6,"432,13",V6,,Y,V006
13372,U+13372,,V-01-045,C,A loop of cord with the ends downwards.,šn,Phonemogram,V7,"433,1",V7,,Y,V007
13373,U+13373,,V-04-003,C,A folded piece of cloth.,ꞽꜣḳs,Classifier cloth,V60,"435,3",V60,,,V007A
13374,U+13374,,V-01-047,C,"A loop of cord with the ends downwards (V7), on top of a vertical line, on top of a horizontal base.",šn,Phonemogram,V49A,,V49A,,,V007B
13375,U+13375,,V-01-048,C,"A half-round loaf of bread (X1), written inside a loop of cord with the ends downwards (V7).",šn,Phonemogram,V8,"433,3",V8,,,V008
13376,U+13376,,V-02-003,C,A cartouche in a round form.,šnꞽ,"Logogram (to surround, to encircle)",V9,"433,10",V9,,,V009
13377,U+13377,,V-03-005,C,An oval cartouche.,rn,Logogram (name),V10,"434,3",V10,,,V010
13378,U+13378,,V-03-017,C,"The rear half of a cartouche, with the opening to the back.",psš,"Classifier half, part, portion",V11,"434,9",V11,,,V011
13379,U+13379,,V-03-018,C,,,,V11A,,V11A,,,V011A
1337A,U+1337A,,V-03-019,C,,,,,,,,,V011B
1337B,U+1337B,,V-03-020,C,,,,,,,,,V011C
1337C,U+1337C,,V-04-005,C,A band of string or fabric.,šꜥ.t,Classifier papyrus/book/document,V12,"435,6",V12,,,V012
1337D,U+1337D,,H-08-007,C,A feather bent forward.,dḳr,Phonemogram,H27,"209,10",H27,,,V012A
1337E,U+1337E,,V-04-007,C,"A wide band of string or fabric, with the shorter section lying on top of the larger section.",wḏ.w-nṯr.w,Classifier papyrus/book/document,,,,,,V012B
1337F,U+1337F,,V-04-011,C,A rope used for the tethering of animals.,ṯ,Phonemogram,V13,"435,11",V13,,,V013
13380,U+13380,,V-04-013,C,"A rope used for the tethering of animals, with an diacritic stroke added to the large loop.",ṯ,Phonemogram,V14,"435,14",V14,,,V014
13381,U+13381,,V-04-017,C,"A rope used for the tethering of animals (V13), written on top of legs in a walking posture, feet orientated towards the reading direction (D54).",ꞽṯ(ꞽ),Phonemogram,V15,"436,3",V15,,,V015
13382,U+13382,,V-04-022,C,"A looped cord, used as a hobble for cattle, with two horizontal loops and eight vertical loops.",sꜣ,Phonemogram,V16,"436,7",V16,,,V016
13383,U+13383,,V-04-026,C,A rolled-up herdsman's shelter of papyrus with a rectangle at either side of the loop.,sꜣ,Logogram (protection),V17,"436,10",V17,,,V017
13384,U+13384,,V-04-030,C,A rolled-up herdsman's shelter of papyrus.,sꜣ,Logogram (protection),V18,"436,12",V18,,,V018
13385,U+13385,,V-04-031,C,A hobble for cattle with a crossbar.,mḏ.t,Logogram (stable),V19,"436,13",V19,,,V019
13386,U+13386,,V-04-038,C,A hobble for cattle without a crossbar.,mḏ,Logogram (10),V20,"437,4",V20,,,V020
13387,U+13387,,V-04-040,C,,,20,,,,,,V020A
13388,U+13388,,V-04-041,C,,,30,,,,,,V020B
13389,U+13389,,V-04-042,C,,,40,,,,,,V020C
1338A,U+1338A,,V-04-043,C,,,50,,,,,,V020D
1338B,U+1338B,,V-04-044,C,,,60,,,,,,V020E
1338C,U+1338C,,V-04-045,C,,,70,,,,,,V020F
1338D,U+1338D,,V-04-046,C,,,80,,,,,,V020G
1338E,U+1338E,,V-04-047,C,,,90,,,,,,V020H
1338F,U+1338F,,V-04-048,C,,,20,,,,,,V020I
13390,U+13390,,V-04-049,C,,,30,,,,,,V020J
13391,U+13391,,V-04-050,C,,,40,,,,,,V020K
13392,U+13392,,V-04-051,C,,,50,,,,,,V020L
13393,U+13393,,V-04-055,C,"A cobra in repose (Naja haje) (I10), written over a hobble for cattle without a crossbar (V20).",mḏ.t,Logogram (stable),,"437,7",V21,,,V021
13394,U+13394,,V-05-001,C,A whip.,mḥ,Phonemogram,V22,"437,8",V22,,,V022
13395,U+13395,,V-05-002,C,"A whip, without internal detail.",mḥ,Phonemogram,V23,"437,9",V23,,,V023
13396,U+13396,,V-05-003,C,A whip with a loop at the front.,mḥ,Phonemogram,V23A,"437,10",V23A,,,V023A
13397,U+13397,,V-06-001,C,A string wound on a stick.,wḏ > wd,Phonemogram,V24,"438,10",V24,,,V024
13398,U+13398,,V-06-002,C,"A string wound on a stick, with a tie sticking out at the front.",wḏ > wd,Phonemogram,V25,"438,11",V25,,,V025
13399,U+13399,,V-07-001,C,"A double forked tool for the mending of nets, with a broad middle section.",ꜥnḏ,Phonemogram,V26,"439,4",V26,,,V026
1339A,U+1339A,,V-07-002,C,"A double forked tool for the mending of nets, with a thin middle section.",ꜥnḏ,Phonemogram,V27,"439,5",V27,,,V027
1339B,U+1339B,,V-08-001,C,"A wick of twisted flax, consisting of three loops.",ḥ,Phonemogram,V28,"439,6",V28,,,V028
1339C,U+1339C,1309D 13436 1339B,V-08-009,L,"A forearm, with the palm of the hand facing upwards (D36), written over a wick of twisted flax, consisting of three loops (V28).",ḥꜥ,Phonemogram,V71,"439,10",V71,,,V028A
1339D,U+1339D,,V-08-032,C,A swab made from a hank of fiber with two loops.,wꜣḥ,Phonemogram,V29,"440,14",V29,,,V029
1339E,U+1339E,133A1 13436 1339D,V-08-047,L,"A swab made from a hank of fiber with two loops (V29), written over a wickerwork basket with a handle, orientated with the handle to the back (V31).",sk,Phonemogram,V90,"441,6",V90,,,V029A
1339F,U+1339F,,V-09-001,C,A wickerwork basket.,nb,Phonemogram,V30,"441,12",V30,,,V030
133A0,U+133A0,1339F,V-09-002,L,,,,,,,,,V030A
133A1,U+133A1,,V-09-009,C," A wickerwork basket with a handle, orientated with the handle to the back.",k,Phonemogram,V31,"442,3",V31,,,V031
133A2,U+133A2,133A1 13440,V-09-010,L," A wickerwork basket with a handle, orientated with the handle to the front.",k,Phonemogram,V31A,"442,4",V31A,,,V031A
133A3,U+133A3,,V-11-003,C,A wickerwork frail with ties.,msn,Phonemogram,V32,"442,13",V32,,,V032
133A4,U+133A4,,V-12-003,C,"A bag or a sack of linen, with a tie towards the front, and a (small) loop at the back.",sšr,Classifier linen,V33,"443,12",V33,,,V033
133A5,U+133A5,,V-12-005,C,"An oval bag or sack with linen, without ties or loops, with three horizontal lines over the bag.",ḳꜣr,"Classifier sack, bundle",,,US1V33AEXTU,,,V033A
133A6,U+133A6,,V-12-006,C,"A bag or a sack of linen, with a tie towards the front, and a (small) loop at the back, with a horizontal line over the bag.",st,Classifier (perfume),V34,,V34,,,V034
133A7,U+133A7,,V-13-001,C,"A bag or sack of linen, with a hollow bottom.",sšr,Logogram (linen),V35,"443,14",V35,,,V035
133A8,U+133A8,,V-14-009,C,"A sheath or receptacle with V shaped indentation at the top, bound at the top with a tie at the backside.",ḥn,Phonemogram,V36,,V36,,,V036
133A9,U+133A9,,V-15-002,C,A fastening knot of a dress on the shoulder.,ꞽdr,Phono-repeater,V37,"445,2",V37,,,V037
133AA,U+133AA,,V-15-006,C,"A basket-shaped bag with a tied off end at the front, resembling a loop / A uterus of a cow, tied off at the front.",ꞽd,Phonemogram,F143A,"445,6",F143A,,,V037A
133AB,U+133AB,,V-15-001,C,A bandage.,wt,"Classifier to bandage, to wrap",V38,,V38,,,V038
133AC,U+133AC,,S-18-001,C,"A tie or straps with a loop at the top, and a downward hanging loop at either side of the strings.",tꞽ.t,Logogram (Tit-amulet),V39,"383,6",V39,,,V039
133AD,U+133AD,,V-04-052,C,,,10,V20h,,V20h,,,V040
133AE,U+133AE,,V-04-053,C,,,20,,,,,,V040A
133AF,U+133AF,,W-01-001,C,"A sealed ointment jar, with ties.",mrḥ.t,"Classifier oil, unguent",W1,"447,1",W1,,,W001
133B0,U+133B0,,W-01-002,C,"A sealed ointment jar, without ties.",bꜣs,Phonemogram,W2,,W2,,,W002
133B1,U+133B1,,W-02-001,C,An alabaster basin with a diamond shaped inner marking.,ḥ(ꜣ)b,Logogram (festival),W3,"448,6",W3,,,W003
133B2,U+133B2,133B1,W-02-002,L,,,,,,,,,W003A
133B3,U+133B3,,O-11-013,C,"An open booth supported by a pole (O22), on top of an alabaster basin with a diamond shaped inner marking (W3).",h(ꜣ)b,Logogram (festival),W4,"311,4",W4,,,W004
133B4,U+133B4,,W-02-009,C,"A butcher's block (T28), on top of an alabaster basin with a diamond shaped inner marking (W3).",ẖr.y-ḥ(ꜣ)b.t,Logogram (lector priest),W5,"448,13",W5,,,W005
133B5,U+133B5,,W-11-077,C,A flat bottom cauldron with handles and an upstanding rim.,ḥw.t,Classifier cauldron,W6,,W6,,,W006
133B6,U+133B6,,W-11-012,C,A granite vessel with small handles.,mꜣṯ,Classifier granite,W7,"455,13",W7,,,W007
133B7,U+133B7,,W-11-119,C,"A low broad oval, with a triangular shape at both short ends of the oval.",ꜣb,Phono-repeater,W8,,W8,,,W008
133B8,U+133B8,,W-03-007,C,"A stone jug with a large handle connecting to the rim, and a small round handle.",ẖnm,Phonemogram,W9,,W9,,,W009
133B9,U+133B9,133B8 13440,W-03-008,L,,,,,,W9R,,,W009A
133BA,U+133BA,,W-04-001,C,A wide cup.,ꜥ,Phonemogram,W10,"449,14",W10,,,W010
133BB,U+133BB,,W-04-002,C,A wide cup with a spout.,bꜣ,Phonemogram,W10A,,W10A,,,W010A
133BC,U+133BC,,W-05-005,C,A ring-stand for jars.,g,Phonemogram,W11,"450,9",W11,,,W011
133BD,U+133BD,,W-05-007,C,"A ring-stand for jars, with a level bottom.",g,Phonemogram,W12,,W12,,,W012
133BE,U+133BE,,W-05-008,C,A red earthenware pot.,dšr.t,Classifier red (earthenware) vessel,W13,"450,11",W13,,,W013
133BF,U+133BF,,W-06-001,C,A tall water pot.,ḥs,Phonemogram,W14,"450,12",W14,,,W014
133C0,U+133C0,1339B 13431 133BF 13430 13283,W-06-033,L,,,,,,,,,W014A
133C1,U+133C1,,W-06-018,C,"A tall water pot, with a forward, downward line of liquid coming from the top of the vessel.",ḳbḥ,"Logogram (to be cool, to cool)",W15,,W15,,,W015
133C2,U+133C2,,W-06-032,C,"A tall water pot with a spout at the back, with a forward, downward line of liquid coming from the top of the vessel; inside a ring-stand.",ḳbḥ,Classifier libation water,W16,"452,5",W16,,,W016
133C3,U+133C3,,W-06-034,C,Three sealed water pots in a rack.,ḫnt,Phonemogram,W17,"452,6",W17,,,W017
133C4,U+133C4,,W-06-051,C,"A schematic representation of three sealed water pots in a rack, without horizontal line at the bottom, with the downward curving lines descending to the bottom.",ḫnt,Phonemogram,,,US22W17BVARE,,,W017A
133C5,U+133C5,,W-06-037,C,Four sealed water pots in a rack.,ḫnt,Phonemogram,W18,"452,9",W18,,,W018
133C6,U+133C6,,W-06-052,C,,,,,,US22W17BVARD,,,W018A
133C7,U+133C7,,W-07-001,C,A milk jar in a carrying sling.,mꞽ,Phonemogram,W19,"453,9",W19,,,W019
133C8,U+133C8,,W-07-006,C,"A milk jar with two horizontal lines over the jar, with a leaf covering the milk.",ꞽrṯ.t,Classifier milk,W20,,W20,,,W020
133C9,U+133C9,,W-10-007,C,"A twin set of conical wine jars, bound together.",ꞽrp,Classifier wine,W21,"454,14",W21,,,W021
133CA,U+133CA,,W-11-042,C,A beer-jug.,ḥnḳ.t,Logogram (beer),W22,"456,16",W22,,,W022
133CB,U+133CB,,W-11-013,C,A flat bottom jar with handles.,ḥnḳ.t,Logogram (beer),W23,"455,14",W23,,,W023
133CC,U+133CC,,W-11-020,C,A round vessel with an upstanding rim.,nw,Phonemogram,W24,"456,5",W24,,,W024
133CD,U+133CD,133CC 13431 133CC 13431 133CC,W-11-027,L,,,,,,,,,W024A
133CE,U+133CE,,W-11-023,C,"A round vessel with an upstanding rim (W24), on top of long legs in a walking posture, feet orientated towards the reading direction.",ꞽn(ꞽ),Phonemogram,W25,"118,10",W25,,,W025
133CF,U+133CF,,X-01-001,C,A half round loaf of bread.,t,Phonemogram,X1,"461,1",X1,,,X001
133D0,U+133D0,,X-02-001,C,A loaf of bread with a horizontal line inside the bread.,t,Logogram (bread),X2,"461,3",X2,,,X002
133D1,U+133D1,,X-03-010,C,"A loaf of bread, without internal detail.",,Classifier bread/food,X3,"462,7",X3,,,X003
133D2,U+133D2,,X-04-010,C,"A roll of bread, with a diamond in the middle.",,Classifier festival,X4F,"462,14",X4F,,,X004
133D3,U+133D3,,X-04-008,C,"An roll of bread, with round imprints at the var sides and in the middle.",t,Phonemogram,,,X4A,,,X004A
133D4,U+133D4,,X-04-011,C,A roll of bread without internal detail.,"t | sn, fḳꜣ","Classifier bread, festival; Phonemogram t; Logogram t (bread); Phono-repeater: sn, fḳꜣ",,,,,,X004B
133D5,U+133D5,,X-05-001,C,"An horizontal oval shape, with two upward curving strokes added at the front short side.",sn,Phono-repeater,X5,"463,3",X5,,,X005
133D6,U+133D6,,X-06-007,C,A round loaf with a finger mark at the bottom.,t-ꜣsr,"Classifier offering, cake, loaf",X6,,X6,,,X006
133D7,U+133D7,133D6,X-06-005,L,,,,,,US1X6AEXTU,,,X006A
133D8,U+133D8,,X-08-001,C,A half loaf of bread.,gs,Classifier food,X7,,X7,,,X007
133D9,U+133D9,,X-07-001,C,"A conical loaf of bread, with a triangular finger mark at the bottom.",ḏꞽ > dꞽ,Phonemogram,X8,"464,1",X8,,,X008
133DA,U+133DA,,X-07-002,C,A conical loaf of bread without internal detail.,t-ḥḏ,Classifier bread,,,,,,X008A
133DB,U+133DB,,Y-01-006,C,"A papyrus scroll, rolled-up, tied and sealed, written horizontally, with ties.",sspd.w,Classifier abstract words,Y1,"465,6",Y1,,,Y001
133DC,U+133DC,133DB FE02,Y-01-005,L,"A papyrus scroll, rolled-up, tied and sealed, written vertically, with ties.",mḏꜣ.t,"Logogram (papyrus scroll, book)",Y1v,"465,5",Y1v,,,Y001A
133DD,U+133DD,,Y-01-002,C,"A papyrus scroll, rolled-up, tied and sealed, written horizontally.",mdw,"Classifier writing, things written",Y2,"465,2",Y2,,,Y002
133DE,U+133DE,,Y-02-005,C,"A scribe's kit, consisting of a palette, ink or paint pouch and a reed pen.",sš,Logogram (scribe),Y3,"466,2",Y3,,,Y003
133DF,U+133DF,133DE 13440,Y-02-003,L,"A scribe's kit, consisting of a palette, ink or paint pouch and reed pen, with the reed pen towards the front.",sš,Logogram (scribe),Y4,"465,13",Y4,,,Y004
133E0,U+133E0,,Y-03-002,C,A game board (of Senet) with game pieces.,mn,Phonemogram,Y5,"466,8",Y5,,,Y005
133E1,U+133E1,,Y-03-005,C,"A game piece, pawn, or draughtsman.",sn.t,"Classifier game, gamepiece",Y6,,Y6,,,Y006
133E2,U+133E2,,Y-04-001,C,A rounded harp.,bn.t,Classifier harp,Y7,"466,11",Y7,,,Y007
133E3,U+133E3,,Y-06-016,C,"A sistrum, with the top piece in the form of a shrine encased by two curls.",sḫm,Classifier sistrum,Y8,"468,1",Y8,,,Y008
133E4,U+133E4,,Z-01-001,C,A vertical stroke.,,Classifier semogram,Z1,"469,1",Z1,,,Z001
133E5,U+133E5,,Z-01-011,C, Three vertical strokes in a horizontal orientation.,,Classifier plural,Z2,,Z2,,,Z002
133E6,U+133E6,,Z-01-017,C,,,,,,Z2D,,,Z002A
133E7,U+133E7,,Z-01-012,C,,,,,"274,1",,,,Z002B
133E8,U+133E8,,Z-01-014,C, Three vertical strokes in a triangular orientation with one stroke a the top.,,Classifier plural,Z2A,,Z2A,,,Z002C
133E9,U+133E9,133E8 FE01,Z-01-015,L, Three vertical strokes in a triangular orientation with one stroke a the bottom.,,Classifier plural,Z2B,,Z2B,,,Z002D
133EA,U+133EA,,Z-01-002,C,Three vertical strokes in a vertical orientation.,,Classifier plural,Z3,"469,2",Z3,,,Z003
133EB,U+133EB,133E5 FE00,Z-01-018,L,Three horizontal strokes arranged vertically.,,Classifier plural,Z3A,,Z3A,,,Z003A
133EC,U+133EC,133E7 FE00,Z-01-013,L,,,,,,,,,Z003B
133ED,U+133ED,,Z-01-008,C,Two diagonal strokes arranged horizontally.,y,Phonemogram,Z4,"469,6",Z4,,,Z004
133EE,U+133EE,,Z-01-009,C,Two vertical strokes arranged horizontally.,sn.w,Logogram (two),Z4A,"469,8",Z4A,,,Z004A
133EF,U+133EF,,Z-01-005,C,"A doubly curved, diagonal stroke.",,Substitute for dangerous signs,Z5,"469,10",Z5,,,Z005
133F0,U+133F0,,Z-01-006,C,A diagonal stroke.,,Classifier divinity (replacing G7),Z5A,"469,5",,,,Z005A
133F1,U+133F1,,Z-07-004,C,"A slightly inclined stroke with two smaller strokes protruding at its right lower end, the upper one being shorter than the lower of them.",ḫp.t,Classifier death,Z6,,Z6,,,Z006
133F2,U+133F2,,Z-07-005,C," A spiral, winding counterclockwise away from its central point, ending at the right lower corner after about one and a half turns.",w,Phonemogram,Z7,,Z7,,,Z007
133F3,U+133F3,,Z-06-001,C,A short horizontal oval.,šn(.w),"Classifier round, oval",,,Z8,,,Z008
133F4,U+133F4,,Z-02-001,C,A cross.,psš,Classifier divide,Z9,"469,11",Z9,,,Z009
133F5,U+133F5,,Z-02-002,C,"Two crossed diagonal strokes with acute angles at the left and right side, and obtuse angles at the upper and lower side. ",ḥbs,Classifier break,Z10,"469,12",Z10,,,Z010
133F6,U+133F6,,Z-02-003,C,"A short horizontal stroke overlapped by a longer vertical stroke, the crossing point is in the middle of both strokes.",ꞽm,Phonemogram,Z11,"469,13",Z11,,,Z011
133F7,U+133F7,,T-21-003,C,"Two short horizontal lines, arranged vertically, connected by a downward, outward sloping line. ",ḥw,Phonemogram,Z12,"482,4",Z12,,,Z012
133F8,U+133F8,,Z-05-003,C,A geometrical circle.,,,,"471,13",US1Z13EXTU,,,Z013
133F9,U+133F9,,Z-01-019,C,A curved diagonal stroke.,,Classifier semogram,,,Ff1,,,Z014
133FA,U+133FA,,Z-01-023,C,,wꜥ,"Logogram (one, sole)",,,,,,Z015
133FB,U+133FB,,Z-01-024,C,,sn.w,Logogram (two),,,,,,Z015A
133FC,U+133FC,,Z-01-025,C,,ḫmt,Logogram (three),,,,,,Z015B
133FD,U+133FD,,Z-01-026,C,,fd(.w),Logogram (four),,,,,,Z015C
133FE,U+133FE,,Z-01-027,C,,dꞽw,Logogram (five),,,,,,Z015D
133FF,U+133FF,,Z-01-028,C,,sꞽs,Logogram (six),,,,,,Z015E
13400,U+13400,,Z-01-029,C,,sfḫ,Logogram (seven),,,,,,Z015F
13401,U+13401,,Z-01-030,C,,ḫmn,Logogram (eight),,,,,,Z015G
13402,U+13402,,Z-01-031,C,,psḏ,Logogram (nine),,,,,,Z015H
13403,U+13403,133FE,Z-01-032,L,,dꞽw,Logogram (five),,,,,Y,Z015I
13404,U+13404,,Z-01-034,C,,wꜥ,"Logogram (one, sole)",,,,,,Z016
13405,U+13405,,Z-01-035,C,,sn.w,Logogram (two),,,,,,Z016A
13406,U+13406,,Z-01-036,C,,ḫmt,Logogram (three),,,,,,Z016B
13407,U+13407,,Z-01-037,C,,fd(.w),Logogram (four),,,,,,Z016C
13408,U+13408,,Z-01-038,C,,dꞽw,Logogram (five),,,,,,Z016D
13409,U+13409,,Z-01-039,C,,sꞽs,Logogram (six),,,,,,Z016E
1340A,U+1340A,,Z-01-040,C,,sfḫ,Logogram (seven),,,,,,Z016F
1340B,U+1340B,,Z-01-041,C,,ḫmn & ḫmnw,Logogram ḫmn (eight)/Logogram ḫmnw (Hermopolis),,,,,,Z016G
1340C,U+1340C,,Z-01-042,C,,psḏ,Logogram (nine),,,,,,Z016H
1340D,U+1340D,,F-31-003,C,A human placenta (a circle with lines written horizontally).,ḫ,Phonemogram,,"473,3",Aa1,,,AA001
1340E,U+1340E,,F-30-003,C,"A pustule or gland, or a packet of mummy bandages.",nḥꜣ,Classifier bad/evil,AA2,"473,4",Aa2,,,AA002
1340F,U+1340F,,F-30-008,C,"A pustule or gland, with a forward, downward line of fluid issuing forth.",ḥs,"Classifier efflux, smell (i.e., excrement)",AA3,,Aa3,,,AA003
13410,U+13410,,W-04-003,C,A spouted cup.,bꜣ,Phonemogram,AA4,,Aa4,,,AA004
13411,U+13411,,P-11-008,C,"A part of the steering gear of ships, consisting of two beams.",ḥpt,Classifier oar,AA5,"473,10",Aa5,,,AA005
13412,U+13412,,AA-06-001,C,Two pieces of cloth strung together / a line of thread being woven into a weave.,ṯmꜣ,Phono-repeater,AA6,,Aa6,,,AA006
13413,U+13413,,U-22-022,C,"A vertical tool, with an upward curved handle, with the handle towards the back.",sḳ(r),Classifier to present,AA7,"474,11",Aa7,,,AA007
13414,U+13414,13413 13440,U-22-023,L,"A vertical tool, with an upward curved handle, with the handle towards the front.",sḳ(r),Classifier to present,,,,,,AA007A
13415,U+13415,,F-19-008,C,,,,,,Aa7B,,,AA007B
13416,U+13416,,N-12-001,C,A single line of irrigation canals.,spꜣ.t,"Logogram (nome, district)",AA8,"474,12",Aa8,,,AA008
13417,U+13417,,Q-07-006,C,Part of a carrying-chair.,wḫd,Classifier suffering,AA9,,Aa9,,,AA009
13418,U+13418,,Y-02-017,C,A graver.,drf,Classifier writing,AA10,,Aa10,,,AA010
13419,U+13419,,O-24-070,C,A platform with a sloping front.,mꜣꜥ,Phonemogram,AA11,"475,5",Aa11,,,AA011
1341A,U+1341A,,O-24-072,C,A rectangular platform.,mꜣꜥ,Phonemogram,AA12,,Aa12,,,AA012
1341B,U+1341B,,F-26-017,C,"A representation of two ribs, top line curving downwards.",gs,Phonemogram,AA13,"476,1",Aa13,,,AA013
1341C,U+1341C,,F-26-018,C,"A representation of two ribs, lines curving outwards.",gs,"Logogram (side, half)",AA14,"476,2",Aa14,,,AA014
1341D,U+1341D,,F-26-012,C,"A representation of two ribs, written parallel.",m,Phonemogram,AA15,"475,10",Aa15,,,AA015
1341E,U+1341E,,F-26-019,C,"A representation of two ribs, written parallel, short form.",gs,"Logogram (side, half)",AA16,,Aa16,,,AA016
1341F,U+1341F,,T-07-056,C,A cover of a quiver.,sꜣ,Phonemogram,AA17,"476,8",Aa17,,,AA017
13420,U+13420,,T-07-059,C,A cover of a quiver with a smaller rectangle inset.,s,Phonemogram,AA18,,Aa18,,,AA018
13421,U+13421,,V-04-033,C,A parabolic shape with a dot at each side.,,"Classifier shrine, chapel",AA19,"436,15",Aa19,,,AA019
13422,U+13422,,S-28-008,C,"A type of ornament, with two ties at the top.",ꜥpr,Phonemogram,AA20,"476,14",Aa20,,,AA020
13423,U+13423,,S-27-005,C,"An object consisting of a horizontal rectangle with a triangular indentation at the bottom, with a vertical line on top of it, connected through a triangle.",wḏꜥ,"Logogram (to judge, to separate)",AA21,,Aa21,,,AA021
13424,U+13424,1309D 13436 13423,S-27-006,L,"A forearm, with the palm of the hand facing upwards (D36), written over an object consisting of a horizontal rectangle with a triangular indentation at the bottom, with a vertical line on top of it, connected through a triangle (Aa21).",wḏꜥ,"Logogram (to judge, to separate)",AA22,"478,2",Aa22,,,AA022
13425,U+13425,,U-18-033,C,"A warp, stretched between two forked poles.",mḏd,"Logogram (to press, to cling (to))",AA23,,Aa23,,,AA023
13426,U+13426,,U-18-042,C,"A warp, stretched between two poles resembling cup-like shapes with upward ticks on them.",mḏd,"Logogram (to press, to cling (to))",AA24,"479,3",Aa24,,,AA024
13427,U+13427,,AA-22-001,C,"A crescent moon shape written over a thin triangle, point downwards.",smꜣ,Phonemogram,AA25,"479,5",Aa25,,,AA025
13428,U+13428,,AA-22-004,C,A pole with a hook at the front to which one binds an enemy.,sbꞽ,Phonemogram,AA26,,Aa26,,,AA026
13429,U+13429,,U-21-001,C,"A milling tool, with a long vertical stick under a circle with triangular shapes at the sides and the top.",nḏ,Phonemogram,AA27,"479,6",Aa27,,,AA027
1342A,U+1342A,,U-22-019,C,"An instrument used by bricklayers, with a triangular extension with a horizontal top at the front.",ḳd,Phonemogram,AA28,"480,9",Aa28,,Y,AA028
1342B,U+1342B,,U-22-021,C,"An instrument used by bricklayers, with a round extension at the front.",ḳd,Phonemogram,,,Aa29,,Y,AA029
1342C,U+1342C,,O-23-001,C,"An ornamental chevaux de frise on top of walls, with a circle dividing the top and base.",ẖkr,Logogram (ornament),AA30,"480,12",Aa30,,,AA030
1342D,U+1342D,,O-23-008,C,"An ornamental chevaux de frise on top of walls, with a flat base.",ẖkr,Logogram (ornament),,,,,,AA031
1342E,U+1342E,,T-06-015,C,"A bow, of an archaic type, with the ends towards the back.",sty,Logogram (Nubia),AA32,,Aa32,,,AA032
1342F,U+1342F,,V-03-021,C,,,,,"434,10",,,,V011D
13460,U+13460,,A-01-002,,"Man, seated, right knee raised, right arm raised, left arm behind body.",,Classifier human being,,,,,,A001F
13461,U+13461,,A-01-003,C,"Man, seated, both knees raised, foot flat on the ground, right arm raised, left arm in front of the body.",rmn.w,Classifier human being,,"1,3",,,,A001D
13462,U+13462,,A-01-004,C,"Man, seated, right knee raised, right foot in front of the left knee, left foot horizontal, right arm raised in front, left arm in front of the body.",ꞽ,Logogram (first person singular),,,,,,A001H
13463,U+13463,,A-01-006,C,"Man, seated on heel, both knees down, right arm raised, left arm in front of body.",wnn.yw,Classifier human being,,,,,,A001G
13464,U+13464,,A-01-007,C,"Man, squatting, both knees forwards, knees horizontal, right arm raised, left arm in front of body.",šny.t,"Classifier court, entourage",,,,,,A001I
13465,U+13465,,A-01-010,C,"Man, seated, both knees raised, foot flat on the ground, right arm raised, left arm hanging beside the body.",ḏbḥ(.w) | dbḥ,Classifier occupation/relationship (fisherman or brewer),,"1,5",,,,A071A
13466,U+13466,,A-01-011,C,"Man, seated, right knee raised, right arm raised, right hand horizontal, hand palm upwards, left arm in front of body.",wꜣ,"Classifier to conspire, to brood",A426B,"1,7",A426B,,,HJ A426B
13467,U+13467,,A-01-012,C,"Man, seated, right knee raised, right arm raised, left arm in front of body, hand extending beyond the torso.",,Classifier personal name,,"1,8",,,,A001E
13468,U+13468,,A-01-014,C,"Man, seated on heel, right leg extended with foot in front of left leg, right arm raised with hand held vertically, hand palm outwards, left arm hanging beside the body.",ḫft.yw,Logogram (enemies),A68,"1,10",A68,,,A068B
13469,U+13469,,A-01-015,C,"Man, seated on heel, both knees down, right arm raised, hand held vertically, hand palm outwards, left arm hanging beside the body.",šwꜣ.w ,Classifier human being (poor man),,,,,,A068A
1346A,U+1346A,,A-01-018,C,"Man, seated, right knee raised, right arm raised, hand held vertically, hand palm inwards, left arm hanging beside the body.",ḥnmm.t?,Classifier human being,A69,,A69,,,A069A
1346B,U+1346B,,A-01-019,C,"Man, seated, right knee raised, right arm raised, hand held horizontally, hand palm upwards, left arm hanging beside the body.",ꞽ ,Logogram (vocative interjection),A426,,A426,,,HJ A426
1346C,U+1346C,,A-01-021,C,"Man, seated, both knees down, right arm raised, hand held vertically, hand palm inwards, left arm held in front of the body, lower arm and hand horizontal, hand palm upwards.",ꞽ,Logogram (first person singular),A72A,,A72A,,,HJ A072A
1346D,U+1346D,,A-01-023,C,"Man, seated on heel, both knees down, one arm visible, raised in front, hand at the height of the shoulder.",ḥ(m)sꞽ,Classifier sitting,,,,,,A003D
1346E,U+1346E,,A-01-024,,,,,A3B,"1,14",A3B,,,HJ A003B
1346F,U+1346F,,A-01-028,C,"Man, seated, both knees down, right arm raised with hand to mouth, left arm hanging beside the body.",,Classifier eating/drinking/speech/ silence/thoughts feelings,,,,,,A002F
13470,U+13470,,A-01-030,C,"Man seated, right knee raised, right arm raised with hand to mouth, left arm raised in front of the body.",ṯḥḥ.wt,Classifier speech/sound,A2A,"2,7",A2A,,,HJ A002A
13471,U+13471,,A-01-032,C,"Man, seated, both knees raised, foot flat on the ground, right arm raised with hand to mouth, left arm not visible.",dbḥ,Classifier speech/silence,,,,,,A002G
13472,U+13472,,A-01-033,C,"Man, seated, right knee raised, right arm raised, hand vertical, hand palm towards the face, in front of the face, left arm hanging beside the body.",nhm,"Classifier acclaim, speaking",,,,,,A002H
13473,U+13473,,A-01-034,C,"Man, seated, right knee raised, right foot in front of the left knee, left foot horizontal, right arm raised with hand to mouth, left arm hanging beside the body.",ḏd,Classifier speech/silence,,,,,,A002I
13474,U+13474,,A-01-038,C,"Man, seated, both knees down, right and left arm sloping downwards to either side of the body.",,Classifier sitting/weak/faint,A7A,"2,12",A7A,,,HJ A007A
13475,U+13475,,A-01-039,,,,,A4B,"2,13",A4B,,,HJ A004B
13476,U+13476,,A-01-042,C,"Man, seated, right knee raised, back bent forwards, both arms raised in front, hand palms outwards.",dwꜣ,"Logogram (praise, worship)",,,,,,A004G
13477,U+13477,,A-01-044,C,"Man, seated on heel, right knee raised, with arms raised in front, hand palms facing outwards.",ꞽꜣw.t,Classifier adoration,,,,,,A004H
13478,U+13478,,A-01-045,C,"Man, kneeling with both knees on the ground, with arms raised in front, hand palms facing outwards.",,Classifier supplication/hiding/rejection,A4C,"3,1",A4C,,,HJ A004C
13479,U+13479,,A-01-046,C,"Man, kneeling with both knees on the ground, with arms raised in front, hand palms facing inwards.",msn.ty,Classifier harpooner/priest,A478,,A478,,,HJ A478
1347A,U+1347A,,A-01-049,C,"Man, kneeling with both knees on the ground, back bent forwards, arms extended forwards, forearms horizontal at the height of the waist, hand palms downwards.",ḥfꜣ,Classifier reverence,,,,,,A004I
1347B,U+1347B,,A-01-051,C,"Man, seated, right knee raised, head facing backwards, both arms raised at the back, hands vertical, hand palms outwards.",twꜣ.w,Classifier enemies,A75,,A75,,,HJ A075
1347C,U+1347C,,A-01-052,C,"Man (foreigner), seated on heel, right knee raised, head facing backwards, wearing a Syrian clothing with long open sleeves, both arms raised towards the back, hands vertical, hand palms outwards.",sḳr-ꜥnḫ,Classifier prisoner,,,,,,A075A
1347D,U+1347D,,A-01-054,C,"Man, seated, both knees raised, with covered knees, arms covered by cloth.",,Classifier human being/personal name,A76A,"3,3",A76A,,,HJ A076A
1347E,U+1347E,,A-01-060,C,"Man, seated on heel, right leg extended with foot in front of left leg, right arm angled in front of the body, left arm raised, hand held vertically, hand palm inwards (hnw gesture).",hnw,Classifier joy,A8,,,,,A008A
1347F,U+1347F,,A-01-061,C,"Man, seated on heel, both knees downwards, right arm angled in front of the body, left arm raised, hand held vertically, hand palm inwards (hnw gesture).",hnw,Logogram (joy),,,,,,A008B
13480,U+13480,,A-01-062,C,"Man, seated, both knees downward, right arm sloping downwards, left arm raised, hand held vertically, hand palm inwards.",ḫnw,Classifier making music,,,,,,A008J
13481,U+13481,,A-01-063,C,"Man, seated, right knee raised, right arm raised in front, left arm raised.",hnw,Classifier joy,,"3,8",,,,A008G
13482,U+13482,,A-01-066,C,"Man, seated, right knee raised, right arm angled behind the back, left arm raised, hand held vertically, hand palm outwards.",hnw,Classifier joy,,,,,,A008I
13483,U+13483,,A-01-067,C,"Man, seated, right knee raised, right arm raised in front, left arm not shown.",,Classifier human being,A1C,,A1C,,,HJ A001C
13484,U+13484,,A-01-068,C,"man, seated, right knee raised, without visible arms.",ꞽt,Classifier human being,A76,,A76,,,HJ A076
13485,U+13485,,A-01-070,C,"Man, seated, right knee raised, with a hair-lock, arm raised in front, hand held horizontally, hand palm upwards.",ḥs.w,Logogram (musician),A426A,,A426A,,,HJ A426A
13486,U+13486,,A-01-075,C,"Man, seated, right knee raised, with arms raised at either side of the body, hands on either side of the head.",ꞽꜣs,Classifier bald,,,,,,A073E
13487,U+13487,,A-01-077,C,"Man, seated, right knee raised, with arms raised at either side of the body, elbows bent, hand palms inwards.",ꞽḥy,Classifier music,,,,,,A073D
13488,U+13488,,A-02-002,,,,,A62,"3,11",A62,,,A062A
13489,U+13489,,A-02-005,C,"Man, standing, with the arms hanging at either side of the body.",mss,Classifier to totter,A78,"3,13",A78,,Y,HJ A078
1348A,U+1348A,,A-02-006,C,"Man, standing, bent slightly forwards, with a feather/cone on his head, angled backwards, with the arms hanging at either side of the body.",nḥs.y,Classifier foreigner (Nubian),A109E,"3,14",A109E,,,HJ A109E
1348B,U+1348B,,A-02-008,C,"Two men standing, facing each other holding hands, with the other arm hanging beside the body.",snsn,Logogram (to fraternize),A80,"4,1",A80,,,HJ A080
1348C,U+1348C,,A-02-011,C,"Two men standing upon a base, facing each other holding hands, with the other arm hanging beside the body.",snsn ,Logogram (to fraternize),,,,,,A080C
1348D,U+1348D,,A-02-012,C,"Two man standing, the first leading the second by the hand.",tš,Classifier deserter/wanderer,A195,,A195,,,HJ A195
1348E,U+1348E,,A-02-013,C,"Two man standing, facing each other, holding each other by the arms (wrestling).",ḳmꜣ,Classifier to wrestle,,,,,,A202B
1348F,U+1348F,,A-02-014,C,"Naked man, standing, with spread legs, arms hanging beside the body, with a dotted line between the legs.",fgn,Classifier to defecate,A81,"4,2",A81,,,HJ A081
13490,U+13490,,A-02-015,C,"Naked man, standing, with spread legs, arms hanging beside the body.",ḥwꜥ,Classifier to be short,A81A,,A81A,,,HJ A081A
13491,U+13491,,A-02-016,C,"Naked man, standing, phallus erect, producing a line of liquid, right arm hanging downwards, hand above the phallus, left arm hanging beside the body.",stꞽ,"Logogram (to pour, to drain)",A81B,,A81B,,,HJ A081B
13492,U+13492,,A-02-018,C,"Man, standing, with the arms folded over each other.",ḥs.w,classifier (the cold one),A359,"4,3",A359,,,HJ A359
13493,U+13493,,A-02-022,C,"Man, standing, right arm outstretched before him, with the left arm bent, hand on the waist.",ꞽn,Phonemogram,A362,"4,8",A362,,,HJ A362
13494,U+13494,,A-02-023,C,"Man, standing, bent slightly forward, right arm stretched in front at waist height, left arm hanging beside the body.",kḥkḥ,Classifier old man,A363,"4,9",A363,,,HJ A363
13495,U+13495,,A-02-025,,,,,A364,"4,12",A364,,,HJ A364
13496,U+13496,,A-02-026,C,"Man, standing, right arm hanging beside the body, left arm raised, hand on top of the head.",ꞽꜣs,Classifier hair related,,,,,,A364B
13497,U+13497,,A-02-027,,,,,A31C,"5,2",A31C,,,HJ A031C
13498,U+13498,,A-02-029,C,"Man, standing, head facing backwards, arms raised in front, hand palms outwards.",ꜥnt,Phonemogram,A31A,"4,15",A31A,,,HJ A031A
13499,U+13499,,A-02-031,C,"Man, standing, head facing backwards, arms raised behind him, hand palms outwards.",ꜥnt.yw,Logogram (myrrh),A31B,"5,1",A31B,,,HJ A031B
1349A,U+1349A,,A-02-034,C,"Man, standing, right arm raised with hand held vertically, hand palm outwards, left arm hanging beside the body.",sr,"Classifier official, noble",A366,"5,5",A366,,,HJ A366
1349B,U+1349B,,A-02-035,C,"Man, standing, right arm raised with hand to mouth, left arm hanging beside the body.",ꞽ,Classifier vocative interjection,A84,,A84,,,HJ A084
1349C,U+1349C,,A-02-037,C,"Man, standing, right arm raised in front, hand palm outwards, left arm at 45 degree downwards at the front.",ḳꜥḥ,Logogram (to bend),,"5,6",,,,A083B
1349D,U+1349D,,A-02-038,C,"Man, standing, both arms held in front, about waist height.",tkk,Classifier attacker,A85,,A85,,,HJ A085
1349E,U+1349E,,A-02-039,C,"Man, standing, both arms held downwards at the front. ",ṯsꞽ,Classifier lifting/carrying,A86,,A86,,,HJ A086
1349F,U+1349F,,A-02-042,,,,,A27A,"5,9",A27A,,,HJ A027A
134A0,U+134A0,,A-02-045,C,"Man, standing, with arms raised at either side of the body bent at 90 degree, hand palms inwards.",,,,"5,12",,,,A028A
134A1,U+134A1,,A-02-055,C,"Man, standing, bent forward, arms hanging beside the body.",ksw,Classifier bowing,A343,,A343,,,HJ A343
134A2,U+134A2,,A-02-057,C,"Man, standing, wearing a lion/leopard-skin, left hand raised in front.",sm,Logogram (sem-priest)?,A365,,A365,,,HJ A365
134A3,U+134A3,,A-02-060,C,"Man, naked, standing, right arm hanging beside the body, left arm raised, hand on top of the head.",ꞽꜣs,Classifier bald,,,,,,A364C
134A4,U+134A4,,A-02-061,C,"Man, standing, with arms raised at either side of the body, hands on either side of the head.",ꞽꜣs,Classifier bald,,,,,,A526
134A5,U+134A5,,A-04-002,C,"Man, standing, bent forwards, both arms raised in front, hand palms outwards.",ꞽꜣw,Classifier adoration,,"6,6",,,,A016D
134A6,U+134A6,,A-04-003,,,,,A16A,"6,7",A16A,,,HJ A016A
134A7,U+134A7,,A-04-007,C,"Man standing, bent slightly forwards, both arms extended forwards, right hand at the height of the shoulder, hand palm downwards, left arm below the right arm, hand palm downwards, as if to place the hands on something to leap over it.",špw,"Classifier leaping, bounding",,,,,,A016G
134A8,U+134A8,,A-04-008,C,"Man, standing, bent forwards, front arm hanging downwards towards the front, rear arm bent at 90 degree, forearm and hand horizontal, rear arm hand extending beyond the front arm, at hip level.",ksw,Classifier bowing,A16C,"6,12",A16C,,,HJ A016C
134A9,U+134A9,,A-04-009,,,,,A16B,"6,13",A16B,,,HJ A016B
134AA,U+134AA,,A-04-011,C,"Man, standing, bent forwards with back nearly horizontal, arms hanging downwards, extended towards the front.",ḫꜣb,Classifier bowing,A87,"7,1",A87,,,HJ A087
134AB,U+134AB,,A-04-012,C,"Man, standing on top of a base, bent forwards with back nearly horizontal, arms hanging downwards, extended towards the front.",sn-tꜣ,Logogram (kissing the land),A87A,"7,2",A87A,,,HJ A087A
134AC,U+134AC,,A-04-015,C,"Man, standing, back slightly bent forwards, arms twisted together at the front on a downward angle, line angling forwards from the head (braid, hairlock).",sps,Classifier to twist,A90,"7,5",A90,,,HJ A090
134AD,U+134AD,,A-04-020,C,"Man, on an incline line, one leg straight at the bottom, the other bent and raised, right arm holding the top of the incline, left arm hanging beside the body at the back.",ḳꞽs,Phonemogram,,,,,,A092C
134AE,U+134AE,,A-04-021,,,,,A91,"7,8",A91,,,HJ A091
134AF,U+134AF,,A-04-023,C,"Man, standing, back bent forwards, back horizontal, head slightly raised, arms hanging downwards, extended towards the front, fingers/hands at the same level as the feet.",ḫꜣb/ksw ,Logogram (bowing down),A372,,A372,,,HJ A372
134B0,U+134B0,,A-05-002,C,"Man, written at 45 degree forward, one leg extended forwards, arms raised in front.",sḫr,Classifier falling,,,,,,A015F
134B1,U+134B1,,A-05-007,C,"Man, written at an angle, right knee raised at slightly over 90 degree, arms extended forwards, with a knife with a triangular blade and straight handle (T30A) in the head, blade downwards.",sḫr,"Logogram (to overthrow, to cast down)",,,,,,A015G
134B2,U+134B2,,A-05-008,C,"Man, written horizontally, facing downwards, back slightly bent, arms raised in front, knife with the blade down, angled with the tip at the waist.",mmty,Classifier enemy,,,,,,A015H
134B3,U+134B3,,A-05-010,C,"Man, prostrating, right leg extended, left leg bent and raised, both arms downwards, slightly bent, with the hands at the same level as the left knee and toes of the right leg.",,Classifier bowing/lowering to the ground,A92,"7,15",A92,,,HJ A092
134B4,U+134B4,,A-05-011,C,"Man, prostrating on a strip of land, right leg extended, left leg bent and raised, both arms downwards, slightly bent, with the hands at the same level as the left knee and toes of the right leg.",,,,,,,,A092B
134B5,U+134B5,,A-05-012,C,"Man, written horizontally, facing downwards, both arms raised in front, written upon a base, with the hands and the toes touching the base.",sn-tꜣ,Logogram (kissing the land),,,,,,A092E
134B6,U+134B6,,A-05-013,C,"Man, prostrating on a strip of land, with grains of sand written below it, right leg extended, left leg bent and raised, both arms downwards, slightly bent, with the hands at the same level as the left knee and toes of the right leg.",sn-tꜣ,Logogram (kissing the land),,"8,1",,,,A092D
134B7,U+134B7,,A-05-015,,,,,A93,"8,3",A93,,,HJ A093
134B8,U+134B8,,A-05-016,C,"Man, prostrating, right leg extended, left leg bent and raised, left arm downwards, slightly bent, with the hands at the same level as the left knee and toes of the right leg, right arm raised, hand palm outwards.",ksꞽ,"classifier bowing, lowering to the ground",,,,,,A093A
134B9,U+134B9,,A-05-017,C,"Man, written horizontally, facing downwards, with knees and hips bent, with arms hanging loosely on either side beside the body (i.e., a corpse lying on the ground).",ẖꜣ.t,Classifier corpse,A95,"8,4",A95,,,HJ A095
134BA,U+134BA,,A-05-018,C,"Man, written horizontally, facing upwards, with knees and hips bent, with the arms bent at either side of the body, elbows downwards, hands upwards, facing outwards at either side.",hdb,Classifier to overthrow,A97,"8,5",A97,,,HJ A097
134BB,U+134BB,,A-05-019,C,"Man, naked, written horizontally, facing upwards, with the head looking downwards, with knees and hips bent, lower arm bent beside the body, elbow downwards, hand upwards, facing outwards, upper arm hanging loosely beside the body.",,Classifier corpse,,,,,,A097A
134BC,U+134BC,,A-05-020,C,"Man, written horizontally, facing upwards, arms hanging on either side of the body.","sḏr, sṯs",Classifier to sleep/to awaken,A98,,A98,,Y,HJ A098
134BD,U+134BD,,A-05-021,C,"Man, written horizontally, facing downwards, one leg extended, one leg bent, top arm hanging beside the body, bottom arm bent, forearm written horizontally, hand palm downwards.",sḏr,Classifier lying on one side,A374,,A374,,,HJ A374
134BE,U+134BE,,A-05-022,,,,,A99,"8,6",A99,,,HJ A099
134BF,U+134BF,,A-05-023,C,"Man, written horizontally, facing downwards, knees and hips bent, arms raised at either side of the body, elbow bent downwards, hands upwards, facing inwards, with a round dotted line running between the hands (i.e., a man swimming).",mḥꞽ,Classifier swimming,A96,"8,7",A96,,Y,HJ A096
134C0,U+134C0,,A-05-027,C,"Man, horizontal, in a swimming pose, right arm forwards, left arm beside the body, above a rectangle representing water.",nb,Phonemogram,,,,,,A100C
134C1,U+134C1,,A-05-028,C,"Man, horizontal, in a swimming pose, right arm forwards, left arm beside the body, above a rectangle representing water, with a curved line of water over the man starting at the right hand.",nbꞽ,Classifier swimming,A100B,,A100B,,,HJ A100B
134C2,U+134C2,,A-05-029,,,,,A102,"8,9",A102,,,HJ A102
134C3,U+134C3,,A-05-030,C,"A man, written at 35 degree forwards, as if standing, with both arms raised in front, written inside a circle of wavy lines.",nb,Phonemogram,A101,,A101,,,HJ A101
134C4,U+134C4,,A-05-031,C,"Man, rotated 45 degree forwards, hips at 90 degree, knees at 90 degree, legs slightly spread out, both arms forwards, at a downward angle, forearms separated, written inside a circle of wavy lines.",nb,Phonemogram,,,,,,A101E
134C5,U+134C5,,A-05-035,C,"Man, written at 45 degree forward, both arms raised at either side of the body, hand palms outwards, inside an oval with a dotted line.",nbꞽ,Classifier swimming,A101D,,A101D,,,HJ A101D
134C6,U+134C6,,A-06-001,C,"Man, standing, right arm in front, holding a long stick/staff, left arm hanging beside the body.",sr,"Logogram (official, noble)",A21A,"8,11",A21A,,,HJ A021A
134C7,U+134C7,,A-06-002,C,"Man, standing, right arm in front, holding a long stick/staff, left arm hanging beside the body, on top of a standard with the support in the center.",ꜥnḏ.ty,Logogram (9th nome of Lower Egypt),A21B,,A21B,,,HJ A021B
134C8,U+134C8,,A-06-003,C,"Man, standing, wearing a long sash-kilt, right arm in front, holding a long stick/staff, left arm hanging beside the body, holding a piece of cloth.",twt,Classifier statue,,"8,13",,,,A021C
134C9,U+134C9,,A-06-004,C,"Man, standing, wearing a rammiside long garment, right arm in front, holding a long stick/staff, which widens at the top, left arm hanging beside the body, holding a piece of cloth.",wr,Logogram (elder),,"8,14",,,,A021D
134CA,U+134CA,,A-06-006,C,"Man, standing, wearing a long sash-kilt, right arm in front, holding a long stick/staff, left arm hanging beside the body.",wr,"Logogram (elder (in ḥr-wr, Haroeris))",,"9,1",,,,A109J
134CB,U+134CB,,A-06-007,C,"Man, standing, wearing a fillet with uraeus on its head, right arm in front, holding a long stick/staff, left arm hanging beside the body holding an ankh (tie or strap used with sandals) sign.",ꞽt.y,Classifier sovereign,A23F,"9,2",A23F,,,HJ A023F
134CC,U+134CC,,A-06-013,,,,,A19,,,,,A019X
134CD,U+134CD,,A-06-014,C,"Man, standing, with a bent back, right arm forwards, holding a staff/stick near the top, with the staff at a backward angle, left arm hanging beside the body.",sbḳ,Classifier wisdom,,,,,,A019D
134CE,U+134CE,,A-06-018,C,"Man, standing on top of the sky (N1), right arm forwards, holding a stick/staff, left arm hanging beside the body.",sms.w-hꜣy.t,Logogram (elder of the court),A113,,A113,,,HJ A113
134CF,U+134CF,,A-06-020,C,"Man, standing on a base (statue), right arm in front, holding a long stick/staff, which rests on the same base, left arm hanging beside the body.",twt,Classifier statue,A332,,A332,,,HJ A332
134D0,U+134D0,,A-06-024,C,"Man, standing, both arms in front, holding a stick/staff.",,Classifier to cut down,A108,"9,12",A108,,,HJ A108
134D1,U+134D1,,A-06-027,C,"Man, standing, with a backward line on the head, right arm forwards, holding a stick/staff, left arm hanging beside the body.",wr,Logogram (great),A109H,"9,15",A109h,,,HJ A109H
134D2,U+134D2,,A-06-028,C,"Man, standing, wearing a long sash-kilt, with a backward line on its head, right arm in front, holding a long stick/staff, left arm hanging beside the body, holding a flagellum (S45) horizontally.",wr,"Logogram (great one, chief)",,,,,,A109I
134D3,U+134D3,,A-06-029,C,"Man, standing, wearing a long sash-kilt, with a cone-like shape on its head, right arm in front, holding a long stick/staff, left arm hanging beside the body.",wr,"Logogram (great one, chief)",A109,"9,16",A109,,,HJ A109
134D4,U+134D4,,A-06-032,C,"Man, standing, wearing a long sash-kilt, with a feather (H6) on his head, right arm in front, holding a stick/staff, left arm hanging beside the body.",wr,Logogram (great),A109C,"10,3",A109C,,,HJ A109C
134D5,U+134D5,,A-06-033,C,"Man, standing, wearing a long sash-kilt, with two feathers on his head, right arm in front, holding a stick/staff, left arm hanging beside the body.",,,A109A,"10,4",A109A,,,HJ A109A
134D6,U+134D6,,A-06-035,C,"Man, standing, with a palm branch, stripped of leaves and a round notch on front, with the curve at the top backwards (M4), on the head, right arm in forward, holding a stick/staff, left arm hanging beside the body.",wr,"Logogram (great one, chief)",A109B,"10,8",A109B,,,HJ A109B
134D7,U+134D7,,A-06-039,C,"Man, standing, right arm forward, holding a stick/staff, left arm hanging beside the body holding a sceptre (S42), sceptre-head extending in front of the body.",sr,Classifier noble,,,,,,A110A
134D8,U+134D8,,A-06-040,C,"Man, standing, right arm forward, right arm forward, holding a body-length wAs scepter (sceptre with a straight shaft, a forked base, topped with the head of the Seth animal (S40)), left arm hanging beside the body, holding a stick.",sꜣḥ,Classifier Orion,,,,,,A111A
134D9,U+134D9,,A-06-041,C,"Man standing, with a feather on his head (H8), right arm forward, holding a body-length wAs scepter (sceptre with a straight shaft, a forked base, topped with the head of the Seth animal (S40)), left arm hanging beside the body.",sꜣ,Logogram (son/child of),A111,"10,5",A111,,,HJ A111
134DA,U+134DA,,A-06-046,C,"Man, standing, wearing a lion/leopard skin, tail between the legs, with two backward curving lines on the head, right arm extended forwards, forearm on waist height, holding a staff with a triangular shape below the right hand (pointing downwards), left arm raised towards the front hand at shoulder height, holding a book roll, held vertically.",ẖr.y-ḥb.t ḥr.y-tp,Classifier lector priest,,,,,,A112A
134DB,U+134DB,,A-07-001,C,"Man, seated, right knee raised, right arm raised, holding a conical shape at the height of the shoulder, angled forward, left arm in front of body.",pꜥ.t,"Logogram (humankind, patricians)",A114B,"10,9",A114B,,,HJ A114B
134DC,U+134DC,,A-07-002,C,"Man, seated, right knee raised, right arm raised, holding a conical shape at the height of the shoulder, angled forward, left arm hanging beside the body.",pꜥ.t,"Logogram (humankind, patricians)",A114,"10,10",A114,,,HJ A114
134DD,U+134DD,,A-07-003,C,"Man, seated, right knee raised, right arm raised, holding a cup or vessel, about the size of the hand, at the height of the shoulder, left arm in front of the body.",swr,Logogram (to drink),A116B,"10,11",A116B,,,HJ A116B
134DE,U+134DE,,A-07-005,C,"Man, seated, right knee raised, right arm raised, holding a basin or wickerwork basket at the height of the shoulder, left arm hanging beside the body. ",sꜥm,Classifier swallowing,A115,"10,13",A115,,,HJ A115
134DF,U+134DF,,A-07-009,C,"Man, seated, right knee raised, right arm raised, holding a cup or vessel, with the vessel at the mouth, left arm hanging beside the body.",swr,Logogram (to drink),A410,,A410,,,HJ A410
134E0,U+134E0,,A-07-010,C,"Man, seated, right knee raised, both arms raised at the front, holding a cup or vessel, with the vessel at the mouth.",swr,Classifier drinking,,,,,,A410A
134E1,U+134E1,,A-07-012,C,"Man, seated on heel, right knee raised, with arms raised in front, hands horizontal, at the height of the shoulder, hand palms upwards, holding a tray with a pile of offerings, resembling a half circle.",fꜣꞽ,Classifier lifting/carrying,,,,,,A117E
134E2,U+134E2,,A-07-018,C,"The king, seated on heel, right knee raised, with long straight beard and uraeus, with arms raised in front, hands horizontal at the height of the shoulder, hand palms upwards, holding a tray with three circular items on top of it.",fꜣꞽ,Classifier lifting/carrying,,,,,,A057E
134E3,U+134E3,,A-07-019,C,"The king, seated on heel, right knee raised, with long straight beard and uraeus, with arms raised in front, hands horizontal at the height of the shoulder, hand palms upwards, holding a tray with five circular loafs of bread covered by vegetables.",fꜣꞽ,Classifier lifting/carrying,,,,,,A057F
134E4,U+134E4,,A-07-020,C,"The king, seated on heel, both knees down, upon a base, with uraeus on brow, long, straight beard and coif, arms extended to the front, carrying a loaf of bread upon a reed mat at the height of the face.",,Pictogram kneeling making offering,A57B,,A57B,,,HJ A057B
134E5,U+134E5,,A-07-022,C,"Man, seated, right knee raised, a basket with multiple pieces of grain or fruit on his head, right arm raised in front, with the hand at the vessel, left arm hanging beside the body.",kꜣ.t,Classifier work,,,,,,A009G
134E6,U+134E6,,A-07-023,C,"Man, seated, right knee raised, a vessel on his head, right arm raised in front, with the hand at the vessel, left arm in front of the body.",kꜣ.t,Classifier work,A9C,"11,8",A9C,,,HJ A009C
134E7,U+134E7,,A-07-025,C,"Man, seated, both knees raised, foot horizontal, a vessel on his head, right arm raised in front, with the hand at the vessel, left arm hanging beside the body.",f,Phonemogram,,,,,,A009D
134E8,U+134E8,,A-07-026,C,"Man, seated, both knees down, a vessel on his head, right arm raised in front, with the hand at the vessel, left arm hanging beside the body.",kꜣ.t,Classifier work,,,,,,A072C
134E9,U+134E9,,A-07-029,C,"Man, seated, both knees raised, foot horizontal, a vessel on his head, right arm raised in front, with the hand at the vessel, left arm raised at the back, with the hand at the vessel.",kꜣ.t,Classifier work,,,,,,A072D
134EA,U+134EA,,A-07-031,C,"Man, seated, right knee raised, horned viper on his head, right arm raised in front, holding the viper at the neck, left arm hanging beside the body.",fꜣꞽ,"Logogram (to lift, to carry)",A119,"11,12",A119,,,HJ A119
134EB,U+134EB,,A-07-032,C,"Man, seated, both knees raised, foot flat on the ground, arms raised at either side of the body, supporting a horned desert viper (Cerastes cerastes) (I9).",fꜣꞽ,"Logogram (to lift, to carry)",,,,,,A119C
134EC,U+134EC,,A-07-033,C,"Man, seated, right knee raised, a forearm, with the palm of the hand facing upwards (D36) on top of his head, right arm raised in front, hand horizontal, hand palm up, supporting the forearm, left arm hanging beside the body.",fꜣꞽ-ꜥ,Logogram (to lift the arm),A401,,A401,,,HJ A401
134ED,U+134ED,,A-07-035,C,"Man, seated, right knee raised, with a circle (sun disk) on his head, arms raised at either side of the body, supporting the sign for the sky (N1) which has the points at the hands, with the sign on top of the circle.",ḥḥ,Logogram (Heh (divinity)),A121,"11,14",A121,,,HJ A121
134EE,U+134EE,,A-07-038,C,"Man, seated, right knee raised, arms raised at either side of the body, supporting the sign for the sky (N1).",twꜣ,"Logogram (to suppport, to raise)",,,,,,A121D
134EF,U+134EF,,A-07-039,C,"Man, seated, both knees down, arms raised at either side of the body, supporting the sign for the sky (N1).",ꜥḫ,"Classifier to hold up, to support (in the title ꜥḫ-p.t)",,,,,,A121E
134F0,U+134F0,,A-07-040,C,"Man, seated, right knee raised, right arm raised in front, left arm behind the back, holding a stick.",,Classifier vocative interjection,,,,,,A482B
134F1,U+134F1,,A-07-042,C,"Man, seated, right knee raised, right arm raised in front, holding a loop of cord with the ties at the top, at the height of the shoulder, left arm hanging beside the body.",snm,"Phonemogram (in snm.t, the island Biga)",A184,,A184,,,HJ A184
134F2,U+134F2,,A-07-043,C,"Man, seated, right knee raised, right arm raised in front, holding a round vessel with an upstanding rim (nw-vase, W24), at the height of the shoulder, left arm hanging beside the body.",ꞽwn,Phonemogram,A376,,A376,,,HJ A376
134F3,U+134F3,,A-07-044,C,"Man, seated, both knees down, foot flat, both arms forwards, hands horizontal, palm upwards, supporting an African sacred ibis (Threskiornis aethiopicus (G26A)).",ꞽb=f,Phonemogram/logogram (his heart),A377,,A377,,,HJ A377
134F4,U+134F4,,A-07-045,C,"Man, seated, right knee raised, right arm raised in front, right hand held horizontally, supporting a duck or goose (G38-G39), left arm hanging beside the body.",rḫ.yt,Classifier people,A378,,A378,,,HJ A378
134F5,U+134F5,,A-07-046,,,,,A379,,A379,,,HJ A379
134F6,U+134F6,,A-07-047,C,"Man, seated, right knee raised, right arm in front, right hand horizontally, supporting a heart (F34), left arm in front of the body.",ꞽb(w),Logogram (farmer/gardener),,,,,,A512
134F7,U+134F7,,A-07-048,C,"Man, seated, right knee raised, right arm in front, right hand horizontally, supporting a face (D2), left arm hanging beside the body.",ḥr=f,Phonemogram (from fꜣꞽ ḥr),,,,,,A512A
134F8,U+134F8,,A-07-051,C,"Man, seated, right knee raised, right arm in front, holding a sheaf of grain in the right hand, left arm hanging beside the body.",šꜥ,Classifier reaping,A380,,A380,,,HJ A380
134F9,U+134F9,,A-07-055,C,"Man, seated, right knee raised, right arm raised in front, holding a papyrus scroll at 45 degree towards the face, left arm in front of the body.",ẖr.y-ḥb.t,Classifier lector priest,,,,,,A516
134FA,U+134FA,,A-07-056,C,"Man, seated, right knee raised, right arm raised in front, holding a sedge (M23) at the top, left arm raised to the back, holding a sedge (M23) at the top.",nn,Phonemogram,A357,,A357,,,HJ A357
134FB,U+134FB,,A-07-057,C,"Man, seated, right knee raised, both arms raised at the front, holding an oval cartouche on his head.",rn=f,Logogram (his name),A402,,A402,,,HJ A402
134FC,U+134FC,,A-07-060,C,"Man, seated on heel, both knees down, both arms extended in front, supporting a child (A17: knees at 90 degree, both lower legs visible, slightly apart, right arm raised with hand to mouth, left arm hanging beside the body).",f,Phonemogram,A131C,,A131C,,,HJ A131C
134FD,U+134FD,,A-08-001,C,"Man, standing, a vessel (W10) on his head, right arm raised in front, with the hand at the vessel, left arm hanging beside the body.",fꜣꞽ,"Logogram (to lift, to carry)",A9B,"12,1",A9B,,,HJ A009B
134FE,U+134FE,,A-08-005,C,"Man, standing, a horizontal oval on his head, right arm raised in front, with the hand at the oval, left arm hanging beside the body.",fꜣꞽ,"Classifier to lift, to carry",A123,"12,3",A123,,,HJ A123
134FF,U+134FF,,A-08-007,C,"Man, standing, a tall oval vessel with upstanding rim on his head, right arm raised in front, with the hand at the vessel, left arm hanging beside the body.",kꜣ.t,Logogram (work),,"12,5",,,,A124A
13500,U+13500,,A-08-008,C,"Man, standing, a circle on his head, right arm raised in front, with the hand at the circle, left arm hanging beside the body.",f,Phonemogram,A124,"12,6",A124,,,HJ A124
13501,U+13501,,A-08-009,C,"Man, standing, arms raised at either side of the body, supporting a vessel with a small base and a broad rim (W77), with three vertical oval loaves of bread on top of it.",fꜣꞽ-(ꞽ)ḫ.t,Logogram (to raise up offerings),A125,"12,7",A125,,,HJ A125
13502,U+13502,,A-08-010,C,"Man, standing, arms raised at either side of the body, supporting a vessel with a small base and a broad rim (W77), with three vertical oval loaves of bread on top of it, interspaced by two round loaves.",fꜣꞽ-(ꞽ)ḫ.t,Logogram (to raise up offerings),,"12,8",,,,A126A
13503,U+13503,,A-08-013,,,,,A119A,"12,13",A119A,,,HJ A119A
13504,U+13504,,A-08-014,C,"Man, standing, arms raised at either side of the body, supporting the sign for the sky (N1).",twꜣ-p.t,Logogram (to suppport/to raise the sky),A121C,"12,14",A121C,,,HJ A121C
13505,U+13505,,A-08-019,C,"Man, standing, with a shrine, seen from the side (O18) on his head, both arms raised in front, supporting the shrine.",f,Phonemogram,A407,,A407,,,HJ A407
13506,U+13506,,A-08-021,,,,,A406,"13,1",A406,,,HJ A406
13507,U+13507,,A-08-022,C,"Man, standing, with a child (A17: knees at 90 degree, both lower legs visible, slightly apart, right arm raised with hand to mouth, left arm hanging beside the body) on his head, arms raised at either side of the body, supporting the child.",f,Phonemogram,,"13,2",,,,A131B
13508,U+13508,,A-08-025,C,"Man, standing, with a child (A17: knees at 90 degree, both lower legs visible, slightly apart, right arm raised with hand to mouth, left arm hanging beside the body) on his head, right arm raised, supporting the child, left arm hanging beside the body.",f,Phonemogram,A131A,"13,4",A131A,,,HJ A131A
13509,U+13509,,A-08-029,C,"Man, standing, both arms towards the front, holding an key for a tumbler lock consisting of a slightly bent vertical line with two shorter horizontal lines attached to the top akin to a flag, pointing outwards, as if to strike with it.",,,,,,,,A338B
1350A,U+1350A,,A-08-032,C,"Man, running, right arm raised in front, holding a tall water pot (W14) vertically, left arm over the body, holding a tall water pot (W14) which balances against the left shoulder.",ḫnp,Classifier offering,,,,,,A395B
1350B,U+1350B,,A-08-034,C,"Man, running, right arm raised in front, hand horizontal, hand palm upwards, holding a round vessel with an upstanding rim (W24), left arm over the body, holding a lotus flower at the stem, which rests against the shoulder, with the flower above the shoulder.",ꞽnꞽ,Logogram (to bring),,,,,,A525
1350C,U+1350C,,A-08-035,C,"Man, running, right arm raised in front, hand horizontal, hand palm upwards, holding a round vessel with an upstanding rim (W24), left arm over the body.",ꞽnꞽ,Logogram (to bring),,,,,,A525A
1350D,U+1350D,,A-08-040,C,"Man, standing, both arms towards the front, holding a branch, as if to strike with it.",nḏr/smꜣ,Classifier force/effort,,,,,,A399A
1350E,U+1350E,,A-08-041,C,"Man, standing, back bent forwards, right arm forward, holding a branch, left arm hanging beside the body.",nḫt,Classifier force/effort,,,,,,A399B
1350F,U+1350F,,A-08-042,C,"Man, standing, bent forwards, both arms forwards, holding a cup or vessel at the height of the knees.",mt,Classifier death,A190,,A190,,,HJ A190
13510,U+13510,,A-09-002,C,"Man, seated, right knee raised, with a vase on its side, with liquid issuing from it (W54), orientated to the front, on his head, both arms raised towards the front, hand palms inwards.",wꜥb,"Logogram (pure, clean)",,,,,,A006P
13511,U+13511,,A-09-003,C,"Man, seated on heel, right leg extended with the foot in front of the left knee, with a vase on its side, with liquid issuing from it (W54), orientated to the front, on his head, both arms raised towards the front, hand palms outwards.",wꜥb,"Logogram (pure, clean)",,"13,7",,,,A006R
13512,U+13512,,A-09-004,C,"Man, seated, both knees down, with a vase on its side, with liquid issuing from it (W54), orientated to the front, on his head, both arms raised towards the front, hand palms upwards.",wꜥb,"Logogram (pure, clean)",,"13,14",,,,A006Y
13513,U+13513,,A-09-008,C,"Man, seated, right knee raised, with a vase on its side, with liquid issuing from it (W54), orientated to the front, on his head, right arm extended forwards, hand in the line of water, hand palm forwards, left arm hanging besides the body.",wꜥb,Logogram (wab-priest),,,,,,A006V
13514,U+13514,,A-09-010,C,"Man, seated, right knee raised, with a vase on its side, with liquid issuing from it (W54), orientated to the front, on his head, right arm extended forwards, hand in the line of water, hand palm forwards, left arm in front of the body.",wꜥb,Logogram (wab-priest),,,,,,A006W
13515,U+13515,,A-09-013,,,,,A133A,,A133A,,,HJ A133A
13516,U+13516,,A-09-014,C,"Man, standing, knees bent, bent forwards with back nearly horizontal, arms hanging downwards, extended towards the front, touching a block, with a vase with liquid issuing from it floating in front of its head, with the water ending on the block.",sṯ,Classifier to libate,,,,,,A133D
13517,U+13517,,A-09-015,C,"Man, seated, right knee raised, both arms forward, holding a round vessel on its side, with liquid issuing from it, orientated to the front, at the height of his head.",wꜥb,"Logogram (pure, clean)",A6B,"13,15",A6B,,,A006C
13518,U+13518,,A-09-016,C,"Man, seated, right knee raised, both arms forward, holding a tall water pot (W14) on its side, with liquid issuing from it, orientated to the front, at the height of his head.",wꜥb,"Logogram (pure, clean)",,,,,,A006D
13519,U+13519,,A-09-018,C,"Man, seated, right knee raised, with a tall water pot (W14) on its side, with liquid issuing from it, orientated to the back, on his head, both arms forward, holding the base of the water pot.",wꜥb,"Logogram (to be pure, to be clean)",A6A,"13,9",A6A,,,A006X
1351A,U+1351A,,A-09-021,C,"Man, seated on heel, both knees down, arms raised in front, holding a round vessel on its side, with liquid issuing from it, orientated to the back, going over the head, at the height of the head.",wꜥb,"Logogram (pure, clean)",A6E,"14,2",A6E,,,HJ A006E
1351B,U+1351B,,A-09-022,,,,,A6K,,A6K,,,HJ A006K
1351C,U+1351C,,A-09-028,C,"Man, seated, right knee raised, with a vessel on its head with an opening at the left and right side, with liquid issuing forth from either side, arms at either side of the body, hands touching the head.",wꜥb,Logogram (wab-priest),,"13,12",,,,A006O
1351D,U+1351D,,A-09-031,C,"Man, seated on heel, right leg extended with the foot in front of the left knee, both arms extended forwards, one arm at the height of the shoulder, one at the height of the of the chest, hand palms horizontal, hand palms upwards, inside a double dotted line running from two vessels with a small base and a broad rim (W77), in front and behind the man, with the double line of dots curving over the man.",wꜥb,"Logogram (pure, clean)",A133B,,A133B,,,HJ A133B
1351E,U+1351E,,A-09-033,C,"Man, seated, right knee raised, both arms in front, forearms horizontal, hands upward, with a rectangular vessel below the arms, and two lines of liquid running from the hands over the head to the back, ending around the waist.",wꜥb,"Logogram (pure, clean)",A6G,,A6G,,,HJ A006G
1351F,U+1351F,,A-10-001,C,"Man, standing, both arms forward, holding a tall water pot with a spout (W14A), as if to pour.",stꞽ,Classifier pouring,,,,,,A135H
13520,U+13520,,A-10-002,C,"Man, standing, both arms forward, holding a tall water pot with a spout (W14A), with a forward, downward ripple of water coming from the spout.",stꞽ,Classifier pouring,,,,,,A135I
13521,U+13521,,A-10-003,,,,,A135B,"14,6",A135B,,,HJ A135B
13522,U+13522,,A-10-007,C,"Man, standing, right arm forward, holding a tall water pot with a spout at 45 degree, with water issuing from the spout, left arm hanging beside the body.",stꞽ,Logogram (to pour),A135C,"14,10",A135C,,,HJ A135C
13523,U+13523,,A-10-009,C,"Man, standing, both arms forward, holding a vessel at the height of the waist, with a dotted line coming from the vessel.",ḳbḥ,Logogram (to libate)?,A135D,,A135D,,,HJ A135D
13524,U+13524,,A-10-012,C,"Man, standing, both arms forward, right forearm above left forearm, with a ripple of water (N35) written nearly horizontally above the right forearm and hand.",nꞽnꞽ,Classifier greeting,A136,"14,12",A136,,,HJ A136
13525,U+13525,,A-10-014,C,"Man, standing, right arm forward, forearm horizontal, hand palm upwards, left arm backwards, upper arm horizontal, forearm nearly vertical, hand palm inwards, with a curved line running between the hand palms, continuing downwards to the level of the feet.",ntš,"Classifier to sprinkle, to scatter",A60A,"14,13",A60A,,,HJ A060A
13526,U+13526,,A-10-015,C,"Man, standing, right arm forward, forearm horizontal, hand palm upwards, left arm backwards, upper arm horizontal, forearm nearly vertical, hand palm inwards, with a dotted line running between the hand palms, continuing downwards to the level of the feet.",stꞽ,"Logogram (to sprinkle, to scatter)",,"14,15",,,,A060B
13527,U+13527,,A-11-004,C,"Man, seated, both knees down, back straight, both arms raised in front, hand palms outwards, under a corner of a wall.",ꞽmn,Logogram (to hide),,"15,4",,,,A005C
13528,U+13528,,A-11-007,C,"Man, seated, both knees raised, feet flat, near its bottom both arms raised in front, hands horizontal, hand palms upwards, under a corner of a wall.",ꞽmn,Classifier hiding/hidden,,,,,,A005H
13529,U+13529,,A-11-009,C,"Man, standing, both arms raised in front, hand palms outwards, under a corner of a wall.",ꞽmn,Classifier hiding/hidden,A5B,,A5B,,,HJ A005B
1352A,U+1352A,,A-11-011,C,"Man, seated, right knee raised, back straight, both arms raised in front, hand palms outward, behind and below a clump of several papyrus flowers, which curve over the man.",ꞽmn,Logogram (to hide),,,,,,A421A
1352B,U+1352B,,A-12-004,C,"Man, seated on heel, right knee raised, back slightly bent, both arms forward, holding a reed pipe ending in a tuyère at his mouth, behind a vessel from which a flame, which angles away from the man, comes.",nb,Classifier melting/casting,A141,"15,11",A141,,,HJ A141
1352C,U+1352C,,A-12-005,C,"Man, seated on heel, left knee raised, right hand forward, holding the top of a horizontal drill of a bow-drill, with the point of the drill in a N25-like base, left arm in front of the body, holding the bow of the bow-drill.",ꞽm.y-r-s.t,Logogram (overseer of the deserts),A142,"15,12",A142,,,HJ A142
1352D,U+1352D,,A-12-006,,"Man, kneeling on both knees, toes down, back bent forwards, both arms downwards on top of a grindstone.",nḏ,Classifier grinding,A143,"15,13",A143,,,HJ A143
1352E,U+1352E,,A-12-007,C,"Man, kneeling, right leg extended, left leg bent, foot at an angle, toes down, both arms forwards, extending downwards towards a grindstone.",nḏ,Classifier grinding,,,,,,A143C
1352F,U+1352F,,A-12-009,C,"Man, standing, back bent forwards, both arms downwards, holding a rectangular grain measure vessel.",ḫꜣꞽ,Classifier (to measure),A144,"16,1",A144,,,HJ A144
13530,U+13530,,A-12-016,C,"Man, standing, back bent forward, right arm forward, holding a bundle of grain stalks, left arm in front of the body, holding a sickle with the point at the base of the bundle of grain stalks.",ꜣsḫ,Classifier reaping/harvesting,A148,"16,6",A148,,,HJ A148
13531,U+13531,,A-12-017,C,"Man, standing, back bent forward, both arms toward the front, holding a hammer with a round head, above a spike or pointy pole.",ḥwꞽ-mnꞽ.t,Logogram (to drive in the mooring post),A150,"16,7",A150,,,HJ A150
13532,U+13532,,A-12-018,,,,,A34B,"16,8",A34B,,,HJ A034B
13533,U+13533,,A-12-021,C,"Man, standing, both arms forwards, holding a long stick vertically, levering a vertical, rectangular stone.",ḫwsꞽ,"Logogram (to pound, to build)",,"16,10",,,,A034C
13534,U+13534,,A-12-022,C,"Man, standing, both arms forwards, holding a long stick vertically, levering a vertical, rectangular stone, with the stick in front of the stone.",ḫwsꞽ,"Logogram (to pound, to build)",,"16,11",,,,A034D
13535,U+13535,,A-12-027,C,"Man, standing, both arms raised in front, touching a vertically written wall with battlements near the top, left leg raised, touching the wall near the bottom.",ḳd,Logogram (to build),A35E,"16,16",A35E,,,HJ A035E
13536,U+13536,,A-12-028,C,"Man, standing, right arm raised in front, touching a wall, written vertically, with multiple battlements on the long sides (O36C), left leg raised, touching the wall near the bottom; left arm hanging beside the body.",ḳd,Logogram (to build),,,,,,A035I
13537,U+13537,,A-12-029,C,"Man, standing, both arms raised in front, touching a wall, written vertically, with a wide base and battlements on the front, back and top (O36D).",sꞽp,Classifier building/constructing,A35F,,A35F,,,HJ A035F
13538,U+13538,,A-12-030,C,"Man, standing, both arms raised in front, touching a wall, written vertically, with multiple battlements on the long sides (O36C).",ẖnm,Classifier building/constructing,,"17,1",,,,A035H
13539,U+13539,,A-12-031,C,"Man, standing, both arms raised in front, touching a wall, written vertically, with battlements on the front, back and top, left leg raised, touching the wall near the bottom.",sps,Classifier building/constructing,,,,,,A035G
1353A,U+1353A,,A-12-034,C,"Man, seated on a chair, at a potter's wheel with a vessel on top of it, both arms forward, near the top of the wheel, right leg extended, right foot at the base of the potter's wheel.",nḥp,"Logogram (to create, to shape)",A158,"17,2",A158,,,HJ A158
1353B,U+1353B,,A-12-036,C,"Man, standing at a potter's wheel with a lump of clay on top of it, right leg extended, right foot at the base of the potter's wheel, both arms extended in front, right hand above the lump of clay, left hand at the top of the potter's wheel.",nḥp,"Classifier to create, to shape",A158B,,A158B,,,HJ A158B
1353C,U+1353C,,A-12-040,C,"Man, kneeling, right foot with the toes on the ground, left foot flat on the ground, back bent forwards, arms extended forward, hands at the rim of a vessel on a low hand operated potter's wheel.",ḳd,Classifier to create,A158D,,A158D,,,HJ A158D
1353D,U+1353D,,A-12-041,C,"Man, standing, back bent forwards, arms extended forward, hands at the rim of a vessel on a low hand operated potter's wheel.",ḳd,Classifier to create,A158F,,A158F,,,HJ A158F
1353E,U+1353E,,A-12-044,C,"Man, standing, arms at either side of the body, extended outward, with the hands at the height of the waist, with a line running between the hands.",ꜥtḫ,"Logogram (to sieve, to press)",A36C,,A36C,,,HJ A036C
1353F,U+1353F,,A-12-046,C,"Man, standing in a beer-jug (W22/W125), arms at either side of the body, holding the rim of the beer-jug.",ꜥf.ty,Logogram (brewer),A36A,,A36A,,,HJ A036A
13540,U+13540,,A-12-050,C,"Man, seated, both knees down, back bent forwards, both arms extended forwards, hands at a brick or block which is at the level of the knees.",ḫnt,Classifier pot-stand/sideboard,A143A,,A143A,,,HJ A143A
13541,U+13541,,A-12-054,C,"Man, standing, back bent forwards, arms raised on either side of the body, bent at the elbow, hands at the height of the shoulders, holding an oar with both hands at 45 degree with the blade downwards.",wdꞽ,classifier to punt/pole (a boat),,,,,,A152A
13542,U+13542,,A-12-056,C,"Man, standing, back bent forward, both arms extended towards the front, forearms horizontal at the height of the waist, holding a bib or garment (V60).",,"Uncertain, classifier?",A398,,A398,,,HJ A398
13543,U+13543,,A-12-058,C,"Man, standing, bent slightly forward, extending the arms forward, forearms horizontal at the level of the waist, holding a piece of clay or mud.",ḳd.w,Logogram (builders),A415,,A415,,,HJ A415
13544,U+13544,,A-12-059,,,,,A416,,A416,,,HJ A416
13545,U+13545,,A-12-060,,"Man, standing, back bent forward, both arms forward, hands inside a W10 type vessel, which is at the level of the feet.",,,A417,,A417,,,HJ A417
13546,U+13546,,A-12-061,C,"Man, seated on heel, right knee raised, right arm in front of body, holding two sticks at the base forming a V shape, left arm in front of the body.",,"Uncertain (in sꜣ.w (domain), and in an offering list after ḥnḳ.t)",A420,,A420,,,HJ A420
13547,U+13547,,A-12-064,C,"A man, seated, right knee raised, both arms forwards, holding a book roll with the first page unrolled.",pg(ꜣ),Classifier to open (a scroll),A139A,,A139A,,,HJ A139A
13548,U+13548,,A-12-067,C,"Man, seated, right knee raised, right arm forward, holding a scribe's kit, consisting of a palette, ink or paint pouch and a reed pen (Y3), at the reed pen, left arm in front of the body.",sš,Logogram (scribe),,,,,,A139E
13549,U+13549,,A-12-072,C,"Man, seated on heel, right knee raised, right arm raised in front, holding a stick at a backwards angle, left arm in front of the body.",bꜣk,Classifier occupation,A316,,A316,,,HJ A316
1354A,U+1354A,,A-12-074,,,,,A351,,A351,,,HJ A351
1354B,U+1354B,,A-12-076,C,"Man, standing, both arms forward, forearms at the height of the waist, holding a stick, striking a wick of twisted flax.",ḥwꞽ,Logogram (to strike),A413,,A413,,,HJ A413
1354C,U+1354C,,A-12-077,C,"Man, standing on top of a branch, back bent forwards, both arms forward, forearms at the height of the waist, hands holding the branch which bends upwards.",wꜥf,Logogram (to bend down),A418,,A418,,,HJ A418
1354D,U+1354D,,A-12-078,C,"Man, standing, back bent forwards, both arms forward, towards a table or block with an oryx on its back on it, head towards the front, towards the belly of the oryx, legs bundled together, the right hand of the man extended towards the horns of the oryx, the left hand holding a knife near the forelegs of the oryx.",mꜣ-ḥḏ sfṯ,Logogram (slaughtered oryx),,,,,,A513
1354E,U+1354E,,A-13-003,C,"Man, seated, both knees up, with covered legs and arms, with short straight beard and short hair/wig, holding a crook (HqA, S38), with the opening outwards.",sꜣw,Logogram (to guard),A160,"17,7",A160,,,HJ A160
1354F,U+1354F,,A-13-006,C,"Man (shepherd), seated, both knees up, with covered legs and arms, with a short straight beard and short hair/wig, holding a stick which curves outwards with a band of string or fabric, with the ties towards the body.",mnꞽ.w,Logogram (herdsman),,"17,10",,,,A047I
13550,U+13550,,A-13-007,C,"Man (shepherd), seated, both knees up, with covered arms and legs, with a short straight beard and long head-cloth, holding a straight stick, with a loop near the bottom of the stick, loop outwards, with strokes on top of the loop.",nr,Classifier herdsman,,,,,,A047L
13551,U+13551,,A-13-013,C,"Man (foreigner), seated, both knees raised, with covered legs and arms, wearing foreign headgear, with a bushy beard, holding an axe with a round blade and a curved handle (T7).",ꜥꜣm,Classifier foreigner (Asiatic),,,,,,A049E
13552,U+13552,,A-13-014,C,"Man, seated, both knees raised, with covered legs and arms, with a short straight beard and short hair/wig, holding two sticks in a V shape.",ꞽr.y,"Logogram (relating to, belonging to)",A48A,"18,2",A48A,,,HJ A048A
13553,U+13553,,A-13-015,C,"Man, seated, both knees raised, with covered legs and arms, with short hair/wig, holding two sticks in a V shape.",sꜣw,Logogram (to guard),A48B,"18,4",A48B,,,HJ A048B
13554,U+13554,,A-13-018,C,"Man (foreigner), seated, both knees raised, with covered legs and arms, with short hair/wig, with a band of cloth around the head, with a vertical feather on the head, holding two sticks with bulbs at the ends.",rwty,Logogram (foreigner),,,,,,A048F
13555,U+13555,,A-13-019,C,"Man, seated, both knees raised, with covered arms and legs, with a short straight beard and long wig, holding a coil of rope (V1), with the coil towards the body.",sꜣw,Logogram (to guard),A47C,"18,8",A47C,,,HJ A047C
13556,U+13556,,A-13-021,C,"Man, seated, both knees raised, with covered legs and arms, with short hair/wig, holding an object consisting of one long vertical line at one end, with multiple shorter vertical lines connected to a horizontal line, with the shorter vertical line section away from the body.",sꜣw,Logogram (to guard),,"18,11",,,,A047F
13557,U+13557,,A-13-022,C,"Man, seated, both knees raised, with covered legs and arms, with short hair/wig, holding an object consisting of one long vertical line at one end, with multiple shorter vertical lines connected to a horizontal line, with the shorter vertical line section towards the body.",sꜣw,Logogram (to guard),,"18,12",,,,A047H
13558,U+13558,,A-13-024,C,"Man, seated, both knees raised, with covered legs and arms, with a short, straight beard and short hair/wig, holding a key that resembles a plan of a winding wall (O5).",sꜣw,Logogram (to guard),,"18,14",,,,A461B
13559,U+13559,,A-13-026,C,"Man, seated, both knees raised, with covered legs and arms, with short hair/wig, holding an key for a tumbler lock consisting of a slightly bent vertical line with two shorter horizontal lines attached to the top akin to a flag, pointing outwards.",sꜣw,Logogram (to guard),A47D,,,,,A047M
1355A,U+1355A,,A-13-027,C,"Man, seated, both knees raised, with covered legs and arms, with a short straight beard, short hair/wig, holding an key for a tumbler lock consisting of a slightly vertical line with two shorter horizontal lines attached to the top akin to a flag, pointing outwards.",sꜣw,Logogram (to guard),,,A47D,,,A047D
1355B,U+1355B,,A-13-028,C,"Man, seated, both knees raised, with covered legs and arms, with a short straight beard and short hair/wig, holding an object consisting of one long vertical line at one end, with multiple shorter vertical lines connected to a horizontal line, with the shorter vertical line section towards the body.",sꜣw,Logogram (to guard),A47E,,A47E,,,HJ A047E
1355C,U+1355C,,A-13-029,C,"Man, seated, both knees up, with covered legs and arms, with short straight beard and short hair/wig, holding an unknown object (mace/knife/stick?)",ꞽr.y,"Logogram (relating to, belonging to)",A48,,,,,A048H
1355D,U+1355D,,A-13-031,C,"Man, seated, both knees up, with covered legs and arms, with a short bushy beard and long wig, holding a stick which angles slightly towards the body.",,Classifier foreigner,A49,,,,,A049D
1355E,U+1355E,,A-13-033,C,"Man, seated, both knees up, with covered legs and arms, with a short beard and short hair/wig, with a yoke around his neck.",bꜣk,Classifier enslave,A453,,A453,,,HJ A453
1355F,U+1355F,,A-13-034,,,,Uncertain,A461,,A461,,,HJ A461
13560,U+13560,,A-13-035,C,"Man (foreign), seated, both knees up, with covered legs and arms, with a bushy beard, with a feather (H6) on his head angling backwards, holding a feather (H6), angling forwards.",ꞽwn.tyw,"Classifier bow-people, nomads",A462,,A462,,,HJ A462
13561,U+13561,,A-13-037,C,"Man (foreign), seated, both knees up, with covered legs and arms, with a bushy beard, holding a feather (H6), angling forwards.",ꞽwn.tyw,"Classifier bow-people, nomads",,,,,,A462A
13562,U+13562,,A-13-042,C,"Man (foreign), seated, both knees up, with covered legs and arms, with a bushy beard, with short hair/wig, with a band of cloth around the head.",fnḫ.w,Classifier foreigner,,,,,,A048G
13563,U+13563,,A-14-001,C,"Man, seated, with both knees raised, with covered legs, both arms forward, holding a stick with a bundle or a mat horizontally over his shoulders, bundle behind the back.",šmꜣ.y,Classifier wandering/displaced,A33A,"19,1",A33A,,,HJ A033A
13564,U+13564,,A-14-003,C,"Man, standing, right arm forward, holding a stick with a bundle or mat horizontally over his shoulders, bundle behind the back, left arm hanging beside the body.",mnꞽ.w,Logogram (herdsman),,,,,,A033I
13565,U+13565,,A-14-008,C,"Man, standing, arms at either side of the body, holding either side of a stick that lies nearly horizontally over his shoulders.",mnꞽ.w,Logogram (herdsman),A166,"19,7",A166,,,HJ A166
13566,U+13566,,A-14-010,C,"Man, standing, both arms forward, holding a stick with a bundle or a mat horizontally over his shoulders, bundle behind the back, with the ties at the top.",šmꜣ.y,"Logogram (wanderer, displaced)",A33D,"19,9",A33D,,,HJ A033D
13567,U+13567,,A-14-012,C,"Man, seated, right knee raised, right arm extended forward, holding a bag with one tie, oriented away from the body, left arm in front of the body.",smn.ty,Logogram (prospector),A165,,A165,,,HJ A165
13568,U+13568,,A-14-013,C,"Man, standing, right arm forward, holding a stick with a bundle or mat horizontally over his shoulders, bundle behind the back, with the ties downwards, left arm forwards at 45 degree downwards, holding a stick which curves slightly inwards.",mnꞽ.w,Logogram (herdsman),A383,,A383,,,HJ A383
13569,U+13569,,A-14-014,C,"Man, standing, right arm forward, holding a stick horizontally on the shoulders, with a long bundle or sack at the front, and a vessel hanging by a loop of string at the back, left arm hanging beside the body.",mnꞽ.w,Logogram (herdsman),A419,,A419,,,HJ A419
1356A,U+1356A,,A-14-015,,,,,A33E,,A33E,,,HJ A033E
1356B,U+1356B,,A-15-001,C,"Man, standing, right arm forward, forearm horizontal, holding a sedge plant (M23), which curves towards the front, left arm hanging beside the body.",smsw,Logogram (elder),A168,"19,10",A168,,,HJ A168
1356C,U+1356C,,A-15-002,C,"Man, standing, right arm forward, forearm horizontal, holding a sedge plant (M23), which curves towards the front, with a half circle as the base of the sedge, left arm hanging beside the body.",smsw,Classifier elder,,,,,,A168A
1356D,U+1356D,,A-15-004,,,,,A355,,A355,,,HJ A355
1356E,U+1356E,,A-15-005,C,"Man, standing, both arms forward, left arm at the height of the shoulder, right hand at the height of the waist, holding a wick of twisted flax, consisting of a singular loop at the top (V28A).",ḥmꜣg,Logogram (to protect),A169,"19,12",A169,,,HJ A169
1356F,U+1356F,,A-15-006,C,"Man, standing, both arms forward, right hand on top of a two-pronged mast of a ship with multiple horizontal lines between the prongs (P6), left hand below the two prongs. ",sꜥḥꜥ,Logogram (to erect),A170,"19,13",A170,,,HJ A170
13570,U+13570,,A-15-008,C,"Man, standing, right arm forwards, hand at the height of the waist, left arm back, hand a the height of the waist, holding a rope in both hands which is connected to a djed pillar (R011) written at 45 degree forward.",sꜥḥꜥ-ḏd,Logogram (to erect the djed pillar),A171,"20,1",A171,,,HJ A171
13571,U+13571,,A-15-009,C,"Man, standing, both arms extended forwards, hands at waist level, touching a djed pillar (R011) written horizontally.",sꜥḥꜥ-ḏd-ꞽn-ꞽr.yw-ḫt-n(y)-sw.t,Classifier erecting the djed pillar (group classifier for sꜥḥꜥ-ḏd-ꞽn-ꞽr.yw-ḫt-n(y)-sw.t),A385,,A385,,,HJ A385
13572,U+13572,,A-15-010,C,"Man, standing, facing backwards, both arms raised in front of the man, below the top of a column resembling a stem of papyrus with a bud (M013), without an abacus, angled forwards.",sꜥḥꜥ,Classifier erecting,,,,,,A384A
13573,U+13573,,A-15-013,C,"Man, standing, right arm forward, hand at the height of the waist, holding the sign for longs and windpipe (F36) of the same size as the man, left arm hanging beside the body.",smsw,Logogram (elder),A174,"20,4",A174,,,HJ A174
13574,U+13574,,A-15-014,C,"Man, standing, both arms forwards, holding a windpipe and lungs (F36) of the same length of the man.",sms,Logogram (to be old),,,,,,A174A
13575,U+13575,,A-15-017,C,"Man, standing, head facing towards the back, right arm towards the front, hand held horizontally at the height of the shoulder, holding a triangular object, left arm towards the front, left hand nearly vertically, between the triangle and the head.",ꜥnt.yw,Logogram (myrrh),A176A,"20,7",A176A,,,HJ A176A
13576,U+13576,,A-15-020,C,"Man, standing, wearing a lion/leopard skin, tail between the legs, right arm hanging beside the body, holding a scroll horizontally, left arm raised towards the front, left hand held horizontally at shoulder height, hand palm upwards. ",ꞽwn-mw.t=f,Classifier divinity,A457,"20,10",A457,,,HJ A457
13577,U+13577,,A-15-021,C,"Man, standing, wearing a lion/leopard-skin, right hand holding up the tail of the skin angling at the front, left hand raised in front.",sm,Logogram (sem-priest),A369,,A369,,,HJ A369
13578,U+13578,,A-15-026,C,"Man, standing, both arms forward, holding a foreleg of an ox (F23), near the hoof, with the wide part near the top, as if to strike.",nḫt,Logogram (to be strong),,"20,14",,,,A242A
13579,U+13579,,A-15-028,C,"Man, standing, right arm extended forwards, arm horizontal, holding the sky (N1) on his hand, left arm hanging beside the body.",ꞽn-ḥr.t,Logogram (Onuris),A181,"20,16",A181,,,HJ A181
1357A,U+1357A,,A-15-029,C,"Man, standing, right arm forward, right hand held horizontally at the height of the waist, holding an eye with the markings of the head of a falcon (D10), left arm hanging beside the body.",ꞽn-ḥr.t,Logogram (Onuris),A182,"21,1",A182,,,HJ A182
1357B,U+1357B,,A-15-030,C,"Man, standing, left arm hanging beside the body, right arm forward, forearm horizontal, holding a sceptre.",,,A183,"21,2",A183,,,HJ A183
1357C,U+1357C,,A-15-031,C,"Man, standing, right arm forwards, right hand held horizontally at the height of the waist, holding a loop of cord with the ties upwards (V6), left arm hanging beside the body.",smn.ty,Logogram (prospector),A184A,"21,3",A184A,,,HJ A184A
1357D,U+1357D,,A-15-033,,,,,A187,"21,5",A187,,,HJ A187
1357E,U+1357E,,A-15-034,C,"Man, standing, arms extended at either side of the body, hands at the height of the shoulders, holding a tenoned door (O31), written vertically, at the top tenon, door-leaf inwards, with the sky (N1) on top of the tenons.",wn-ꜥꜣ.wy-(n.w)-p.t,Logogram (the one who opens the two doors of the sky),,,,,,A187B
1357F,U+1357F,,A-15-035,C,"Man, standing, both arms forward, right forearm above the left forearm, holding a door written horizontally, with the long side toward the body.",ꞽr.y-ꜥꜣ,Logogram (gatekeeper),A186,"21,6",A186,,,HJ A186
13580,U+13580,,A-15-037,C,"Man, standing, with a line coming from his back at the waist, going down to the feet, right arm in front, right hand held horizontally at the height of the shoulders, holding D28 (two arms, raised upwards, with the forearms and hands vertical, hand palms inwards), left arm forwards, at 45 degree downwards.",m kꜣ,Phonemogram,A458,,A458,,,HJ A458
13581,U+13581,,A-15-041,,,,,A188,,A188,,,HJ A188
13582,U+13582,,A-15-042,C,"Man, standing, right arm towards the front, hand held horizontally at the height of the shoulder, holding two arms, raised upwards, with the forearms and hands vertical, hand palms inwards (D28); left arm towards the front, left hand nearly vertically, between the two arms and the head.",mkꞽ,Logogram (to protect),,,,,,A188A
13583,U+13583,,A-15-044,C,"Man, standing, right arm extended forwards, arm horizontal, holding a rectangular sail, on a mast of a ship with two prongs, connected by vertical lines (P6), written behind the sail (P5), left arm hanging beside the body.",fꜣꞽ-ṯꜣw,Logogram (to raise the sail),A189,,A189,,,HJ A189
13584,U+13584,,A-15-045,C,"Man, standing, bent slightly forwards, right arm towards the front, holding a round vessel with an upstanding rim (W24) at the height of the shoulder, left arm hanging beside the body.",sfsf,Classifier presenting,A376A,,A376A,,,HJ A376A
13585,U+13585,,A-15-046,C,"Man, standing, right arm towards the front, holding a round vessel with an upstanding rim (W24) at the height of the shoulder, left arm over the body.",ꞽnꞽ,Logogram (to bring),,,,,,A376B
13586,U+13586,,A-15-047,C,"Man, standing, arms extended at either side of the body, holding a stem of papyrus with a flowering bud (M127) in the right hand, and a stem of papyrus with a bud (M13) in the left hand.",nb-tꜣ.wy,Logogram (lord of the two lands),A384,,A384,,,HJ A384
13587,U+13587,,A-15-052,C,"Man, standing, with a bulls tail, arms extended on either side of the body, arms horizontal at the height of the shoulder, holding wings that angle downwards from the hands at a right angle.",p(s)š,Classifier to spread,A340,,A340,,,HJ A340
13588,U+13588,,A-15-054,C,"Man, standing, back slightly bent forward, both arms forward, holding a herb, with three flowers or leaves, curving upwards, with the middle flower/leaf higher than the other two (M2).",fd,Phono-repeater,A412,,A412,,,HJ A412
13589,U+13589,,A-15-055,C,"Man, standing, back slightly bent forward, both arms forward, holding a flower by the stem.",fdꞽ,Classifier to uproot,A412A,,A412A,,,HJ A412A
1358A,U+1358A,,A-15-071,C,"Man, walking, with a line (hairlock?) coming from the head, right arm forward, forearm horizontal, holding a leaf, stem (bent forwards) and root of a lotus plant (M12B), left arm hanging beside the body.",ḫꜣ,Phonemogram,,,,,,A174B
1358B,U+1358B,,A-15-072,C,"Man, standing, right arm forward, holding a leaf, stem (bent forwards) and root of a lotus plant (M12B), left arm hanging beside the body.",ḫꜣ-dꞽ.t,Phonemogram,,,,,,A174C
1358C,U+1358C,,A-15-073,C,"Man, standing, right arm forward, holding a leaf, stem (bent forwards) and root of a lotus plant (M12B), left arm hanging beside the body, holding a knife (T30A) horizontally.",ḫꜣ-dꞽ.t,Phonemogram,,,,,,A174D
1358D,U+1358D,,A-15-074,C,"Man, standing, right arm forward, holding the sun with rays of sunlight coming from it (N8) at the sun disk, at the height of the shoulder, left arm is raised, upper arm horizontal, forearm vertical, left hand palm inwards.",nms,Logogram (to illuminate),,,,,,A527
1358E,U+1358E,,A-16-005,C,"Man, standing, right arm forwards, holding a bow, with the bowstring towards the front, left arm hanging beside the body holding an arrow without fletching, with the arrowhead in front of the body.",mšꜥ,Logogram (army),,,,,,A196A
1358F,U+1358F,,A-16-010,C,"Man, standing, both arms towards the front, holding a knife (T30), as if to strike with it.",dndn.ty,Classifier angry one,,,,,,A199C
13590,U+13590,,A-16-011,C,"Man, standing, right arm forward, forearm horizontal at the height of the waist, holding a knife (T30A) at a forward angle, left arm hanging beside the body, holding a knife (T30A) horizontally.",hb.y,Logogram (messenger/killer),,"21,15",,,,A199B
13591,U+13591,,A-16-014,C,"Man, standing, arms extended at either side of the body, forearms horizontal at the height of the waist, holding a knife in both hands, angling away from the body.",sḥrꞽ,Classifier driving away,A199,"22,2",A199,,,HJ A199
13592,U+13592,,A-16-015,C,"Man, standing, right arm forward, hand at the level of the waist, holding a knife vertically, left arm raised, forearm vertically, holding a knife nearly horizontally.",ḫꜣbb,Classifier slayer,,,,,,A199D
13593,U+13593,,A-16-016,C,"Man, standing, holding a harpoon with the point down, diagonally over the body, from the tip of the right foot beyond the left shoulder, right arm lowered, right hand holding the harpoon between the waist and knee, left arm raised, holding the shaft near the end.",ꞽꜣwty,Classifier (harpooner),A200,"22,3",A200,,,HJ A200
13594,U+13594,,A-16-024,C,"Man, standing, right arm forward, hand at the level of the waist, holding a stick vertically, left arm raised, forearm vertically, holding a stick nearly horizontally.",sḥrꞽ,Classifier driving away,A59A,"22,12",A59A,,,HJ A059A
13595,U+13595,,A-16-025,C,"Man, standing, right arm forward, hand at the level of the waist, holding a curved rattle stick vertically, curving outwards, left arm raised, forearm vertically, holding a curved rattle stick nearly horizontally, curving upwards.",ꞽbꜣ,Classifier dancing,,,,,,A059C
13596,U+13596,,A-16-026,C,"Man, standing, right arm forward, holding a stick horizontally, left arm hanging beside the body.",nḫt,Logogram (to be strong),A25A,"22,13",A25A,,,HJ A025A
13597,U+13597,,A-16-028,C,"To men, standing, facing each other, arms forward, holding sticks which cross each other.",mnꜥ,Classifier battle,,"22,14",,,,A202A
13598,U+13598,,A-16-030,C,"Man, standing, looking backwards, right arm forward, forearm and hand at the level of the waist, hand palm upwards, holding a star (N5), left arm raised, forearm vertically, holding a stick nearly horizontally.",,Classifier ?,,,,,,A199E
13599,U+13599,,A-16-032,C,"Man, standing, both arms forwards, holding a scimitar (khopesh), written vertically, blade curving forwards, with the head of a falcon with a sun disk (N5) on top of it (T073B).",nḫt,Logogram (to be strong),,,,,,A203A
1359A,U+1359A,,A-16-035,C,"Man, standing, right arm forward, forearm and hand at the level of the waist, holding a shield angled backwards, left arm raised, forearm vertically, holding a mace with a pear shaped head, with the head of the mace above the head of the man.",,,A206,"23,4",A206,,,HJ A206
1359B,U+1359B,,A-16-041,C,"Man, seated on heel, right leg extended with foot in front of the left leg, right arm forward, forearm horizontal, holding a shield, left arm in front of the body.",,,A12C,,A12C,,,HJ A012C
1359C,U+1359C,,A-16-042,C,"Man, seated, right knee raised, right arm forward, holding a mace (T3), angling backwards, left arm over the body, holding a mace (T3), angling backwards against the left shoulder. ",mšꜥ,Classifier army,A12D,,A12D,,,HJ A012D
1359D,U+1359D,,A-16-043,C,"Man (foreign), seated, right knee raised, wearing a foreign headdress, right arm raised, left arm in front of the body, holding a spear against the shoulder, point upwards.",šrdn,Classifier foreigner,,,,,,A012K
1359E,U+1359E,,A-16-044,C,"Man, standing, upper body in profile, with a covered upper body resembling a circle, hands sticking out.",ꞽmn,Classifier hiding/hidden,A76C,,A76C,,,HJ A076C
1359F,U+1359F,,A-16-046,C,"Man, standing, arms in front of the body, forearms at waist height, covered by cloth.",ꞽmn,Classifier hiding/hidden,,,,,,A076E
135A0,U+135A0,,A-16-047,,,,,A211,,A211,,,HJ A211
135A1,U+135A1,,A-16-048,C,"Man (foreign), standing, with a long dress, right arm forwards, holding a small, peanut shaped shield, seen from the back, hand visible, with the top near the height of the shoulder, left arm in front of the body, holding a spear which rests against the shoulder, spear tip at the top, at the height of the head, spear shaft continuing up to the height of the shin, crossing over the body.",pḥrr,Classifier runner (foreign),,,,,,A211B
135A2,U+135A2,,A-16-049,C,"Man (foreign), standing, with a foreign headdress, right arm forward, holding a shield, seen from the back, left arm hanging beside the body, holding a sword, with the tip just under the shield.",ḏbꞽ,Classifier army (semitic loanword),A211A,,A211A,,,HJ A211A
135A3,U+135A3,,A-16-050,,,,,A212A,,A212A,,,HJ A212A
135A4,U+135A4,,A-16-052,C,"Man (king) running, wearing the red crown (S3) right arm in front, hand at the height of the waist, holding a vertical spear with the point at the top, left arm raised, forearm nearly vertical, holding a stick which runs from the head to slightly beyond the hand.",tꞽtꞽ,Classifier to trample,A207A,,A207A,,,HJ A207A
135A5,U+135A5,,A-17-001,C,"Man, seated on heel, right knee raised, with a feather on the head (angled backwards). right arm raised, left arm in front of body.",mšꜥ,Logogram (army),,,A77,,,A077
135A6,U+135A6,,A-17-004,C,"Man, seated on heel, right knee up, with two feathers (H6) on his head, arranged in a V shape, straight side inwards; right arm forwards, forearm horizontal, holding a composite bow (T10), left arm in front of the body, holding a stick which angles backwards, leaning against the left shoulder.",mnf.yt,Classifier soldiery,,,,,,A012L
135A7,U+135A7,,A-17-009,C,"Man, seated on heel, right knee up, with a palm branch, stripped of leaves and notched with a round notch (M4) on its head, right arm forwards, holding a composite bow (T10), left arm in front of the body, holding three arrows, leaning against the shoulder.",mšꜥ,Logogram (army),,,,,,A012M
135A8,U+135A8,,A-17-012,C,"Man, seated on heel, right knee raised, right foot extending beyond the left knee; with two feathers (H6) on his head, arranged in a V shape, straight side inwards; right arm forwards, forearm horizontal, holding a bow, left arm in front of the body, holding 3 arrows, arrowheads upwards, which angle backwards, leaning against the left shoulder.",mšꜥ,Logogram (army)?,,,,,,A012O
135A9,U+135A9,,A-17-013,C,"Man, seated on heel, right knee raised, right foot extending beyond the left knee; with two feathers (H6) on his head, arranged in a V shape, straight side inwards; right arm raised in front, holding a vertical arrow with the fletching upwards and arrowhead downwards; left arm in front of the body, holding a bow which angles backwards, leaning against the shoulder.",mšꜥ,Logogram (army)?,,,,,,A012N
135AA,U+135AA,,A-17-015,C,"Man, seated, right knee raised, right arm in front, forearm horizontal, holding a shield, left arm in front of the body, holding a mace (T3) which angles backwards, leaning against the shoulder, mace head above the shoulder.",mšꜥ,Logogram (army),A12A,"24,2",A12A,,,HJ A012A
135AB,U+135AB,,A-17-018,C,"Man, seated on heel, right knee raised, right foot in front of the left knee, right arm forward, forearm horizontal, holding a bow without bowstring, left arm in front of the body, holding an arrow at the fledging, which goes horizontally beyond the bow (as if the arrow is drawn).",tꜣ-sṯy,Logogram (1st nome of Upper Egypt),,,,,,A212B
135AC,U+135AC,,A-17-019,C,"Man, seated on heel, right knee raised, right foot in front of the left knee, right arm forward, forearm horizontal, holding a bow, left arm in front of the body, elbow raised above the shoulder, holding an arrow at the fledging, which goes horizontally beyond the bow, with the bowstring behind the fletching.",mšꜥ,Logogram (army),,,,,,A212D
135AD,U+135AD,,A-17-020,C,"Man, seated, both knees down, right arm forward, forearm horizontal, holding a bow or shield, left arm in front of the body, holding multiple sticks or arrows, angling backwards. Leaning against the left shoulder.",mšꜥ,Logogram (army)?,,,,,,A212C
135AE,U+135AE,,A-17-021,C,"Man, seated on heel, right knee raised, right foot in front of the left knee, right arm forward, forearm horizontal, holding a bundle of arrows in the right hand at the bottom of the shaft, with the arrowheads up; left arm in front of the body, holding a bow, angling backwards, leaning against the left shoulder, bowstring towards the front.",,,,,,,,A012P
135AF,U+135AF,,A-18-003,C,"Man (enemy), seated on heel, both knees down, with a line of liquid coming from the top of the head, towards the front, curving downwards, both arms behind the back, bound together with rope.",,Classifier rebel/enemy ,A13A,"24,7",A13A,,,HJ A013A
135B0,U+135B0,,A-18-007,C,"Man, seated on heel, both knees down, with a line of liquid coming from the face/neck, towards the front, curving downwards, both arms behind the back, bound together with rope.",ẖꜥk-ꞽb,Classifier rebel,A13B,"24,12",A13B,,,HJ A013B
135B1,U+135B1,,A-18-009,C,"Man, seated on heel, both knees down, right arm forwards, hanging beside the body, left arm hanging beside the body, with a knife (T30A) written at 45 degree over the elbow of the right arm, point at the groin, blade downwards.",,Classifier enemy?,,,,,,A013Y
135B2,U+135B2,,A-18-010,C,"Man, seated on heel, both knees down, right arm raised in front, hand at the height of the face, left arm hanging beside the body, with a rope coming from the neck at the back, curving downwards.",snn.t,Classifier enemy,,,,,,A014P
135B3,U+135B3,,A-18-013,C,"Man, seated on heel, arms behind the back, bound with rope, with a knife (T30A) with the point against the chest, handle at the height of the face, blade downwards.",twꜣ.t,Classifier enemy,,,,,,A014Q
135B4,U+135B4,,A-18-017,C,"Man, seated on heel, right knee raised, right foot in front of the left knee, with a line of liquid coming from the neck/chest, towards the front, curving downwards, both arms behind the back, bound together with rope.",sbꞽ,Classifier rebel,,,,,,A013Z
135B5,U+135B5,,A-18-020,C,"Man (foreigner), seated on heel, right knee raised, with a foreign headdress and bushy beard, arms behind the back, bound with rope, with a rope coming from the neck, at the front, curving upward, with a triangle pointing downwards at the end of the rope, at about the height of the top of the head.",wr ,Logogram (chiefs),,,,,,A014R
135B6,U+135B6,,A-18-023,C,"Man (foreigner), seated on heel, right knee raised, with foreign headdress and bushy beard, both arms behind the back, bound with rope. ",ḫr.y,Classifier Syrian,A13E,"25,2",A13E,,,HJ A013E
135B7,U+135B7,,A-18-024,C,"Man (enemy), with hands bound to feet at the back.",ḫšryš ,Classifier enemy/rebel (Xerxes),A13F,"25,3",A13F,,,HJ A013F
135B8,U+135B8,,A-18-027,C,"Man (enemy), without head, with hands bound to feet at the back.",nbḏ,Classifier evil one,A13G,"25,5",A13G,,,HJ A013G
135B9,U+135B9,,A-18-028,C,"Man (enemy), without head, with hands bound to feet at the back, with a knife with a triangular blade and straight handle (T30A) in its breast (blade downwards).",ḫšryš,Classifier enemy/rebel (Xerxes),,,,,,A013AA
135BA,U+135BA,,A-18-031,C,"Man (enemy), seated on heel, both knees down, without head, both arms behind the back, bound together with rope.",sbꞽ,Classifier rebel,,,,,,A014S
135BB,U+135BB,,A-18-032,C,"Man, seated on heel, right knee raised, right foot in front of the left knee, without head, both arms behind the back, bound with rope.",ṯs.tyw,Classifier enemy,,,,,,A014T
135BC,U+135BC,,A-18-038,C,"Man, with hands bound to feet at the back, in front of a pole which is forked at the top, to which the man is bound.",sbꞽ,Logogram (rebel),A216,"25,12",A216,,,HJ A216
135BD,U+135BD,,A-18-046,,,,,A219A,"26,4",A219A,,,HJ A219A
135BE,U+135BE,,A-18-049,C,"Man, seated on heel, both knees down, both arms behind the back, bound with rope, behind a pole which is forked at the top, to which the man is bound with a line coming from the neck.",sbꞽ,Logogram (rebel),A219,"26,7",A219,,,HJ A219
135BF,U+135BF,,A-18-050,C,"Man, without head, with hands bound to feet at the back, in front of a pole which is forked at the top, to which the man is bound.",sbꞽ,Logogram (rebel),A216B,"26,8",A216B,,,HJ A216B
135C0,U+135C0,,A-18-051,,"Man, seated on heel, both knees down, with a line of liquid coming from the face/neck, towards the front, curving downwards, both arms behind the back, bound together with rope, in front of a pole which is forked at the top, to which the man is bound.",,,A216C,"26,10",,,,A216C
135C1,U+135C1,,A-18-052,C,"Man, seated on heel, both knees down, with a line of liquid coming from the neck/chest, towards the front, curving downwards, both arms behind the back, bound together with rope, in front of a pole which is forked at the top, to which the man is bound.",sbꞽ,Classifier rebel,A216D,,A216D,,,HJ A216D
135C2,U+135C2,,A-18-053,C,"Man, seated on heel, right knee raised, both arms behind the back, bound together with rope, in front of a pole which is forked at the top, to which the man is bound.",bdš,Classifier enemy,A216E,,A216E,,,HJ A216E
135C3,U+135C3,,A-18-054,C,"Man, seated on heel, right knee raised, with a line of liquid coming from the neck/chest, towards the front, curving downward, both arms behind the back, bound together with rope, in front of a pole which is forked at the top, to which the man is bound.",ẖꜣk-ꞽb,"Classifier rebel, enemy",,,,,,A216M
135C4,U+135C4,,A-18-055,C,"Man, seated on heel, right knee raised, right foot in front of the left knee, a short line of rope or liquid coming from the neck, curving downwards, both arms behind the back, bound with rope, in front of a pole which is forked at the top, to which the man is bound.",bdš,Classifier enemy,,,,,,A216N
135C5,U+135C5,,A-18-056,C,"Man, seated on heel, right knee raised, right foot in front of the left knee, both arms behind the back, bound with rope, in front of a pole which has a triangular top (or papyrus reed bud), to which the man is bound.",bṯn,Classifier rebel,A216F,,A216F,,,HJ A216F
135C6,U+135C6,,A-18-058,C,"Man, seated on heel, right knee raised, right foot in front of the left knee, a short line of rope or liquid coming from the neck, curving downwards, both arms behind the back, bound with rope, in front of a pole which has a triangular top (or papyrus reed bud), to which the man is bound.",sbꞽ,Classifier rebel,A216H,,A216h,,,HJ A216H
135C7,U+135C7,,A-18-059,C,"Man, seated on heel, right knee raised, right foot in front of the left knee, right arm raised in front, left arm hanging beside the body, holding the left ankle, in front of a pole which is forked at the top, to which the man is bound, with rope connecting the left arm and the pole.",ẖꜣk-ꞽb,"Classifier rebel, enemy",,,,,,A216O
135C8,U+135C8,,A-18-060,C,"Man, seated on heel, both knees down, both arms behind the back, bound together with rope, in front of a pole which is forked at the top, to which the man is bound.",kꞽ.wy,"Classifier foes, hostile forces",,,A216C,,,A216P
135C9,U+135C9,,A-18-061,C,"Man, seated on heel, both knees down, with a knife at 45 degree, with the tip on the thighs, blade down; both arms behind the back, bound together with rope, in front of a pole which is forked at the top, to which the man is bound.",šnṯ,Classifier enemy,,,,,,A216Q
135CA,U+135CA,,A-18-065,C,"A pole which is forked at the top, with a man, bound hand to feet at either side of it, facing outwards, bound to the pole.",ḫꜣs.t,Classifier foreigners (as enemies),A221,"26,11",A221,,,HJ A221
135CB,U+135CB,,A-18-068,C,"Man, standing, both arms behind the back, bound together with rope, in front of a pole which is forked at the top, to which the man is bound.",sbꞽ,Classifier rebel,,"26,14",,,,A222A
135CC,U+135CC,,A-18-069,C,"Man, curled up, right and left leg separated, with a band of cloth around the middle, both arms forward, holding an axe with the axeblade close/in the forehead.",sbꞽ,Classifier rebel,A14G,"26,15",A14G,,,HJ A014G
135CD,U+135CD,,A-18-072,C,"Man, seated on heel, right knee raised, right foot in front of the left knee, back bent forwards, both arms forward, holding an axe with the axeblade in the head of the man.",ḫft.y,Logogram enemy,,"27,2",,,,A014N
135CE,U+135CE,,A-18-077,,,,,A14I,"27,6",A14I,,,HJ A014I
135CF,U+135CF,,A-18-078,C,"Man, seated on heel, both knees down, both arms forward, holding an axe with the axeblade in the head of the man.",sbꞽ,Logogram (rebel),A14B,"27,7",A14B,,,HJ A014B
135D0,U+135D0,,A-18-079,C,"Man, curled up, right and left lower legs separated, back nearly horizontal, both arms forward, holding and axe with the axeblade in the head of the man.",ḫft.y/sbꞽ,Logogram enemy/rebel,A14C,"27,8",A14C,,,HJ A014C
135D1,U+135D1,,A-18-080,,,,,A14H,,A14h,,,HJ A014H
135D2,U+135D2,,A-18-082,,,,,A14D,"27,9",A14D,,,HJ A014D
135D3,U+135D3,,A-18-086,C,"Man, curled up, right and left lower legs separated, back nearly horizontal, with a band of cloth around the middle, both arms forward, holding and axe with the axeblade in the head of the man.",ḫr.y,Classifier enemy,,,,,,A014U
135D4,U+135D4,,A-18-088,C,"Man (foreigner), standing, wearing a foreign headcloth and bushy beard, arms behind the back, bound with rope.",ꞽwn.tyw,"Classifier bow-people, nomads",,"27,14",,,,A223E
135D5,U+135D5,,A-18-092,C,"Man, standing, arms behind the back, bound with rope.",sḳr-ꜥnḫ,Logogram (prisoner),A223,"28,3",A223,,,HJ A223
135D6,U+135D6,,A-18-095,,,,,A223A,"28,6",A223A,,,HJ A223A
135D7,U+135D7,,A-18-098,C,"Two men, standing, back-to-back, arms behind the back, bound to each other by the arms with rope.",ḫꜣs.ty ,Logogram (foreigner),A225,"28,9",A225,,,HJ A225
135D8,U+135D8,,A-18-100,C,"Man, standing, looking backwards, both arms in front, upper arms nearly horizontal, bound with rope.",msn(ḥ),Classifier to drive away,,"28,11",,,,A223K
135D9,U+135D9,,A-18-105,C,"Man, running, with short wig/coif and uraeus, in front of a smaller naked man, running, both hands behind the back, bound with rope; larger man right arm forward, hand near the bound arms of the smaller man, left arm in front of the body, holding rope which connects to the rope binding the arms of the smaller man.",wꜥf,"Logogram (to bend down, to subdue)",,,,,,A226B
135DA,U+135DA,,A-18-110,C,"Man (foreigner) seated on heel, both knees down, with foreign headdress, with a rope around the neck, with the ends in the front, making one curl with one rope end towards the top, with triangular end, two ropes end downward.",mry,Classifier foreigner,A422,,A422,,,HJ A422
135DB,U+135DB,,A-18-111,,,,,A424,,A424,,,HJ A424
135DC,U+135DC,,A-18-117,C,"3 men, kneeling/walking on knees, ground together around the neck. First man, right knee before left knee, both arms raised in front, hand palms outward, second man, right knee just in front of left knee, both arms behind the back, as if bound, third man, right knee and foot in front of the left knee, left lower leg raised at 45 degree, right arm in front, hand against the head of the second man, left arm behind the back, hand visible in front of the waist. ",ḫꜣs.wt nb.wt,Classifier foreign people,,,,,,A538
135DD,U+135DD,,A-18-118,C,"3 men, seated on heel, both knees down, arms behind the back, bound with rope, connected by the neck by a horizontal line (rope), which makes an upward tick at the front.",bdš.w,"Classifier weak, downcast",,,,,,A538A
135DE,U+135DE,,A-19-003,C,"Man, naked, dancing, right leg vertical, left leg raised, knee in front of the right leg, left foot behind the right leg, right arm raised in front, extended forward, hand at the height of the head, left arm raised at the back, hand at the height of the head.",ḥpg,classifier dancing,A32A,"30,3",A32A,,,A032N
135DF,U+135DF,,A-19-005,C,"Man, naked, dancing, right leg vertical, left leg raised, knee in front of the right leg, left foot behind the right leg, right arm towards the front, angling downwards towards the left knee, hand at the height of the left knee, left arm raised at the back, hand at the height of the head.",hnw,"Classifier joy, jubilation",A32H,"29,3",A32h,,,HJ A032H
135E0,U+135E0,,A-19-010,C,"Man, dancing, right leg straight, left knee in front of the right leg, left foot behind the right leg, lower leg horizontal, right arm in front of the body, left arm raised at the back, hand at the height of the head.",ꞽbꜣ,Classifier dancing,,"29,8",,,,A032I
135E1,U+135E1,,A-19-012,C,"Man, naked, dancing, right leg vertical, left leg forwards, thigh horizontal, lower leg bent downwards, right arm raised in front, left arm hanging beside the body.",ꞽbꜣ,Classifier dance,A32F,"29,10",A32F,,,HJ A032F
135E2,U+135E2,,A-19-013,C,"Man, naked, dancing, right leg vertical, left leg forwards, thigh horizontal, lower leg bent downwards, right arm towards the front, angling downwards towards the left knee, hand at the height of the left knee, left arm raised at the back, hand at the height of the head.",ꞽbꜣ,Classifier dance,A32D,"29,11",A32D,,,HJ A032D
135E3,U+135E3,,A-19-016,C,"Man, dancing, knees bent as if seated on nothing, right arm extended in front, forearm horizontal, left arm raised in back, forearm vertical.",mgꜣ,Classifier youthful soldier,A233,"29,14",A233,,,HJ A233
135E4,U+135E4,,A-19-017,C,"Man, standing, right arm in front of body, left arm raised, forearm vertical.",hꜣ-snḏ,Classifier fear/veneration,A32G,"29,15",A32G,,,HJ A032G
135E5,U+135E5,,A-19-018,C,"Man, naked, dancing, right leg vertical, left leg raised, left knee in front of the right leg, left foot behind the right leg, right arm raised in front, left arm hanging beside the body.",ḫbꞽ,Classifier dancing,A32B,"30,1",A32B,,,HJ A032B
135E6,U+135E6,,A-19-021,C,"Man, dancing, knees bent as if seated on nothing, right arm forwards, angling downwards, left arm raised in back, hand at the height of the neck.",ḫbꞽ,Classifier dancing,A320,,A320,,,HJ A320
135E7,U+135E7,,A-19-024,C,"Man, naked, face forwards, left leg backwards as if walking, right arm forwards, forearm horizontal at the height of the waist, left arm raised in back, hand at the height of the head.",ḫbꞽ,Classifier dancing,A82,,,,,A082
135E8,U+135E8,,A-19-025,C,"Man, naked, face backwards, left leg backwards as if walking, right arm forwards, forearm horizontal at the height of the waist, left arm raised in back, hand at the height of the head.",ḫbꞽ,Classifier dancing,,,,,,A082A
135E9,U+135E9,,A-19-027,C,"Man, dancing, right leg vertical, left knee in front of the right leg, left foot behind the right leg, right arm extended in front, forearm horizontal, hand palm upwards, left arm raised in back, left hand above the head, hand palm inwards, with a dotted line going from hand palm to hand palm.",hꜣ-snḏ,Classifier fear/veneration,A236,,A236,,,HJ A236
135EA,U+135EA,,A-19-029,,,,,A409,,A409,,,HJ A409
135EB,U+135EB,,A-20-002,C,"Child, naked, with a side-lock, standing, right arm extended in front, held horizontally, holding a sistrum (Y18), left arm hanging beside the body.",nṯr-ꜥꜣ,Logogram (the great god),A239,"30,6a",,,,A239
135EC,U+135EC,,A-20-006,,,,,A239C,"30,8a",,,,A239C
135ED,U+135ED,,A-20-008,C,"Child, naked, with a side-lock and wearing the double-crown (S5), standing, right arm extended in front, held horizontally, holding a sistrum (Y18), with a line running from the wrist to the ankle, left arm hanging beside the body.",ꞽḥy,Logogram (to make music),,"30,9",,,,A240G
135EE,U+135EE,,A-20-012,C,"Child, naked, with a side-lock, standing, right arm extended in front, held horizontally, holding a sistrum (Y18), left arm hanging beside the body, holding a bead-necklace with a counterweight (S18) at the counterweight.",nṯr-ꜥꜣ,Logogram (the great god),A239B,"30,11a",,,,A239B
135EF,U+135EF,,A-20-016,C,"King, standing, wearing the red crown (S3) and a long straight beard, right arm forwards, 45 degree downwards, left arm towards the front, left hand in front of the body, at the height of the shoulder, holding a sceptre (S42).",bꞽ.ty,Logogram (the king of Lower Egypt),A302D,,A302D,,,HJ A302D
135F0,U+135F0,,A-20-017,C,"Child, naked, with a side-lock, wearing the double crown (S5), standing, right arm extended in front, held horizontally, holding a sistrum (Y18), left arm hanging beside the body, holding a bead-necklace with a counterweight (S18) at the counterweight.",ꞽḥy,Classifier divinity,,"30,13",,,,A302G
135F1,U+135F1,,A-20-022,C,"Man, standing, wearing kilt, right arm extended in front, held horizontally, holding a sistrum (Y18), left arm forwards  45 degree, holding a bead-necklace with counterweight.",ꞽḥy,Logogram (Ihy (divinity)),,"30,15",A239A,,,A239A
135F2,U+135F2,,A-20-023,C,"Child, naked, with a side-lock, standing, right arm extended in front, held horizontally, holding a sistrum (Y18), left arm forwards 45 degree, holding a bead-necklace with counterweight.",ꞽḥy,Logogram (the musician),A239A,"30,15a",,,,A239S
135F3,U+135F3,,A-20-024,C,"Child, naked, with a side-lock, standing, right arm extended in front, held horizontally, holding a sistrum (Y8), left arm forwards 45 degree, holding a bead-necklace with counterweight.",nṯr-ꜥꜣ,Logogram (the great god),,,,,,A239F
135F4,U+135F4,,A-20-026,C,"King, wearing the white crown (S1), standing, right arm in front, right hand at the height of the shoulder, holding a sistrum (Y8), left arm hanging beside the body, holding a flagellum and crook (S38) horizontally.",n(y)-sw.t,Logogram (king of Upper Egypt),,,,,,A239N
135F5,U+135F5,,A-20-027,C,"Child, naked, with a side-lock, standing, right arm extended in front, held horizontally, holding a sistrum (Y8), with a line running from the wrist to the ankle, left arm hanging beside the body.",nṯr-ꜥꜣ,Logogram (the great god),,,,,,A239R
135F6,U+135F6,,A-20-030,C,"Child, naked, with a side-lock and wearing the double-crown (S5), standing, left arm extended in front, held horizontally, holding a sistrum (Y8), right arm forward, below the left, holding a bead-necklace with counterweight.",nṯr-ꜥꜣ,Logogram (the great god),,"31,4",,,,A239O
135F7,U+135F7,,A-20-032,C,"Child, naked, with a sidelock and wearing the double crown (S5), standing, right arm extended in front, held horizontally, holding a sistrum (Y8), left arm hanging beside the body.",ꞽḥy,Logogram (Ihy (divinity)),,,,,,A239P
135F8,U+135F8,,A-20-045,C,"Child, naked, with side-lock and wearing the hmhm crown (S61), standing, right arm extended in front, held horizontally, holding a sistrum (Y8), left arm hanging beside the body.",ḥr-smꜣ-tꜣ.wy,Logogram (Harsomtus),,"31,16",,,,A239Q
135F9,U+135F9,,A-20-047,C,"Child, naked, with side-lock and wearing the hmhm crown (S61), standing, right arm extended in front, held horizontally, holding a sistrum (Y8), left arm hanging beside the body, holding a bead-necklace with a counterweight (S18) at the counterweight.",ḥr-smꜣ-tꜣ.wy ,Logogram (Harsomtus),,,,,,A239G
135FA,U+135FA,,A-20-048,C,"Child, naked, with side-lock and wearing the hmhm crown (S61), standing, right arm extended in front, held horizontally, holding a sistrum (Y18), left arm forwards 45 degree, holding a bead-necklace with counterweight.",ḥr-smꜣ-tꜣ.wy ,Logogram (Harsomtus),,,,,,A239M
135FB,U+135FB,,A-20-050,C,"Man, standing, wearing a long sash-kilt, both arms forward, holding a triangular harp (Y16) at the height of the chest.",ḥsꞽ ,Logogram (to sing),A241,"32,2",A241,,,HJ A241
135FC,U+135FC,,A-20-053,C,"Man, seated, right knee raised, both arms forwards, holding a rounded harp (Y7) at an backwards angle.",ḥsꞽ,Phonemogram,,,,,,A243A
135FD,U+135FD,,A-20-055,C,"Man, seated, right knee raised, right arm raised, holding a sistrum (Y8) at an angle towards the head, left arm behind the back, holding a stick with extrudes beyond the left shoulder.",ḫnw,Classifier musician,,,,,,A482A
135FE,U+135FE,,A-20-056,C,"Man, seated, right knee raised, arms at either side of the body, holding a flute, which goes from the mouth to the left foot.",sbꜣ,Classifier playing music,A244,,A244,,,HJ A244
135FF,U+135FF,,A-20-057,C,"Man, standing, arms at either side of the body, holding an oval drum between the waist and the knees.",mḳmḳ,Classifier drum,A245A,,A245A,,,HJ A245A
13600,U+13600,,A-20-058,C,"Man, standing, right arm raised, hand horizontal at the height of the shoulder, hand palm upwards, with a drum/tambourine slightly above the hand, left arm hanging beside the body.",sr,Classifier striking a drum,A245C,,A245C,,,HJ A245C
13601,U+13601,,A-20-062,C,"Man, seated, right knee raised, both arms extended forwards, holding a drum/tambourine at the height of the shoulder.",ḫn.w,Logogram (musician/percussionist),,,,,,A245E
13602,U+13602,,A-20-063,C,"Man, standing, both arms forwards, right hand at the height of the shoulder, holding a tambourine, left arm raised below it, as if to beat the tambourine.",dbdb,"Classifier beating, striking",A245D,,A245D,,,HJ A245D
13603,U+13603,,A-20-066,C,"Man, standing, arms at either side of the body, right hand at the height of the waist, left land at the height of the head, playing a lute which crosses over the chest.",ṯnf,Classifier lute player,,,,,,A528
13604,U+13604,,A-21-003,C,"Man, standing, arms at either side of the body, holding the necks of two emblematic animals with panther heads, which runs under the feet of the man, overlapping as a two ties.",ḳꞽs,Logogram (Cusae),A247,"32,6",A247,,,A247
13605,U+13605,,A-21-006,C,"Man, standing, right arm forward, holding a staff, left arm hanging beside the body, holding a rope/leash connected to a standing hunting hound (E14), behind the man.",nw,"Classifier hunter, scout",A248,"32,8",A248,,,HJ A248
13606,U+13606,,A-21-009,C,"Man, seated, right knee raised, right arm in front of the body, holding a throwing stick (T14), which angles towards the front, left arm hanging beside the body, holding a rope/leash connected to a standing hunting hound (E14), behind the man.",nw,"Classifier hunter, scout",A248B,,A248B,,,HJ A248B
13607,U+13607,,A-21-010,C,"Man, seated on a horse, right hand forward, holding the reins, left arm hanging beside the body.",ḳnꞽ,"Logogram (to be strong, valiant)",A249,"32,11",,,,A249
13608,U+13608,,A-21-011,C,"Man, seated on a horse, right arm raised forward, holding a vertical dagger with a rounded tip above the head of the horse, left arm forward, holding the reins.",tp-nfr,Logogram (the good beginning),A427,,A427,,,HJ A427
13609,U+13609,,A-21-012,C,"Man, seated on a combination of two front-parts of a horse, facing forward and backwards, arms extended at either side of the body, holding the reins of both horseheads.",ḳꞽs,Logogram (Cusae),A249A,"32,12",A249A,,,HJ A249A
1360A,U+1360A,,A-21-014,C,"Man, seated on a rearing horse, body of the horse mostly horizontal, rear legs nearly vertical; right arm forwards, holding the horse by the neck, left arm hanging beside the body, holding a stick over the thigh of the horse.",ḳnꞽ,"Logogram (to be strong, valiant)",,,A249,,,A249X
1360B,U+1360B,,A-21-015,C,"Man, seated on a rearing horse, body of the horse mostly horizontally; right arm forward, holding the reins of the horse, left arm raised at the back, holding a stick, angled towards the head.",ḳnꞽ,"Logogram (to be strong, valiant)",,,,,,A249C
1360C,U+1360C,,A-21-016,C,"Man, standing in a chariot, drawn by a span of 4 rearing horses, both arms forward, one holding a stick, the other holding the reins.",wrr.yt,Classifier chariot,A250,"32,14",A250,,,HJ A250
1360D,U+1360D,,A-21-018,C,"Man, standing, right arm forward, holding a spear with the point downwards, left arm hanging beside the body, on top of a bovid, lying on the ground, legs folded under the body, tail down.",dwn.ty,Logogram (triomphator),A251,"33,1",A251,,,HJ A251
1360E,U+1360E,,A-21-019,,,,,A252,"33,2",A252,,,HJ A252
1360F,U+1360F,,A-21-020,C,"Man, standing behind a bovid, lying on the ground, legs folded under the body, tail down; left leg raised, with the foreleg of the man on top of the back of the bovid, right arm forward, holding the forward horn, left arm hanging beside the body, hand touching the back of the bovid.",ḫr.yt,"Logogram (butchery, animals for sacrifice)",A253,"33,3",A253,,,HJ A253
13610,U+13610,,A-21-021,C,"A span of oxen with a plough, which is held by a man, standing, bent forward, and with another man, standing, bent forward, holding a stick in his right hand, as if to strike, with the left arm hanging beside the body, behind the plough, between the span of oxen and the man holding the plough.",(m) ḥb (m) ḥtr (m) tp n rmṯ,"Pictogram ((with) a plough, (with) a yoke of oxen, (as) the first of men)",,,,,,A253A
13611,U+13611,,A-21-022,C,"Child, with N6 (The sun, encircled by a cobra (Naja haje), standing up, with expanded hood (uraeus)) upon his head, seated between the horns of a bull (bovid), standing; arms at either side of the child, holding the horns of the bull.",sꜣ-rꜥ-nb,Logogram (part of the sꜣ-rꜥ nb ḫꜥ.w construction),A254,"33,4",A254,,,HJ A254
13612,U+13612,,A-21-023,C,"Child, seated between the horns of a bull (bovid), lying on the ground, legs folded under the body, tail down; arms at either side of the child, holding the horns of the bull.",sꜣ nb,Phonemogram/logogram (part of the sꜣ-rꜥ nb ḫꜥ.w construction),,,,,,A517
13613,U+13613,,A-21-025,C,"The king, standing on top of a bovid, lying down, legs folded under the body, tail down; wearing the red crown (S3), right arm forward, holding a staff and a piece of rope which loops in front of the staff, connecting to the head of the bovid, left arm in front of the body, holding the flagellum and crook, resting against the left shoulder.",wnty,Classifier?,A428,,A428,,,HJ A428
13614,U+13614,,A-21-027,C,"A child, seated on an elephant, left leg visible, right arm raised with hand to mouth, left arm hanging beside the body.",nnyb,Phonemogram aromatic resin (styrax?),A256,"33,6",A256,,,HJ A256
13615,U+13615,,A-21-028,C,"Man, standing behind a hippopotamus, right arm forward, holding the tail of the hippopotamus, left arm hanging beside the body.",ḫsbḏ,Phonemogram (lapis-lazuli),A342,"33,7",A342,,,HJ A342
13616,U+13616,,A-21-029,C,"Man, standing on top of a hippopotamus, right arm forward, holding a horizontal staff or spear (if spear, spear tip down), left arm hanging beside the body.",dwn.ty,Logogram (triomphator),A259,,A259,,,HJ A259
13617,U+13617,,A-21-031,C,"Man, standing behind a pig, right arm forward, holding the tail of the pig, left arm hanging beside the body.",ḫsbḏ,Phonemogram (lapis-lazuli),A257,,A257,,,HJ A257
13618,U+13618,,A-21-032,C,"Man, standing, arms hanging at either side of the body, behind a lion, standing, tail down.",pẖr,Logogram (to go around),A429,,A429,,,HJ A429
13619,U+13619,,A-21-033,C,"Man, standing, arms hanging on either side of the body, behind a hunting hound, standing, tail curling upwards (E14).",nw,"Classifier hunter, scout",,,,,,A248D
1361A,U+1361A,,A-21-034,C,"Man, standing, wearing a lion/leopard skin, tail between the legs, facing away from the reading direction, right arm hanging beside the body, left arm forward, holding the hand of a hamadryas baboon (Papio hamadryas), standing on the legs, facing the man, tail down.",ꞽwn-mw.t=f,Classifier priest,A431,,A431,,,HJ A431
1361B,U+1361B,,A-21-036,C,"Man, standing, both arms forward, holding a fishing rod 45 degree upwards, fishing line vertical, connecting to a fish, between the fishing line and the toes of the man, slightly tilted upwards.",wḥꜥ,Phonemogram,A430,,A430,,,HJ A430
1361C,U+1361C,,A-22-001,,,,,A261,"33,9",A261,,,HJ A261
1361D,U+1361D,,A-23-003,C,"A child, seated on nothing, forelegs separated, with a side-lock written behind the head, right arm raised with hand to mouth, left arm hanging beside the body.",ḫy,Classifier youth/child,A17D,"34,3",A17D,,,HJ A017D
1361E,U+1361E,,A-23-008,C,"Child, seated on nothing, forelegs spread, right arm raised in front, hand vertical, hand palm outwards, left arm hanging beside the body.",snḏm,"Classifier to sit, to be comfortable",A17A,,A275,,,A275
1361F,U+1361F,,A-23-009,C,"Child, seated on nothing, forelegs spread, right arm forward, holding a knife (T30A), angled toward the body, left arm hanging beside the body.",msdm,Phonemogram,A262,"34,6",A262,,,HJ A262
13620,U+13620,,A-23-011,C,"Child, seated on nothing, forelegs spread, right arm forward, holding a sistrum (Y18), angled toward the body, left arm hanging beside the body.",ḫnw,Classifier musician,,,,,,A263A
13621,U+13621,,A-23-014,C,"Child, seated on nothing, one leg visible, right arm extended in front, hand horizontal, holding a round vase with a upstanding rim (nw-vessel, W24), left arm hanging beside the body.",ḥwn.w,"Classifier child, youth, young man",,,,,,A529
13622,U+13622,,A-23-015,C,"Child, seated on nothing, forelegs spread, right arm extended forward, holding a clump with one papyrus stem and bud, with two buds bent down (M015D), at the stem, below the bud; left arm hanging beside the body.",wḏḥ,Logogram (weaned child),,,,,,A530
13623,U+13623,,A-23-016,C,"Child, seated on top of a horn, forelegs spread, right arm extended forwards, forearm horizontal, holding the tip of the horn, left arm hanging beside the body.",ꜥb,Phonemogram,A267,"34,10",A267,,,HJ A267
13624,U+13624,,A-23-019,,,,,A270,"34,13",A270,,,HJ A270
13625,U+13625,,A-23-023,C,"Child, with N6 (The sun, encircled by a cobra (Naja haje), standing up, with expanded hood (uraeus)) upon his head, seated on nothing, forelegs spread, right arm raised in front with hand to mouth, left arm hanging beside the body.",sꜣ-rꜥ,Logogram (son of Re),A272,"35,1",A272,,,HJ A272
13626,U+13626,,A-23-024,C,"Child, with N6 (The sun, encircled by a cobra (Naja haje), standing up, with expanded hood (uraeus)) upon his head, seated on nothing, one leg visible, right arm raised in front with hand to mouth, left arm hanging beside the body.",sꜣ-rꜥ,Logogram (son of Re),,,,,,A272B
13627,U+13627,,A-23-025,C,"Child, with a cobra in repose (Naja haje), standing up (I80) on his head, seated on nothing, forelegs spread, right arm raised in front with hand to mouth, left arm hanging beside the body.",r + ḫ,Phonemogram,A273,"35,3",A273,,,HJ A273
13628,U+13628,,A-23-026,C,"Child, with the head of a cobra (Naja haje), standing up, with expanded hood (uraeus) on his head, seated on nothing, forelegs spread, right arm raised in front with hand to mouth, left arm hanging beside the body.",nḫn.w,Classifier child,,,,,,A273A
13629,U+13629,,A-23-028,C,"Child, wearing the white crown (S1), seated on nothing, forelegs spread, right arm raised in front with hand to mouth, left arm hanging beside the body.",wḏḥ,Classifier child,A274,"35,5",A274,,,HJ A274
1362A,U+1362A,,A-23-031,C,"Child, wearing the red crown (S3), seated on nothing, one leg visible, right arm raised in front with hand to mouth, left arm hanging beside the body.",m,Phonemogram,,,,,,A018A
1362B,U+1362B,,A-23-032,,,,,A17C,"35,9",A17C,,,HJ A017C
1362C,U+1362C,,A-23-035,C,"Child, seated on nothing, forelegs spread, both arms forward, left arm angling downwards, holding a cone vertically at the height of the waist, right arm raised, angled up, right hand above the cone, hand palm down.",ḫft-ḥr,Phonemogram,,,,,,A264A
1362D,U+1362D,,A-23-036,C,"Child, seated on nothing, one leg visible, both arms forward, left arm angling downwards, holding a cone vertically at the height of the waist, right arm raised, angled up, right hand above the cone, hand palm down.",ḫft-ḥr,Phonemogram,,,,,,A264B
1362E,U+1362E,,A-23-037,C,"Child, seated on nothing, forelegs spread, right arm forward, holding a flagellum (S45), left arm hanging beside the body.",ḫw.y,Classifier protector,A442,,A442,,,HJ A442
1362F,U+1362F,,A-23-039,C,"Child, seated on nothing, forelegs spread, right arm extended forward, hand horizontal, palm upwards, holding a feather (H6), left arm hanging beside the body.",ꜥš,Phonemogram,A444,,A444,,,HJ A444
13630,U+13630,,A-23-041,C,"Child, seated on nothing, forelegs spread, right arm extended forward, hand horizontal, palm upwards, holding a hill with a halo of sun rays behind it (N28), left arm hanging beside the body.",ḫꜥ,Phonemogram,A446,,A446,,,HJ A446
13631,U+13631,,A-23-043,,,,,A491,,A491,,,HJ A491
13632,U+13632,,A-23-044,C,"A god, with a long-curved beard, seated on nothing, forelegs spread, right arm extended forwards, holding a sceptre with a straight shaft, a forked base, topped with the head of the Seth animal (wAs, S40) of the height of the seated god, left arm hanging beside the body.",sꜣḥ,Classifier Orion,,,,,,A491A
13633,U+13633,,A-23-046,C,"Child, seated on a stool, forelegs separated, right hand raised in front with hand to mouth, left arm hanging beside the body.",ḥkꜣ,Classifier child divinity,,,,,,A276A
13634,U+13634,,A-23-051,C,"A child, seated on a mat, wearing a coif with uraeus, covered in cloth, legs bent in front, feet at the same level as the mat, right arm raised in front with hand to mouth, left arm in front, hand upon the knee.",sfy,Classifier child,A278A,,A278A,,,HJ A278A
13635,U+13635,,A-23-052,,,,,A278B,,A278B,,,HJ A278B
13636,U+13636,,A-23-054,C,"Child, seated on nothing, one leg visible, right arm raised in front with hand to mouth, left arm hanging beside the body.",sꜣ,Logogram (son/child of),A17B,"35,15",A17B,,,HJ A017B
13637,U+13637,,A-23-055,C,"Child, seated, both knees raised, feet horizontal, heels touching ties, right arm raised in front with hand to mouth, left arm hanging beside the body; on top of a lotus flower, facing upwards, with a short stalk, and a bud at either side (M224A).",ḫꜥ.w,"Logogram (crowns, appearances)",A279,"35,16",A279,,,HJ A279
13638,U+13638,,A-23-057,C,"Child, naked, standing, right arm raised in front with hand to mouth, left arm hanging beside the body.",sꜣ,Logogram (son/child of),A281,"36,2",A281,,,HJ A281
13639,U+13639,,A-23-058,C,"Child, naked, standing, right arm raised in front with hand to mouth, with a curved line running from the right wrist/elbow the left foot, left arm hanging beside the body.",sf(y),Classifier child,,,,,,A281A
1363A,U+1363A,,A-23-064,,,,,A441,,A441,,,HJ A441
1363B,U+1363B,,A-23-065,C,"Child seated on nothing, one leg visible, both arms raised in front, hands at the height of the face, hand palms outwards.",ḫn,Phonemogram,,,,,,A531
1363C,U+1363C,,A-23-069,C,"A child, seated on nothing, forelegs separated, right arm raised with hand to mouth, left arm hanging beside the body, under a curved dotted line.",nš,"Classifier expelling, spitting",,,,,,A017I
1363D,U+1363D,,A-24-003,C,"A dwarf, naked, standing, arms hanging at either side of the body.",dng,"Logogram (dwarf, pigmy)",A282,,A282,,,HJ A282
1363E,U+1363E,,A-25-001,C,"A man, with short straight beard, seated on a chair, both arms extended forwards, forearms horizontal, one arm above the other, hands above the knee.",,Classifier revered person,A50B,,A50B,,,HJ A050B
1363F,U+1363F,,A-25-002,C,"A man, with short straight beard, seated on a chair, right arm in front of the chest, left arm extended forwards, hand above the knee.",,Classifier revered person,,,,,,A050H
13640,U+13640,,A-25-003,C,"A man, with short straight beard, seated on a block throne, both arms extended forwards, forearms horizontal, one arm above the other, hands above the knee.",ꞽt,Classifier revered person,A50C,,A50C,,,HJ A050C
13641,U+13641,,A-25-011,C,"God, with long-curved beard and long wig, seated on a block throne, both arms extended forwards, forearms horizontal, one above another, holding a flagellum (S45).",šps,Logogram (to be noble),A51A,"37,1",A51A,,,HJ A051A
13642,U+13642,,A-25-012,C,"God, with long-curved beard and long wig, seated on a block throne, on top of a base, both arms extended forwards, forearms horizontal, one above another, holding a flagellum (S45); with a spear, with a straight shaft, topped with the head of a falcon, with a triangular spearhead above the head of the falcon, in front of the throne, on the base.",mdw-šps,Logogram (the noble speech),,,,,,A051Q
13643,U+13643,,A-25-015,C,"Man, with short straight beard, seated on a block throne, without visible arms, with a flagellum (S45) and crook, opening inwards (S38) on his knee.",,Classifier revered person,A51B,"37,5",A51B,,,HJ A051B
13644,U+13644,,A-25-018,C,"Man, with short straight beard, seated on a chair, both arms extended forwards, forearms horizontal, one above the other, holding a flagellum (S45) and crook, opening inwards (S38).",šps.w,Logogram/phonemogram (costly offerings),A51C,"37,8",A51C,,,HJ A051C
13645,U+13645,,A-25-019,C,"God, with long-curved beard and long wig, seated on a block throne, both arms extended forwards, forearms horizontal, one above another, holding a sceptre with a straight shaft, topped with the head of the Seth animal.",šps,"Logogram (noble, splendid)",A51D,"37,9",A51D,,,HJ A051D
13646,U+13646,,A-25-021,C,"God, with a long-curved beard and long wig, seated on a block throne, both arms extended forwards, forearms horizontal, one above the other, top hand holding a tie or strap, used with sandals (ankh sign, S34) in one hand, horizontally, with the bottom hand opened with the palm facing upwards.",špsꞽ,Logogram (to be noble),,,,,,A051H
13647,U+13647,,A-25-022,C,"God, with a long-curved beard and long wig, seated on a block throne, on top of a base, right arm extended forwards, hand at the height of the waist, extended beyond the knee, holding a sceptre with a straight shaft, forked bottom and head of the Seth animal (S40), and a tie or strap, used with sandals (ankh sign, S34), at the loop, horizontally; left arm forward, hand above the lap, holding a tie or strap, used with sandals (ankh sign, S34), at the loop, horizontally.",ꞽtmw,Classifier divinity,,,,,,A051R
13648,U+13648,,A-25-024,C,"Man, seated on a chair, right arm extended forwards, holding a staff at an angle, left arm in front of the body, with the hand on the lap.",ḥmsꞽ,"Classifier to abide, to occupy",A285,"37,11",A285,,,HJ A285
13649,U+13649,,A-25-033,,,,,A63A,"38,1",A63A,,,HJ A063A
1364A,U+1364A,,A-25-034,C,"God, with long-curved beard and uraeus on the forehead, seated on a block throne on a base, no arms visible, with a flagellum (S45) on top of its knee.",špsꞽ,Logogram (to be noble),,,,,,A063C
1364B,U+1364B,,A-25-035,C,"God, with long-curved beard and uraeus on the forehead, seated on a block throne, both arms in front of the chest, right hand holding a crook (S38), opening inward, angled over the right shoulder, left hand holding a flagellum (S45), angled over the left shoulder.",,,A63B,,A63B,,,HJ A063B
1364C,U+1364C,,A-25-036,C,"Man, without beard, short hair/wig, seated on a block throne, no arms visible.",sꜥḥ,Classifier noble,A50A,"38,2",A50A,,,HJ A050A
1364D,U+1364D,,A-25-037,C,"God, with long-curved beard, seated on a chair, with a two-feather headdress mounted on the horns of a ram on its head, both arms extended forwards, forearms horizontal, one above the other, holding a flagellum (S45) and crook, opening inwards (S38). ",šps.w,Logogram/phonemogram (costly offerings),A288,"38,3",A288,,,HJ A288
1364E,U+1364E,,A-25-041,C,"Man, with a short straight beard, seated on nothing, both arms extended forward, forearms horizontal, one above another, holding a flagellum (S45).",špsꞽ,Logogram (to be noble),A51G,,A51G,,,HJ A051G
1364F,U+1364F,,A-25-044,,,,,A50G,,A50G,,,HJ A050G
13650,U+13650,,A-25-045,C,"Man, with short straight beard, seated on a chair, no arms visible, with a tie or strap, used with sandals (ankh sign, S34), which angles forward, on the knee.",,Classifier revered person,,,,,,A050I
13651,U+13651,,A-25-046,C,"Child, naked, wearing the hmhm crown (S61), seated upon a block throne on a base, right arm raised in front with hand to mouth, left arm in front, forearm horizontal, holding a tie or strap, used with sandals (ankh sign, S34), which angles forward.",ḥr-smꜣ-tꜣ.wy,Logogram (Harsomtus),,,,,,A532
13652,U+13652,,A-26-006,C,"God, seated, both knees up, with covered legs and arms, with long wig, without a beard.",,Classifier divinity,,,,,,A515
13653,U+13653,,A-26-009,C,"God, seated, both knees up, with covered legs and arms, with a long-curved beard, wearing a coif with uraeus.",,,,,,,,A041B
13654,U+13654,,A-26-015,C,"God, seated, both knees up, with covered legs and arms, with a long wig, without a beard, holding a sceptre with a straight shaft, topped with the head of the Seth animal.",mr.ty,Classifier divinity,,,,,,A515A
13655,U+13655,,A-26-016,C,"God, seated, both knees up, with covered legs and arms, with a long-curved beard and long wig, holding a holding a flagellum (S45).",,Classifier divinity,,"39,2",A40B,,,A040B
13656,U+13656,,A-26-017,C,"King, seated, both knees up, with covered legs and arms, with a long straight beard and long wig, holding a flagellum (S45).",n(y)-sw.t,Classifier king,A40B,"39,3",,,,A040S
13657,U+13657,,A-26-021,C,"God/king, seated, both knees up, with covered legs and arms, with a long wig, without a beard, holding a crook (S38) with the opening outwards.",n(y)-sw.t,Classifier king,,"39,7",,,,A040P
13658,U+13658,,A-26-022,,,,,A40C,"39,8",A40C,,,HJ A040C
13659,U+13659,,A-26-025,C,"King, seated, both knees up, with covered legs and arms, with a long straight beard, wearing a coif with uraeus, holding a crook (S38) with the opening inwards.",ꞽ,Logogram (first person singular),A42A,"39,11",A42A,,,A042F
1365A,U+1365A,,A-26-026,,,,,A40D,"39,13",A40D,,,HJ A040D
1365B,U+1365B,,A-26-035,C,"God, seated, both knees up, with covered legs and arms, with a long-curved beard and long wig, holding a tie or strap, used with sandals (ankh sign, S34), which angles forward.",ꞽtmw,Classifier divinity,,"40,3",A40E,,,A040E
1365C,U+1365C,,A-26-037,C,"King, seated, both knees up, with covered legs and arms, with a long straight beard, wearing a coif with uraeus, holding a tie or strap, used with sandals (ankh sign, S34), which angles forward.",ꞽ,Logogram (first person singular),A42C,,A42C,,,HJ A042C
1365D,U+1365D,,A-26-038,C,"God, seated, both knees up, with covered legs and arms, with a long-curved beard and long wig, holding a knife (T30A), angled slightly forward.",ꞽ,Logogram (first person singular),A290,"40,5",A290,,,HJ A290
1365E,U+1365E,,A-26-039,C,"God, seated, both knees up, with covered legs and arms, with a long-curved beard and long wig, holding a sceptre (S42) vertically.",sḫm,Logogram (powerful one),A291,"40,6",A291,,,HJ A291
1365F,U+1365F,,A-26-040,C,"God, seated, both knees up, with covered legs and arms, with a long-curved beard and long wig, holding a club used by washermen for beating laundry (U36) vertically.",ḥm,Logogram (majesty),A292,"40,7",A292,,,HJ A292
13660,U+13660,,A-26-046,C,"King, seated, both knees up, with covered legs and arms, with a long straight beard, wearing a coif with uraeus, holding a sedge (M23), with the tip curving outwards.",n.y-sw.t,Logogram (king),,,,,,A040G
13661,U+13661,,A-26-052,C,"Man, seated, both knees up, with covered legs and arms, with long, curved beard, short hair/wig, holding a dung beetle (scarab, L1).",ḫprꞽ,Logogram (Khepri),,,,,,A533
13662,U+13662,,A-27-001,C,"Man, standing, right arm forward, holding a crook (S38) at the same size as the man vertically, left arm hanging beside the body.",ḥḳꜣ,Logogram (to rule),A296E,"40,13",A296E,,,HJ A296E
13663,U+13663,,A-27-002,C,"Man, standing, right arm forward, holding a crook (S38) at the same size as the man vertically, left arm hanging beside the body, standard used for carrying religious symbols, with a loop under the horizontal beam, running over the vertical pole (R12A).",ḥḳꜣ-ꜥnḏ.ty,Logogram (ruler of the 9th nome of Lower Egypt),,,,,,A021G
13664,U+13664,,A-27-003,C,"Man, standing, right arm forward, holding a crook (S38) at the same size as the man vertically, left arm hanging beside the body, holding a flagellum (S45) horizontally.",ḥḳꜣ,Logogram (ruler),A296,"40,14",A296,,,HJ A296
13665,U+13665,,A-27-006,C,"King, standing, with a long wig or headcloth, with uraeus, right arm in front of the body, holding a stick angled against the right shoulder, left arm hanging beside the body.",ẖn.ty,Classifier statue,A23C,"40,15",A23C,,,HJ A023C
13666,U+13666,,A-27-008,C,"Man, standing, right arm forward, holding a sceptre with a straight shaft, a forked base, topped with the head of the Seth animal (wAs, S40); left arm hanging beside the body.",ꞽt.y,Logogram (sovereign),A296B,"41,2",A296B,,,HJ A296B
13667,U+13667,,A-27-010,C,"God, standing, with N6 (The sun, encircled by a cobra (Naja haje), standing up, with expanded hood (uraeus)) upon his head, with long-curved beard and long wig, right arm forward, holding a sceptre with a straight shaft, a forked base, topped with the head of the Seth animal (wAs, S40); left arm hanging beside the body.",šps,"Logogram (noble, splendid)",C261,,C261,,,HJ C261
13668,U+13668,,A-27-015,C,"The king, standing, with a long wig and uraeus, right arm forward, holding a stick/staff which is angled towards the body, left arm hanging beside the body, holding a piece of cloth.",ꞽt.y,Classifier sovereign,A23A,"41,6",A23A,,,HJ A023A
13669,U+13669,,A-27-018,C,"Man, standing, right arm forward, holding a staff/stick; left arm hanging beside the body, holding a flagellum (S45) horizontally.",ꞽt.y,Logogram (sovereign),A508,,A508,,,HJ A508
1366A,U+1366A,,A-27-020,,,,,A23E,"41,8",A23E,,,HJ A023E
1366B,U+1366B,,A-27-025,,,,,A23H,,A23h,,,HJ A023H
1366C,U+1366C,,A-27-026,C,"Man, standing, wearing a long sash-kilt, right arm forward, hand below the waist, holding a one handed fan (S37), with the curve outward, left arm hanging beside the body.",,Classifier personal name,A455,,A455,,,HJ A455
1366D,U+1366D,,A-27-029,C,"A statue of the king, standing, with a long straight beard, uraeus and coif, with the left arm vertically over the body.",ꞽrw,Classifier statue,A298,,A298,,,HJ A298
1366E,U+1366E,,A-27-031,C,"Man, standing, with uraeus on the forehead, both arms raised in front, hands held vertically, hand palms outwards.",smnḥ,"Classifier praying, worshipping",,,,,,A030A
1366F,U+1366F,,A-28-003,C,"King, seated, both knees up, with covered legs and arms, with a long straight beard, wearing the white crown (S1).",n.y-sw.t,Classifier king,,,,,,A043N
13670,U+13670,,A-28-004,C,"God, seated, both knees up, with covered legs and arms, with a long-curved beard, wearing the white crown (S1).",kꜣ-ḥtp,Classifier divinity,,"41,12",,,,A043X
13671,U+13671,,A-28-006,C,"King, seated, both knees up, with covered legs and arms, with a long straight beard, wearing the white crown with uraeus (S1A), holding a tie or strap, used with sandals (ankh sign, S34) vertically.",n.y-sw.t,Classifier king,A43A,"42,2",A43A,,,A043U
13672,U+13672,,A-28-009,C,"God, seated, both knees up, with covered legs and arms, with a long-curved beard, wearing the white crown (S1), holding a flagellum (S45).",ḫnt.y-ꞽmn.tyw,Classifier divinity,,"42,5",,,,A043Q
13673,U+13673,,A-28-011,C,"King, seated, both knees up, with covered legs and arms, with a long straight beard, wearing the white crown with uraeus (S1A), holding a flagellum (S45).",n.y-sw.t,Classifier king,A43B,,A43B,,,HJ A043B
13674,U+13674,,A-28-012,C,"King, seated, both knees up, with covered legs and arms, with a long straight beard, wearing the white crown (S1), holding a crook (S38) vertically, with the opening inwards.",n.y-sw.t,Classifier king,,"42,8",,,,A043R
13675,U+13675,,A-28-013,C,"God, seated, both knees up, with covered legs and arms, with a long-curved beard, wearing the white crown with uraeus (S1A), holding a crook vertically, with the opening inwards.",nṯr,Classifier divinity,A43C,"42,10",A43C,,,HJ A043C
13676,U+13676,,A-28-014,C,"King, seated, both knees up, with covered legs and arms, with a long straight beard, wearing the white crown with uraeus (S1A), holding a crook (S38) vertically, with the opening outwards.",n.y-sw.t,Logogram (king of Upper Egypt),A43J,"42,12",A43J,,,HJ A043J
13677,U+13677,,A-28-015,C,"King, seated, both knees up, with covered legs and arms, with a long straight beard, wearing the white crown (S1), holding a crook (S38) vertically, with the opening outwards.",n.y-sw.t,Classifier king,,,,,,A043S
13678,U+13678,,A-28-018,C,"King, seated, both knees up, with covered legs and arms, with a long straight beard, wearing the white crown with uraeus (S1A), holding a sceptre with a straight shaft, topped with the head of the Seth animal vertically.",n.y-sw.t,Classifier king,A43D,"42,15",A43D,,,HJ A043D
13679,U+13679,,A-28-020,C,"God, seated, both knees up, with covered legs and arms, with a long-curved beard, wearing the white crown (S1), holding a flagellum (S45) and crook (S38), with the opening inwards.",ḫnt.y-ꞽmn.tyw,Classifier divinity,A43L,"43,2",A43L,,,HJ A043L
1367A,U+1367A,,A-28-021,C,"God, seated, both knees up, with covered legs and arms, with a long-curved beard, wearing the white crown with uraeus (S1A), holding a flagellum (S45) and crook (S38), with the opening inwards.",n.y-sw.t,Logogram (king of Upper Egypt),A43E,"43,3",A43E,,,HJ A043E
1367B,U+1367B,,A-28-024,C,"King, seated, both knees up, with covered legs and arms, with a long straight beard, wearing the white crown with uraeus (S1A), holding a flagellum (S45) and mace (T3).",n.y-sw.t,Logogram (king of Upper Egypt),A43I,,A43I,,,HJ A043I
1367C,U+1367C,,A-28-025,C,"King, seated, both knees up, with covered legs and arms, with a long straight beard, wearing the white crown with uraeus (S1A), holding a sedge (M23), with the tip curving outwards.",n.y-sw.t,Logogram (king of Upper Egypt),A43F,"43,7",A43F,,,HJ A043F
1367D,U+1367D,,A-28-026,C,"King, seated, both knees up, with covered legs and arms, with a long straight beard, wearing the white crown with uraeus (S1A), holding a club used by washermen for beating laundry (U36) vertically.",ḥm,Logogram (majesty),A43G,"43,8",A43G,,,HJ A043G
1367E,U+1367E,,A-28-029,C,"God, seated, both knees up, with covered legs and arms, wearing the white crown (S1), holding a column with a base, with a tenon at the top (O28B).",ꞽwn.y,Logogram (he of Heliopolis),,,,,,A043P
1367F,U+1367F,,A-28-030,C,"King, seated, both knees up, with covered legs and arms, with a long straight beard, wearing the white crown (S1), holding the white crown (S1).",ḥḏ.t,Logogram (the white crown),,,,,,A043T
13680,U+13680,,A-28-031,C,"God, seated, both knees up, foot flat on the ground, heels touching the thighs, with a long-curved beard, wearing the white crown (S1), both arms forward, holding a flagellum (S45).",wsꞽr,Classifier divinity,A274A,,A274A,,,HJ A274A
13681,U+13681,,A-28-033,C,"God, seated on a block throne, with a long-curved beard, wearing the white crown (S1), no arms visible.",wsꞽr,Classifier Osiris,,,,,,A299G
13682,U+13682,,A-28-036,C,"King, seated on a block-throne, with a long straight beard, wearing the white crown (S1), no arms visible, with a flagellum on his knee.",n.y-sw.t,Classifier king,,"43,13",,,,A299I
13683,U+13683,,A-28-037,C,"God, seated on a block-throne, with a long-curved beard, wearing the white crown (S1), no arms visible, with a flagellum (S430 and a crook (S38), opening upwards, on his knee.",,,,,,,,A299H
13684,U+13684,,A-28-042,C,"King, standing, with a long straight beard, wearing the white crown with uraeus (S1A), right arm forward, holding a crook (S38) of the size of the king vertically, opening outwards, left arm hanging beside the body, holding a flagellum (S45) horizontally.",n.y-sw.t,Logogram (king of Upper Egypt),A300,"43,16",A300,,,HJ A300
13685,U+13685,,A-28-043,C,"King, standing, with a long straight beard, wearing the white crown with uraeus (S1A), right arm forward, holding a crook (S38) of the size of the king vertically, opening outwards, and a flagellum (S45) in front of the crook, left arm hanging beside the body, holding a flagellum (S45) horizontally.",n.y-sw.t,Logogram (king of Upper Egypt),,,,,,A300K
13686,U+13686,,A-28-054,C,"King, standing, with a long straight beard, wearing the white crown (S1), right arm forward, holding a stem of papyrus with a flowering bud (M127), of the height of the king, left arm hanging beside the body, holding a flagellum (S45) horizontally.",n(.y)-sw.t & tꜣ,"Logogram (king of Upper Egypt and land, when occurring together with king of Lower Egypt forms n(.y)-sw.t-bꞽ.ty nb tꜣ.wy)",,,,,,A300H
13687,U+13687,,A-28-055,C,"King, standing, with a long straight beard, wearing the white crown (S1), right arm forward, holding a stem of papyrus with a flowering bud (M127), of the height of the king, left arm hanging beside the body.",n(.y)-sw.t & tꜣ,Logogram (king of Upper Egypt and land when occurring together with red crown wearing variant forms n(.y)-sw.t-bꞽ.ty nb tꜣ.wy),,,,,,A300I
13688,U+13688,,A-28-056,C,"King, standing, with a long straight beard, wearing the white crown (S1), right arm forward, holding a sceptre with a straight shaft, a forked base, topped with the head of the Seth animal (wAs, S40) of the height of the king, left arm hanging beside the body, holding a flagellum (S45) horizontally.",n(.y)-sw.t,Logogram (king of Upper Egypt),,,,,,A300J
13689,U+13689,,A-28-057,C,"God, in mummy form, standing upright on a platform, with a long-curved beard, wearing the white crown (S1), both arms forward, holding a sceptre with a straight shaft, forked bottom and head of the Seth animal (S40) of the same size as the god, vertically, with a tie or strap, used with sandals (ankh sign, S34), on the middle of the headpiece of the staff, angled forwards.",wsꞽr,Logogram (Osiris),,,,,,A521
1368A,U+1368A,,A-29-002,C,"King, seated, both knees up, with covered legs and arms, with a long straight beard, wearing the red crown with (S3).",bꞽ.ty,Logogram (king of Lower Egypt),,"44,5",,,,A045X
1368B,U+1368B,,A-29-003,C,"King, seated, both knees up, with covered legs and arms, with a long straight beard, wearing the red crown with (S3), holding a flagellum (S45).",bꞽ.ty,Logogram (king of Lower Egypt),A45A,"44,8",A45A,,,A045F
1368C,U+1368C,,A-29-008,C,"King, seated, both knees up, with covered legs and arms, with a long straight beard, wearing the red crown with (S3), holding a flagellum (S45) and a crook (S38) with the opening inwards.",bꞽ.ty,Logogram (king of Lower Egypt),A45C,"44,10",A45C,,,HJ A045C
1368D,U+1368D,,A-29-012,C,"King, seated, both knees up, with covered legs and arms, with a long straight beard, wearing the red crown with (S3), holding a crook (S38) vertically, with the opening inwards.",bꞽ.ty,Logogram (king of Lower Egypt),A45D,"44,14",A45D,,,HJ A045D
1368E,U+1368E,,A-29-013,C,"King, seated, both knees up, with covered legs and arms, with a long straight beard, wearing the red crown with (S3), holding a crook (S38) vertically, with the opening outwards.",bꞽ.ty,Logogram (king of Lower Egypt),,,,,,A045G
1368F,U+1368F,,A-29-014,C,"King, seated, both knees up, with covered legs and arms, with a long straight beard, wearing the red crown with (S3), holding a tie or strap, used with sandals (ankh sign, S34) vertically.",n(y)-sw.t,Classifier king,A45E,,A45E,,,HJ A045E
13690,U+13690,,A-29-017,C,"King, standing, with a long straight beard, wearing the red crown (S3), right arm forward, right hand at the height of the shoulder, holding a sceptre (S42), left arm forward, left hand at the height of the waist, holding a stick/staff which runs from the right toe to the left hand, and a mace (T3), angled forward.",bꞽ.ty,Logogram (king of Lower Egypt),A302B,"45,1",A302B,,,HJ A302B
13691,U+13691,,A-29-018,C,"King, seated on a block-throne, with a long straight beard, wearing the red crown (S3), no arms visible.",ꞽt.y,Classifier sovereign,A301,"45,2",A301,,,HJ A301
13692,U+13692,,A-29-019,C,"King, seated on a block-throne, with a long straight beard, wearing the red crown (S3), both arms forward, forearms horizontal, one above the other, holding a flagellum (S45).",n.y-sw.t,Classifier king,A301A,"45,3",A301A,,,HJ A301A
13693,U+13693,,A-29-022,C,"King, standing, with a long straight beard, wearing the red crown (S3), right arm forward, holding a stem of papyrus with a bud (M131), of the height of the king, left arm hanging beside the body, holding a flagellum (S45) horizontally.",bꞽ.ty tꜣ,"Logogram (king of Lower Egypt and land, when occurring together with king of Upper Egypt forms n(.y)-sw.t-bꞽ.ty nb tꜣ.wy)",,,,,,A302H
13694,U+13694,,A-29-023,C,"King, standing, with a long straight beard, wearing the red crown (S3), right arm forward, holding a stem of papyrus with a bud (M131), of the height of the king, left arm hanging beside the body.",bꞽ.ty tꜣ,"Logogram (king of Lower Egypt and land, when occurring together with a white crown variant forms n(.y)-sw.t-bꞽ.ty nb tꜣ.wy)",,,,,,A302I
13695,U+13695,,A-29-024,C,"King, standing, with a long straight beard, wearing the red crown (S3), right arm forward, holding a sceptre with a straight shaft, a forked base, topped with the head of the Seth animal (wAs, S40) of the height of the king, left arm hanging beside the body, holding a flagellum (S45) horizontally.",n(.y)-sw.t,Logogram (king of Upper Egypt),,,,,,A302J
13696,U+13696,,A-29-027,C,"King, running, with a long straight beard, wearing the red crown (S3), right arm extended forwards, hand at the height of the shoulder, holding a vertical hourglass-shaped shaped document holder (R88), left arm in front of the body.",pḥrr,Logogram (to run),,,,,,A303A
13697,U+13697,,A-29-030,C,"King, seated on heel, right knee raised, with a long straight beard, wearing the red crown (S3), both arms forward, holding a loaf of bread on a reed mat (R4) horizontally.",ḥtp-dꞽ-n.y-sw.t,Logogram (an offering that the king gives),A57D,,A57D,,,HJ A057D
13698,U+13698,,A-30-001,C,"King, seated, both knees up, with covered legs and arms, with a long straight beard, wearing the double crown (S5).",ṯ,Phonemogram,A304,"45,6",A304,,,HJ A304
13699,U+13699,,A-30-002,C,"God, seated, both knees up, with covered legs and arms, with a long, curved beard, wearing the double crown (S5).",ꞽtmw,Logogram (Atum),C32B,,C32B,,,HJ C032B
1369A,U+1369A,,A-30-003,C,"King, seated, both knees up, with covered legs and arms, with a long straight beard, wearing the double crown (S5), holding a tie or strap, used with sandals (ankh sign, S34), angled forwards.",ꞽ,Logogram (first person singular),A304A,"45,7",A304A,,,HJ A304A
1369B,U+1369B,,A-30-006,C,"King, seated, both knees up, with covered legs and arms, with a long straight beard, wearing the double crown (S5), holding a flagellum (S45) and a crook (S38) with the opening inwards.",n(y)-sw.t-bꞽ.ty,Logogram (king of Upper and Lower Egypt),A304C,"45,10",A304C,,,HJ A304C
1369C,U+1369C,,A-30-007,C,"King, seated, both knees up, with covered legs and arms, with a long straight beard, wearing the double crown (S5), holding a club used by washermen for beating laundry (U36) vertically.",pꜣ-nṯr-mnḫ,Classifier king/divinity,A304D,"45,11",A304D,,,HJ A304D
1369D,U+1369D,,A-30-008,C,"God, seated, both knees up, with covered legs and arms, with a long-curved beard, wearing the double crown (S5), holding a crook (S38) vertically, with the opening inward.",pꜣ-nṯr-mnḫ,Classifier king/divinity,A304E,,A304E,,,HJ A304E
1369E,U+1369E,,A-30-009,C,"God, seated, both knees up, with covered legs and arms, with a long-curved beard, wearing the double crown (S5), holding a flagellum (S45).",ꞽtmw,Logogram (Atum),A304F,,A304F,,,HJ A304F
1369F,U+1369F,,A-30-010,C,"King, seated, both knees up, with covered legs and arms, with a long straight beard, wearing the double crown (S5), holding a sceptre with a straight shaft, topped with the head of the Seth animal vertically.",ꞽtmw,Classifier divinity,A304G,,A304G,,,HJ A304G
136A0,U+136A0,,A-30-011,C,"God, seated, both knees up, with covered legs and arms, with a long, curved beard, wearing the double crown (S5), holding a sceptre with a straight shaft, topped with the head of the Seth animal vertically. ",ꞽtmw,Logogram (Atum),C32,"60,9",C32,,,HJ C032
136A1,U+136A1,,A-30-013,C,"King, seated on a block-throne, with a long straight beard, wearing the double crown (S5), both arms forward, forearms horizontal, one above the other, holding a flagellum (S45).",ꞽt.y,Classifier sovereign,A305,"45,12",A305,,,HJ A305
136A2,U+136A2,,A-30-021,C,"King, standing, with a long straight beard, wearing the double crown (S5), right arm forward, hand at the height of the waist, holding a sceptre with a straight shaft, forked bottom and head of the Seth animal (S40) of the same size as the king, vertically, left arm hanging beside the body holding a flagellum (S45) horizontally.",n(y)-sw.t-bꞽ.ty,Logogram (king of Upper and Lower Egypt),,,,,,A310E
136A3,U+136A3,,A-30-026,,,,,A307,"45,15",A307,,,HJ A307
136A4,U+136A4,,A-30-027,C,"The king, wearing the blue crown, prostrating on a base, right knee forward, left leg nearly horizontal, arm forward, holding a vessel with a pellet of incense upon it.",,Pictogram prostrate offering a vase of myrrh,,,US1A22VARA,,,A307A
136A5,U+136A5,,A-30-038,C,"Man, standing, wearing headdress consisting of a double plume mounted on ram horns, right arm forward, holding a staff/stick that angles towards the man, left arm hanging besides the body.",ꞽt.y,Logogram (sovereign),A311,"46,4",A311,,,HJ A311
136A6,U+136A6,,A-30-042,C,"Man, standing, wearing headdress consisting of a double plume mounted on ram horns, right arm forward, holding a crook (S38) of the size of the man, vertically, left arm hanging besides the body, holding a flagellum (S45) horizontally.",ꞽt.y,Classifier sovereign,A311A,"46,7",A311A,,,HJ A311A
136A7,U+136A7,,A-30-043,C,"Man, standing, wearing headdress consisting of a double plume mounted on ram horns, right arm forward, holding a staff/stick that angles towards the man, left arm hanging besides the body, holding a flagellum (S45) horizontally.",ꞽt.y,Classifier sovereign,A311B,"46,8",A311B,,,HJ A311B
136A8,U+136A8,,A-30-044,,,,,A311D,,A311D,,,HJ A311D
136A9,U+136A9,,A-30-045,C,"Man, standing, wearing headdress consisting of a double plume mounted on ram horns, right arm forward, holding a staff/stick that angles towards the man, left arm hanging besides the body, holding a mace with a pear-shaped head (T3) horizontally, mace-head sticking out in front of the legs.",ꞽt.y,Logogram (sovereign),A311C,,A311C,,,HJ A311C
136AA,U+136AA,,A-30-046,C,"Man, standing, wearing headdress consisting of a double plume mounted on ram horns, right arm forward, holding a crook (S38) of the size of the man, vertically, left arm hanging besides the body.",ꞽt.y,Logogram (sovereign),A311E,,A311E,,,HJ A311E
136AB,U+136AB,,A-30-047,,,,,A311F,,A311F,,,HJ A311F
136AC,U+136AC,,A-30-049,C,"Man, standing upon a standard used for carrying religious symbols (R12), wearing headdress consisting of a double plume mounted on ram horns, right arm forward, holding a crook (S38) of the size of the man, vertically, left arm hanging besides the body.",ꜥnḏ,Logogram/phonemogram (in ꜥnḏ.ty (Busiris)),A466,,A466,,,HJ A466
136AD,U+136AD,,A-30-050,C,"Man, standing on a standard used for carrying religious symbols (R12), wearing headdress consisting of a double plume mounted on ram horns, right arm forward, holding a staff/stick that angles towards the man, left arm hanging besides the body.",ꜥnḏ.ty,Logogram (9th nome of Lower Egypt),A466A,,A466A,,,HJ A466A
136AE,U+136AE,,A-30-055,,"God (Shu) seated, both knees up, with covered legs and arms, with a long, curved beard, with a feather (H6) on the head, holding a sceptre with a straight shaft, topped with the head of the Seth animal vertically.",ḥm,Classifier majesty (specifically referring to Shu),,,,,,A534
136AF,U+136AF,,A-30-057,C,"God, seated, both knees up, with covered legs and arms, with a long, curved beard, wearing the red crown (S1)/Double crown (S5), with 2 plumes on top of the horns of a ram on top/within the red crown/double crown; holding a sceptre with a straight shaft, topped with the head of the Seth animal vertically.",gbb,Classifier divinity (Geb),,,,,,A535
136B0,U+136B0,,A-31-004,,,,,A52J,,A52J,,,HJ A052J
136B1,U+136B1,,A-31-006,C,"Man, seated, both knees down, with short straight beard, without arms, with a flagellum (S45) on its knees.",,Classifier name (deceased person),A52A,"46,13",A52A,,,HJ A052A
136B2,U+136B2,,A-31-007,C,"Man, seated, both knees down, with short straight beard, without arms, with a tie or strap, used with sandals (ankh sign, S34), angled forwards, on its knees.",,Classifier name (deceased person),A52B,"46,14",A52B,,,HJ A052B
136B3,U+136B3,,A-31-011,,,,,A52E,"47,3",A52E,,,HJ A052E
136B4,U+136B4,,A-31-012,,"Man, seated, both knees down, with short straight beard, without arms, with a flower on the knee, which curves towards the face, with the flower in front of the face.",,Classifier name (deceased person),A52F,,A52F,,,HJ A052F
136B5,U+136B5,,A-32-003,C,"A mummy with a long-curved beard, wearing the white crown (S1), standing upright.",wsꞽr,Classifier divinity,A341,,A341,,,HJ A341
136B6,U+136B6,,A-32-004,C,"A mummy with a long-curved beard, wearing the white crown (S1), standing upright, covered arms crossed in front of the chest.",ḫnt.y-ꞽmn.tyw,Classifier divinity,,,,,,A341A
136B7,U+136B7,,A-32-005,C,"A mummy with a long-curved beard, standing upright, both arms forward, forearms horizontally, one above another.",ꞽr.w,Classifier creation/form,A53A,,A53A,,,HJ A053A
136B8,U+136B8,,A-32-009,C,"A mummy with a long-curved beard, lying horizontally (A54) on top of a bed, with a leonid head, legs and tail (Q19), with the head towards the front.",sḏr,Classifier to sleep/to spend the night,A55A,"341,4",A55A,,,HJ A055A
136B9,U+136B9,,A-33-003,C,"A statue of the king, standing on a base, with a long straight beard, uraeus and coif, right arm forward, holding a staff/stick, left hand hanging beside the body, holding a piece of cloth.",ẖn.ty,Classifier statue,,,,,,A023I
136BA,U+136BA,,A-33-004,,,,,B73,"47,9",B73,,,HJ B073
136BB,U+136BB,,A-33-007,C,"A block statue of a seated man, knees raised with arms on the knees, while covered, without beard.",twt,Classifier statue,,"47,12",A313,,,A313
136BC,U+136BC,,A-33-009,,,,,A333,,A333,,,HJ A333
136BD,U+136BD,,A-33-010,C,"A statue of a man, standing on a base, with a support at the back, with the left arm vertically over the body.",mnw,Logogram (statue),,,,,,A333A
136BE,U+136BE,,A-33-011,C,"A statue of a mummy with a long-curved beard, standing upright on a base, with a support at the back.",mnw,Classifier statue,A336,,A336,,,HJ A336
136BF,U+136BF,,A-33-014,C,"A god, with slightly curved beard and straight wig, recumbent on a rectangular carrying chair, covered by cloth.",wr-ꜥ,Classifier carrying chair,A450,,A450,,,HJ A450
136C0,U+136C0,,A-33-015,C,"A god, with a long-curved beard and short hair/wig, with a forwards and backwards curving line on the head, recumbent on a rectangular carrying chair, covered by cloth.",ꜥḳ.t-m-rw.ty,Classifier divinity,,,,,,A450A
136C1,U+136C1,,A-33-017,C,"A statue of a woman, wearing a long dress, standing on a base, with a support at the back, with the left arm vertically over the body.",smn,Classifier statue,,,,,,A536
136C2,U+136C2,,A-33-018,C,"A mummy, with a long-curved beard, standing on a platform in front of an obelisk.",mn.w,Logogram (monument)?,A66,,A66,,,A066B
136C3,U+136C3,,A-34-003,C,"A cursive form of a man, standing, bent forwards, one arm forward, carrying a stick with a bundle or a mat over his shoulders, bundle behind the back.",,,A33C,,A33C,,,HJ A033C
136C4,U+136C4,,A-34-004,C,"A man, lying down on a bed, facing upwards, knees slightly bent, right arm under the body, left arm over the body.",nhsꞽ,Classifier to awake,A103,,A103,,,HJ A103
136C5,U+136C5,,A-34-005,C,"Man, written horizontally, facing down, right arm in front, left arm over the body, on top of a bed.",sḏr,Classifier to sleep,A104,,A104,,,HJ A104
136C6,U+136C6,,A-34-007,C,"A naked man, lying face down, arms extended in front, on top of a bed with leonid legs and tail.",ẖꜣ.t,Classifier,,,,,,A104D
136C7,U+136C7,,A-34-008,C,"A mummy with a long straight beard and uraeus, lying belly down, head raised on top of a bed, with a leonid legs and tail.",ẖꜣ.t,Classifier corpse,,,,,,A104C
136C8,U+136C8,,A-34-009,C,"A man, mummy form, without beard, lying on a bed with short triangular bedposts, facing upwards.",sḏr,Classifier to sleep,A104B,,A104B,,,HJ A104B
136C9,U+136C9,,A-34-010,C,"The king, seated on heel, both knees down, with a long straight beard, uraeus and coif/long wig, both arms forward, at the top of a sealed ointment jar (W2).",snn,Classifier (ointment vessel in the shape of the king),A153,,A153,,,HJ A153
136CA,U+136CA,,A-34-011,C,"The king, seated on heel, both knees down, with a long straight beard, uraeus and coif/long wig, back bent forward, arm forward, hand at the height of the waist, holding a cup or vessel (W10).",ꞽrp,Classifier wine,A153A,,A153A,,,HJ A153A
136CB,U+136CB,,A-34-012,C,"The king, seated on heel, right knee raised, with long straight beard and uraeus, with arms raised in front, hand palms facing outwards.",dwꜣ,Logogram (to venerate),,,,,,A153B
136CC,U+136CC,,A-34-013,C,"Man/king, seated, right knee raised, arms raised at either side of the body, right hand holding a tie or strap, used with sandals (ankh sign, S34) of the same height as the man, left hand holding a sceptre with a straight shaft, a forked base, topped with the head of the Seth animal (wAs, S40) in the left hand.",ḥḥ,Phonemogram/logogram (million/many),,,,,,A537
136CD,U+136CD,,A-34-014,C,"Two men, standing, facing each other, arms extended forwards, hands at the height of the waist, holding one side of a loop of cord with the ends upwards (V6).",š,Phonemogram,A432,,A432,,,HJ A432
136CE,U+136CE,,A-34-015,C,"Two men, standing, both facing forwards, back bent forwards, arms down at either side of the body, holding a rope at the height of the knees, which curves downwards at either end.",,,A433,,A433,,,HJ A433
136CF,U+136CF,,A-34-018,C,"Man and woman, standing, facing each other, man, left arm raised, extended towards the face of the woman, right arm hanging beside the body; woman, arms hanging at either side of the body.",mrꞽ,Logogram (to love),A437,,A437,,,HJ A437
136D0,U+136D0,,A-34-019,C,"Man and woman, copulating on a bed.",nꞽw.ty=f,Logogram (his townsman),A438,,A438,,,HJ A438
136D1,U+136D1,,A-34-020,C,"Man, kneeling, both knees down, arms extended forward, facing another man in the same position, holding hands.",ḥꜥb,Classifier playing,A470,,A470,,,HJ A470
136D2,U+136D2,,A-34-021,C,"Man, seated, right knee raised, arms extended forwards, hand palms forwards, facing another man in the same position, hands touching. ",ḥꜥb,Classifier playing,,,,,,A470A
136D3,U+136D3,,A-34-028,C,"God, seated, both knees up, with covered legs and arms, with a long-curved beard and long wig, with two heads with long-curved beard and long wig written overlapping behind the head.",nṯr.w,Logogram (gods),A488,,A488,,,HJ A488
136D4,U+136D4,,B-01-005,C,"Woman, seated, both knees up, with covered legs and arms, with long hair, holding a stem of papyrus with a bud (M131) or flower vertically.",ṯ,Phonemogram,B1A,"48,6",B1A,,,HJ B001A
136D5,U+136D5,,B-01-007,C,"Woman, seated, both knees up, with covered legs and arms, with long hair, holding a club used by washermen for beating laundry (U36) vertically.",ḥm.t,Logogram (majesty),B1B,,B1B,,,HJ B001B
136D6,U+136D6,,B-01-009,C,"Woman, seated, both knees up, with covered legs and arms, with long hair, wearing a diadem.",ꞽ,Logogram (feminine first person singular),B7C,"48,11",B7C,,,HJ B007C
136D7,U+136D7,,B-01-010,C,"Woman, seated, both knees up, with covered legs and arms, with long hair, wearing a diadem and uraeus.",n.t,Classifier divinity,,,,,,B007O
136D8,U+136D8,,B-01-011,,,,,B7A,,B7A,,,HJ B007A
136D9,U+136D9,,B-01-013,C,"Woman, seated, both knees up, with covered legs and arms, with long hair, wearing a diadem and uraeus, holding a tie or strap, used with sandals (ankh sign, S34), which angles forward.",tfn.t,Classifier divinity,,,,,,B007P
136DA,U+136DA,,B-01-015,C,"Woman, seated, both knees up, with covered legs and arms, with long hair, wearing a diadem, holding a sceptre with a straight shaft, topped with the head of the Seth animal vertically.",ṯ,Phonemogram,B7J,,B7J,,,HJ B007J
136DB,U+136DB,,B-01-017,C,"Woman, seated, both knees up, with covered legs and arms, with long hair, wearing a diadem, holding a stem of papyrus with a bud (M131) or flower vertically.",ẖrsk.t,Classifier divinity,B7E,"48,14",B7E,,,HJ B007E
136DC,U+136DC,,B-01-019,C,"Woman, seated, both knees up, with covered legs and arms, with long hair, wearing a diadem, holding a flagellum (S45).",ḥḳꜣ.t,Classifier ruler,B7F,"49,2",B7F,,,HJ B007F
136DD,U+136DD,,B-01-025,,,,,B7I,,B7I,,,HJ B007I
136DE,U+136DE,,B-01-026,C,"Woman, seated, both knees up, with covered legs and arms, with long hair, wearing a cup (W10) on her head, holding a stem of papyrus with a bud (M13).",ḥnw.t,Logogram (mistress),,,,,,B007N
136DF,U+136DF,,B-01-028,C,"Woman, seated, both knees up, with covered legs and arms, with long hair, holding a flower which curves forward, with the flower orientated downwards.",ꜥnḫ=s-n-ꜣs.t,Classifier personal name,B1F,"49,8",B1F,,,HJ B001F
136E0,U+136E0,,B-01-030,C,"Woman, seated, both knees up, with covered legs and arms, with long hair, holding a flower which curves towards the face, with the flower in front of the face.",ḥr-ꜥnḫ,Classifier personal name,B1G,"49,10",B1G,,,HJ B001G
136E1,U+136E1,,B-01-032,C,"Woman, seated, both knees up, with covered legs and arms, with long hair, holding a round vessel with an upstanding rim (W24).",n(w)ꞽ,Phonemogram,B1I,,B1I,,,HJ B001I
136E2,U+136E2,,B-01-033,C,"Woman, seated, both knees up, with covered legs and arms, with long hair, holding a feather (H6) vertically.",mꜣꜥ.t,Logogram (Maat),B1E,,B1E,,,HJ B001E
136E3,U+136E3,,B-01-034,C,"Woman, seated, both knees up, with covered legs and arms, with long hair, holding two sticks in a 'v' shape.",ꞽr.y,Phonemogram (in ḥw.t-ꞽr.yw (hall of records/scriptorium)),B51,,B51,,,HJ B051
136E4,U+136E4,,B-01-035,C,"Woman, seated, both knees up, with covered legs and arms, with long hair, with a line coming from the back of the head 45 degree upwards.",ḫft.ywt,Classifier enemy,B53,,B53,,,HJ B053
136E5,U+136E5,,B-01-036,C,"Woman, seated, both knees up, with covered legs and arms, with long hair, and uraeus on the forehead. ",ꞽ,Logogram (first person singular),B56,,B56,,,HJ B056
136E6,U+136E6,,B-01-037,C,"Woman, seated, both knees up, with covered legs and arms, with long hair, with a dotted line coming from the face which angles downwards.",nḫḫ,Classifier youth,B76,,B76,,,HJ B076
136E7,U+136E7,,B-01-039,C,"Woman, seated, both knees up, with covered legs and arms, with long hair, holding a tie or strap, used with sandals (ankh sign, S34), which angles forward.",ṯ,Phonemogram,B1D,,B1D,,,HJ B001D
136E8,U+136E8,,B-01-040,C,"Woman, seated, both knees up, with covered legs and arms, with long hair, holding a sceptre with a straight shaft, topped with the head of the Seth animal vertically.",ꞽmn.t,Classifier divinity,B1J,,B1K,,,B001K
136E9,U+136E9,,B-01-041,C,"Woman, seated, both knees up, with covered legs and arms, with long hair, holding a flagellum (S45).",ḥḳꜣ.t,Classifier ruler,B1K,,B1J,,,B001J
136EA,U+136EA,,B-01-047,C,"Woman, seated, both knees up, with covered legs and arms, with long hair, holding a cup (W10).",ḥnw.t,Logogram (mistress),,,,,,B001Q
136EB,U+136EB,,B-01-049,C,"Woman, seated, both knees up, with covered legs and arms, with long hair, holding a stem of papyrus with a bud (M13).",srḳ.t,Classifier divinity,B1C,,B1C,,,HJ B001C
136EC,U+136EC,,B-01-051,,,,,B10,"49,13",B10,,,HJ B010
136ED,U+136ED,,B-01-053,C,"Woman, seated, both knees up, with covered legs, with long hair, with a cup/vessel (W10) on her head, right arm forward, supporting the cup/vessel at the front, left arm hanging beside the body.",f,Phonemogram,B54,,B54,,,HJ B054
136EE,U+136EE,,B-01-054,C,"Woman, seated, both knees up, with covered legs, with long hair, arms raised in front, hands near the height of the face, hand palms outwards.",ḥm.t,Classifier woman,B18A,,B18A,,,HJ B018A
136EF,U+136EF,,B-01-055,C,"Woman, seated, both knees up, with covered legs, with long hair, left arm forward, with the wrist on the knee, right arm forward, upper arm horizontal, forearm vertical, right hand grasping the wrist of the left arm.",ḳꜣ.t-bꜣ.w,Classifier divinity (title of šntꜣyt),B29,,B29,,,HJ B029
136F0,U+136F0,,B-02-001,C,"Woman, seated, both knees down, no arms visible.",ꜣb.wt,Classifier relationship,B8A,"49,14",B8A,,,HJ B008A
136F1,U+136F1,,B-02-004,,,,,B8C,"50,2",B8C,,,HJ B008C
136F2,U+136F2,,B-02-006,C,"Woman, seated, both knees down, no arms visible, with a lotus bud and stem on the knee, which curves upwards, with the bud pointing upwards at the height of the face.",ṯ,Phonemogram,B8B,"50,6",B8B,,,HJ B008B
136F3,U+136F3,,B-02-007,C,"Woman, seated, both knees down, wearing a diadem, no arms visible, with a flower on the knee, which curves towards the face, with the flower in front of the face.",,Classifier name (deceased person),B8D,,B8D,,,HJ B008D
136F4,U+136F4,,B-02-012,C,"Woman, seated, both knees down, with long hair, with a spindle or spinning tool coming from her waist at 45 degree.",,spindle/spinning tool,B105,,B105,,,HJ B105
136F5,U+136F5,,B-02-014,,,,,B8G,,B8G,,,HJ B008G
136F6,U+136F6,,B-03-001,C,"Woman, seated, both knees down, long hair, arms extended at either side of the body, angling downwards.",snb.t,Classifier barren woman,B12,"50,7",B12,,,HJ B012
136F7,U+136F7,,B-03-002,C,"Woman, seated, both knees down, with long hair, arms extended forwards, towards the knees.",ḥꜣꞽ,Classifier to mourn,B13,"50,8",B13,,,HJ B013
136F8,U+136F8,,B-03-004,C,"Woman, seated, both knees down, with long hair, arm raised in front , hand at the height of the face, hand horizontal, hand palm up.",mrt,Phonemogram (to form mr.ty (the two eyes)),B65,,B65,,,HJ B065
136F9,U+136F9,,B-03-005,C,"Woman, seated, both knees down, with long hair, arms extended forwards, towards the knees, hand palms upwards, with a ripple of water (N35) above the hands.",nyny,Classifier to welcome,B16,"50,15",B16,,,HJ B016
136FA,U+136FA,,B-03-009,C,"Woman, seated, both knees down, with long hair, arms raised in front, hands vertical, hand palms outwards.",dwꜣ,Classifier to praise,B15,"50,14",B15,,,HJ B015
136FB,U+136FB,,B-03-011,C,"Woman, seated, both knees down, with long hair, arm raised in front, hand at the face, hand palm inwards.",ḥꜣ.t,Classifier (mourner),B59,,B59,,,HJ B059
136FC,U+136FC,,B-03-014,C,"Woman, seated, both knees down, with long hair, right arm in front of the body, left arm extended forward, hand on the knee.",wrr.t,classifier divinity,B11,,B11,,,HJ B011
136FD,U+136FD,,B-03-015,,,,,B19,"51,3",B19,,,HJ B019
136FE,U+136FE,,B-03-019,C,"Woman, seated, both knees down, with long hair, both arms forward, with a ball or other round object (tambourine?) between the two hands.",rnn.t,Classifier fortune,B82,,B82,,,HJ B082
136FF,U+136FF,,B-03-020,C,"Woman, seated, both knees down, arms raised in front, upper arms horizontal, hands in a clapping motion, on top of a cover of a quiver without a loop on top.",dḫn & s,Classifier to clap & phonemogram,,,,,,B120
13700,U+13700,,B-04-001,C,"Woman, seated on a chair, with long hair, lower legs separated, no arms visible.",šps,Logogram (to be noble),B21A,"51,6",B21A,,,HJ B021A
13701,U+13701,,B-04-002,C,"Woman, seated on a chair, with long hair, lower legs separated, no arms visible, with a flagellum (S45) on her knee.",šps,Logogram (to be noble),B21B,"51,8",B21B,,,HJ B021B
13702,U+13702,,B-04-003,C,"Woman, seated on a chair, with long hair, both arms forward, forearms horizontal, one above the other, holding a flagellum (S45).",šps,Logogram (to be noble),,,,,,B021J
13703,U+13703,,B-04-006,C,"Woman, seated on a chair, with long hair, lower legs separated, no arms visible, with a flower on the knee, which curves towards the face, with the flower in front of the face.",šps.t,Logogram (noblewoman),B21,"51,9",B21,,,HJ B021
13704,U+13704,,B-04-008,C,"Woman, seated on a chair, with long hair, lower legs separated, no arms visible, with a flower on the knee, which curves forwards, flower hanging downwards near the knee.",šps.t,Logogram (noblewoman),,"51,11",,,,B021H
13705,U+13705,,B-04-011,C,"Woman, seated on a block throne, with long hair, no arms visible.",šps.t,Logogram (noblewoman),B23B,,B23B,,,HJ B023B
13706,U+13706,,B-04-012,C,"Woman, seated on a block throne, with long hair, with an uraeus on the forehead, no arms visible.",ḫnt-kꜣ.w=s,Classifier name female royalty,B94,,B94,,,HJ B094
13707,U+13707,,B-04-013,,,,,B22,"51,13",B22,,,HJ B022
13708,U+13708,,B-04-015,C,"Woman, seated on a block throne without internal detail, on a base, with long hair, right arm in front of the body, left arm extended forward, hand on the knee.",ḥtp-ḥr=s,Classifier personal name,,,,,,B023X
13709,U+13709,,B-04-016,C,"Woman, seated on a block throne, with long hair, both arms forward, forearms horizontal, one above the other, holding a flagellum (S45).",,Classifier personal name,B23A,,B23A,,,HJ B023A
1370A,U+1370A,,B-04-017,C,"Woman, seated on a block throne on a base, with long hair, both arms forward, forearms horizontal, one above the other, holding a flagellum (S45).",šps,Logogram (to be noble),,,,,,B023G
1370B,U+1370B,,B-04-018,,,,,B23F,,B23F,,,HJ B023F
1370C,U+1370C,,B-04-023,C,"Woman, seated on a chair, with long hair, both arms forward, forearms horizontal, one above the other, holding a stem of papyrus with a bud (M131) or flower, of the length of the seated figure, vertically.",šps,Logogram (to be noble),,,,,,B121
1370D,U+1370D,,B-04-024,C,"Woman, seated on nothing, arms at either side of the body, hanging beside the body.",snḏm,Classifier resting,B21D,,B21D,,,HJ B021D
1370E,U+1370E,,B-04-025,C,"Girl, with long hair, seated on nothing, forelegs separated, right arm raised with hand to mouth, left arm hanging beside the body.",rnpꞽ,classifier youth,B78,,B78,,,HJ B078
1370F,U+1370F,,B-05-002,C,"Woman, standing, right arm forward, arm bent, hand slightly higher than the shoulder, holding a flower with a long stem which angles forwards and downwards, just under the flower, which is in front of the face, left arm hanging beside the body.",,Classifier name,,,,,,B032A
13710,U+13710,,B-05-003,C,"Woman, standing, back slightly bent forwards, arms extended forwards, hands at the height of the waist, hand palms upwards, with a ripple of water (N35) above the hands.",nyny,Classifier to welcome,B27,"52,2",B27,,,HJ B027
13711,U+13711,,B-05-005,C,"Woman, standing, wearing a diadem, back slightly bent forwards, arms extended forwards, hands at the height of the waist, hand palms upwards, with a ripple of water (N35) above both hands.",nyny,Classifier to welcome,,,,,,B027B
13712,U+13712,,B-05-010,,,,,B28,,,,,B028A
13713,U+13713,,B-05-011,C,"Woman, standing, with long hair, arms raised in front, hands to the face, hand palms outwards.",ḥ(ꜣ)y.t,Classifier mourners,,,B28,,,B028
13714,U+13714,,B-05-012,C,"Woman, standing, with long hair, arm raised in front, hand to mouth.",sgb.wt,"classifier (screamers, mourners)",B88,,B88,,,HJ B088
13715,U+13715,,B-05-013,C,"Woman, standing, with long hair, arms hanging at either side of the body.",ꜣs.t,Classifier divinity,B24,,B24,,,HJ B024
13716,U+13716,,B-05-015,C,"Woman, standing, with long hair, right arm forward, hand at the height of the waist, left arm over the body, left hand on the waist.",ḫnms.t,Classifier relationship,B24A,,B24A,,,HJ B024A
13717,U+13717,,B-05-016,C,"Woman, standing, with long hair, arms raised at either side of the body, hands horizontal at the height of the top of the head, hand palms upwards.",ḫy,Classifier to raise/to support,B64,,B64,,,HJ B064
13718,U+13718,,B-05-017,C,"Woman, standing, with long hair, arm in front, hand horizontal at the height of the face, hand palm upwards.",šmꜥ,Classifier singing,B65A,,B65A,,,HJ B065A
13719,U+13719,,B-05-021,C,"Woman, standing, with long hair, right arm forward, hand at the height of the waist, holding a sedge (M23) of the height of the woman, with the tip curving forward, left arm hanging beside the body.",sw,Phonemogram,B34,"52,7",B34,,,HJ B034
1371A,U+1371A,,B-05-022,C,"Woman, standing, with long hair, right arm forward, hand at the height of the waist, holding a crook (S38) of the height of the woman, with the opening outward, left arm hanging beside the body.",ḥḳꜣ,Logogram (to rule),B35,"52,8",B35,,,HJ B035
1371B,U+1371B,,B-05-024,C,"Woman, standing, with long hair, bent forward, back nearly horizontal, arms extended forward, hands in an object which resembles a sand covered mountain over the edge of the cultivated areas (N26), in front of the feet.",nḏ,Phonemogram,,,,,,B036C
1371C,U+1371C,,B-05-025,C,"Woman, standing, with long hair, arms raised in front, upper arms horizontal, forearms vertical, holding a snake (or wavy stick) over their head.",ḥꜣy.t,Classifier mourner,B52,,B52,,,HJ B052
1371D,U+1371D,,B-05-026,C,"Woman, standing, with long hair, arms raised at either side of the body, hands horizontal at the height of the top of the head, hand palms upwards, holding up the sky (N1).",,,B58,,B58,,,HJ B058
1371E,U+1371E,,B-05-029,C,"Woman, standing, with long hair, right arm forward, holding a stick/staff, left arm hanging beside the body.",sr.t,Logogram (noblewoman),,,,,,B049C
1371F,U+1371F,,B-05-031,C,"Woman, standing, with long hair, right arm forward, holding a stick/staff, left arm hanging beside the body, holding a flagellum (S45) horizontally.",ꞽt.yt,Logogram (sovereign),,,,,,B049B
13720,U+13720,,B-05-032,C,"Woman, standing, with long hair, right arm forward, hand at the height of the waist, holding a sceptre with a straight shaft, forked bottom and head of the Seth animal (S40) of the same size as the woman, left arm hanging beside the body, holding a tie or strap, used with sandals (ankh sign, S34), at the loop.",w,Phonemogram,B72,,B72,,,HJ B072
13721,U+13721,,B-05-034,C,"Woman, standing, with long hair, right arm forward, hand at the height of the shoulder, holding a long staff or pole with a two-pronged end piece for holding down snakes (U116), left arm hanging beside the body.",ꞽꜣwꞽ,"Logogram (to be old, old age)",B68,,B68,,,HJ B068
13722,U+13722,,B-05-035,C,"Woman, standing, with long hair, right arm forward, hand at the height of the waist, holding a stem of papyrus with a bud (M131) or flower, of the height of the woman, vertically, left arm hanging beside the body, holding a tie or strap, used with sandals (ankh sign, S34), at the loop.",rpy.t,Logogram (noble lady),,,,,,B106
13723,U+13723,,B-05-036,C,"Woman, standing, with long hair, right arm forward, hand at the height of the waist, holding a stem of papyrus with a bud (M131) or flower, of the height of the woman, vertically, left arm hanging beside the body.",ꞽt.yt,Logogram (sovereign),,,,,,B122
13724,U+13724,,B-05-037,C,"Woman, standing, with long hair, right arm forward, hand at the height of the waist, holding a palm branch, stripped of leaves, with multiple sharp notches (M4A), tip curving outwards, notches towards the body, left arm hanging beside the body, holding a tie or strap, used with sandals (ankh sign, S34), at the loop.",t/r,Phonemogram (cryptography),B70,,B70,,,HJ B070
13725,U+13725,,B-05-039,C,"Woman, standing, back bent forward, with a line coming from the head, curving forward, arms extended forward, forearms horizontal at the height of the waist.",ḥꜣy.t,Classifier mourner,B77,,B77,,,HJ B077
13726,U+13726,,B-05-040,C,"Woman, standing, back slight bent forwards, with two lines coming from the head, one bending forward, one bending backwards, both arms forward, twisted together.",šꜣ.tw,Classifier?,,,,,,B077B
13727,U+13727,,B-05-042,C,"Woman, standing, with long hair, wearing a diadem, both arms raised at either side of the body, hands a the height of the face, holding a stick in each hands, which is angled inwards.",ꞽhb.t,Classifier danceress,B79,,B79,,,HJ B079
13728,U+13728,,B-05-043,C,"Woman standing, arms extended forwards, holding a child, with the arms and child covered in a cloth, only the head of the child visible.",ꜣṯ,"Classifier nursing, rearing",B83,,B83,,,HJ B083
13729,U+13729,,B-05-045,C,"Woman, standing, with long hair, arms extended in front, hands at the height of the shoulder, with a vertical line descending from each hand, which end at the height of the bottom of the dress.",ꜥtꜣ,Classifier,,,,,,B031A
1372A,U+1372A,,B-06-001,,,,,B38,"52,10",B38,,,HJ B038
1372B,U+1372B,,B-06-002,C,"Woman, seated, both knees up, with covered arms and legs, with long hair, wearing a headdress consisting of a sun disk in horns, with two plumes on top of the sun disk (S65) and a vulture headdress, holding a stem of papyrus with a bud (M131) or flower vertically.",sn.t,Classifier royal sister,B38A,"52,11",B38A,,,HJ B038A
1372C,U+1372C,,B-06-004,C,"Woman, seated, both knees up, with covered legs and arms, with long hair, with two plumes on her head, holding a flower which curves forward, with the flower orientated downwards.",nfr-nfr.w-ꞽtn-nfr.ty-ꞽyꞽ.tꞽ,Classifier royal personal name,B39,"52,13",B39,,,HJ B039
1372D,U+1372D,,B-07-002,,,,,,"53,1",,,,B040A
1372E,U+1372E,,B-07-003,,,,,B41,"53,2",B41,,,HJ B041
1372F,U+1372F,,B-07-007,C,"Woman, standing, wearing the white crown (S1), right arm forward, hand at the height of the waist, holding a stem of papyrus with a bud (M131) or flower, of the size of the woman, vertically, left arm hanging beside the body, holding a tie or strap, used with sandals (ankh sign, S34), at the loop.",n.y-sw.t,Logogram (king of Upper Egypt),B43,"53,5",B43,,,HJ B043
13730,U+13730,,B-07-009,C,"Woman, standing, wearing the red crown (S3), arms hanging at either side of the body.",b,Phonemogram,B81,,B81,,,HJ B081
13731,U+13731,,B-07-011,C,"Woman, standing, with long hair, both arms forward, hands at the height of the shoulder, holding a plan of a crossroads in a village (O49).",,,,,,,,B045D
13732,U+13732,,B-08-001,C,"Woman, standing, with long hair, both arms forward, hands at the height of the shoulder, holding a tambourine.",nhm,Logogram (rejoicing),B45,"53,7",B45,,,HJ B045
13733,U+13733,,B-08-002,C,"Woman, standing, with long hair, both arms forward, hands at the height of the shoulder, with a circle (tambourine?) floating above the hands.",nhm,Classifier (to rejoice),B45B,,B45B,,,HJ B045B
13734,U+13734,,B-08-003,C,"Woman, seated, both knees down, with long hair, both arms forward, holding a tambourine.",sꜣ-tꜣ,Classifier jubilation,B45A,"53,8",B45A,,,HJ B045A
13735,U+13735,,B-08-006,C,"Woman, seated, both knees down, wearing a diadem, right arm extended forward, held horizontally, holding a tie or strap, used with sandals (ankh sign, S34) vertically, left arm extended forwards, between the legs and the right arm, holding a bead-necklace with counterweight.",sḫm.y(t),Classifier sistrum player,B57,,B57,,,HJ B057
13736,U+13736,,B-08-013,C,"Woman, standing, with long hair, both arms forward, hands at the height of the forehead, nearly horizontal, hands as if clapping.",dḫn.t,Classifier female rhythm maker,,,,,,B045C
13737,U+13737,,B-09-003,C,"Woman, pregnant, seated, both knees down, no arms visible.",msꞽ,Classifier birth,B2A,,B2A,,,HJ B002A
13738,U+13738,,B-09-005,C,"Woman, pregnant, seated, both knees down, right arm forward, angling down towards the knee, left arm hanging beside the body, with three lines coming from the legs, central one vertical, the outer two curving from the same point as the central line.",ꜣṯ.(y)t,Classifier nurse,B3A,,B3A,,,HJ B003A
13739,U+13739,,B-09-006,C,"Woman, pregnant, seated, both knees down, right arm forward, angling down towards the knee, left arm hanging beside the body, with four vertical lines coming from the legs.",msꞽ,"Logogram (to birth, to bring forth)",B3B,,B3B,,,HJ B003B
1373A,U+1373A,,B-09-007,C,"Woman, seated, both knees down, wearing a fillet with uraeus on her head, without arms, with four vertical lines coming from the legs.",msꞽ,Classifier birth,,,,,,B003F
1373B,U+1373B,,B-09-008,C,"Woman, seated, both knees down, wearing a fillet with uraeus on her head, arms hanging on either side of the body, with multiple backwards angled lines below the legs.",msꞽ,Classifier birth,,,,,,B003G
1373C,U+1373C,,B-09-013,C,"Woman, pregnant, seated, both knees down, with a hairlock coming from either side of the head, arms hanging on either side of the body, with the head and arms of a child coming from the legs.",msꞽ,Classifier birth,,,,,,B003H
1373D,U+1373D,,B-09-015,C,"Woman, seated, both knees down, both arms forward, hands in front of the belly, holding a child, seated on the arms of the woman, facing towards her, both arms beside the body.",ḫnm.t,Classifier nurse,B5D,"54,9",B5D,,,HJ B005D
1373E,U+1373E,,B-09-017,,,,,B5A,"54,10",B5A,,,B005G
1373F,U+1373F,,B-09-018,C,"Woman, seated, both knees down wearing a red crown (S3), nursing a child, seated on her lap, left arm forward, hand over the chest of the woman, right arm hanging beside the body; right arm forward, embracing/holding the child, left arm over the chest.",ḫnm.t,Logogram (nurse),B5B,"54,11",B5B,,,HJ B005B
13740,U+13740,,B-09-019,C,"Woman, seated, both knees down wearing a white crown (S1), nursing a child, seated on her lap, left arm forward, hand over the chest of the woman, right arm hanging beside the body; right arm forward, embracing/holding the child, left arm over the chest.",ḫnm.t,Logogram (nurse),B5C,"54,12",B5C,,,HJ B005C
13741,U+13741,,B-09-021,,,,,B6C,,B6C,,,HJ B006C
13742,U+13742,,B-09-022,C,"Woman, seated on nothing, with a child on her lap, facing her, both arms down; both arms forward, right arm behind the child, left arm in front of the child.",rnn,"Classifier nursing, rearing",B6A,"54,14",B6A,,,HJ B006A
13743,U+13743,,B-09-023,C,"Woman, seated on a chair, both arms forward, holding a child, seated, both arms at either side of the body.",rnn,"Classifier nursing, rearing",B6B,,B6B,,,HJ B006B
13744,U+13744,,B-10-003,C,"Woman, bent backwards, facing up, arms and feet on the ground, hair hanging downwards.",ḫb.t,classifier (dancer/acrobat),,,,,,B037A
13745,U+13745,,B-10-004,C,"Woman, standing, bent forwards, arms extended forwards, hands towards a rectangular object in front of the feet.",nḏ,Phonemogram,B36A,,B36A,,,HJ B036A
13746,U+13746,,B-10-006,,,,,B67,,B67,,,HJ B067
13747,U+13747,,B-10-007,C,"Woman, standing, bent forwards, back horizontal, hair hanging forwards in front of the face, arms extended towards the ground, hands horizontal at the height of the middle of the shins, hand palms downwards.",wnwn,Classifier moving back and forth,,,,,,B067A
13748,U+13748,,B-10-008,C,"Woman, seated, with both knees down, with the head and arms of a child coming from the legs, both arms raised at either side of the body, hands at the height of the top of the head, supporting a duck or goose (G38-G39) on each hand, looking outwards, with a half round loaf of bread (X1) over the shoulder of each bird.",st.y-m,Phonemogram (cryptography),B85,,B85,,,HJ B085
13749,U+13749,,C-01-002,C,"God, seated, both knees up, with covered legs and arms, with a long-curved beard and long hair/wig, with a crescent moon with the entire moon disk (N62) on its head, holding a sceptre with a straight shaft, topped with the head of the Seth animal vertically.",rꜥ-nb,Logogram (in combination with \C268B),C118A,"55,2",C118A,,,HJ C118A
1374A,U+1374A,,C-01-003,C,"God, seated, both knees up, with covered legs and arms, with a long-curved beard and long hair/wig, with a crescent moon with the entire moon disk (N62) on its head.",ꞽꜥḥ,Classifier moon,C118,,C118,,,HJ C118
1374B,U+1374B,,C-01-004,C,"God, seated, both knees up, with covered legs and arms, with a long-curved beard and long hair/wig, with a crescent moon with the entire moon disk (N62) on its head, holding a tie or strap, used with sandals (ankh sign, S34), angling forward.",ḥꜣy.ty,"Classifier moon/light (together with Re, representing the sun and the moon as the two lights)",,,,,,C118B
1374C,U+1374C,,C-01-007,,,,,C119,"55,6",,,,C119X
1374D,U+1374D,,C-01-008,C,"God, seated, both knees up, with covered legs and arms, with a long-curved beard and short hair/wig, with a uraeus on his forehead, with a star upon his head (N14).",gbb,Logogram (Geb),C119B,,C119B,,,HJ C119B
1374E,U+1374E,,C-01-009,C,"God, seated, both knees up, with covered legs and arms, with a long-curved beard and short hair/wig, with a uraeus on his forehead, with a star upon his head (N14), holding a sceptre with a straight shaft, topped with the head of the Seth animal vertically.",gbb,Logogram (Geb),,"55,4",C119,,,C119
1374F,U+1374F,,C-01-011,C,"God, seated, both knees up, with covered legs and arms, with a long-curved beard and short hair/wig, with an eye (D4) upon his head, holding a sceptre with a straight shaft, topped with the head of the Seth animal vertically.",ꞽr-tꜣ,Logogram (the earthmaker (divinity)),C121,"55,8",C121,,,HJ C121
13750,U+13750,,C-01-012,,,,,C122,"55,9",C122,,,HJ C122
13751,U+13751,,C-01-013,C,"God, seated, both knees up, with covered legs and arms, with a long-curved beard and short hair/wig, with an elephant tusk (F18) upon his head, holding a sceptre with a straight shaft, topped with the head of the Seth animal vertically.",ḥw,"Logogram (the utterance, divinity)",C123,"55,10",C123,,,HJ C123
13752,U+13752,,C-01-014,C,"God, standing, with long-curved beard and long wig, with an elephant tusk (F18) upon his head, right arm forward, holding a sceptre with a straight shaft, a forked base, topped with the head of the Seth animal (S40); left arm hanging beside the body, holding tie or strap, used with sandals (ankh sign S34) at the loop.",ḥw,"Logogram (the utterance, divinity)",,,,,,C340
13753,U+13753,,C-01-016,C,"God, seated, both knees up, with covered legs and arms, with a long-curved beard and short hair/wig, with a rectangular piece of cloth, with fringes on one of its short sides (S32) upon his head, holding a sceptre with a straight shaft, topped with the head of the Seth animal vertically.",sꞽꜣ,Logogram (perception/knowledge (divinity)),,,,,,C124B
13754,U+13754,,C-01-017,C,"God, standing, with long-curved beard and long wig, with a rectangular piece of cloth, with fringes on one of its short sides (S32) upon his head, right arm forward, holding a sceptre with a straight shaft, a forked base, topped with the head of the Seth animal (S40); left arm hanging beside the body, holding tie or strap, used with sandals (ankh sign S34) at the loop.",sꞽꜣ,Logogram (perception/knowledge (divinity)),,,,,,C341
13755,U+13755,,C-01-020,,,,,C125A,"55,13",C125A,,,HJ C125A
13756,U+13756,,C-01-022,,,,,C126,"56,2",C126,,,HJ C126
13757,U+13757,,C-01-025,,,,,C127,"56,4",C127,,,HJ C127
13758,U+13758,,C-01-029,C,"God, seated, both knees up, with covered legs and arms, with a long-curved beard and short hair/wig, wearing the hmhm crown (S61), holding a sceptre with a straight shaft, topped with the head of the Seth animal vertically.",ꞽ,"Logogram (first person singular, for Harsomtus)",,,,,,C129B
13759,U+13759,,C-01-032,C,"God, seated, both knees up, with covered legs and arms, with a long-curved beard and short hair/wig, with a dung beetle (scarab (L1)) upon his head, holding a sceptre with a straight shaft, topped with the head of the Seth animal vertically.",,Classifier Khepri (divinity),C132,"56,10",C132,,,HJ C132
1375A,U+1375A,,C-01-033,C,"God, seated, both knees up, with covered legs and arms, with a long-curved beard and short hair/wig, with two arms, raised, with the palms of the hands towards each other (D28) upon his head, holding a sceptre with a straight shaft, topped with the head of the Seth animal vertically.",kꜣ,Logogram (spirit),C133,"56,11",C133,,,HJ C133
1375B,U+1375B,,C-01-037,C,"God, seated, both knees up, with covered legs and arms, with a long-curved beard and short hair/wig, with the hindquarters of a seated lion or leopard (F22) on its head, holding a sceptre with a straight shaft, topped with the head of the Seth animal vertically.",nṯr,Logogram (god),C136,"56,14",C136,,,HJ C136
1375C,U+1375C,,C-01-038,C,"God, seated, both knees up, with covered legs and arms, with a long-curved beard and short hair/wig, with a cobra in repose (Naja haje (I10)) upon his head, holding a sceptre with a straight shaft, topped with the head of the Seth animal vertically.",šꜣy,Classifier divinity (Chay),C262A,,C262A,,,HJ C262A
1375D,U+1375D,,C-01-042,C,"God, seated, both knees up, with covered legs and arms, with a long-curved beard and long hair/wig, with an uraeus on the forehead, wearing a headdress consisting of two feathers and a sun disk on ram horns, with an uraeus at either side of the feathers; holding a sceptre with a straight shaft, topped with the head of the Seth animal vertically.",tꜣ-ṯnn,Classifier divinity,,,,,,C342
1375E,U+1375E,,C-02-002,,,,,C140A,,C140A,,,HJ C140A
1375F,U+1375F,,C-02-004,C,"God, both knees up, with covered legs and arms, with the head of a vulture, holding a knife (T30A).",pḏ.ty,Classifier divinity,C270,,C270,,,HJ C270
13760,U+13760,,C-02-005,C,"God, both knees up, with covered legs and arms, with the head of a vulture, with a Atef crown without horns (S8A) on its head.",,Classifier divinity (Nekhbet),,,,,,C343
13761,U+13761,,C-02-008,C,"God, both knees up, with covered legs and arms, with the head replaced by a dung beetle (scarab, L1).",ḫprꞽ,Logogram (Khepri),C308,,C308,,,HJ C308
13762,U+13762,,C-02-009,C,"God, both knees up, with covered legs and arms, with the head replaced by a dung beetle with outstretched wings, resembling the wings of a bird (L12A).",,Classifier Khepri (divinity),C309,,C309,,,HJ C309
13763,U+13763,,C-03-001,C,"God, seated, knees up, with covered legs and arms, with a long-curved beard, wearing the double-plume headdress (S72A), with a line running from the crown down the back.",ꞽmn,Logogram (Amon),C12A,"57,5",C12A,,,HJ C012A
13764,U+13764,,C-03-002,C,"God, seated, knees up, with covered legs and arms, with a long-curved beard, wearing the double-plume headdress (S72A).",ꞽn-ḥr-šw,Classifier divinity,C12K,"57,7",C12K,,,HJ C012K
13765,U+13765,,C-03-005,C,"God, seated, knees up, with covered legs and arms, with a long-curved beard, wearing the double-plume headdress (S72A), with a line running from the crown down the back, holding a feather (H6).",mꜣꜥ.t & ꞽmn ,Logogram (Maat and Amon),C12B,"57,13",C12B,,,HJ C012B
13766,U+13766,,C-03-006,C,"God, seated, knees up, with covered legs and arms, with a long-curved beard, wearing the double-plume headdress (S72A), with a line running from the crown down the back, holding a tie or strap, used with sandals (ankh sign, S34), vertically.",ꞽmn,Logogram (Amon),C12C,"58,1",C12C,,,HJ C012C
13767,U+13767,,C-03-007,C,"God, seated, knees up, with covered legs and arms, with a long-curved beard, wearing the double-plume headdress (S72A), holding a tie or strap, used with sandals (ankh sign, S34), vertically.",ꞽmn,Logogram (Amon),C12L,"58,2",C12L,,,HJ C012L
13768,U+13768,,C-03-008,C,"God, seated, knees up, with covered legs and arms, with a long-curved beard, wearing the double-plume headdress (S72A), with a line running from the crown down the back, holding a sceptre (S42).",sḫm-ꜥnḫ-n-ꞽmn,Logogram (living image of Amon),C12D,"58,4",C12D,,,HJ C012D
13769,U+13769,,C-03-009,C,"God, seated, knees up, with covered legs and arms, with a long-curved beard, wearing the double-plume headdress (S72A), with a line running from the crown down the back, holding a tie or strap, used with sandals (ankh sign, S34), written over a sceptre with a straight shaft, topped with the head of the Seth animal vertically. ",ꞽr-ṯꜥw,Logogram divinity,C12E,"58,5",C12E,,,HJ C012E
1376A,U+1376A,,C-03-018,,,,,C12M,,C12M,,,HJ C012M
1376B,U+1376B,,C-03-019,,,,,C304,,C304,,,HJ C304
1376C,U+1376C,,C-03-021,C,"God, seated on a block throne on a base, with a long-curved beard, wearing the double plume headdress (S72A), with a line running from the crown down the back, with a child seated on his lap, facing the god, both arms down; both arms forward, right arm behind the child, left arm in front of the child.",rnn,"Classifier nursing, rearing",,,,,,C311A
1376D,U+1376D,,C-03-022,C,"God, standing, with a long-curved beard, wearing the double plume headdress (S72A), right arm forward, hand at the height of the waist, holding a sceptre with a straight shaft, forked bottom and head of the Seth animal (S40) of the same size as the god, vertically, left arm hanging beside the body.",ꞽmn,Logogram (Amon),C12I,"58,9",C12I,,,HJ C012I
1376E,U+1376E,,C-04-002,C,"God, seated, knees up, with covered legs and arms, with the head of a jackal, holding a sceptre with a straight shaft, topped with the head of the Seth animal vertically.",,Classifier Wepwawet (divinity),C6B,"58,12",C6B,,,HJ C006B
1376F,U+1376F,,C-04-004,,,,,C6D,"58,15",C6D,,,HJ C006D
13770,U+13770,,C-04-005,C,"God, seated, knees up, with covered legs and arms, with the head of a jackal, holding a knife (T30A).",ḏsr-m-pr=f-m-sbḫ.t-ꜣḫ.t,Classifier divinity,C6E,,C6E,,,HJ C006E
13771,U+13771,,C-04-007,C,"God, seated, knees up, with covered legs and arms, with the head of a jackal, holding a tie or strap, used with sandals (ankh sign, S34), angling forward.",n,Phonemogram,C6A,,C6A,,,HJ C006A
13772,U+13772,,C-04-011,C,"God, seated on heel, right knee raised, with the head of a jackal, right arm angled in front of the body, left arm raised, hand held vertically, hand palm inwards (hnw gesture).",hnw,Classifier jubilation,C21,"59,1",C21,,,C021B
13773,U+13773,,C-04-013,C,"God, seated on nothing, with the head of a jackal and tail, right arm forwards, hand at the height of the face, left arm raised at the back, forearm vertical, holding a stick.",sḥrꞽ,Logogram (to drive away),C22B,"59,3",C22B,,,HJ C022B
13774,U+13774,,C-04-015,C,"God, seated on nothing, with the head of a jackal and tail, right arm forwards, holding a shield, left arm raised at the back, forearm vertical, holding a stick.",sḥrꞽ,Logogram (to drive away),C22A,"59,5",C22A,,,HJ C022A
13775,U+13775,,C-04-017,,,,,C22,"59,7",C22,,,C022N
13776,U+13776,,C-04-018,C,"God, seated on nothing, with the head of a jackal and tail, right arm forwards, hand at the height of the shoulder, holding a shield/buckler resembling a half circle, left arm raised at the back, forearm vertical, holding a knife with a triangular blade and straight handle (T30A) horizontally, blade downwards.",sḥrꞽ,Logogram (to drive away),,,,,,C022P
13777,U+13777,,C-04-019,C,"God, seated on nothing, with the head of a jackal and tail, right arm forwards, hand at the height of the shoulder, holding a knife (T30A) vertically, left arm raised at the back, forearm vertical, holding a stick.",sḥrꞽ ,Logogram (to drive away),C22C,"59,8",C22C,,,HJ C022C
13778,U+13778,,C-04-021,C,"God, seated on nothing, with the head of a jackal and tail, right arm forwards, hand at the height of the shoulder, holding a stick vertically, running from the hand to the knee, left arm raised at the back, forearm vertical, holding a stick.",sḥrꞽ,Classifier driving away,C23,"59,10",C23,,,C023B
13779,U+13779,,C-04-022,C,"A mummy, with the head of a jackal, standing upright.",dwꜣ-mw.t=f,Logogram (Duamutef),C24,"59,11",C24,,,C024A
1377A,U+1377A,,C-04-023,C,"God, standing, with the head of a jackal, right arm forward, hand at the height of the waist, holding a sceptre with a straight shaft, forked bottom and head of the Seth animal (S40) of the same size as the god, vertically, left arm hanging beside the body.",wsr,Logogram (to be strong),C25,"59,12",C25,,,HJ C025
1377B,U+1377B,,C-04-024,C,"Goddess, standing, with the head of a jackal, right arm forward, hand at the height of the waist, holding a sceptre with a straight shaft, forked bottom and head of the Seth animal (S40) of the same size as the goddess, vertically, left arm hanging beside the body.",ꞽt.yt,Logogram (sovereign),,,,,,C025B
1377C,U+1377C,,C-04-025,C,"God, standing, with the head of a jackal, right arm forward, hand at the height of the shoulder, holding the top of a staff, which angles towards the body, left arm hanging beside the body",ꞽnpw,Logogram (Anubis),C25A,"59,13",C25A,,,HJ C025A
1377D,U+1377D,,C-04-026,C,"God, standing, with the head of a jackal, both arms forward, right hand at the height of the shoulder, left hand at the height of the waist, both holding a knife (T30A).",wpw.ty,Classifier messenger,C26,"59,14",C26,,,HJ C026
1377E,U+1377E,,C-04-028,C,"God, standing, with the head of a jackal, right arm forward, hand at the height of the shoulder, holding a knife (T30A), left arm hanging beside the body, holding a knife horizontally.",wpw.ty,Logogram (messenger),,"59,15",,,,C026C
1377F,U+1377F,,C-04-029,C,"God, standing, with the head of a jackal, right arm forward, hand at the height of the waist, holding a knife (T30A), left arm raised at the back, forearm vertical, holding a knife (T30A) with the blade upwards.",sḥrꞽ,Logogram (to drive away),,"59,16",,,,C027E
13780,U+13780,,C-04-031,C,"God, standing, with the head of a jackal, right arm forward, hand at the height of the waist, holding an oval shield, left arm raised at the back, forearm vertical, holding a stick horizontally.",sḥrꞽ,Logogram (to drive away),C27A,"60,2",C27A,,,HJ C027A
13781,U+13781,,C-04-033,,,,,C28,"60,4",C28,,,HJ C028
13782,U+13782,,C-04-036,,,,,C22D,,C22D,,,HJ C022D
13783,U+13783,,C-04-038,,,,,C22F,,C22F,,,HJ C022F
13784,U+13784,,C-04-041,C,"God, seated, right knee raised, with the head of a jackal, right arm forward, forearm horizontal, hand in front of the chest, left arm raised, forearm vertical, holding a stick which extends over the head.",sḥrꞽ,Logogram (to drive away),,,,,,C022Q
13785,U+13785,,C-04-043,C,"God, seated on nothing, with the head of a jackal and tail, right arm forwards, hand at the height of the shoulder, holding a knife (T30A) vertically, left arm raised at the back, forearm vertical, holding a knife (T30A) with the blade downwards.",šmꜣ.y,Logogram,C22H,,C22h,,,HJ C022H
13786,U+13786,,C-04-044,C,"God, standing, with the head of a jackal, right arm forward, hand at the height of the waist, holding a knife (T30A), left arm raised at the back, forearm vertical, left hand as a fist.",nb.w-nr.w,Classifier,C27B,,C27B,,,HJ C027B
13787,U+13787,,C-04-045,,,,,C27D,,C27D,,,HJ C027D
13788,U+13788,,C-04-049,C,"God, standing, with the head of a jackal, with a tail, both arms forward, holding a stick with a bundle or a mat horizontally over his shoulders, bundle behind the back, with the ties at the top.",šmꜣ.y,Logogram (decease deamon),,,,,,C250A
13789,U+13789,,C-04-050,C,"God, standing, with the head of a jackal, right arm extended forwards, holding a stick with a bundle or a mat at a slight angle over his shoulder, bundle behind the back, with the ties at the top, left arm hanging beside the body.",šmꜣ.y,Logogram (decease deamon),,,,,,C250B
1378A,U+1378A,,C-04-054,C,"God, standing, with the head of a jackal, right arm forward, hand at the height of the waist, holding a stick, left arm raised at the back, forearm vertical, holding a stick.",šmꜣ.yt,Logogram (decease deamon),C27,,C27,,,HJ C027
1378B,U+1378B,,C-04-057,C,"God, seated, both knees up, foot flat on the ground, with the head of a jackal, both arms raised at either side of the body, forearms vertical, hand palms inwards.",sḥrꞽ,Logogram (to drive away),,,,,,C022Q
1378C,U+1378C,,C-04-058,C,"God, standing, with the head of a jackal, arms hanging on either side of the body, standing behind a mummy with a long-curved beard, lying horizontally (A54) on top of a bed, with a leonid head, legs and tail (Q19), with the head towards the front (A55A).",ḳrs.t,Logogram (burial),Q44,,Q44,,,HJ Q044
1378D,U+1378D,,C-05-001,C,"God/goddess, seated, knees up, with covered legs and arms, with the head of a bovid, holding a sceptre with a straight shaft, topped with the head of the Seth animal vertically.",(nḏ.t(y)t),Classifier protector,C30,"60,6",C30,,,HJ C030
1378E,U+1378E,,C-05-002,,,,,C30A,"60,7",C30A,,,HJ C030A
1378F,U+1378F,,C-05-003,C,"God, seated, knees up, with covered legs and arms, with the head of a bovid.",ḥp,Classifier divinity (Apis),,,,,,C030B
13790,U+13790,,C-05-005,C,"God, standing, with the head of a bovid, right arm forward, hand at the height of the shoulder, holding a knife (T30A), left arm hanging beside the body.",mnw-n(y)-sw.t-m-nḫ.t=f,Classifier protector,C272,,C272,,,HJ C272
13791,U+13791,,C-05-006,C,"God, standing, with the head of a bovid, right arm forward, hand at the height of the waist, holding a sceptre with a straight shaft, forked bottom and head of the Seth animal (S40) of the same size as the god, vertically, left arm hanging beside the body.",wp,Phonemogram,C280,,C280,,,HJ C280
13792,U+13792,,C-07-005,,,,,C34,,C34,,,HJ C034
13793,U+13793,,C-08-002,C,"God, seated, knees up, with covered legs and arms, with a long-curved beard, with a feather (H6) on his head.",w,Phonemogram,,"61,3",,,,C104X
13794,U+13794,,C-08-005,C,"God, seated, knees up, with covered legs and arms, with a long-curved beard, with a feather (H6) on his head, holding a sceptre with a straight shaft, topped with the head of the Seth animal vertically. ",šw,Logogram (Shu),,"61,5",,,,C104Y
13795,U+13795,,C-08-009,C,"God, seated, knees up, with covered legs and arms, with a long-curved beard, with a feather (H6) on his head, holding a feather (H6), vertically.",sꜣ,Logogram (son/child of),C104D,,C104D,,,HJ C104D
13796,U+13796,,C-09-002,C,"God, seated, knees up, with covered legs and arms, with the head of a falcon.",ḥr,Logogram (Horus),C39,"61,12",C39,,,HJ C039
13797,U+13797,,C-09-003,C,"God, seated on heel, right knee raised, with the head of a falcon, right arm angled in front of the body, left arm raised, hand held vertically, hand palm inwards (hnw gesture).",hnw,Classifier joy,C40,"61,13",C40,,,HJ C040
13798,U+13798,,C-09-007,C,"God, seated, knees up, with covered legs and arms, with the head of a falcon, holding a sceptre with a straight shaft, topped with the head of the Seth animal vertically. ",bḥd.ty,Classifier falcon divinity,C39A,"62,2",C39A,,,HJ C039A
13799,U+13799,,C-09-009,C,"God, seated, knees up, with covered legs and arms, with the head of a falcon, holding a mace with a pear-shaped head (T3), angled forwards.",snw,Classifier divinity,C39C,"62,4",C39C,,,HJ C039C
1379A,U+1379A,,C-09-010,C,"God, seated, knees up, with covered legs and arms, with the head of a falcon, holding a club used by washermen for beating laundry (U36) vertically.",ḥm,Logogram (majesty),C39D,"62,5",C39D,,,HJ C039D
1379B,U+1379B,,C-09-011,C,"God, seated, knees up, with covered legs and arms, with the head of a falcon, holding a sceptre (S42) vertically.",sḫm,Phonemogram/logogram,C39E,"62,6",C39E,,,HJ C039E
1379C,U+1379C,,C-09-012,C,"God, seated, knees up, with covered legs and arms, with the head of a falcon, holding a knife (T30A) vertically.",sꜣḳ-ḥꜥ.w,Classifier divinity,C39F,,C39F,,,HJ C039F
1379D,U+1379D,,C-09-020,C,"God, seated, knees up, with covered legs and arms, with the head of a falcon, with N6 (The sun, encircled by a cobra (Naja haje), standing up, with expanded hood (uraeus)) on its head.",rꜥ,Logogram (Re),C268A,"62,13",C268A,,,HJ C268A
1379E,U+1379E,,C-09-021,C,"God, seated, knees up, with covered legs and arms, with the head of a falcon, with a sun disk (N5) on its head, holding a sceptre with a straight shaft, topped with the head of the Seth animal vertically. ",rꜥ,Logogram (Re),C2B,"62,15",C2B,,,C002L
1379F,U+1379F,,C-09-024,C,"God, seated, knees up, with covered legs and arms, with the head of a falcon, with N6 (The sun, encircled by a cobra (Naja haje), standing up, with expanded hood (uraeus)) on its head, holding a sceptre with a straight shaft, topped with the head of the Seth animal vertically. ",rꜥ,Logogram (Re),C268B,"63,2",C268B,,,HJ C268B
137A0,U+137A0,,C-09-028,C,"God, seated, knees up, with covered legs and arms, with the head of a falcon, with N6 (The sun, encircled by a cobra (Naja haje), standing up, with expanded hood (uraeus)) on its head, holding a harpoon head made of bone, with one curl (T19), with the curl facing forward.",hrw,Logogram (day),C268C,"63,6",C268C,,,HJ C268C
137A1,U+137A1,,C-09-031,C,"God, seated, knees up, with covered legs and arms, with the head of a falcon, with N6 (The sun, encircled by a cobra (Naja haje), standing up, with expanded hood (uraeus)) on its head, holding a tie or strap, used with sandals (ankh sign, S34), angling forward. ",rꜥ,Logogram (Re),C268,"63,9",C268,,,HJ C268
137A2,U+137A2,,C-09-034,C,"God, seated, knees up, with covered legs and arms, with the head of a falcon, with a sun disk (N5) on its head, holding a crook (S38) vertically, with the opening inwards.",rꜥ ,Logogram (Re),C2F,,C2F,,,HJ C002F
137A3,U+137A3,,C-09-036,C,"God, seated, knees up, with covered legs and arms, with the head of a falcon, with N6 (The sun, encircled by a cobra (Naja haje), standing up, with expanded hood (uraeus)) on its head, holding an eye, with the markings of the head of a falcon (wdꜣ.t) on top of a basket.",,,,,,,,C002M
137A4,U+137A4,,C-09-038,C,"God, seated, knees up, with covered legs and arms, with the head of a falcon, with a sun disk (N5) on its head, holding a feather (H6) vertically.",rꜥ,Logogram (Re),C2I,,C2I,,,HJ C002I
137A5,U+137A5,,C-09-039,C,"God, seated, knees up, with covered legs and arms, with the head of a falcon, with a sun disk (N5) on its head, holding a sceptre (S42) vertically.",rꜥ & sḫm,Logogram (Re and image),C2D,"63,11",C2D,,,HJ C002D
137A6,U+137A6,,C-09-040,C,"God, seated, knees up, with covered legs and arms, with the head of a falcon, with N6 (The sun, encircled by a cobra (Naja haje), standing up, with expanded hood (uraeus)) on its head, holding a sceptre (S42) vertically.",rꜥ & sḫm,Logogram (Re and image),C268D,"63,12",C268D,,,HJ C268D
137A7,U+137A7,,C-09-043,C,"God, seated, knees up, with covered legs and arms, with the head of a falcon, with N6 (The sun, encircled by a cobra (Naja haje), standing up, with expanded hood (uraeus)) on its head, holding an eye, with the markings of the head of a falcon (wdꜣ.t, D10).",ꞽr.t-rꜥ,Logogram (the eye of Re),C268G,"63,16",C268G,,,HJ C268G
137A8,U+137A8,,C-09-047,C,"God, seated, knees up, with covered legs and arms, with the head of a falcon, with N6 (The sun, encircled by a cobra (Naja haje), standing up, with expanded hood (uraeus)) on its head, holding a round vessel with an upstanding rim (W24).",n rꜥ,Logogram (of Re),,,,,,C268L
137A9,U+137A9,,C-09-048,C,"God, seated, knees up, with covered legs and arms, with the head of a falcon, with N6 (The sun, encircled by a cobra (Naja haje), standing up, with expanded hood (uraeus)) on its head, holding an egg (H8).",sꜣ-rꜥ,Logogram (son of Re),,,,,,C268M
137AA,U+137AA,,C-09-051,C,"God, seated, knees up, with covered legs and arms, with the head of a falcon, wearing the double crown (S5).",sšm(.w),Classifier statue/likeness,C43,"64,2",C43,,,HJ C043
137AB,U+137AB,,C-09-054,C,"God, seated, knees up, with covered legs and arms, with the head of a falcon, wearing the double crown (S5), holding a sceptre with a straight shaft, topped with the head of the Seth animal vertically. ",ꜥꜣ-mꜣꜥ-ḫrw,Classifier divinity,C43A,"64,6",C43A,,,HJ C043A
137AC,U+137AC,,C-09-055,C,"God, seated, knees up, with covered legs and arms, with the head of a falcon, wearing the double crown (S5), holding a tie or strap, used with sandals (ankh sign, S34), angling forward. ",ꜥnḫ,Logogram (to live),C43B,"64,8",C43B,,,HJ C043B
137AD,U+137AD,,C-09-056,C,"God, seated, knees up, with covered legs and arms, with the head of a falcon, wearing the double crown (S5), holding an eye, with the markings of the head of a falcon (wdꜣ.t, D10).",ꞽr.t-ḥr ,Logogram (eye of Horus),C43C,"64,9",C43C,,,HJ C043C
137AE,U+137AE,,C-09-057,C,"God, seated, knees up, with covered legs and arms, with the head of a falcon, wearing the double crown (S5), holding a sceptre (S38), vertically.",nb,Phonemogram/logogram (lord),C43D,"64,10",C43D,,,HJ C043D
137AF,U+137AF,,C-09-059,C,"God, seated, knees up, with covered legs and arms, with the head of a falcon, wearing the double crown (S5), holding a club used by washermen for beating laundry (U36) vertically.",ḥm,Logogram (majesty),C43E,"64,13",C43E,,,HJ C043E
137B0,U+137B0,,C-09-061,C,"God, seated, knees up, with covered legs and arms, with the head of a falcon, wearing the double crown (S5), holding two arms, raised, with the palms of the hands towards each other (D28).",kꜣ,Logogram (spirit),C43G,,C43G,,,HJ C043G
137B1,U+137B1,,C-09-062,C,"God, seated, knees up, with covered legs and arms, with the head of a falcon, wearing the double crown (S5), holding a scepter with the head of a falcon with a sun disk on top of the head.",ḫpš,"Logogram (power, strength)",,,,,,C043H
137B2,U+137B2,,C-09-063,C,"God, seated, knees up, with covered legs and arms, with the head of a falcon, wearing the double crown (S5), holding a sistrum (Y18).",sḫm,Phonemogram/logogram,,,,,,C043I
137B3,U+137B3,,C-09-064,C,"God, seated, knees up, with covered legs and arms, with the head of a falcon, wearing the double crown (S5), holding a sceptre with a straight shaft, topped with the head of the Seth animal vertically, upon a standard used for the carrying of religious symbols with the vertical stick at the far side (R92A).",nṯr,Logogram (god),C291,,C291,,,HJ C291
137B4,U+137B4,,C-09-065,C,"God, seated, knees up, with covered legs and arms, with the head of a falcon, wearing the double crown (S5), holding a sceptre with a straight shaft, topped with the head of the Seth animal vertically, upon a canal (N36).",mr.y-ḥr,Logogram (beloved of Horus),C292,,C292,,,HJ C292
137B5,U+137B5,,C-09-067,C,"God, seated, knees up, with covered legs and arms, with the head of a falcon, wearing the white crown (S1), holding a sceptre with a straight shaft, topped with the head of the Seth animal vertically.",,Classifier Sokar (divinity),C45,"64,15",C45,,,HJ C045
137B6,U+137B6,,C-09-070,C,"God, seated, knees up, with covered legs and arms, with the head of a falcon, wearing the Atef crown without horns (S8A), holding a sceptre with a straight shaft, topped with the head of the Seth animal vertically.",,Classifier Sokar (divinity),C46,"64,16",C46,,,HJ C046
137B7,U+137B7,,C-09-074,C,"God, seated, knees up, with covered legs and arms, with the head of a falcon, wearing the Atef crown without horns (S8A),",,,C46C,,C46C,,,HJ C046C
137B8,U+137B8,,C-09-075,C,"God, seated, knees up, with covered legs and arms, with the head of a falcon, wearing a headdress consisting of two plumes with a sun disk (S63A/S70).",,Classifier Montu (divinity),C17A,"65,3",C17A,,,HJ C017A
137B9,U+137B9,,C-09-076,C,"God, seated, knees up, with covered legs and arms, with the head of a falcon, wearing a headdress consisting of two plumes with a sun disk (S63A/S70), holding a sceptre with a straight shaft, topped with the head of the Seth animal vertically.",mr.ty,Classifier divinity,C17B,"65,4",C17B,,,HJ C017B
137BA,U+137BA,,C-09-081,C,"God, seated, knees up, with covered legs and arms, with the head of a falcon, wearing a headdress consisting of two plumes on a pair of ram horns, each ram horn supporting a uraeus with a sun disk on its head (S75). ",ꞽ,Logogram (first person singular),,,,,,C017F
137BB,U+137BB,,C-09-083,,,,,C48,"65,8",C48,,,HJ C048
137BC,U+137BC,,C-09-084,C,"God, seated, knees up, with covered legs and arms, with the head of a falcon, with a crescent moon with the entire moon disk (N62) on its head, holding a sceptre with a straight shaft, topped with the head of the Seth animal vertically.",ḫnsw,Logogram (Khonsu),C49,"65,9",C49,,,HJ C049
137BD,U+137BD,,C-09-085,C,"God, seated, knees up, with covered legs and arms, with the head of a falcon, with a crescent moon with the entire moon disk (N62) on its head, holding a tie or strap, used with sandals (ankh sign, S34), angling forward. ",,Classifier Khonsu (divinity),C49A,,C49A,,,HJ C049A
137BE,U+137BE,,C-09-087,,,,,C50A,,C50A,,,HJ C050A
137BF,U+137BF,,C-09-088,C,"God, seated, knees up, with covered legs and arms, with the head of a falcon, with the sun rising over a sand covered mountain over the edge of the cultivated areas (N27) on its head, holding a sceptre with a straight shaft, topped with the head of the Seth animal vertically.",ꜣḫ.ty,Logogram (the one of the horizon),C50,"65,10",C50,,,HJ C050
137C0,U+137C0,,C-09-092,,,,,C52,"65,13",C52,,,HJ C052
137C1,U+137C1,,C-09-093,C,"God, seated, knees up, with covered legs and arms, with the head of a falcon, with the hindquarters of a seated lion or leopard (F22) on its head, holding a sceptre with a straight shaft, topped with the head of the Seth animal vertically.",nṯr,Logogram (god),C52A,"65,15",C52A,,,HJ C052A
137C2,U+137C2,,C-09-094,C,"God, seated, knees up, with covered legs and arms, with the head of a falcon, with the hindquarters of a seated lion or leopard (F22) on its head, holding a tie or strap, used with sandals (ankh sign, S34), angling forward. ",ꜥnḫ-nṯr,Logogram (in the ꜥnḫ-nṯr-nfr construction),C52B,"66,1",C52B,,,HJ C052B
137C3,U+137C3,,C-09-096,C,"God, seated, knees up, with covered legs and arms, with the head of a falcon, with the hindquarters of a seated lion or leopard (F22) on its head, holding a cobra (Naja haje), standing up, with expanded hood (uraeus, I64).",nṯr nṯr.t,Logogram (god and goddess),C52D,,C52D,,,HJ C052D
137C4,U+137C4,,C-09-097,C,"God, seated, knees up, with covered legs and arms, with the head of a falcon, with the hindquarters of a seated lion or leopard (F22) on its head, holding a sceptre with a straight shaft, topped with the head of the Seth animal vertically, upon a standard used for the carrying of religious symbols with the vertical stick at the far side (R92A). ",nṯr,Logogram (god),,,,,,C344
137C5,U+137C5,,C-09-100,C,"God, seated on a block throne, with the head of a falcon, with N6 (The sun, encircled by a cobra (Naja haje), standing up, with expanded hood (uraeus)) on its head, right arm forward, holding a sceptre with a straight shaft, a forked base, topped with the head of the Seth animal (wAs, S40) of the length of the god, left arm forward, hand on the knee, holding a tie or strap, used with sandals (ankh sign, S34), angling forward.",rꜥ,Logogram (Re),C53B,"66,4",C53B,,,HJ C053B
137C6,U+137C6,,C-09-104,C,"God, seated on a block throne, with the head of a falcon, with the sun rising over a sand covered mountain over the edge of the cultivated areas (N27) on its head , right arm forward, holding a sceptre with a straight shaft, a forked base, topped with the head of the Seth animal (wAs, S40) of the length of the god, left arm forward, hand on the knee.",ꜣḫ.ty,Logogram (the one of the horizon),,,,,,C054A
137C7,U+137C7,,C-09-106,C,"God, seated on a block throne on a base, with the head of a falcon, wearing the double crown (S5), right arm forward, holding a sceptre with a straight shaft, a forked base, topped with the head of the Seth animal (wAs, S40) of the length of the god, left arm forward, hand on the knee.",ḥr-bḥd.ty,"Logogram (Horus, Behedety)",,"66,6",,,,C055A
137C8,U+137C8,,C-09-109,C,"God, seated on a block throne on a base, with the head of a falcon, wearing the double crown (S5), right arm forward, hand a the height of the face, holding a tie or strap, used with sandals (ankh sign, S34) horizontally at the base, left arm forward, hand at the knee, holding a tie or strap, used with sandals (ankh sign, S34) horizontally at the loop.",ḥr,Logogram (Horus),,"66,8",,,,C056B
137C9,U+137C9,,C-09-111,C,"God, seated on a block throne on a base, with the head of a falcon, wearing the double crown (S5), left arm forward, hand near the knee, holding a sceptre with a straight shaft, a forked base, topped with the head of the Seth animal (wAs, S40), right arm forward, holding a tie or strap, used with sandals (ankh sign, S34) horizontally at the base, above the wAs scepter.",ḥr-nḏ-ꞽt=f-bḥd.ty-sꜣb-šw.t-dꞽ-ꜥnḫ,"Logogram (Horus, protector of his father, Behedety, the many-coloured of plumage, giving life)",,"66,10",,,,C056C
137CA,U+137CA,,C-09-114,,,,,C312,,,,,C312
137CB,U+137CB,,C-09-116,C,"God, seated, knees up, with covered legs and arms, with the head of a falcon, with a star (N14) on its head, holding a sceptre with a straight shaft, topped with the head of the Seth animal vertically.",nṯr,Logogram (god),,,,,,C337
137CC,U+137CC,,C-10-002,C,"God, standing, with the head of a falcon, wearing the double crown (S5), right arm forward, hand at the height of the waist, holding a sceptre with a straight shaft, forked bottom and head of the Seth animal (S40) of the same size as the god, vertically, left arm hanging beside the body, holding a tie or strap, used with sandals (ankh sign, S34) vertically at the loop.",ꜣḫ.ty,Logogram (the one of the horizon),C58,"66,13",C58,,,HJ C058
137CD,U+137CD,,C-10-004,C,"God, standing, with the head of a falcon, with N6 (The sun, encircled by a cobra (Naja haje), standing up, with expanded hood (uraeus)) on its head, right arm forward, hand at the height of the waist, holding a sceptre with a straight shaft, forked bottom and head of the Seth animal (S40) of the same size as the god, vertically, left arm hanging beside the body, holding a tie or strap, used with sandals (ankh sign, S34) vertically at the loop.",rꜥ,Logogram (Re),C59C,"66,14",C59C,,,HJ C059C
137CE,U+137CE,,C-10-009,C,"God, standing, with the head of a falcon, with N6 (The sun, encircled by a cobra (Naja haje), standing up, with expanded hood (uraeus)) on its head, right arm forward, hand at the height of the waist, holding a spear made into a standard (R15A), left arm hanging beside the body, holding a tie or strap, used with sandals (ankh sign, S34) vertically at the loop.",ḥr-ꞽꜣb.ty,Logogram (Horus of the east),,,,,,C345
137CF,U+137CF,,C-10-010,,,,,C61,"67,4",C61,,,HJ C061
137D0,U+137D0,,C-10-011,C,"God, standing, with the head of a falcon, with a headdress consisting of two plumes and a sun disk (S63A/S70) and an uraeus at the front on its head, right arm forward, hand at the height of the waist, holding a sceptre with a straight shaft, forked bottom and head of the Seth animal (S40) of the same size as the god, vertically, left arm hanging beside the body.",pḥ.ty,"Logogram (strength, power)",C61A,,C61A,,,HJ C061A
137D1,U+137D1,,C-10-014,C,"God, standing, with the head of a falcon, with the sun rising over a sand covered mountain over the edge of the cultivated areas (N27) on its head, arms raised at either side of the body, hands at the height of the shoulders, holding a stick/staff topped with a sand covered mountain over the edge of the cultivated areas (N26) sign.",nḥḥ,Logogram (eternity),C64,"67,9",C64,,,HJ C064
137D2,U+137D2,,C-10-015,C,"God, standing, with the head of a falcon, with the sun rising over a sand covered mountain over the edge of the cultivated areas (N27) on its head, arms extended at either side of the body, hands at the height of the waist, holding a wick of twisted flax, consisting of three loops (V28), below the third loop.",,Logogram nHH (eternity),,,,,,C064C
137D3,U+137D3,,C-10-016,C,"God, standing, with the head of a falcon, arms raised at either side of the body, hands at the height of the shoulders, holding a stick/staff topped with a sand covered mountain over the edge of the cultivated areas (N26) sign.",nḥḥ,Logogram (eternity),C64A,"67,9a",C64A,,,HJ C064A
137D4,U+137D4,,C-10-017,C,"God, standing, with the head of a falcon, with a sun disk (N5) on its head, arms raised at either side of the body, hands at the height of the shoulders, holding a stick/staff topped with a sand covered mountain over the edge of the cultivated areas (N26) sign.",nḥḥ,Logogram (eternity),,"67,9b",,,,C064B
137D5,U+137D5,,C-10-018,C,"God, standing, with the head of a falcon, wearing the double crown (S5), right arm forward, hand at the height of the waist, holding a spear/harpoon of the same size as the god, vertically, point towards the top, left arm hanging beside the body.",wꜥ.ty,"Logogram (the sole one, unique)",C66,"67,10",C66,,,HJ C066
137D6,U+137D6,,C-10-019,C,"God, standing, with the head of a falcon, right arm forward, hand at the height of the waist, holding a spear/harpoon of the same size as the god, vertically, point towards the top, left arm hanging beside the body.",ꞽn-ḥr.t,Classifier divinity,C65,"67,11",C65,,,HJ C065
137D7,U+137D7,,C-10-020,C,"God, standing, with the head of a falcon, right arm forward, hand at the height of the waist, holding a sceptre with a straight shaft, forked bottom and head of the Seth animal (S40) of the same size as the god, vertically, left arm hanging beside the body.",nb-tꜣ.wy,"Logogram (lord of the two lands, when used in connection with a Seth-headed figure)",C65A,,C65A,,,HJ C065A
137D8,U+137D8,,C-10-021,C,"God, standing, with the head of a falcon, holding a harpoon with the point down, diagonally over the body, from the tip of the right foot beyond the left shoulder, right arm lowered, right hand holding the harpoon between the waist and knee, left arm raised, holding the shaft near the end.",ꞽ(ꜣ)w.ty,Classifier harpooner,C67,"67,12",C67,,,HJ C067
137D9,U+137D9,,C-10-022,,,,,C68,"67,13",C68,,,HJ C068
137DA,U+137DA,,C-10-025,C,"God, standing, with the head of a falcon, wearing the double crown (S5), right arm extended forwards, arm horizontal, holding a scimitar (khopesh), written vertically, blade curving forwards, with the head of a falcon with a sun disk (N5) on top of it, left arm forwards, hand at the height of the waist, holding a tie or strap, used with sandals (ankh sign, S34) at an downward angle at the loop.",ḳn.t,"Logogram (valour, strength)",C69,"67,15",C69,,,HJ C069
137DB,U+137DB,,C-10-026,C,"God, standing, with the head of a falcon, wearing the double crown (S5), right arm extended forwards, arm horizontal, holding a scimitar (khopesh), written vertically, blade curving forwards, with the head of a falcon with a sun disk (N5) on top of it, left arm hanging beside the body.",ḳn.t,"Logogram (valour, strength)",C69A,,C69A,,,HJ C069A
137DC,U+137DC,,C-10-028,C,"A mummy, with the head of a falcon, standing upright.",ḳbḥ-sn.w=f,Logogram (Qebehsenuef),C70,"68,1",C70,,,HJ C070
137DD,U+137DD,,C-10-030,,,,,C293,,C293,,,HJ C293
137DE,U+137DE,,C-10-031,C,"God, standing, with the head of a falcon, with the sign for the hill country over the edge of the cultivated areas (N25) on its head, arms hanging downwards on either side of the body, holding a cobra in repose (Naja haje (I10)), with the horizontal part of the body at the height of the waist.",ḥr,Phonemogram,,,,,,C293A
137DF,U+137DF,,C-11-001,C,"God, standing, with the head of a falcon, right arm forwards, holding a spear with the point downwards, left arm hanging beside the body, on top of a bovid, lying on the ground, legs folded under the body, tail down.",wnty,Logogram (Wenty),C71,"68,2",C71,,,HJ C071
137E0,U+137E0,,C-11-003,C,"God, standing, with the head of a falcon, wearing the double crown (S5), right arm forward, holding a sceptre with a straight shaft, forked bottom and head of the Seth animal (S40) of the same size as the god, vertically , left arm hanging beside the body, on top of a bovid, lying on the ground, legs folded under the body, tail down.",wnty,Logogram (Wenty),C72,"68,4",C72,,,HJ C072
137E1,U+137E1,,C-11-004,,,,,C71A,"68,5",C71A,,,HJ C071A
137E2,U+137E2,,C-11-005,C,"God, standing, with the head of a falcon, wearing the double crown (S5), right arm forwards, holding a spear with the point downwards, left arm hanging beside the body, on top of a bovid, lying on the ground, legs folded under the body, tail down.",wnty,Logogram (Wenty),,"68,6",,,,C071B
137E3,U+137E3,,C-11-006,C,"God, standing, with the head of a falcon, right arm forwards, holding a spear with the point downwards, left arm hanging beside the body, on top of a crocodile (I3).",wnty,Classifier divinity,C73,"68,7",C73,,,HJ C073
137E4,U+137E4,,C-11-008,C,"God, standing, with the head of a falcon, wearing the double crown (S5), holding a harpoon with the point down, diagonally over the body, from the tip of the right foot beyond the left shoulder, right arm lowered, right hand holding the harpoon between the waist and knee, left arm raised, holding the shaft on top of a crocodile, head looking backwards (I3E).",(ꞽ)ꜣ(w).ty,Classifier harpooner,C76,"68,9",C76,,,HJ C076
137E5,U+137E5,,C-11-009,C,"God, standing, with the head of a falcon, wearing the double crown (S5), holding a harpoon with the point down, diagonally over the body, from the tip of the right foot beyond the left shoulder, right arm lowered, right hand holding the harpoon between the waist and knee, left arm raised, holding the shaft near the end, on top of a crocodile (I3).",ꞽꜣw.ty | wnty,Logogram (harpooner) or Logogram (Wenty),C76A,"68,10",C76A,,,HJ C076A
137E6,U+137E6,,C-11-010,C,"God, standing, with the head of a falcon, wearing the double crown (S5), right arm forwards, holding a spear with the point downwards, left arm hanging beside the body, on top of a crocodile (I3).",wnty,Logogram (Wenty),C74,"68,11",C74,,,HJ C074
137E7,U+137E7,,C-12-001,C,"God, seated, both knees up, with covered legs and arms, with a long-curved beard, wearing a headdress consisting of a combination of the Atef crown and the red crown (S53vara?), holding a sceptre with a straight shaft, topped with the head of the Seth animal vertically.",gbb,Classifier divinity (Geb),C77,"68,12",C77,,,HJ C077
137E8,U+137E8,,C-13-002,C,"God, seated, right knee raised, with long-curved beard and long wig, raised arms at either side of the body, hands held vertically, with the hand palms inwards.",ḥḥ,"Logogram (million, many)",,,,,,A073C
137E9,U+137E9,,C-13-005,C,"God, seated, right knee raised, with long-curved beard and long wig, with a palm branch, stripped of leaves and notched on his head (M4), notch forward, raised arms at either side of the body, hands held vertically, with the hand palms inwards.",ḥḥ,"Logogram (million, many)",,,,,,C011M
137EA,U+137EA,,C-13-006,C,"God, seated, right knee raised, with long-curved beard and coif, with a palm branch, stripped of leaves and notched on his head (M4), notch forward, raised arms at either side of the body, hands held vertically, with the hand palms outwards.",ḥḥ,"Logogram (million, many)",,,,,,C011N
137EB,U+137EB,,C-13-007,C,"Man/god, seated on heel, right knee raised, with coif/short hair, without beard, with a palm branch, stripped of leaves and notched on his head (M4), notch forward, raised arms at either side of the body, hands held vertically, with the hand palms inwards.",ḥḥ,"Logogram (million, many)",C11,"69,1",,,,C011A
137EC,U+137EC,,C-13-010,C,"Man/god, seated on heel, both knees down, with coif/short hair, without beard, with a palm branch, stripped of leaves and notched on his head (M4), notch forward, raised arms at either side of the body, hands held vertically, with the hand palms inwards.",ḥḥ,"Logogram (million, many)",C11L,"69,4",C11L,,,HJ C011L
137ED,U+137ED,,C-13-011,C,"God, seated, right knee raised, with long-curved beard and long wig, with a tie or strap, used with sandals (ankh sign, S34) vertically on its head, raised arms at either side of the body, hands held vertically, with the hand palms inwards.",ḥḥ (n) ꜥnḫ,Logogram (millions of years),,,,,,C110
137EE,U+137EE,,C-13-013,C,"Man/god, seated, right knee up, with coif/short hair, without beard, with a palm branch, stripped of leaves and notched on his head (M4), notch forward, raised arms at either side of the body, forearms vertical, holding a tie or strap, used with sandals (ankh sign, S34) vertically at the base in each hand.",ḥḥ,"Logogram (million, many)",,,,,,C011I
137EF,U+137EF,,C-13-014,C,"Man/god, seated on heel, right knee raised, with coif/short hair, without beard, with a palm branch, stripped of leaves and notched on his head (M4), notch forward, arms extended at either side of the body, holding a palm branch, stripped of leaves with multiple notches (M4A), with the notches outwards.",ḥḥ,"Logogram (million, many)",C11B,"69,5",C11B,,,HJ C011B
137F0,U+137F0,,C-13-015,C,"Man/god, seated on heel, right knee raised, with coif/short hair, without beard, with a palm branch, stripped of leaves and notched on his head (M4), notch forward, arms extended at either side of the body, holding a palm branch, stripped of leaves with multiple notches (M4A), with the notches outwards, on top of a base.",ḥḥ,Logogram (eternity),,"69,6",,,,C011Q
137F1,U+137F1,,C-13-017,,,,,C11C,"69,8",C11C,,,HJ C011C
137F2,U+137F2,,C-13-019,C,"Man, seated on heel, right knee raised, with coif/short hair, without beard, arms extended at either side of the body, holding a palm branch, stripped of leaves with multiple notches (M4A), with the notches outwards.",ḥḥ,"Logogram (million, many)",C11E,,C11E,,,HJ C011E
137F3,U+137F3,,C-13-021,C,"Man/god, seated on heel, right knee raised, with coif/short hair, without beard, with a palm branch, stripped of leaves and notched on his head (M4), notch forward, arms extended at either side of the body, holding a palm branch, stripped of leaved with multiple notches (M4A), with the notches outwards, on top of frogs, looking inwards; on top of a basket (V30).",ḥḥ nb,Logogram (all eternity),,,,,,C346
137F4,U+137F4,,C-13-023,,,,,C11G,,C11G,,,HJ C011G
137F5,U+137F5,,C-13-024,C,"Man/god, seated on heel, right knee raised, with coif/short hair, without beard, with a palm branch, stripped of leaves and notched on his head (M4), notch forward, arms extended at either side of the body, holding a palm branch, stripped of leaves, curving inwards at the top, connecting at the top of the M4 sign on the head.",ḥḥ,"Logogram (million, many)",C11J,,C11J,,,HJ C011J
137F6,U+137F6,,C-13-025,C,"Man/god, seated, right knee raised, with coif/short hair, without beard, arms extended at either side of the body, holding a palm branch, stripped of leaves, curving inwards at the top, connecting to the top of the head.",ḥḥ,"Logogram (million, many)",,,,,,C011P
137F7,U+137F7,,C-13-027,C,"Man/god, seated on heel, right knee raised, with coif/short hair, without beard, with a sun disk (N5) on his head, raised arms at either side of the body, hands held vertically, with the hand palms inwards.",ḥḥ,"Logogram Heh (million, many)",C78,"69,11",C78,,,HJ C078
137F8,U+137F8,,C-13-029,C,"Man/god, seated on heel, right knee raised, with coif/short hair, without beard, with a sun disk (N5) on his head, arms extended at either side of the body, holding a palm branch, stripped of leaves with multiple notches (M4A), with the notches outwards.",ḥḥ,"Logogram (million, many)",C78A,"69,13",C78A,,,HJ C078A
137F9,U+137F9,,C-13-030,C,"Man/god, seated on heel, right knee raised, with coif/short hair, without beard, with a sun disk (N5) on his head, arms extended at either side of the body, holding a palm branch, stripped of leaves with multiple notches (M4A), with the notches outwards, on top of frogs, looking inwards.",ḥ,Phonemogram,C78C,"69,14",C78C,,,HJ C078C
137FA,U+137FA,,C-13-031,C,"Man/god, seated on heel, right knee raised, with coif/short hair, without beard, with a sun disk (N5) on his head, arms extended at either side of the body, holding a lotus bud with a long stem, with the buds orientated towards the sun disk, with a tie or strap, used with sandals (ankh sign, S34) around each elbow.",ḥḥ,"Logogram (million, many)",C78B,"69,16",C78B,,,HJ C078B
137FB,U+137FB,,C-13-033,,,,,C78G,,C78G,,,HJ C078G
137FC,U+137FC,,C-13-035,C,"Man/god, seated on heel, right knee raised, with coif/short hair, without beard, with a sun disk (N5) on his head, arms extended at either side of the body, holding a palm branch, stripped of leaves, curving inwards at the top, connecting at the sun disk on the head; on a base.",ḥḥ,"Logogram (million, many)",,,,,,C078H
137FD,U+137FD,,C-13-036,C,"Man/god, seated on heel, right knee raised, with coif/short hair, without beard, with a sun disk (N5) on his head, arms extended at either side of the body, holding a palm branch, stripped of leaves, with multiple notches (M4A), with the notches outwards, connecting at the sun disk on the head.",ḥḥ,"Logogram (million, many)",,,,,,C078I
137FE,U+137FE,,C-13-037,C,"Man/god, seated on heel, right knee raised, with coif/short hair, without beard, with a sun disk (N5) on his head, arms extended at either side of the body, holding a palm branch, stripped of leaves, curving inwards at the top, connecting at the sun disk on the head; on top of a collar of beads, without detail (S12A).",ḥḥ,"Logogram (million, many)",,,,,,C078J
137FF,U+137FF,,C-13-040,C,"Man/god, seated on heel, right knee raised, with coif/short hair, without beard, with a sun disk (N5) on his head, arms extended at either side of the body, holding a palm branch, stripped of leaves, curving inwards at the top, connecting at the sun disk on the head, branches on top of frogs, looking inwards.",ḥḥ,"Logogram (million, many)",C78D,"70,4",C78D,,,HJ C078D
13800,U+13800,,C-13-041,C,"Man/god, seated on heel, right knee raised, with coif/short hair, without beard, with a sun disk (N5) on his head, arms extended at either side of the body, holding a palm branch, stripped of leaves, curving inwards at the top, connecting at the sun disk on the head; on top of a basket (V30).",ḥḥ,"Logogram (million, many)",C78E,"70,5",C78E,,,HJ C078E
13801,U+13801,,C-13-043,C,"Man/god, seated, right knee up, with long hair, without beard, with a sun disk with an uraeus at either side (N6B) on his head, arms extended at either side of the body, holding a palm branch, stripped of leaves, curving inwards, with a forked top end, on top of frogs, looking inwards. ",ḥḥ,"Logogram (million, many)",,,,,,C078P
13802,U+13802,,C-13-044,C,"Man/god, seated, right knee up, with long hair, without beard, with a sun disk with an uraeus at either side (N6B) on his head, arms extended at either side of the body, holding a palm branch, stripped of leaves, curving inwards; on top of a basket (V30).",ḥḥ,"Logogram (million, many)",,,,,,C078Q
13803,U+13803,,C-13-045,C,"Man/god, seated, right knee up, with long hair, without beard, with a sun disk with an uraeus at either side (N6B) on his head, arms extended at either side of the body, holding a palm branch, stripped of leaves, curving inwards.",ḥḥ,"Logogram (million, many)",,,,,,C078R
13804,U+13804,,C-14-001,,"Youth, standing, right arm raised in front, with hand to mouth, with a line running from the elbow to the ankle, left arm hanging beside the body.",wḏḥ,Classifier to wean,C79,"70,7",,,,C079A
13805,U+13805,,C-14-002,C,"Youth, standing, right arm raised in front, with hand to mouth, with a line running from the elbow to the ankle, left arm hanging beside the body.",wḏḥ,Classifier to wean,,,C79,,,C079
13806,U+13806,,C-14-008,,"Youth, standing, wearing the double crown (S5), right arm raised in front, with hand to mouth, with a line running from the elbow to the ankle, left arm hanging beside the body.",ꞽtmw,Logogram (Atum),,,,,,C347
13807,U+13807,,C-14-009,C,"Child, naked, wearing the double crown, right arm raised, hand in front of the mouth, with a line running from the wrist to the left ankle, left arm hanging beside the body.",,,,,,,,C338
13808,U+13808,,C-14-012,C,"Youth, seated, both knees up, feet on the ground, right arm raised in front, with hand to mouth, left arm in front of the body, holding a flagellum (S45) which angles against the left shoulder.",sḏ.ty,Classifier child,,,,,,A272C
13809,U+13809,,C-14-014,C,"Youth, seated, right knee up, wearing the red crown (S3), right arm raised in front, with hand to mouth, left arm in front of the body.",ꞽ,Logogram (first person singular),,,,,,C084B
1380A,U+1380A,,C-14-015,C,"Youth, seated, both knees up, feet on the ground, wearing the double crown (S5), right arm raised in front, with hand to mouth, left arm in front of the body, holding a flagellum (S45) which angles against the left shoulder.",ḥr-pꜣ-ẖrd,Logogram (Horus the child),C84,"70,15",C84,,,HJ C084
1380B,U+1380B,,C-15-002,C,"God, seated, knees up, with covered legs and arms, with the head of a ram, with forward curling horns.",ḫnm.w,Classifier creator,C4J,,C4J,,,HJ C004J
1380C,U+1380C,,C-15-004,C,"God, seated, knees up, with covered legs and arms, with the head of a ram with horizontal twisted horns, holding a sceptre with a straight shaft, topped with the head of the Seth animal vertically. ",ẖnm.w,Logogram (Khnum),C4A,"71,5",C4A,,,HJ C004A
1380D,U+1380D,,C-15-006,C,"God, seated, knees up, with covered legs and arms, with the head of a ram with horizontal twisted horns, with the head of a cobra in the middle of the horns, holding a sceptre with a straight shaft, topped with the head of the Seth animal vertically. ",ẖnm.w,Logogram (Khnum),C4B,"71,7",C4B,,,HJ C004B
1380E,U+1380E,,C-15-009,C,"God, seated, knees up, with covered legs and arms, with the head of a ram with horizontal twisted horns, holding a stone jug with a large handle connecting to the rim, with small handle (W9), with the large handle forward.",ẖnm,Phonemogram,C4D,"71,9",C4D,,,HJ C004D
1380F,U+1380F,,C-15-012,C,"God, seated, knees up, with covered legs and arms, with the head of a ram, with a headdress consisting of two feathers with a sun disk on ram horns, with an uraeus at either side of the feathers; holding a sceptre with a straight shaft, topped with the head of the Seth animal vertically. ",ẖnm.w,Logogram (Khnum),,,,,,C004K
13810,U+13810,,C-15-013,C,"God, seated, knees up, with covered legs and arms, with the head of a ram, with a headdress consisting of two feathers with a sun disk on ram horns; holding a sceptre with a straight shaft, topped with the head of the Seth animal vertically. ",ẖnm.w,Logogram (Khnum),,,,,,C004L
13811,U+13811,,C-15-015,C,"God, seated, knees up, with covered legs and arms, with the head of a ram, with a headdress consisting of two plumes with a sun disk on ram horns, with an uraeus at either side of the plumes; holding a sceptre with a straight shaft, topped with the head of the Seth animal vertically. ",ẖnm.w,Logogram (Khnum),,,,,,C004M
13812,U+13812,,C-15-018,C,"God, seated, knees up, with covered legs and arms, with the head of a ram, wearing the Atef crown (without sun disk), holding a sceptre with a straight shaft, topped with the head of the Seth animal vertically. ",ẖnm.w,Classifier Khnum,C4F,"71,12",C4F,,,HJ C004F
13813,U+13813,,C-15-021,C,"God, seated, knees up, with covered legs and arms, with the head of a ram with horizontal twisted horns, holding a sceptre with a straight shaft, topped with the head of the Seth animal vertically. ",ẖnm.w,Classifier Khnum,C4I,,C4I,,,HJ C004I
13814,U+13814,,C-15-022,,,,,C4G,"71,13",C4G,,,HJ C004G
13815,U+13815,,C-15-023,C,"God, seated, knees up, with covered legs and arms, with the head of a ram, with forward curling horns, with a sun disk (N5) on its head, holding a sceptre with a straight shaft, topped with the head of the Seth animal vertically. ",ẖnm.w,Logogram (Khnum),,,,,,C004N
13816,U+13816,,C-15-026,C,"God, seated on a block, with the head of a ram with horizontal twisted horns, in front of a potter's wheel with a vessel on it, both arm forwards, right hand inside the vessel, left hand at the wheel.",nḥp,Logogram (creator),C35,"71,14",C35,,,HJ C035
13817,U+13817,,C-15-028,C,"God, seated on a block throne on a base, with the head of a ram with horizontal twisted horns, in front of a potter's wheel with a lump of clay on it, right leg forward, with the foot at the base of the potter's wheel, both arm forwards, hands at the vessel.",nḥp,Logogram (creator),,"71,15",,,,C348
13818,U+13818,,C-15-030,C,"God, with the head of a ram with horizontal twisted horns, standing at a potter's wheel with a round vessel with an upstanding rim (W24) on it, right leg extended, right foot at the base of the potter's wheel, both arm forwards, right hand above the vessel, left hand at the wheel.",ḳd,"Logogram (to build, to create)",,,,,,C349
13819,U+13819,,C-15-032,C,"God, with the head of a ram with horizontal twisted horns, with a sun disk (N5) on its head, seated on nothing, in front of a potter's wheel with a lump of clay on it, right leg extended, right foot at the base of the potter's wheel, both arms extended in front, right hand above the lump of clay, left hand at the top of the potter's wheel.",nḥp,"Logogram (to create, to form)",,,,,,C336A
1381A,U+1381A,,C-15-034,C,"God, standing, with the head of a ram with forward curving horns, both arms raised in front, touching a vertically written wall with battlements near the top, left leg raised, touching the wall near the bottom.",ẖnm,Logogram (to build),,,,,,C036A
1381B,U+1381B,,C-16-002,C,"God, standing, with the head of a lion, holding a sceptre with a straight shaft, forked bottom and head of the Seth animal (S40) of the same size as the god, vertically, left arm hanging beside the body.",r,Phonemogram,C88,"72,3",C88,,,HJ C088
1381C,U+1381C,,C-16-003,C,"God, standing, with the head of a lion, with a feather (H6) on its head, holding a sceptre with a straight shaft, forked bottom and head of the Seth animal (S40) of the same size as the god, vertically, left arm hanging beside the body.",,,,,,,,C316
1381D,U+1381D,,C-16-005,C,"God, standing, with the head of a lion, right arm forward, forearm horizontal, holding a knife (T30A) vertically, with the blade outwards, left arm hanging beside the body, holding a stick horizontally.",wpw.ty,Logogram (messenger),C87,"72,4",C87,,,HJ C087
1381E,U+1381E,,C-17-004,C,"An ithyphallic god, with long, curved beard, standing on a platform, wearing a double plume headdress, with a line coming from the back of the head, running down to the base, arm raised in back, with a flagellum (S45) written over the arm, in front of an altar/table with two conical shapes (tree or bread) and a flower (M16A?).",mnw,Logogram (Min),,"72,7",,,,C008B
1381F,U+1381F,,C-17-005,,,,,C8A,"72,8",C8A,,,HJ C008A
13820,U+13820,,C-17-006,C,"An ithyphallic god, with long, curved beard, standing, wearing a double plume headdress, arm raised in back, with a flagellum (S45) written over the arm.",kꜣ-mw.t=f,Classifier divinity,C38B,,C38B,,,HJ C038B
13821,U+13821,,C-18-001,,,,,C89,"72,9",C89,,,HJ C089
13822,U+13822,,C-19-001,,,,,C91,"72,10",C91,,,HJ C091
13823,U+13823,,C-19-004,,,,,C92A,"72,12",C92A,,,HJ C092A
13824,U+13824,,C-19-006,C,"God with breast, seated, both knees down, with a long-curved beard and long wig/hair, with a clump of three papyrus flowers (M16A) on its head, both arms forward, hands at the height of the chest, holding a tray or reed mat, with a tall water-pot, with spout, with line of fluid coming from the spout (W15A) on top of it, with the spout at the front.",hꜥpy,Logogram (the flood),C91A,,C91A,,,HJ C091A
13825,U+13825,,C-19-007,C,"God with breast, seated, both knees down, with a long-curved beard and long wig/hair, with a clump of three papyrus flowers (M16A) on its head, both arms forward, hands at the height of the chest, holding a tray or reed mat, with a tall water-pot, with spout, with line of fluid coming from the spout (W15A) on top of it, with the spout at the front, with a lotus flower and stem (M9/rotated M133) written over the water pot.",hꜥpy,Logogram (the flood),C91B,"73,2",C91B,,,HJ C091B
13826,U+13826,,C-19-008,C,"God with breast, seated, both knees down, with a long-curved beard and long wig/hair, with a clump of three papyrus flowers (M16A) on its head, both arms forward, hands at the height of the waist, holding a tall waterpot (W14).",hꜥpy ,Logogram (the Nile/the flood),C92,"73,3",C92,,,HJ C092
13827,U+13827,,C-19-009,C,"God with breast, seated, both knees down, with a long-curved beard and long wig/hair, with a clump of three papyrus flowers (M16A) on its head, both arms forward, hands at the height of the waist, holding a tall waterpot, with spout, with line of fluid coming from the spout (W15A), spout at the front.",hꜥpy,Logogram (the Nile/the flood),C92B,"73,4",C92B,,,HJ C092B
13828,U+13828,,C-19-012,,,,,C94,"73,7",C94,,,HJ C094
13829,U+13829,,C-19-015,C,"God with breast, standing, with a long-curved beard and long wig/hair, with a clump of three papyrus flowers, with two buds bent down (M15) on its head, both arms forward, hands at the height of the waist, holding a tray or reed mat, with two tall waterpots (W14) on it.",hꜥpy,Logogram (the Nile/the flood),,,,,,C094C
1382A,U+1382A,,C-19-017,C,"God with breast, standing, with a long-curved beard and long wig/hair, with a clump of three papyrus flowers, with two buds bent down (M15) on its head, both arms forward, hands at the height of the waist, holding a tray or reed mat, with two tall waterpots (W14) on it, with a lotus flower and stem (M9/rotated M133) written over the water pot, with the stem of each flower extending beyond the mat, with a sceptre with a straight shaft, a forked base, topped with the head of the Seth animal (S40) between the two pots, with the lower half of the sceptre extending below the mat.",,,,,,,,C339
1382B,U+1382B,,C-20-001,C,"God, seated, knees up, with covered legs and arms, with a long-curved beard, wearing a headdress consisting of four plumes on ram horns (S68), holding a sceptre with a straight shaft, topped with the head of the Seth animal vertically. ",ꞽn-ḥr.t,Logogram (Onuris),C95,"73,8",C95,,,HJ C095
1382C,U+1382C,,C-20-002,,,,,C96,"73,9",C96,,,HJ C096
1382D,U+1382D,,C-20-004,C,"God, seated, knees up, with covered legs and arms, with a long-curved beard, wearing a headdress consisting of two plumes on ram horns (S62).",ꞽn-ḥr.t,Logogram (Onuris),,,,,,C095B
1382E,U+1382E,,C-21-002,C,"God, walking, looking backwards, with a long-curved beard and long hair/wig, right arm forward, hand at the height of the waist, holding a stick/staff, left arm backwards, hand at the height of the shoulder, holding a star (N14).",sꜣḥ,Logogram (Orion),,,,,,C097A
1382F,U+1382F,,C-21-004,C,"God, walking, wearing the double crown, right arm forward, angling down, left arm raised in back, forearm vertical, holding a stick.",sꜣḥ,Logogram (Orion),A479,,A479,,,HJ A479
13830,U+13830,,C-22-001,C,"God, seated, knees up, with covered legs and arms, with a long-curved beard, wearing the Atef crown without horns (S8A).",wsꞽr,Classifier Osiris,C98A,"73,12",C98A,,,HJ C098A
13831,U+13831,,C-22-003,C,"God, seated, knees up, with covered legs and arms, with a long-curved beard, wearing the Atef crown without horns (S8A), holding a sceptre with a straight shaft, topped with the head of the Seth animal vertically. ",wsꞽr,Logogram (Osiris),C98,"74,3",C98,,,HJ C098
13832,U+13832,,C-22-006,,,,,C99,"74,7",C99,,,HJ C099
13833,U+13833,,C-22-008,C,"God, seated, knees up, with covered legs and arms, with a long-curved beard, wearing the Atef crown without horns (S8A), holding a flagellum (S45) and a crook (S38), opening inwards.",stẖ.y,Logogram (one who belongs to Seth),C98B,"74,9",C98B,,,HJ C098B
13834,U+13834,,C-22-010,,,,,C98D,,C98D,,,HJ C098D
13835,U+13835,,C-22-016,C,"God, seated on a block throne on a base, with a long-curved beard, wearing the Atef crown without ram horns (S8A), both arms in front of the chest, right hand holding a crook (S38), opening inward, angled over the right shoulder, left hand holding a flagellum (S45), angled over the left shoulder, on top of a base.",,Classifier Osiris,,,,,,C098G
13836,U+13836,,C-22-017,C,"God, seated on a block throne on a base, with a long-curved beard, wearing the Atef crown with ram horns (S8), both arms in front of the chest, right hand holding a crook (S38), opening inward, angled over the right shoulder, left hand holding a flagellum (S45), angled over the left shoulder, on top of a base.",wsꞽr,Classifier Osiris,,,,,,C098H
13837,U+13837,,C-22-019,C,"God, in mummy form, standing upright, with a long-curved beard, wearing the Atef crown with ram horns (S8), both arms forward, holding a sceptre with a straight shaft, forked bottom and head of the Seth animal (S40) of the same size as the god, vertically.",ḫnt.y-ꞽmn.tyw,Classifier Osiris,,,C101,,,C101
13838,U+13838,,C-22-021,C,"God, in mummy form, standing upright on a platform, with a long-curved beard, wearing the Atef crown without ram horns (S8A), both arms in front of the chest, right hand holding a flagellum (S45), angled over the right shoulder, left hand holding a crook (S38), opening inward, angled over the left shoulder.",wsꞽr,Logogram (Osiris),C101A,,C101A,,,HJ C101A
13839,U+13839,,C-23-001,C,"God, seated, knees up, with covered legs and arms, with a long straight beard, wearing a cap.",ptḥ,Logogram (Ptah),C102A,"74,14",C102A,,,HJ C102A
1383A,U+1383A,,C-23-003,C,"God, seated, knees up, with covered legs and arms, with a long straight beard, wearing a cap, holding a sceptre with a straight shaft, topped with the head of the Seth animal vertically. ",ptḥ,Classifier Ptah,C102,"75,1",C102,,,HJ C102
1383B,U+1383B,,C-23-007,C,"God, seated, knees up, with covered legs and arms, with a long straight beard, wearing a cap, holding a tie or strap, used with sandals (ankh sign, S34), angling forward. ",ptḥ,Logogram (Ptah),C102D,"75,5",C102D,,,HJ C102D
1383C,U+1383C,,C-23-012,C,"God, seated, knees up, with covered legs and arms, with a long straight beard, wearing a cap, holding a papyrus scroll vertically.",,Classifier divinity (Imhotep),,,,,,C102I
1383D,U+1383D,,C-23-013,C,"God, in mummy form, standing upright, with a long straight beard, wearing a cap, both arms forwards, holding a sceptre with a straight shaft, forked bottom, and the vertically oriented head of the Seth animal (S040), of the same size as the god, adorned with an ankh sign (S034) and a djed pillar (R011).",ptḥ,Logogram (Ptah),C19A,"75,9",C19A,,,HJ C019A
1383E,U+1383E,,C-23-017,C,"God, in mummy form, standing upright, with a long straight beard, wearing a cap, both arms forward, holding a sceptre with a straight shaft, forked bottom and head of the Seth animal (S40) of the same size as the god, vertically.",nṯr.y,"Logogram (divine, godly)",C19C,"75,12",C19C,,,HJ C019C
1383F,U+1383F,,C-23-018,C,"God, in mummy form, standing upright on a platform, with a long straight beard, wearing a cap, both arms forward, holding a sceptre with a straight shaft, forked bottom and head of the Seth animal (S40) of the same size as the god, vertically, inside a shrine without the pillar at the front.",ptḥ,Logogram (Ptah),,"75,14",,,,C020C
13840,U+13840,,C-23-021,C,"God, in mummy form, standing upright on a platform, with a long straight beard, wearing a cap, both arms forward, holding a sceptre with a straight shaft, forked bottom, and the vertically oriented head of the Seth animal (S040), of the same size as the god, adorned with an ankh sign (S034) and a djed pillar (R011); placed within the façade of a shrine (O021), itself located inside a larger shrine supported by columns resembling papyrus stems with buds (M013).",nṯr.y,"Logogram (divine, godly)",C20A,"76,1",C20A,,,HJ C020A
13841,U+13841,,C-23-025,C,"God, seated on a block-throne on a base, with a long straight beard, wearing a cap, both arms forwards, holding a sceptre with a straight shaft, topped with the head of the Seth animal vertically.",ptḥ,Logogram (Ptah),,,,,,C020D
13842,U+13842,,C-23-026,C,"God, seated on a block-throne on a base, with a long straight beard, wearing a cap, both arms forward, holding a sceptre with a straight shaft, topped with the vertically oriented head of the Seth animal, adorned with an ankh sign (S034) and a djed pillar (R011).",nfr-ḥr,Classifier divinity,,,,,,C020E
13843,U+13843,,C-24-001,C,"God, seated, knees up, with covered legs and arms, with a long-curved beard and long wig/hair, with a sun disk (N5) on his head.",rꜥ,Logogram (Re),C1D,"76,4",C1D,,,HJ C001D
13844,U+13844,,C-24-003,C,"God, seated, knees up, with covered legs and arms, with a long-curved beard and long wig/hair, with N6 (The sun, encircled by a cobra (Naja haje), standing up, with expanded hood (uraeus)) on its head, holding a sceptre with a straight shaft, topped with the head of the Seth animal vertically. ",n(.y)-sw.t,Classifier king of Upper Egypt,C1A,"76,6",C1A,,,HJ C001A
13845,U+13845,,C-24-004,C,"God, seated, knees up, with covered legs and arms, with a long-curved beard and long wig/hair, with a sun disk (N5) on his head, holding a sceptre with a straight shaft, topped with the head of the Seth animal vertically. ",rꜥ,Logogram (Re),C1B,,C1B,,,HJ C001B
13846,U+13846,,C-24-005,C,"God, seated, knees up, with covered legs and arms, with a long-curved beard and long wig/hair, with a sun disk (N5) on his head, holding a dung-beetle (scarab, L1).",ḫprꞽ,Logogram (Khepri),,,,,,C001F
13847,U+13847,,C-24-006,C,"God, seated, knees up, with covered legs and arms, with a long-curved beard and long wig/hair, with N6 (The sun, encircled by a cobra (Naja haje), standing up, with expanded hood (uraeus)) on its head, holding a sceptre (S42).",sḫm,Logogram (powerful one),,,,,,C001G
13848,U+13848,,C-25-001,,,,,C103,"76,8",C103,,,HJ C103
13849,U+13849,,C-26-002,C,"God, seated, knees up, with covered legs and arms, with the head of a Seth animal, holding a crook (S38), vertically, with the opening inwards.",stẖ.y,Logogram (one who belongs to Seth),C7A,"76,11",C7A,,,HJ C007A
1384A,U+1384A,,C-26-005,C,"God, seated, knees up, with covered legs and arms, with the head of a Seth animal, holding a tie or strap, used with sandals (ankh sign, S34), angling forward. ",stẖ.y,Logogram (one who belongs to Seth),C7D,,C7D,,,HJ C007D
1384B,U+1384B,,C-26-008,C,"God, seated, knees up, with covered legs and arms, with the head of a Seth animal, on top of a collar of beads (S12).",ꜣh/ꞽh,"Classifier misery, pain",,,,,,C007G
1384C,U+1384C,,C-26-009,,,,,C106B,"77,1",C106B,,,HJ C106B
1384D,U+1384D,,C-26-010,,,,,C105D,"77,2",C105D,,,HJ C105D
1384E,U+1384E,,C-26-012,C,"Humanoid, with the head of a donkey/ass, with a knife (T30A) at the face, blade towards the back, with hands bound to feet at the back, in front of a pole which is forked at the top, to which the humanoid is bound.",ẖs-ḳd,Classifier vile one,C105C,,C105C,,,HJ C105C
1384F,U+1384F,,C-26-015,C,"Humanoid, with the head of a donkey/ass, with hands bound to feet at the back, in front of a pole which is forked at the top, to which the humanoid is bound.",nbḏ,Classifier evil one,C105E,,C105E,,,HJ C105E
13850,U+13850,,C-26-019,C,"God, in mummy form, standing upright, with the head of a donkey/ass, with a knife (T30A) at the face, blade downwards.",ꞽr.w,"Classifier creation, form",C264,,C264,,,HJ C264
13851,U+13851,,C-27-001,C,"God, seated, knees up, with covered legs and arms, with the head of a crocodile.",sbk,Logogram (Sobek),C107,"77,5",C107,,,HJ C107
13852,U+13852,,C-27-002,C,"God, seated, knees up, with covered legs and arms, with the head of a crocodile, holding a sceptre with a straight shaft, topped with the head of the Seth animal vertically. ",sbk-šmꜥ-nfr,Classifier crocodile divinity,C107A,"77,6",C107A,,,HJ C107A
13853,U+13853,,C-27-005,C,"God, seated, knees up, with covered legs and arms, with the head of a crocodile, with ram horns and a N6 (The sun, encircled by a cobra (Naja haje), standing up, with expanded hood (uraeus)) on its head, holding a sceptre with a straight shaft, topped with the head of the Seth animal vertically. ",ꞽ ,Phonemogram (first person for sbk-šmꜥ-nfr),,,,,,C107B
13854,U+13854,,C-27-006,,,,,C253,,C253,,,HJ C253
13855,U+13855,,C-27-007,C,"Goddess, seated, both knees down, with the head of a crocodile, wearing the red crown (S3), arms extended as either side of the body, angling downwards, with a crocodile (I3) under each arm.",rs.t-ḥw.wt=s,Logogram (the one who watches her mansions),C303,,C303,,,HJ C303
13856,U+13856,,C-28-001,C,"An archaic image of a falcon, with a thorn, pointing upwards in front of it.",spd.w,Logogram (Sopdu),C108A,,C108A,,,HJ C108A
13857,U+13857,,C-29-002,C,"God, seated, knees up, with covered legs and arms, with the head of a baboon/monkey, holding a mace (T3) angling forward.",ḥry-sḫ.t,Classifier guardian,C111,"77,10",C111,,,HJ C111
13858,U+13858,,C-29-003,C,"God, seated, knees up, with covered legs and arms, with the head of a baboon/monkey, holding a knife (T30A), vertically.",ḫsf-sby.w,Classifier guardian,C111B,,C111B,,,HJ C111B
13859,U+13859,,C-29-005,C,"God, seated, knees up, with covered legs and arms, with the head of a baboon/monkey, holding a sceptre with a straight shaft, topped with the head of the Seth animal vertically. ",n.y-mꜣꜥ.t,Classifier baboon divinity (i.e. Thot),,,,,,C111D
1385A,U+1385A,,C-29-007,C,"God, in mummy form, standing upright, with the head of a baboon/monkey.",ḥp.y,Logogram (Hapy),C112,"77,11",C112,,,HJ C112
1385B,U+1385B,,C-30-004,C,"God, seated, knees up, with covered legs and arms, with a long-curved beard and long hair/wig, wearing a headdress consisting of two feathers on ram horns (S77).",tꜣ-ṯnn,Logogram (Tatenen),C18F,,C18F,,,HJ C018F
1385C,U+1385C,,C-30-005,C,"God, seated, knees up, with covered legs and arms, with a long-curved beard and long hair/wig, wearing a headdress consisting of two feathers on ram horns (S77), holding a sceptre with a straight shaft, topped with the head of the Seth animal vertically. ",tꜣ-ṯnn,Logogram (Tatenen),C18A,"77,12",,,,C018A
1385D,U+1385D,,C-30-006,C,"God, seated, knees up, with covered legs and arms, with a long-curved beard and long hair/wig, wearing a headdress consisting of two feathers on ram horns (S77), holding a pestle (U33), vertically, top curving outwards.",ṯn.tꞽ,Phonemogram,,,,,,C018I
1385E,U+1385E,,C-30-010,C,"God, seated, both knees down, with a long-curved beard and long hair/wig, wearing a headdress consisting of two feathers on ram horns (S77), both arms forward, holding a flagellum (S45).",tꜣ-ṯnn,Classifier Tatenen,C18C,"78,4",C18C,,,HJ C018C
1385F,U+1385F,,C-30-011,C,"God, seated, both knees down, with a long-curved beard and long hair/wig, wearing a headdress consisting of two feathers on ram horns, with a uraeus at either side of the feathers; both arms forward, holding a flagellum (S45).",tꜣ-ṯnn,Logogram (Tatenen),C18E,,C18E,,,HJ C018E
13860,U+13860,,C-30-013,C,"God, seated, both knees down, with a long-curved beard and long hair/wig, wearing a headdress consisting of two feathers and a sun disk on ram horns, with a uraeus with a sun disk on the head at either side of the feathers; both arms forward, holding a flagellum (S45) and a crook (S38), opening inwards.",tꜣ-ṯnn,Logogram (Tatenen),,,,,,C018J
13861,U+13861,,C-30-014,C,"God, seated, both knees down, with a long-curved beard and long hair/wig, wearing a headdress consisting of two feathers on ram horns (S77), both arms forward, holding a flagellum (S45) and a crook (S38), opening inwards.",ṯn(w),Phonemogram,C18D,"78,6",C18D,,,HJ C018D
13862,U+13862,,C-30-018,C,"God, standing, wearing a headdress consisting of two feathers and a sun disk on ram horns (S73), right arm forward, forearm horizontal, holding a sedge plant (M23), which curves towards the front, left arm hanging beside the body.",sw,Phonemogram,,,,,,C283A
13863,U+13863,,C-30-019,C,"God, in mummy form, standing upright, with a long-curved beard, wearing a headdress consisting of two feathers and a sun disk on ram horns (S73).",tꜣ-ṯnn,Logogram (Tatenen),,,,,,C350
13864,U+13864,,C-31-002,C,"God, seated, knees up, with covered legs and arms, with the head of an ibis, holding a sceptre with a straight shaft, topped with the head of the Seth animal vertically. ",ḏhwty,Logogram (Thot),C3A,"78,10",C3A,,,HJ C003A
13865,U+13865,,C-31-006,C,"God, seated, with knees up, feet flat on the ground, with the head of an ibis, arm forward, forearm following the angle of the upper leg, hand on the knee, horizontally, hand palm up, supporting a human face (D2).",ḥr.y-ꞽb,Phonemogram,,,,,,C003E
13866,U+13866,,C-31-007,C,"God, seated, knees up, with covered legs and arms, with the head of an ibis, holding a heart (F34).",ꞽpy,Classifier Thoth,,,,,,C003F
13867,U+13867,,C-31-010,C,"God, seated, knees up, with covered legs and arms, with the head of an ibis, with a crescent moon with the entire moon disk (N62) on its head, holding a sceptre with a straight shaft, topped with the head of the Seth animal vertically. ",,,C114,"78,13",C114,,,HJ C114
13868,U+13868,,C-31-011,C,"God, seated, knees up, with covered legs and arms, with the head of an ibis, with a crescent moon with the entire moon disk (N62) on its head.",ꞽꜥḥ,Classifier moon,C114A,,C114A,,,HJ C114A
13869,U+13869,,C-31-014,,,,,C115A,,C115A,,,HJ C115A
1386A,U+1386A,,C-31-017,C,"God, seated, knees up, with covered legs and arms, with the head of an ibis, wearing the Atef crown with ram's horns, without sun disk, holding a sceptre with a straight shaft, topped with the head of the Seth animal vertically. ",ḥkꜣ.w,Classifier divinity,,,,,,C295A
1386B,U+1386B,,C-31-019,C,"God, seated, knees up, with covered legs and arms, with the head of an ibis, wearing the Atef crown without ram horns (S8A), holding a human face (D2).",ḥr.y-ꞽb,Phonemogram,,,,,,C322A
1386C,U+1386C,,C-31-020,C,"God, seated, knees up, with covered legs and arms, with the head of an ibis, wearing the Atef crown without ram horns (S8A), holding a heart (F34).",ḥr.y-ꞽb,Phonemogram,,,,,,C322B
1386D,U+1386D,,C-31-021,C,"God, standing, with the head of an ibis, right arm forward, hand at the height of the waist, holding a sceptre with a straight shaft, forked bottom and head of the Seth animal (S40) of the same size as the god, vertically, left arm hanging beside the body.",wr,Logogram/phonemogram (to be great),C116,"79,1",C116,,,HJ C116
1386E,U+1386E,,C-31-022,,,,,C116A,"79,2",C116A,,,HJ C116A
1386F,U+1386F,,C-31-023,C,"God, standing, with the head of an ibis, arms hanging at either side of the body.",ḏhwty,Logogram (Thot),C116B,,C116B,,,HJ C116B
13870,U+13870,,C-31-026,,,,,C117,"79,6",C117,,,HJ C117
13871,U+13871,,C-32-001,C,"God, standing, with a long sash-kilt, no beard and short hair/wig, wearing a headdress consisting of four plumes and a sun disk, right arm forward, hand at the height of the waist, holding a sceptre with a straight shaft, forked bottom and head of the Seth animal (S40) of the same size as the god, vertically, left arm hanging beside the body.",sꜣ-rꜥ,Logogram (son of Re),C285,,C285,,,HJ C285
13872,U+13872,,C-32-002,C,"An oval of sand, with two human heads on top, at either end, facing outwards.",ꜣkr,Classifier earth-god,C274,,C274,,,HJ C274
13873,U+13873,,C-32-003,C,"God/man, standing on a base, with coif/short hair, without beard, with a palm branch, stripped of leaves and notched on his head, notch and curve backwards, arms raised at either side of the body, hands above the height of the head, hand palms inwards.",nḥḥ,Logogram (eternity),C286,,C286,,,HJ C286
13874,U+13874,,C-32-004,C,"Man/god, with the legs replaced by a star, right arm forward, hand at the height of the waist, holding a sceptre with a straight shaft, forked bottom and head of the Seth animal (S40) of the same size as the god, vertically, left arm hanging beside the body.",dwꜣ.t,Phonemogram,C307,,C307,,,HJ C307
13875,U+13875,,C-32-013,C,"Man/god, standing, with a sand covered mountain over the edge of the cultivated areas (N26) on his head, right arm forward, hand at the height of the waist, holding a cobra in repose (Naja haje), standing up (I80), left arm hanging beside the body.",ḥnꜥ,Phonemogram,,,,,,C351
13876,U+13876,,C-33-002,C,"Goddess, seated, knees up, with covered legs and arms, wearing a headdress of outwards waving plumes, holding a holding a stem of papyrus with a bud (M131) or flower vertically.",ꜥnḳ.t,Classifier Anubis,,,C148,,,C148
13877,U+13877,,C-33-004,C,"Goddess, seated, knees up, with covered legs and arms, wearing a headdress of outwards waving plumes, holding a tie or strap, used with sandals (ankh sign, S34), angling forward. ",ꜥnḳ.t,Classifier Anubis,,,C148A,,,C148A
13878,U+13878,,C-34-004,C,"Goddess, seated, knees up, with covered legs and arms, with the head of a snake, holding a stem of papyrus with a bud (M13).",rnn.(w)ṯ(t),Classifier Renenutet,C149,"80,4",C149,,,HJ C149
13879,U+13879,,C-34-005,,,,,C149A,"80,5",C149A,,,HJ C149A
1387A,U+1387A,,C-34-006,C,"Goddess, seated, knees up, with covered legs and arms, with the head of a snake.",ḥs,classifier (in ḥs-nb=s),C138,,C138,,,HJ C138
1387B,U+1387B,,C-34-008,C,"Goddess, seated, knees up, with covered legs and arms, with the head of a snake, holding a sceptre with a straight shaft, topped with the head of the Seth animal vertically. ",kk.t,Logogram (Keket),C138B,"57,2",C138B,,,HJ C138B
1387C,U+1387C,,C-34-009,C,"Goddess, seated, knees up, with covered legs and arms, with the head of a snake, holding a knife (T30A) at a forward angle.",,Classifier divinity?,C138C,,C138C,,,HJ C138C
1387D,U+1387D,,C-35-003,C,"Goddess, seated, knees up, with covered legs and arms, with a headdress of bovine horns with a sun disk (F102), and an uraeus.",ḥw.t-ḥr,Classifier Hathor,,,C9,,,C009P
1387E,U+1387E,,C-35-007,C,"Goddess, seated, knees up, with covered legs and arms, with a headdress of bovine horns with a sun disk (F102) and the vulture headdress, holding a stem of papyrus with a bud (M131) or flower vertically. ",ꜣs.t,Logogram (Isis),C9J,"81,1",C9J,,,HJ C009J
1387F,U+1387F,,C-35-008,C,"Goddess, seated, knees up, with covered legs and arms, with a headdress of bovine horns with a sun disk (F102), holding a holding a stem of papyrus with a bud (M131) or flower vertically. ",,Classifier female divinity (usually associated with Hathor),C9A,"81,3",C9A,,,HJ C009A
13880,U+13880,,C-35-009,C,"Goddess, seated, knees up, with covered legs and arms, with a headdress of bovine horns with a sun disk (F102), holding a sceptre with a straight shaft, topped with the head of the Seth animal vertically. ",nb,Logogram,C9B,"81,5",C9B,,,HJ C009B
13881,U+13881,,C-35-010,C,"Goddess, seated, knees up, with covered legs and arms, with a headdress of bovine horns with a sun disk (F102), holding a holding a sceptre (S42), vertically.",sḫm.t,Logogram (powerful one),C9C,"81,7",C9C,,,HJ C009C
13882,U+13882,,C-35-013,C,"Goddess, seated, knees up, with covered legs and arms, with a headdress of bovine horns with a sun disk (F102), holding a club used by washermen for beating laundry (U36) vertically.",ḥm.t,Logogram (majesty),C9D,"81,10",C9D,,,HJ C009D
13883,U+13883,,C-35-015,C,"Goddess, seated, knees up, with covered legs and arms, with a headdress of bovine horns with a sun disk (F102), holding a knife (T30A), angling forward.",nb,Logogram/phonemogram (lord/lady),C9G,,C9G,,,HJ C009G
13884,U+13884,,C-35-016,C,"Goddess, seated, knees up, with covered legs and arms, with a headdress of bovine horns with a sun disk (F102), holding a stem of papyrus with a bud (M13).",nb.t ,Logogram/phonemogram (lady),C9H,,C9h,,,HJ C009H
13885,U+13885,,C-35-017,C,"Goddess, seated, knees up, with covered legs and arms, with a headdress of bovine horns with a sun disk (F102), holding a tie or strap, used with sandals (ankh sign, S34), vertically at the base.",ꜥnḫ,Logogram (life),C9E,,C9E,,,HJ C009E
13886,U+13886,,C-35-018,C,"Goddess, seated, knees up, with covered legs and arms, with a headdress of bovine horns with a sun disk (F102), holding a chisel (U22).",mnḫ,Logogram/phonemogram (effective/splendid),C9K,,C9K,,,HJ C009K
13887,U+13887,,C-35-020,,,,,C9M,,,,,C009M
13888,U+13888,,C-35-021,C,"Goddess, seated, knees up, with covered legs and arms, with a headdress of bovine horns with a sun disk (F102), holding a sistrum, with the top piece in the form of a shrine, with the human face on the handle having hair (Y28)",nb.t-sšš.t,Logogram (mistress of the sistrum),,,,,,C009Q
13889,U+13889,,C-35-022,C,"Goddess, seated, knees up, with covered legs and arms, with a headdress of bovine horns with a sun disk (F102), holding sistrum, with horizontal wavy lines over the top piece (Y18).",nb.t-sšš.t,Logogram (mistress of the sistrum),,,,,,C009R
1388A,U+1388A,,C-35-026,C,"Goddess, seated, knees up, with covered legs and arms, with a headdress of bovine horns with a sun disk (F102), holding a string wound on a stick (V24) vertically.",ḥm.t,Logogram (majesty),,,,,,C009T
1388B,U+1388B,,C-35-027,C,"Goddess, seated, knees up, with covered legs, with a headdress of bovine horns with a sun disk (F102), with one visible arm, extended forwards, holding a flagellum (S45). ",ḥwt-ḥr,Classifier divinity,,,,,,C009S
1388C,U+1388C,,C-35-028,C,"Goddess, seated, both knees down, with a headdress of bovine horns with a sun disk (F102), both arms forward, right hand at the height of the shoulder, holding a tambourine, left hand on the tambourine.",nhm ,Logogram (rejoicing),C151,"81,14",C151,,,HJ C151
1388D,U+1388D,,C-35-029,C,"Goddess, standing, with a headdress of bovine horns with a sun disk (F102), both arms forward, right hand at the height of the shoulder, holding a tambourine, left hand on the tambourine.",nhm,Logogram (rejoicing),C151A,"81,15",C151A,,,HJ C151A
1388E,U+1388E,,C-35-031,C,"Goddess, seated, both knees down, with a headdress of bovine horns with a sun disk (F102), nursing a child, seated on her lap, left arm forward, hand over the chest of the goddess, right arm hanging beside the body; right arm forward, embracing/holding the child, left arm over the chest.",ꜣṯꞽ,Classifier to nurse,,"82,1",,,,C152A
1388F,U+1388F,,C-35-032,C,"Woman, seated, both knees down wearing a headdress consisting of a sun disk between bovid-horns, with a seat on top of the sun disk; nursing a child, seated on her lap, left arm forward, hand over the chest of the woman, right arm hanging beside the body; right arm forward, embracing/holding the child, left arm over the chest.",rr,"Logogram (to nurse, to rear (from rnn))",,,,,,C152B
13890,U+13890,,C-35-033,C,"Goddess, standing, with a headdress of bovine horns with a sun disk (F102), right arm forward, hand at the height of the waist, holding a stem of papyrus with a bud (M131) or flower, of the height of the woman, vertically, left arm hanging beside the body.",ḥw.t-ḥr,Logogram (Hathor),C153,"82,2",C153,,,HJ C153
13891,U+13891,,C-35-034,C,"Goddess, standing, with a headdress of bovine horns with a sun disk (F102), right arm forward, hand at the height of the waist, holding a sceptre with a straight shaft, forked bottom and head of the Seth animal (S40) of the same size as the woman, left arm hanging beside the body, holding a tie or strap, used with sandals (ankh sign, S34), at the loop.",nbw,Logogram (gold),C228,,C228,,,HJ C228
13892,U+13892,,C-35-036,C,"Goddess, standing, with a headdress of bovine horns with a sun disk (F102), right arm forward, hand at the height of the waist, holding a crook (S38) of the size of the king vertically, opening outwards, left arm hanging beside the body.",ḥḳꜣ.t,Logogram (ruler),,,,,,C228A
13893,U+13893,,C-35-038,C,"Goddess, standing, with a headdress of bovine horns with a sun disk (F102), with a seat (Q1) on the sun disk, right arm forward, hand at the height of the waist, holding a stem of papyrus with a bud (M131) or flower, of the height of the woman, vertically, left arm hanging beside the body, holding a tie or strap, used with sandals (ankh sign, S34), at the loop.",p.t,Logogram (the heavens/sky),,,,,,C299A
13894,U+13894,,C-35-041,C,"Goddess, seated on a block throne, wearing a headdress of bovine horns with a sun disk (F102), without visible arms.",ḥw.t-ḥr,Classifier Hathor,C282,,C282,,,HJ C282
13895,U+13895,,C-35-043,C,"Goddess, seated on a block throne with a base, wearing a headdress of bovine horns with a sun disk (F102), right arm forward, hand at the height of the waist, holding a stem of papyrus with a bud (M131) or flower, of the length of the seated figure, vertically, left arm forward, hand upon the knee.",ḥw.t-ḥr,Logogram (Hathor),,,,,,C154B
13896,U+13896,,C-35-046,C,"Goddess, seated on a block throne with a base, with a seat (Q1) on her head, right arm forward, hand at the height of the waist, holding a stem of papyrus with a bud (M131) or flower, of the length of the seated figure, vertically, left arm forward, hand upon the knee.",ꜣs.t,Logogram (Isis),,,,,,C315A
13897,U+13897,,C-35-047,C,"Goddess, seated on a block throne with a base, wearing a headdress of bovine horns with a sun disk (F102), with a seat (Q1) on the sun disk, right arm forward, hand at the height of the shoulder, holding a tie or strap, used with sandals (ankh sign, S34), horizontally at the base, left arm forward, hand upon the knee, holding a tie or strap, used with sandals (ankh sign, S34), at the loop.",ꜣs.t,Logogram (Isis),,"82,6",,,,C155E
13898,U+13898,,C-35-049,,,,,C157,"82,8",C157,,,HJ C157
13899,U+13899,,C-35-051,C,"Goddess, seated on a block throne with a base, wearing a headdress of bovine horns with a sun disk (F102), with a seat (Q1) on the sun disk, right arm forward, hand at the height of the waist, holding a stem of papyrus with a bud (M131) or flower, of the length of the seated figure, vertically, left arm forward, hand upon the knee, holding a tie or strap, used with sandals (ankh sign, S34), at the loop.",ꜣs.t,Logogram (Isis),,"82,11",,,,C154A
1389A,U+1389A,,C-35-053,,,,,C155B,"82,12",C155B,,,HJ C155B
1389B,U+1389B,,C-35-054,C,"Goddess, seated on a block throne with a base, wearing a headdress of bovine horns with a sun disk (F102), right arm forward, hand at the height of the shoulder, holding a tie or strap, used with sandals (ankh sign, S34), horizontally at the base, left arm forward, hand upon the knee, holding a tie or strap, used with sandals (ankh sign, S34), at the loop.",ꞽp.t-wr.t,Classifier divinity,,,,,,C155F
1389C,U+1389C,,C-35-057,C,"Goddess, seated on a block throne with a base, wearing a headdress of bovine horns with a sun disk (F102), right arm forward, hand at the height of the waist, holding a stem of papyrus with a bud (M131) or flower, of the length of the seated figure, vertically, left arm forward, hand above the height of the bud of the papyrus, holding a tie or strap, used with sandals (ankh sign, S34), horizontally at the base. ",ḥw.t-ḥr,Logogram (Hathor),,,,,,C155X
1389D,U+1389D,,C-35-062,C,"Goddess, seated, knees up, with covered legs and arms, with a seat (Q1) on her head.",ꜣs.t,Logogram (Isis),C159,"83,2",C159,,,HJ C159
1389E,U+1389E,,C-35-064,C,"Goddess, seated, knees up, with covered legs and arms, with a seat (Q1) on her head, holding a stem of papyrus with a bud (M131) or flower vertically. ",ꜣs.t,Classifier Isis,C159A,"83,6",C159A,,,HJ C159A
1389F,U+1389F,,C-35-066,C,"Goddess, seated, knees up, with covered legs and arms, with a seat (Q1) on her head, holding a holding a tie or strap, used with sandals (ankh sign, S34), angling forward. ",ꜣs.t,Logogram (Isis),C159B,,C159B,,,HJ C159B
138A0,U+138A0,,C-35-067,C,"Goddess, seated, knees up, with covered legs and arms, with a seat (Q1) on her head, holding a stem of papyrus with a bud (M13).",ḥḳꜣ.t,Classifier divinity,C159D,,C159D,,,HJ C159D
138A1,U+138A1,,C-35-068,C,"Goddess, seated, knees up, with covered legs and arms, with a seat (Q1) on her head, holding a two-barbed arrowhead, with the point facing downwards, in the ground, with only the barbs visible (T22A).",ḥꜣy.t,Classifier mourner,C159E,,C159E,,,HJ C159E
138A2,U+138A2,,C-35-069,,,,,C159H,,C159h,,,HJ C159H
138A3,U+138A3,,C-35-070,,,,,C159I,,C159I,,,HJ C159I
138A4,U+138A4,,C-35-071,C,"Goddess, seated, knees up, with covered legs and arms, with a seat (Q1) on her head, holding a sceptre with a straight shaft, topped with the head of the Seth animal.",,,,,,,,C159J
138A5,U+138A5,,C-35-073,C,"Goddess, seated, knees up, with covered legs and arms, with a headdress of bovine horns with a sun disk (F102) with a seat (Q1) on the sun disk, holding a holding a stem of papyrus with a bud (M131) or flower vertically. ",ꜣs.t,Logogram (Isis),C159C,"83,8",C159C,,,HJ C159C
138A6,U+138A6,,C-35-074,C,"Goddess, seated, knees up, with covered legs and arms, with a headdress of bovine horns with a sun disk (F102) with a seat (Q1) on the sun disk, holding a stem of papyrus with a bud (M13).",ꜣs.t,Logogram (Isis),C159G,"81,12",C159G,,,HJ C159G
138A7,U+138A7,,C-35-080,C,"Goddess, seated, both knees down, back bent forward, with a seat (Q1) on her head, and a band of cloth around her forehead, both arms forward, hands at the height of the waist.",šntꜣy.t,Logogram (the widow),C260,,C260,,,HJ C260
138A8,U+138A8,,C-35-083,C,"Goddess, standing, with a seat (Q3) on her head, right arm forward, hand at the height of the waist, holding a stem of papyrus with a bud (M131) or flower, of the height of the woman, vertically, left arm hanging beside the body.",ꜣs.t,Logogram (Isis),C161,"83,11",C161,,,HJ C161
138A9,U+138A9,,C-35-084,C,"Goddess, standing, wearing a vulture headdress, with a seat (Q3) on her head, right arm forward, hand at the height of the waist, holding a stem of papyrus with a bud (M131) or flower, of the height of the woman, vertically, left arm hanging beside the body, holding a tie or strap, used with sandals (ankh sign, S34), at the loop.",nb,Logogram (lord),,,,,,C161B
138AA,U+138AA,,C-35-087,C,"Goddess, standing, with a sun disk (N5) on her head, arms covered by wings, right arm raised in front, hand at the height of the shoulder, holding a feather (H6), left arm extended forward, hand at the height of the waist, holding a feather (H6).",ḫwꞽ,Logogram (to protect),C163,"83,15",C163,,,HJ C163
138AB,U+138AB,,C-35-088,C,"Goddess, standing, with a sun disk (N5) on her head, arms covered by wings, right arm raised in front, hand at the height of the shoulder, holding a feather (H6), left arm extended forward, hand at the height of the waist, holding a flagellum (S45) outwards.",ḫwꞽ,Logogram (to protect),C163A,"83,16",C163A,,,HJ C163A
138AC,U+138AC,,C-35-090,C,"Goddess, standing, with a headdress of bovine horns with a sun disk (F102), right arm forward, hand at the height of the waist, holding a sceptre with a straight shaft, forked bottom and head of the Seth animal (S40) of the same size as the woman, left arm hanging beside the body, holding a tie or strap, used with sandals (ankh sign, S34); on top of a collar of beads (S12).",snṯ-ꞽnbw,Phonemogram,C310,,C310,,,HJ C310
138AD,U+138AD,,C-35-091,C,"Goddess, seated, knees up, with covered legs and arms, with a headdress of bovine horns with a sun disk (F102), holding a holding a stem of papyrus with a bud (M131) or flower vertically, on top of a collar of beads, without detail (S12A).",nb.t,Logogram/phonemogram (lady),,,,,,C320
138AE,U+138AE,,C-36-001,C,"Goddess, seated, knees up, with covered legs and arms, with the head of a lion/lioness.",sḫm.t/bꜣs.tt,Classifier leonid divinity (female),C164,"84,2",C164,,,HJ C164
138AF,U+138AF,,C-36-003,C,"Goddess, seated, knees up, with covered legs and arms, with the head of a lion/lioness, holding a stem of papyrus with a bud (M13).",sḫm.t,Logogram (Sekhmet),C164A,"84,3",C164A,,,HJ C164A
138B0,U+138B0,,C-36-004,C,"Goddess, seated, knees up, with covered legs and arms, with the head of a lion/lioness, holding a flagellum (S45).",sḫm.t,Classifier leonid divinity (female),C164B,,C164B,,,HJ C164B
138B1,U+138B1,,C-36-006,,,,,C164C,"84,5",C164C,,,HJ C164C
138B2,U+138B2,,C-36-007,C,"God, seated, knees up, with covered legs and arms, with the head of a lion, holding a sceptre with a straight shaft, topped with the head of the Seth animal vertically. ",ḥḏ-ḥtp,Classifier leonid divinity (male),C275,,C275,,,HJ C275
138B3,U+138B3,,C-36-009,,,,,C164D,"84,6",C164D,,,HJ C164D
138B4,U+138B4,,C-36-010,C,"God, seated, knees up, with covered legs and arms, with the head of a lion, holding a knife (T30A), angled forwards.",ḫns-mꜣꜥ.t; bꜥḥ-ꞽb,Classifier leonid divinity (male),C275A,,C275A,,,HJ C275A
138B5,U+138B5,,C-36-012,,,,,C164E,"84,7",C164E,,,HJ C164E
138B6,U+138B6,,C-36-014,C,"Goddess, seated, knees up, with covered legs and arms, with the head of a lion/lioness, holding a tie or strap, used with sandals (ankh sign, S34), angling forward. ",bꜣs.tt,Classifier leonid divinity (female),C164F,,C164F,,,HJ C164F
138B7,U+138B7,,C-36-016,C,"Goddess, seated, knees up, with covered legs and arms, with the head of a lion/lioness, with N6 (The sun, encircled by a cobra (Naja haje), standing up, with expanded hood (uraeus)) on her head, holding a stem of papyrus with a bud (M13).",sḫm.t,Classifier leonid divinity (female),C165A,"84,9",C165A,,,HJ C165A
138B8,U+138B8,,C-36-017,C,"Goddess, seated, knees up, with covered legs and arms, with the head of a lion/lioness, with a plan of a crossroads in a village (O49) on her head, holding a stem of papyrus with a bud (M13).",nꞽw.t,"Logogram (city, village)",,,,,,C165G
138B9,U+138B9,,C-36-020,C,"Goddess, seated, knees up, with covered legs and arms, with the head of a lion/lioness, with N6 (The sun, encircled by a cobra (Naja haje), standing up, with expanded hood (uraeus)) on her head, holding a tie or strap, used with sandals (ankh sign, S34), angled forwards.",sḫm.t,Logogram (Sekhmet),C165D,,C165D,,,HJ C165D
138BA,U+138BA,,C-36-021,C,"Goddess, seated, knees up, with covered legs and arms, with the head of a lion/lioness, with N6 (The sun, encircled by a cobra (Naja haje), standing up, with expanded hood (uraeus)) on her head, holding a holding a stem of papyrus with a bud (M131) or flower vertically. ",sḫm.t,Classifier leonid divinity (female),,"84,11",,,,C165E
138BB,U+138BB,,C-36-022,C,"Goddess, seated, knees up, with covered legs and arms, with the head of a lion/lioness, with a sun disk (N5) on her head, holding a holding a stem of papyrus with a bud (M131) or flower vertically. ",mnḥy.t,Classifier leonid divinity (female),,,,,,C319A
138BC,U+138BC,,C-36-023,,,,,C289,"84,13",C289,,,HJ C289
138BD,U+138BD,,C-36-026,,,,,C166A,"84,14",C166A,,,HJ C166A
138BE,U+138BE,,C-36-030,C,"Goddess, seated, knees up, with covered legs and arms, with the head of a lion/lioness, holding a stem of papyrus with a bud (M13); on top of a stairway (O40).",ḥr.yt-ḫnd.w,Logogram (she who is on the throne/stairs (Bastet)),C170,"85,3",C170,,,HJ C170
138BF,U+138BF,,C-36-031,C,"Goddess, seated, knees up, with covered legs and arms, with the head of a lion/lioness, with two feathers (H6) on her head, forming a v shape, holding a stem of papyrus with a bud (M13)",štꜣ,Logogram (to be hidden),C171A,"85,4",C171A,,,HJ C171A
138C0,U+138C0,,C-36-032,C,"Goddess, seated, knees up, with covered legs and arms, with the head of a lion/lioness, with two feathers (H6) on her head, forming a v shape.",štꜣ,Classifier hidden,C171,"85,6",C171,,,HJ C171
138C1,U+138C1,,C-36-033,C,"Goddess, seated, knees up, with covered legs and arms, with the head of a lion/lioness, with two feathers (H6) on her head, forming a v shape, holding a sceptre with a straight shaft, topped with the head of the Seth animal vertically. ",štꜣ,Logogram (to be hidden),,,,,,C171B
138C2,U+138C2,,C-36-034,C,"Goddess, seated, knees up, with covered legs and arms, with the head of a lion/lioness, with a feather (H6) on her head, holding a sceptre with a straight shaft, topped with the head of the Seth animal vertically. ",mꜣ-ꜥnḫ,Classifier divinity?,,,,,,C171C
138C3,U+138C3,,C-36-036,C,"Goddess, seated, knees up, with covered legs and arms, with the head of a lion/lioness, with the head of a cobra on her head.",sḫm.t,Classifier leonid divinity (female),,,,,,C166B
138C4,U+138C4,,C-36-039,C,"Goddess, standing, with the head of a lion/lioness, arms hanging on either side of the body, hand palms towards the back.",bꜣs.tt,Classifier leonid divinity (female),,,,,,C360
138C5,U+138C5,,C-36-040,C,"Goddess, standing, with the head of a lion/lioness, with N6 (The sun, encircled by a cobra (Naja haje), standing up, with expanded hood (uraeus)) on her head, right arm raised in front, hand at the height of the face, hand palm outwards, left arm hanging beside the body.",ꞽ,Logogram (vocative interjection),,,,,,C353
138C6,U+138C6,,C-36-041,C,"Goddess, standing, with the head of a lion/lioness, with N6 (The sun, encircled by a cobra (Naja haje), standing up, with expanded hood (uraeus)) on her head, right arm forward, hand at the height of the waist, holding a stem of papyrus with a bud (M131) or flower, of the height of the woman, vertically, left arm hanging beside the body, holding a tie or strap, used with sandals (ankh sign, S34), at the loop.",sꜣ.t-rꜥ,Logogram (daughter of Re),,,,,,C354
138C7,U+138C7,,C-36-042,C,"God, standing, with the head of a lion, right arm extended forward, right hand at the height of the shoulder, holding a sealed perfume jar with handles, and strings (W27), left arm forward, hand at the height of the waist, holding a sealed ointment jar without ties (W2).",šms,Phonemogram,,,,,,C355
138C8,U+138C8,,C-37-003,C,"Goddess, seated, knees up, with covered legs and arms, with a cloth band around her head, with a feather (H6) on her head, holding a stem of papyrus with a bud (M131) or flower vertically. ",mꜣꜥ.t,Logogram (Maat),C10B,"85,13",C10B,,,HJ C010B
138C9,U+138C9,,C-37-006,C,"Goddess, seated, knees up, with covered legs and arms, with a cloth band around her head, with a feather (H6) on her head, holding a crook (S38), vertically, with the opening outwards.",ḥḳꜣ-mꜣꜥ.t,Logogram (ruler of truth/Maat),C10C,"86,2",C10C,,,HJ C010C
138CA,U+138CA,,C-37-007,C,"Goddess, seated, knees up, with covered legs and arms, with a cloth band around her head, with a feather (H6) on her head, holding a feather (H6), vertically.",mꜣꜥ,Logogram (truth),C10D,"86,3",C10D,,,HJ C010D
138CB,U+138CB,,C-37-009,C,"Goddess, seated, knees up, with covered legs and arms, with a cloth band around her head, with a feather (H6) on her head, holding the head and neck of a canine animal (F12), vertically.",wsr-mꜣꜥ.t,Logogram (in name Ramses IV),C10F,"86,6",C10F,,,HJ C010F
138CC,U+138CC,,C-37-010,C,"Goddess, seated, knees up, with covered legs and arms, with a cloth band around her head, with a feather (H6) on her head, holding two maces (T3), both angled forward.",rw.t-,Classifier woman,C10G,,C10G,,,HJ C010G
138CD,U+138CD,,C-37-012,C,"Goddess, seated, knees up, with covered legs and arms, with a cloth band around her head, with a feather (H6) on her head, holding a sceptre with a straight shaft, topped with the head of the Seth animal vertically. ",mꜣꜥ.t,Logogram (Maat),C10E,,C10E,,,HJ C010E
138CE,U+138CE,,C-37-013,C,"Goddess, standing, with a cloth band around her head, with a feather (H6) on her head, arms hanging beside the body, hand palms towards the back.",mꜣꜥ.t,Classifier divinity,,,,,,C175B
138CF,U+138CF,,C-37-014,C,"Goddess, standing, with a cloth band around her head, with a feather (H6) on her head, right arm forward, hand at the height of the waist, holding a sceptre with a straight shaft, forked bottom and head of the Seth animal (S40) of the same size as the woman, left arm hanging beside the body, holding a tie or strap, used with sandals (ankh sign, S34).",mꜥꜣ.t,Classifier truth,C175,"86,7",C175,,,HJ C175
138D0,U+138D0,,C-37-015,C,"Goddess, standing, with a cloth band around her head, with a feather (H6) on her head, right arm forward, hand at the height of the waist, holding a sceptre with a straight shaft, forked bottom and head of the Seth animal (S40) of the same size as the woman, left arm hanging beside the body, holding a tie or strap, used with sandals (ankh sign, S34); on top of a canal (N36).",mr(.y)-mꜣꜥ.t,Logogram/phonemogram (whom truth/Maat loves),C175A,,C175A,,,HJ C175A
138D1,U+138D1,,C-37-016,C,"Goddess, standing, with a cloth band around her head, with a feather (H6) on her head, right arm forward, hand at the height of the waist, holding a stem of papyrus with a bud (M131) or flower, of the height of the woman, vertically, left arm hanging beside the body, holding a tie or strap, used with sandals (ankh sign, S34); on top of a platform (Aa11).",mꜣꜥ.t,Logogram (Maat),,,,,,C176A
138D2,U+138D2,,C-37-019,C,"Goddess, seated on a block throne, with a cloth band around her head, with a feather (H6) on her head, right arm forward, hand at the height of the waist, holding the head and neck of a canine animal (F12) of the length of the figure, vertically, left arm forward, hand on the knee, holding a tie or strap, used with sandals (ankh sign, S34), angled forwards.",wsr-mꜣꜥ.t,Logogram (in name Ramses II),,"86,10",,,,C177A
138D3,U+138D3,,C-37-020,C,"Goddess, seated on a block throne, with a cloth band around her head, with a feather (H6) on her head, right arm forward, hand at the height of the waist, holding the head and neck of a canine animal (F12) of the length of the figure, vertically, left arm forward, hand on the knee, holding a tie or strap, used with sandals (ankh sign, S34), horizontally at the loop.",wsr-mꜣꜥ.t,Logogram (in name Ramses II),C177,"86,11",C177,,,HJ C177
138D4,U+138D4,,C-37-022,C,"Goddess, standing, with a cloth band around her head, with a feather (H6) on her head, right arm forward, hand at the height of the waist, holding the head and neck of a canine animal (F12) of the length of the figure, left arm hanging beside the body.",wsr-mꜣꜥ.t,Logogram (in name Ramses II),C178A,,C178A,,,HJ C178A
138D5,U+138D5,,C-37-023,C,"Goddess, seated, knees up, with covered legs and arms, with a cloth band around her head, with a feather (H6) on her head, holding a feather (H6), vertically; on top of a gateway (O32B), with a conical loaf of bread (X8) written inside.",rw.t-dꞽ(.t)-mꜣꜥ.t,Logogram (gate which gives truth),C179,"86,13",C179,,,HJ C179
138D6,U+138D6,,C-37-024,C,"Goddess, seated, knees up, with covered legs and arms, with two feathers (H6) on her head, in a v shape, holding a stem of papyrus with a bud (M13).",štꜣ,Logogram (to be hidden),C174,"86,14",C174,,,HJ C174
138D7,U+138D7,,C-38-003,C,"Goddess, seated, both knees down, with long hair, with a clump of three papyrus flowers (M16A) on her head, arms raised in front, hand horizontally at the height of the shoulder, hand palm up.",mr.t,Logogram (Meret),,"87,2",C180,,,C180
138D8,U+138D8,,C-38-004,C,"Goddess, seated, both knees down, with long hair, with a clump of three papyrus flowers, with two buds bent down (M15) on her head, arms raised in front, hand horizontally at the height of the shoulder, hand palm up.",mr.t,Classifier divinity,C276,"87,3",C276,,,HJ C276
138D9,U+138D9,,C-38-005,C,"Goddess, seated, one knee raised, with long hair, with a clump of three papyrus flowers, with two buds bent down (M15) on her head, arms raised in front, hand horizontally at the height of the shoulder, hand palm up.",mr.t,Classifier divinity,,,,,,C276A
138DA,U+138DA,,C-38-008,C,"Goddess, seated, both knees down, with long hair, with a clump of three papyrus flowers (M16A) on her head, both arms raised in front, hand palms outwards.",nb.tyw,Classifier divinity/musician,C180B,,C180B,,,HJ C180B
138DB,U+138DB,,C-38-009,,,,,C180C,,C180C,,,HJ C180C
138DC,U+138DC,,C-38-012,C,"Goddess, standing, with long hair, with a clump of three papyrus flowers (M16A) on her head, arms raised in front, hand horizontally at the height of the shoulder, hand palm up.",mr.t,Logogram (Meret),C182,"87,7",C182,,,HJ C182
138DD,U+138DD,,C-38-014,C,"Goddess, standing, with long hair, with a clump of three papyrus flowers (M16A) on her head, arms raised in front, hand horizontally at the height of the shoulder, hand palm up; on top of a collar of beads (S12).",mr.ty,Classifier divinity,C182A,,C182A,,,HJ C182A
138DE,U+138DE,,C-39-001,C,"Goddess, seated, knees up, with covered legs and arms, wearing the double crown (S5) and a vulture headdress.",mw.t,Logogram (Mut),C183A,,C183A,,,HJ C183A
138DF,U+138DF,,C-39-003,C,"Goddess, seated, knees up, with covered legs and arms, wearing the double crown (S5) and a vulture headdress, holding a stem of papyrus with a bud (M131) or flower vertically. ",ꞽwn.t ,"Logogram (together with \C98 and \C43A, representing the triad of Dendera)",,,,,,C183B
138E0,U+138E0,,C-39-004,C,"Goddess, seated, knees up, with covered legs and arms, wearing the double crown (S5), holding a stem of papyrus with a bud (M131) or flower vertically. ",ḥm,Classifier majesty,,,,,,C183C
138E1,U+138E1,,C-39-006,C,"Goddess, standing, wearing the double crown (S5), right arm forward, hand at the height of the waist, holding a sceptre with a straight shaft, forked bottom and head of the Seth animal (S40) of the same size as the woman, left arm hanging beside the body, holding a tie or strap, used with sandals (ankh sign, S34)",mw.t,Logogram (Mut),,,,,,C184A
138E2,U+138E2,,C-39-007,C,"Goddess, standing, wearing the double crown (S5), right arm forward, hand at the height of the waist, holding a stem of papyrus with a bud (M131) or flower, of the height of the woman, vertically, left arm hanging beside the body, holding a tie or strap, used with sandals (ankh sign, S34), at the loop.",ḥw.t-ḥr,Logogram (Hathor),C224,"91,12",C224,,,HJ C224
138E3,U+138E3,,C-39-011,C,"Goddess, seated on a block throne on a base, wearing the double crown (S5) and vulture headdress, right arm forward, hand at the height of the waist, holding a sceptre with a straight shaft, forked bottom and head of the Seth animal (S40), which has a horizontal tie or strap, used with sandals (ankh sign, S34) at the head of the sceptre; left arm forward, hand on knee.",ḥw.t-ḥr-dꞽ-ꜥnḫ,"Logogram (Hathor, giving life)",,,,,,C356
138E4,U+138E4,,C-39-013,C,"Goddess, seated on a block throne on a base, wearing the double crown (S5) and vulture headdress, right arm forward, hand at the height of the waist, holding a stem of papyrus with a bud (M131) or flower, of the height of the woman, vertically, left arm forward, hand on knee.",ḥw.t-ḥr,Logogram (Hathor),,,,,,C357
138E5,U+138E5,,C-40-001,C,"Goddess, seated, knees up, with covered legs and arms, wearing the red crown (S3).",n,Phonemogram,C185,,C185,,,HJ C185
138E6,U+138E6,,C-40-002,C,"Goddess, seated, both knees down, wearing the red crown (S3), no visible arms.",dp.(y)t,Classifier divinity,C185D,,C185D,,,HJ C185D
138E7,U+138E7,,C-40-004,C,"Goddess, seated, knees up, with covered legs and arms, wearing the red crown (S3), holding a stem of papyrus with a bud (M131) or flower vertically. ",n,Phonemogram,C185A,"87,11",C185A,,,HJ C185A
138E8,U+138E8,,C-40-007,C,"Goddess, seated on a block throne on a base, wearing the red crown (S3), right arm forward, hand at the height of the waist, holding a sceptre with a straight shaft, forked bottom and head of the Seth animal (S40), left arm forward, hand on knee.",n.t,Logogram (Neith),,,,,,C185G
138E9,U+138E9,,C-40-009,C,"Goddess, seated, knees up, with covered legs and arms, wearing the red crown (S3), holding a sceptre with a straight shaft, topped with the head of the Seth animal vertically, with one arrow, fletching upwards in front of the sceptre, and two arrows, fletching upwards behind the scepter.",n.t,Logogram (Neith),,,,,,C185H
138EA,U+138EA,,C-40-013,C,"Goddess, standing, wearing the red crown, left arm forward, forearm horizontal, hand at the height of the waist, holding an eye with the markings of the head of a falcon (D10), right arm forward, hand above the eye.",wn,(cryptography) Phonemogram,C306,,C306,,,HJ C306
138EB,U+138EB,,C-40-014,C,"Goddess, standing, wearing the red crown (S3), right arm forward, hand at the height of the waist, holding a stem of papyrus with a bud (M131) or flower, of the height of the woman, vertically, left arm hanging beside the body.",n(.t),Phonemogram,C188,"88,4",C188,,,HJ C188
138EC,U+138EC,,C-40-016,C,"Goddess, standing, wearing the red crown (S3), right arm forward, hand at the height of the waist, holding a stem of papyrus with a bud (M131) or flower, of the height of the woman, vertically, left arm hanging beside the body, holding a tie or strap, used with sandals (ankh sign, S34), at the loop.",bꞽ.ty,Logogram (king of Lower Egypt),,"88,6",,,,C188Y
138ED,U+138ED,,C-40-017,C,"Goddess, standing, wearing the red crown (S3), right arm forward, hand at the height of the waist, holding a sceptre with a straight shaft, forked bottom and head of the Seth animal (S40) of the same size as the woman, left arm hanging beside the body, holding a tie or strap, used with sandals (ankh sign, S34).",nt,Phonemogram,C188B,"88,7",C188B,,,HJ C188B
138EE,U+138EE,,C-40-021,C,"Goddess, seated, knees up, with covered legs and arms, with two crossed arrows, fletching towards the back, on top of a standard resembling a half circle on top of a long and short stick (T61) on her head.",n.t,Classifier divinity (Neith),,,,,,C187A
138EF,U+138EF,,C-40-022,C,"Goddess, standing, wearing the red crown, right arm forward, hand at the height of the waist, holding a griffon vulture (Gyps fulvus, G14), left arm hanging beside the body, holding a tie or strap, used with sandals (ankh sign, S34).",wnn,Phonemogram,,,,,,C188D
138F0,U+138F0,,C-41-004,C,"Goddess, seated, knees up, with covered legs and arms, with a enclosed hill, with a shrub at the top (N30A) on top of a conical loaf of bread (X8) on her head, holding a stem of papyrus with a bud (M131) or flower vertically. ",ꞽꜣ.t-dꞽ,Logogram (Dendera),,,,,,C323
138F1,U+138F1,,C-42-001,C,"Goddess, seated, knees up, with covered legs and arms, with a basket (V30) on top of a plan of a rectangular enclosure, with an internal rectangle in the lower corner away from the reading direction (O6) on her head.",nb.t-ḥw.t,Logogram (Nephthys),C190,,C190,,,HJ C190
138F2,U+138F2,,C-42-004,C,"Goddess, seated, knees up, with covered legs and arms, with a basket (V30) on top of a plan of a rectangular enclosure, with an internal rectangle in the lower corner away from the reading direction (O6) on her head, holding a stem of papyrus with a bud (M131) or flower vertically. ",sn.ty,Classifier sister (together with Isis),C190C,"88,14",C190C,,,HJ C190C
138F3,U+138F3,,C-42-005,C,"Goddess, seated, knees up, with covered legs and arms, with a basket (V30) on top of a plan of a rectangular enclosure, with an internal rectangle in the lower corner away from the reading direction (O6) on her head, holding a two-barbed arrowhead, with the point facing downwards, in the ground, with only the barbs visible (T22A).",ḥꜣy.t,Classifier mourner,C190D,,C190D,,,HJ C190D
138F4,U+138F4,,C-42-010,C,"Goddess, standing, with a basket (V30) on top of a plan of a rectangular enclosure, with an internal rectangle in the lower corner away from the reading direction (O6) on her head, arms hanging on either side of the body.",nb.t-ḥw.t,Logogram (Nephthys),C193,"89,5",C193,,,HJ C193
138F5,U+138F5,,C-43-001,C,"Goddess, seated, knees up, with covered legs and arms, with round vessel with upstanding rim (W24) on her head, holding a stem of papyrus with a bud (M131) or flower vertically. ",p.t,Logogram (the heavens/sky),C195B,"89,8",C195B,,,HJ C195B
138F6,U+138F6,,C-43-002,C,"Goddess, seated, knees up, with covered legs and arms, with round vessel with upstanding rim (W24) on her head, holding a stem of papyrus with a bud (M13). ",p.t,Logogram (the heavens/sky),C195,"89,10",C195,,,HJ C195
138F7,U+138F7,,C-43-004,C,"Goddess, seated, knees up, with covered legs and arms, with round vessel with upstanding rim (W24) on her head.",n,Phonemogram,C195A,,C195A,,,HJ C195A
138F8,U+138F8,,C-43-006,C,"Goddess, standing, with round vessel with upstanding rim (W24) on her head, right arm forward, hand at the height of the waist, holding a stem of papyrus with a bud (M131) or flower, of the height of the woman, vertically, left arm hanging beside the body, holding a tie or strap, used with sandals (ankh sign, S34), at the loop.",p.t,Logogram (the heavens/sky),C196,"89,12",C196,,,HJ C196
138F9,U+138F9,,C-43-008,C,"Goddess, standing, with a circle on her head, arms hanging beside either side of the body.",wnw.t ,Logogram (hour),,,,,,C196B
138FA,U+138FA,,C-43-010,C,"Goddess, seated, knees up, with covered legs and arms, with a plan of a crossroads in a village (O49) on her head, holding a sceptre with a straight shaft, topped with the head of the Seth animal vertically. ",nꞽw.t,"Logogram (city, village)",C197A,"89,14",C197A,,,HJ C197A
138FB,U+138FB,,C-43-011,C,"Goddess, seated, knees up, with covered legs and arms, with a plan of a crossroads in a village (O49) on her head.",nꞽw.t,"Logogram (city, village)",,,,,,C197C
138FC,U+138FC,,C-43-014,C,"Goddess, standing, back horizontal, arms vertical, hands at the same height as the toes, head between the two arms.",gb.t,Logogram (the sky),C199,"90,3",C199,,,HJ C199
138FD,U+138FD,,C-43-015,C,"Goddess, standing, back horizontal, arms vertical, hands at the same height as the toes.",p.t,Logogram (the heavens/sky),C199A,,C199A,,,HJ C199A
138FE,U+138FE,,C-43-021,C,"Goddess, standing, back horizontal, arms vertical, hands at the same height as the toes, on top of an a strip of land (N17), with a child, seated on nothing, forelegs separated, right arm raised with hand to mouth, left arm hanging beside the body (A17) beside a sun disk with rays of sunlight coming forth from it (N8), written between the arms and legs.",psḏ,Logogram/phonemogram (to shine),,"90,9",,,,C204B
138FF,U+138FF,,C-44-001,C,"Goddess, seated, knees up, with covered arms and legs, wearing a headdress consisting of the white crown and two bovid horns, holding a stem of papyrus with a bud (M131) or flower vertically.",spd.t,Classifier divinity (Sothis),C205,"90,11",C205,,,HJ C205
13900,U+13900,,C-45-001,C,"Goddess, seated, knees up, with covered arms and legs, with a flower enclosed by two horns (R20) on her head.",sšꜣ.t,Logogram (Seshat),,,,,,C206C
13901,U+13901,,C-45-002,,,,,C206,"90,12",C206,,,HJ C206
13902,U+13902,,C-45-005,C,"Goddess, standing, with a flower enclosed by two horns (R20) on her head, right arm forward, hand at the height of the waist, holding a stem of papyrus with a bud (M131) or flower, of the height of the woman, vertically, left arm hanging beside the body.",sšꜣ.t,Logogram (Seshat),C207,"90,14",C207,,,HJ C207
13903,U+13903,,C-45-006,C,"Goddess, standing, with a flower enclosed by two horns (R20) on her head, right arm forward, hand at the height of the waist, holding a club, angled forward, with the head of the club on top a vertical stick held by the left hand.",sšꜣ.t,Logogram (Seshat),C208,"91,1",C208,,,HJ C208
13904,U+13904,,C-45-007,C,"Goddess, standing, with a flower enclosed by two horns (R20) on her head, right arm forward, hand at the height of the waist, holding a club, angled forward, with the head of the club on top a vertical stick held by the left hand, facing a god, standing, with a long-curved beard, wearing the Atef crown with horns, right arm forward, hand at the height of the waist, holding a club, angled forward, with the head of the club on top a vertical stick held by the left hand, both sticks within an oval of rope.",pḏ-šsr,Logogram (stretching the rope),C209,"91,2",C209,,,HJ C209
13905,U+13905,,C-46-002,C,"Goddess, standing, with a star (N14) on her head, both arms hanging beside the body.",sbꜣ,Phonemogram,C211,"91,4",C211,,,HJ C211
13906,U+13906,,C-46-003,,,,,C198,"89,15",C198,,,HJ C198
13907,U+13907,,C-47-001,C,"Goddess, seated, knees up, with covered arms and legs, with the head of a bovid.",ḥsꜣ.t,Classifier bovid divinity,C231,"91,5",C231,,,HJ C231
13908,U+13908,,C-47-002,C,"Goddess, standing, with the head of a bovid, right arm forward, hand at the height of the waist, holding a stem of papyrus with a bud (M131) or flower, of the height of the woman, vertically, left arm hanging beside the body, holding a tie or strap, used with sandals (ankh sign, S34), at the loop.",nb,Logogram/phonemogram (lord),,,,,,C352
13909,U+13909,,C-47-005,C,"Goddess, seated, knees up, with covered arms and legs, with the pole of a balance, resembling a column with a base, with a tenon at the top (O28B), with a plummet resembling a heart (F34) hanging from the crossbeam (U39N) on her head.",wṯs.t,Logogram (the throne (Edfu)),C214,"91,8",C214,,,HJ C214
1390A,U+1390A,,C-47-010,C,"Goddess, standing, with a headdress consisting of two feathers on ram horns (S77) on her head, right arm forward, hand at the height of the waist, holding a stem of papyrus with a bud (M131) or flower, of the height of the woman, vertically, left arm hanging beside the body.",ꞽt.yt,Logogram (sovereign),B80,,B80,,,HJ B080
1390B,U+1390B,,C-47-011,C,"Goddess, standing, with a headdress consisting of two feathers on ram horns (S77) on her head, right arm forward, hand at the height of the waist, holding stick of the height of the woman, vertically, left arm hanging beside the body.",ꞽt.yt,Logogram (sovereign),B80A,"91,11",B80A,,,HJ B080A
1390C,U+1390C,,C-47-012,C,"Goddess, standing, with a headdress consisting of two feathers on ram horns (S77) on her head, right arm forward, hand at the height of the waist, holding stick of the height of the woman, vertically, left arm hanging beside the body, holding a flagellum (S45) horizontally.",ꞽt.yt,Logogram (sovereign),,,,,,B080B
1390D,U+1390D,,C-47-014,C,"Goddess, standing, with a headdress consisting of two feathers on ram horns (S77) on her head, right arm forward, hand at the height of the waist, holding crook (S38) of the height of the woman, vertically, left arm hanging beside the body.",ḥḳꜣ.t,Logogram (ruler),,,,,,B080C
1390E,U+1390E,,C-47-015,C,"Goddess, standing, with a headdress consisting of two feathers on ram horns (S77) on her head, right arm forward, hand at the height of the waist, holding crook (S38) of the height of the woman, vertically, left arm hanging beside the body, holding a flagellum (S45) horizontally.",ꞽt.yt,Logogram (sovereign),,,,,,B080D
1390F,U+1390F,,C-47-016,C,"Goddess, standing, with a headdress consisting of two feathers with a sun disk on ram horns (S73) on her head, right arm forward, hand at the height of the waist, holding crook (S38) of the height of the woman, vertically, left arm hanging beside the body.",ḥḳꜣ.t,Logogram (ruler),,,,,,B080E
13910,U+13910,,C-47-020,C,"Goddess, seated, knees up, with covered arms and legs, with the head of a desert hare.",wn,Phonemogram,C233,"91,13",C233,,,HJ C233
13911,U+13911,,C-47-021,C,"Goddess, seated, knees up, with covered arms and legs, with the head of a desert hare, holding a stem of papyrus with a bud (M131) or flower vertically. ",wn,Phonemogram,C233A,"91,14",C233A,,,HJ C233A
13912,U+13912,,C-47-022,C,"Goddess, seated, knees up, with covered arms and legs, with the head of a desert hare, wearing the red crown (S3), holding a stem of papyrus with a bud (M131) or flower vertically. ",wn,Phonemogram,,,,,,C233E
13913,U+13913,,C-47-027,C,"Goddess, standing, with the head of a desert hare, right arm forward, hand at the height of the waist, holding a stem of papyrus with a bud (M131) or flower, of the height of the woman, vertically, left arm hanging beside the body.",wn,Phonemogram,C234,"92,1",C234,,,HJ C234
13914,U+13914,,C-47-028,C,"Goddess, standing, with the head of a desert hare, right arm forward, hand at the height of the waist, holding a stem of papyrus with a bud (M131) or flower, of the height of the woman, vertically, left arm hanging beside the body, holding a tie or strap, used with sandals (ankh sign, S34).",wn,Phonemogram,,,,,,C234A
13915,U+13915,,C-47-031,C,"Goddess, seated, knees up, with covered arms and legs, wearing the Atef crown with horns, holding a tie or strap, used with sandals (ankh sign, S34), vertically. ",ꜥnṯ,Classifier divinity,C216B,,C216B,,,HJ C216B
13916,U+13916,,C-47-036,C,"Goddess, seated, knees up, with covered arms and legs, with long hair, with a fish, with its tail orientated downwards (K4A) on her head.",ḥꜣ.t-mḥ.yt,Logogram,C218,,C218,,,HJ C218
13917,U+13917,,C-47-037,C,"Goddess, seated, knees up, with covered arms and legs, with long hair, with a fish, with its tail orientated downwards (K4A) on her head, holding a stem of papyrus with a bud (M131) or flower vertically. ",ḥꜣ.t-mḥ.yt,Classifier divinity,C218A,"92,6",C218A,,,HJ C218A
13918,U+13918,,C-47-038,C,"Goddess, seated, knees up, with covered arms and legs, with the head of a frog.",ḥḳ.t,Classifier Hekat,C235,"92,7",C235,,,HJ C235
13919,U+13919,,C-47-039,C,"Goddess, seated, knees up, with covered arms and legs, with the head of a frog, holding a sceptre with a straight shaft, topped with the head of the Seth animal vertically. ",kk.w,Logogram (Keku),C141,"57,4",C141,,,HJ C141
1391A,U+1391A,,C-47-041,C,"Goddess, seated, knees up, with covered arms and legs, with a feather (H6) angled forwards and a falcon (G5) on her head, holding a feather (H6) horizontally.",ꞽmn.t,Logogram (the west),C217,"92,8",C217,,,HJ C217
1391B,U+1391B,,C-47-046,C,"Goddess, seated, knees up, with covered arms and legs, with a scorpion (L19) on her head, holding a stem of papyrus with a bud (M13).",srḳ.t,Logogram (Serqet),C277,,C277,,,HJ C277
1391C,U+1391C,,C-47-048,C,"Goddess, seated, knees up, with covered arms and legs, with long hair, with a sceptre with a straight shaft, a forked base, topped with the head of the Seth animal, with a fillet and feather (R19), on top of a canal (N36) on her head, holding a tie or strap, used with sandals (ankh sign, S34), angling forward.",wꜣs.t,Logogram (Thebes),C278,,C278,,,HJ C278
1391D,U+1391D,,C-47-049,C,"Goddess, standing, with a palm branch, stripped of leaves and notched on her head (M4), notch forward, right arm forward, hand at the height of the waist, holding a stem of papyrus with a bud (M131) or flower, of the height of the woman, vertically, left arm hanging beside the body.",r,Phonemogram,C298,,C298,,,HJ C298
1391E,U+1391E,,C-47-054,C,"Goddess, seated, knees up, with covered arms and legs, with long hair, with a crescent moon with the entire moon disk (N62) on her head.",ꞽꜥḥ,Logogram (moon)?,C222B,,C222B,,,HJ C222B
1391F,U+1391F,,C-47-057,C,"Woman/goddess, standing, right arm forward, hand at the height of the waist, holding a duck or goose at the wings, left arm hanging beside the body.",sḫ.t,"Classifier (Sekhet, goddess of the marshlands)",C229,,C229,,,HJ C229
13920,U+13920,,C-47-059,C,"Goddess, seated, knees up, with covered arms and legs, with long hair, with N6 (The sun, encircled by a cobra (Naja haje), standing up, with expanded hood (uraeus)) on her head.",ḏd.t,Classifier divinity,C255B,,C255B,,,HJ C255B
13921,U+13921,,C-47-060,C,"Goddess, seated, knees up, with covered arms and legs, with long hair, with N6 (The sun, encircled by a cobra (Naja haje), standing up, with expanded hood (uraeus)) on her head, holding a stem of papyrus with a bud (M13).",wr.t-šꜥ.t,Classifier divinity,C255C,,C255C,,,HJ C255C
13922,U+13922,,C-47-062,C,"Goddess, seated, knees up, with covered arms and legs, with long hair, with a rectangular piece of cloth, with fringes on one of the short sides (S32) on her head, holding a sceptre with a straight shaft, topped with the head of the Seth animal vertically. ",sꞽꜣ.t,Logogram (perception/knowledge),,,,,,C313A
13923,U+13923,,C-48-001,C,"Goddess, standing, with a seat (Q3) on her head, both arms forward, facing a goddess, standing, with a basket (V30) on top of a plan of a rectangular enclosure, with an internal rectangle in the lower corner away from the reading direction (O6) on her head, both arms forward; both goddesses have one hand above and one hand below a sun disk with rays of sunlight coming forth from it (N8), with a star written below the arms.",dwꜣ.w,Logogram (morning),C239,"93,1",C239,,,HJ C239
13924,U+13924,,C-48-002,,,,,C240,"93,2",C240,,,HJ C240
13925,U+13925,,C-48-003,C,"Goddess, standing, with a seat (Q3) on her head, both arms forward, facing a goddess, standing, with a basket (V30) on top of a plan of a rectangular enclosure, with an internal rectangle in the lower corner away from the reading direction (O6) on her head, both arms forward; both goddesses have one hand above and one hand below a sun disk with rays of sunlight coming forth from it (N8).",dwꜣ.w,Logogram (morning),,,,,,C240A
13926,U+13926,,C-48-005,C,"Goddess, standing, with a seat (Q3) on her head, both arms forward, facing a goddess, standing, with a basket (V30) on top of a plan of a rectangular enclosure, with an internal rectangle in the lower corner away from the reading direction (O6) on her head, both arms forward; both goddesses have one hand above and one hand below a sun disk with rays of sunlight coming forth from it (N8), with a spear made into a standard (R15) written below the arms.",dwꜣ.w,Logogram (morning),,,,,,C241A
13927,U+13927,,C-48-006,C,"Goddess, standing, with a seat (Q3) on her head, both arms forward, facing a goddess, standing, with a basket (V30) on top of a plan of a rectangular enclosure, with an internal rectangle in the lower corner away from the reading direction (O6) on her head, both arms forward; both goddesses have one hand above and one hand below a sun disk (N5).",dwꜣ.w,Logogram (morning),C238,"93,4",C238,,,HJ C238
13928,U+13928,,C-48-007,C,"Goddess, standing, with a seat (Q3) on her head, both arms forward, facing a goddess, standing, with a basket (V30) on top of a plan of a rectangular enclosure, with an internal rectangle in the lower corner away from the reading direction (O6) on her head, both arms forward; one hand below a sun disk (N5), one hand lower, with a horizontal line.",dwꜣ.w,Logogram (morning),,,,,,C238A
13929,U+13929,,C-48-008,C,"Goddess, seated, knees up, with covered legs and arms, with a seat (Q1) on her head, facing a goddess, seated, knees up, with covered legs and arms, with a basket (V30) on top of a plan of a rectangular enclosure, with an internal rectangle in the lower corner away from the reading direction (O6) on her head, with a group of a sand covered mountain over the edge of the cultivated areas (N26) sign and two half round loafs of bread (X1) written above their knees.",ꜣḫty.ty,Logogram (the two of the horizon),C267,"93,5",C267,,,HJ C267
1392A,U+1392A,,C-48-009,C,"Four women/goddesses, standing, first two looking towards the back, last two looking forwards, arms raised, supporting the sky (N1).",sḫn.wt,Logogram (the (four) supports),C242,"93,6",C242,,,HJ C242
1392B,U+1392B,,C-48-017,C,"Goddess, seated on a block throne, wearing a headdress consisting of the double crown on horns with a feather in the front, right arm forward, hand at the height of the waist, holding a stem of papyrus with a bud (M131) or flower, of the length of the seated figure, vertically, left arm forward, hand upon the knee; facing a god, seated on a block throne, with the head of a falcon, with N6 (The sun, encircled by a cobra (Naja haje), standing up, with expanded hood (uraeus)) on his head, right arm forward, hand at the height of the waist, holding a sceptre with a straight shaft, forked bottom and head of the Seth animal (S40), of the length of the seated figure, vertically, left arm forward, hand upon the knee; both on top of a base.",ḥw.t-ḥr,Logogram (Hathor),,,,,,C358
1392C,U+1392C,,C-48-018,C,"Goddess, seated on a block throne, wearing a headdress consisting of the double crown on horns, right arm forward, hand at the height of the waist, holding a stem of papyrus with a bud (M131) or flower, of the length of the seated figure, vertically, left arm forward, hand upon the knee; facing a god, seated on a block throne, with the head of a falcon, wearing the double crown (S5), right arm forward, hand at the height of the waist, holding a sceptre with a straight shaft, forked bottom and head of the Seth animal (S40), of the length of the seated figure, vertically, left arm forward, hand upon the knee; both on top of a base.",ḥw.t-ḥr,Logogram (Hathor),,,,,,C359
1392D,U+1392D,,D-01-003,C,"The head of a human woman, seen in profile.",mnꞽ.t,Classifier female,,,,,,D001C
1392E,U+1392E,,D-01-007,C,"The head of a human man (foreigner), seen in profile, with a band of cloth around the head, with a bushy beard (or rather distinctive chin).",tp,Logogram (head),,,,,,D001D
1392F,U+1392F,,D-01-008,C,"The head of a human man, seen in profile, with the mouth open.",nṯḥṯḥ,Classifier to laugh,D72,"94,6",D72,,,HJ D072
13930,U+13930,,D-01-011,C,"The head of a human man, seen in profile, with a line coming from the mouth, angling downwards.",ꞽsd,Classifier spit,D65,"94,9",D65,,,D065A
13931,U+13931,,D-01-012,C,"The head of a human man, seen in profile, with the uterus of a cow (F45) on his head.",msḫn.t,Classifier birthplace,D68,,D68,,,HJ D068
13932,U+13932,,D-01-017,C,"The head of a goddess, seen in profile, wearing a headdress of bovine horns with a sun disk (F102), wearing the vulture headdress, on top of a staff with a forked end.",ḥw.t-ḥr,Logogram (Hathor),D67,"94,10",D67,,,D067K
13933,U+13933,,D-01-018,C,"The head of a goddess, seen in profile, wearing a headdress of bovine horns with a sun disk (F102), wearing the vulture headdress, on top of a staff.",,Classifier staff,,"94,11",,,,D067J
13934,U+13934,,D-01-021,C,"The head of a human man, seen in profile, with the horns of a bovid (F13) on top of the head.",ḥr.y-tp,Phonemogram,,,,,,D001E
13935,U+13935,,D-02-006,C,"The face of a human female, with the ears of an ox.",ḥr,Logogram (face),D392,,D392,,,HJ D392
13936,U+13936,,D-02-010,C,"The face of a human female, with hair in two curling sidelocks.",ḥr,Logogram (face),,,,,,D440
13937,U+13937,,D-03-001,C,"The head of human male in profile, with two arms, on raised in front, forearm 45 degree, hand at the height of the face, hand palm outwards, other arm with the hand below the head.",tm.yw,Classifier human being,D77,"95,4",D77,,,HJ D077
13938,U+13938,,D-03-002,C,"The head of human male in profile, with two arms, on raised in front, forearm 45 degree, hand at the height of the face, other arm with the hand below the head, both hands as fists.",sr,Classifier occupation,,,,,,D077B
13939,U+13939,,D-03-003,C,"The head of human male in profile, with two arms, on raised in front, hand at the height of the forehead, hand palm outwards, other arm hanging downwards.",nꞽs,Classifier calling,,,,,,D077A
1393A,U+1393A,,D-03-004,C,"The head of human woman in profile, with two arms, on raised in front, hand at the height of the forehead, hand palm outwards, other arm hanging downwards.",ḏsw,Classifier calling,D124,,D124,,,HJ D124
1393B,U+1393B,,D-03-005,,,,,D82,"95,5",,,,D082C
1393C,U+1393C,,D-03-006,,,,,,,D82,,,D082
1393D,U+1393D,,D-03-007,C,"The head of a human male in profile, with two arms, one raised in front, hand to mouth, other arm hanging downwards, hand palm facing outwards.",wnm,Classifier eating,,,,,,D082A
1393E,U+1393E,,D-03-008,C,"The head of a human male in profile, with one arm, raised in front, hand to mouth.",ḫrd/nḫn,Classifier child,,,,,,D082B
1393F,U+1393F,,D-03-009,C,"The head of a human male in profile, with a sidelock, with two arms, one raised in front, hand to mouth, other arm hanging downwards, hand palm facing outwards.",ḥwn,Classifier child/small one,D123,,D123,,,HJ D123
13940,U+13940,,D-03-010,C,"The head of a human male in profile, with two arms, one hanging downwards in front, hand palm inwards, other arm with the hand below the head, hand palm upwards.",mnꜥ,Classifier nursing,D86,,D86,,,HJ D086
13941,U+13941,,D-03-011,C,"The head of a human male in profile, with two arms, both arms hanging downwards.",dng,Classifier dwarf/pigmy,D81,"95,6",D81,,,HJ D081
13942,U+13942,,D-03-012,C,"The head of a human male in profile, with two arms, both arms forward, hands horizontal at the height of the face, hand palms inwards.",ꞽkꞽ,"Classifier (to bow, to attack)",D84,"95,11",D84,,,HJ D084
13943,U+13943,,D-03-014,C,"The head of a human male in profile, with two arms, both arms extended forwards, at a downward angle.",sḫr,Classifier to fall,D85,"95,12",D85,,,HJ D085
13944,U+13944,,D-03-016,C,"The head of a human male in profile, with one arm, raised in front, forearm vertical, hand horizontal, hand palm upwards.",nꞽs,Classifier to call,,,,,,D078A
13945,U+13945,,D-03-017,C,"The head on a human male in profile, with one arm, raised at the back, forearm vertical, hand palm inwards.",hnꞽ,Classifier to rejoice,D79,,D79,,,HJ D079
13946,U+13946,,D-03-018,C,"The head on a human male in profile, with two arms, raised at the back, forearm vertical, hand palm inwards.",nꜥw,classifier turning around,D80,,D80,,,HJ D080
13947,U+13947,,D-03-019,,,,,D83,,D83,,,HJ D083
13948,U+13948,,D-03-020,C,"The head of a human male in profile, with two arms, arms raised at either side, upper arms horizontal.",ḥꜥꞽ,Classifier to rejoice,D115,,D115,,Y,HJ D115
13949,U+13949,,D-03-021,C,"The head of a human male in profile, with beard and coif, with two arms, arms raised at either side, upper arms horizontal.",ḥḥ,"Logogram (Heh, divinity)",D125,,D125,,,HJ D125
1394A,U+1394A,,D-03-022,C,"The head of a human male in profile, with two arms, arms raised at either side, upper arms horizontal, upside-down.",sḫdḫd,Classifier upside-down,D116,,D116,,Y,HJ D116
1394B,U+1394B,,D-03-024,C,"The head of a human male in profile, with two arms, one raised in front, hand at the height of the shoulder, upper arm of the other on top of an horizontal line, facing backwards.",mḥꞽ,Classifier to swim,,,D121,,,D121
1394C,U+1394C,,D-03-025,,,,,D106,,D106,,,HJ D106
1394D,U+1394D,,D-03-027,C,"The head of human male in profile, with two arms, in a swimming motion, on top of a canal, with drops of liquid above the head and arms.",nbꞽ,Classifier swimming,,,,,,D106B
1394E,U+1394E,,D-03-028,,,,,D98,"95,9",D98,,,HJ D098
1394F,U+1394F,,D-03-029,C,"The head of a human male in profile, with two arms, one arm forwards, forearm horizontal, holding a stick, other arm hanging downwards.",wr,Logogram (to be great),D96,"95,10",D96,,,HJ D096
13950,U+13950,,D-03-030,C,"The head of a human male in profile, with two arms, one arm forwards, hand at the height of the shoulder, holding a feather (H6), the other arm hanging downwards.",ḥww.ty,Classifier herald,D100,,D100,,,HJ D100
13951,U+13951,,D-03-031,C,"The head of a human male in profile, with two arms, one arm forwards, hand at the height of the shoulder, holding a sceptre (S42), the other arm hanging downwards, holding a basket at the handle.",ḫn(f),"Classifier to carry away, to take",D101,,D101,,,HJ D101
13952,U+13952,,D-03-033,C,"The head of a human male in profile, with two arms, one arm forwards, hand at the height of the shoulder, holding a feather (H6) three triangles of skin with a tail (F27A), the other arm hanging downwards.",ḥww.ty,Classifier herald,D394,,D394,,,HJ D394
13953,U+13953,,D-03-034,,,,,D112,,D112,,,HJ D112
13954,U+13954,,D-03-035,C,"The head of a human male in profile, with two arms, one arm forwards, hand at the height of the shoulder, holding a staff or pole with a two-pronged end piece for holding down snakes (U116), other arm hanging downwards.",sr,Classifier elder/official,D113,,D113,,,HJ D113
13955,U+13955,,D-03-036,C,"The head of a human male in profile, with a long-curved beard an coif, one arm forwards, hand at the height of the shoulder, holding a sceptre with a straight shaft, forked bottom and head of the Seth animal (S40), other arm hanging downwards.",sꜣḥ,Classifier Orion,D114,,D114,,,HJ D114
13956,U+13956,,D-03-037,C,"The head of a human male in profile, with two arms, one arm forwards, hand to mouth, with a dotted line coming from the mouth, angling downwards, other arm hanging downwards, hand palm outwards.",bšꞽ,"Classifier to spit, to spew",D87,,D87,,,HJ D087
13957,U+13957,,D-03-038,C,"The head of a human male in profile, with a vessel on his head, with two arms, one arm forwards, hand at the vessel, other arm hanging downwards.",fꜣꞽ,"Classifier to lift, to carry",D103,,D103,,,HJ D103
13958,U+13958,,D-03-040,C,"The head of a human male in profile, with two arms, one arm forwards, hanging downwards, other arm raised at the back, forearm vertical, holding a stick.",ḫsr,Classifier to drive away,D89,,D89,,,HJ D089
13959,U+13959,,D-03-041,C,"The head of a human male in profile, with two arms, one arm forwards, forearm backwards, hand under the head, other arm raised at the back, forearm vertical, holding a stick.",ḫsbꞽ,"Classifier to oppose, to rebel",D88,"95,7",D88,,,HJ D088
1395A,U+1395A,,D-03-042,C,"The head of a human male in profile, with two arms, one arm forwards, angling downwards, holding a phallus with a scrotum (D52) horizontally, other arm extended towards the back, forearm upwards.",sꜣwꞽ,Classifier to extend,D97,"95,8",D97,,,HJ D097
1395B,U+1395B,,D-03-044,C,"The head of a human male in profile, with two arms, one arm extended forwards, forearm horizontal, hand palm upwards, other raised in back, forearm vertical, hand palm inwards, with a dotted line between the hands.",sṯꞽ,Classifier to scatter,D117,,D117,,,HJ D117
1395C,U+1395C,,D-03-045,,,,,D91,,D91,,,HJ D091
1395D,U+1395D,,D-03-046,C,"The head of a human male in profile, with two arms, one arm extended forwards, forearm horizontal, holding a stick, other raised in back, forearm vertical, holding a stick.",rw.t,Classifier dancing,D92,,D92,,,HJ D092
1395E,U+1395E,,D-03-047,C,"The head of a human male in profile, with one arm, extended forward, hand at the height of the shoulder, holding some type of weapon/mace/stick.",sꜣw,"Classifier guarding, protecting",D93,"95,13",D93,,,HJ D093
1395F,U+1395F,,D-03-048,C,"The head of a human male in profile, with one arm, extended forward, hand at the height of the shoulder, holding a vessel horizontally to the mouth.",swr,Classifier drinking,D118,,D118,,,HJ D118
13960,U+13960,,D-03-049,C,"The head of a human male in profile, with one arm, forward, forearm horizontal, holding a bundle of three papyrus flowers.",fdꞽ,Classifier to uproot,D99,,D99,,,HJ D099
13961,U+13961,,D-03-050,,,,,D94,,D94,,,HJ D094
13962,U+13962,,D-03-051,C,"The head of a human male in profile, with two arms, extended forwards, forearms separated, holding a stick.",ꜥḏ,Classifier to churn up,D95,,D95,,,HJ D095
13963,U+13963,,D-03-052,C,"The head of a human male in profile, with two arms, extended forwards, forearms separated, holding a pestle in a mortar (U32).",sḏ dšr.t,Classifier breaking/destroying,D104,,D104,,,HJ D104
13964,U+13964,,D-03-053,C,"The head of a human male in profile, with two arms, extended forwards, holding a stick with a bundle or a mat horizontally over his shoulders, bundle behind the back.",rwꞽ,"Classifier to expel, to drive of",D109,,D109,,,HJ D109
13965,U+13965,,D-03-055,C,"The head of a human male in profile, with two arms, one arm forwards, upper arm horizontal, hand on top of a lump of clay on a potter's wheel, other arm forward, hand at the potter's wheel.",ḳd.w,Classifier potter,D119,,D119,,,HJ D119
13966,U+13966,,D-03-056,C,"The head of a human male in profile, with two arms, both arms forwards, hands touching a vertical wall with battlements (O36C) near the top and the bottom.",ḥfdꞽ,"Classifier to climb, to fly",D102,,D102,,,HJ D102
13967,U+13967,,D-03-057,C,"The head of a human male in profile, with two arms, both arms forward, holding a reed pipe ending in a tuyère at his mouth.",nbꞽ,"Classifier (to melt, to cast)",D107,,D107,,,HJ D107
13968,U+13968,,D-03-058,,,,,D126,,D126,,,HJ D126
13969,U+13969,,D-03-059,C,"The head of a human male in profile, with two arms, both hands below the head, holding a stick angling over the back shoulder.",ḫs(r),Classifier to drive away,D90,,D90,,,HJ D090
1396A,U+1396A,,D-04-001,C,"A lock of hair with three strands, with curly endings.",ꜥḥꜥ.w,Logogram (lifetime),D3A,"96,1",D3A,,,HJ D003A
1396B,U+1396B,,D-04-005,C,"A lock of hair with three strands, with curly endings (D3A), with a knife with a triangular blade and straight handle (T30A) written over the rightmost strand.",nbḏ,Logogram (evil one),D127,"96,5",D127,,,HJ D127
1396C,U+1396C,,D-04-006,,,,,D3B,"96,6",D3B,,,HJ D003B
1396D,U+1396D,,D-04-008,C,"A lock of hair, resembling a half circle, with three strands of hair with a curly ending, starting in the middle, to the back.",nbḏ,Logogram (evil one),D129,"96,8",D129,,,HJ D129
1396E,U+1396E,,D-04-009,C,A lock of hair with four wavy strands.,nꜣb.t,Classifier tresses,D128,"96,9",D128,,,HJ D128
1396F,U+1396F,,D-04-010,C,"A lock of hair with three vertical strands, and multiple short horizontal strands at the front.",nꜣb.t,Classifier tresses,D131,,D131,,,HJ D131
13970,U+13970,,D-04-011,C,"A lock of hair, resembling a half circle, with three strands of hair with a curly ending, one left, one middle, one right.",(ꞽ)ꜣr.t,Logogram (head covering (braid of hair?)),D129A,"96,10",D129A,,,HJ D129A
13971,U+13971,,D-04-013,C,An oval lock of hair with 3 strands,smꜣ,"Classifier scalp, temple",D130,,D130,,,HJ D130
13972,U+13972,,D-04-016,C,A braided hairlock.,ḥnsk.t,Classifier hairlock,,,,,,D432
13973,U+13973,,D-05-003,C,"Two eyes, as seen from the front.",mꜥꜥ,Logogram (to see),,"97,2",,,,D004B
13974,U+13974,,D-05-005,C,An eye without pupil.,smd.t,Classifier eye-paint,D134,,D134,,,HJ D134
13975,U+13975,,D-05-010,C,"An eye (D4), written on top of a butcher's block (T28).",ꞽrꞽ-ẖr,Phonemogram,,,,,,D433
13976,U+13976,,D-06-004,C,"An eye, with a rippled line of eye-paint above the eye. ",dgꞽ,Classifier eye related actions,D138,"97,8",D138,,,HJ D138
13977,U+13977,,D-06-009,C,An eye with a painted lower lid. And two lines at the top forming a V shape.,dgꞽ,Classifier eye related actions,,"97,11",,,,D006B
13978,U+13978,,D-06-011,C,"An eye with three touches of eye paint above the eye, without pupil.",ḫf,Classifier eye related actions,D334A,,D334A,,,HJ D334A
13979,U+13979,,D-06-014,C,An eye with many touches of eye paint above the eye.,ptr,Classifier eye related actions,D139,,D139,,,HJ D139
1397A,U+1397A,,D-06-016,C,An eye with an eyebrow above it.,ptr,"Logogram (to see, to behold)",D7A,"97,13",D7A,,,HJ D007A
1397B,U+1397B,,D-06-017,C,"Two eyes, as seen from the front, with eyebrows above them.",mꜣ,Phonemogram,D140,"97,14",D140,,,HJ D140
1397C,U+1397C,,D-06-018,C,A closed eye.,ḳd,Classifier sleep,D141,,D141,,,HJ D141
1397D,U+1397D,,D-06-019,C,"An eye with an eyebrow above it, upside-down.",ꜥntyw,Phonemogram,D7B,"97,15",,,,D007G
1397E,U+1397E,,D-06-021,C,"An eye with two touches of eye paint above the eye, and a painted lower lid.",,Classifier adornment/beauty,,,,,,D007F
1397F,U+1397F,,D-06-022,C,A closed/half closed eye.,ḳdd,Classifier (to sleep),D135,,D135,,,HJ D135
13980,U+13980,,D-06-023,C,"An eye, with a line of eye-paint above the eye, and a painted lower lid.",ptr,Classifier eye related actions,D7C,,D7C,,,HJ D007C
13981,U+13981,,D-06-028,,,,,,"98,3",D7B,,,D007B
13982,U+13982,,D-06-029,C,"An eye, with a wavy line of eye-paint above the eye, inside an oval.",ꜥn,Phonemogram,D8B,"98,4",D8B,,,HJ D008B
13983,U+13983,,D-06-031,,,,,D8C,,,,,D008E
13984,U+13984,,D-06-032,C,"An eye with an eyebrow above it, upside-down, inside an oval.",ꜥn,Phonemogram,,"98,6",D8C,,,D008C
13985,U+13985,,D-06-035,C,"An eye, with two vertical lines below it, each starting at the white of the eye.",rs,Logogram (to wake),,,,,,D434
13986,U+13986,,D-07-002,C,"An eye with two touches of eye paint above the eye, with three lines coming from the bottom.",rmꞽ,Logogram (to weep),D9A,"98,8",D9A,,,HJ D009A
13987,U+13987,,D-07-003,C,"An eye, with a line of eye-paint above the eye, with three lines coming from the bottom.",rmꞽ,Classifier weeping/crying,D143,"98,9",D143,,,HJ D143
13988,U+13988,,D-07-004,C,"An eye, with a rippled line of eye-paint above the eye, with three lines coming from the bottom.",rm,Phonemogram,D143A,"98,10",D143A,,,HJ D143A
13989,U+13989,,D-07-006,C,An eye with three vertical lines of overlapping triangles coming from the bottom.,rmꞽ,Logogram (to weep),,,,,,D143C
1398A,U+1398A,,D-07-007,C,"An eye with a line of eye paint above the eye, with three vertical lines of overlapping triangles coming from the bottom.",rmꞽ,Classifier weeping/crying,D143B,"98,12",D143B,,,HJ D143B
1398B,U+1398B,,D-07-008,C,"An eye, with a rippled line of eye-paint above the eye, with three vertical lines of overlapping triangles coming from the bottom.",dgꞽ,Classifier eye related actions,,,,,,D143D
1398C,U+1398C,,D-08-001,C,"An eye, with the markings of the head of a falcon, with a vertical line at the back with a triangle at the curl.",bꜣḳ.t,"Logogram (the """"dazzling-eye"""" (Egypt))",D10A,"98,13",D10A,,,HJ D010A
1398D,U+1398D,,D-08-004,C,"An eye without a pupil, with the markings of the head of a falcon, with a vertical line at the back with a triangle at the curl.",ꞽr.t,Logogram (eye),D10B,"99,3",D10B,,,HJ D010B
1398E,U+1398E,,D-08-007,C,"An eye, with the markings of the head of a falcon, with a vertical line at the back with a triangle at the curl (D10A), written inside a circle.",ꞽr.t-rꜥ,Logogram (the eye of Re),D144A,"99,6",D144A,,,HJ D144A
1398F,U+1398F,,D-09-003,C,Two circles representing the eyes or pupils.,mꜣꜣ,Logogram (to see),,,,,,D012A
13990,U+13990,,D-10-002,C,The earpiece of a human.,mḥꜣ,Classifier backside,D76,,D76,,,HJ D076
13991,U+13991,,D-11-003,C,"The nose, eye, mouth and cheek of a human.",šr.t,Classifier nose,,,,,,D019A
13992,U+13992,,D-11-009,C,"The head of a human in profile, with a breast (D27) at the mouth.",snḳ,Classifier to suckle,D149,,D149,,,HJ D149
13993,U+13993,,D-11-011,,,,,D146,,D146,,,HJ D146
13994,U+13994,,D-12-008,C,A mouth with one vertical line at the bottom of the sign.,,Logogram 1/3,D150,,D150,,,HJ D150
13995,U+13995,,D-12-010,C,"A mouth with two vertical lines at the bottom of the sign, the first longer than the second.",r.wy,Logogram (2/3),D151B,"101,1",D151B,,,HJ D151B
13996,U+13996,,D-12-018,C,"A human mouth, seen from the side.",r,Interpretant,D153,"101,8",D153,,,HJ D153
13997,U+13997,,D-13-002,C,"The upper lip of a human with teeth, represented as a half circle.",sp.t,"Logogram (lip, border, edge)",,,,,,D024A
13998,U+13998,,D-13-005,C,"The upper and lower lips of a human, with teeth, represented as a half circle.",sp.ty,Logogram (lips),,,,,,D025A
13999,U+13999,,D-14-001,C,A mouth with a downward sloping dotted line above the front short end.,ꞽšš,Classifier spit,D154,"101,12",D154,,,HJ D154
1399A,U+1399A,,D-14-002,C,A mouth with a downward sloping line above the front short end.,ꞽꜥ.w-r,Logogram (breakfast (washing the mouth)),,,,,,D154B
1399B,U+1399B,,D-14-003,C,A mouth with a downward sloping line at the front short end.,nš/nẖ,Classifier spit,D152,,D152,,,HJ D152
1399C,U+1399C,,D-14-004,C,"A human mouth, seen from the side, with a downward sloping line coming from the lips.",p,Phonemogram,D26B,"101,13",D26B,,,HJ D026B
1399D,U+1399D,,D-14-006,C,"A human mouth, seen from the side, with a dotted downward sloping line coming from the lips.",p,Phonemogram,D26A,"102,3",D26A,,,HJ D026A
1399E,U+1399E,,D-15-004,C,"A long beard, curling up.",ḫꜣbs | ḥnsk.t,Classifier beard or Classifier hair,D156,"102,10",D156,,,HJ D156
1399F,U+1399F,,D-17-001,C,"The lower half of a human, seated on heel, both knees down.",ḥmsꞽ,Logogram (to sit),D159,"103,1",D159,,,HJ D159
139A0,U+139A0,,D-18-006,C,"Two arms, raised upwards, with the forearms and hands vertical, represented by circles.",kꜣ,"Logogram (spirit, essence)",,,,,,D028B
139A1,U+139A1,,D-18-007,C,"Two arms, unconnected, raised upwards, with the forearms and hands vertical, hand palms inwards.",,,D28A,"103,8",D28A,,,HJ D028A
139A2,U+139A2,,D-18-036,C,"Two arms, raised upwards, with the forearms and hands vertical, hand palms inwards, on top of a base, which might represent a torso.",kꜣ,"Logogram (spirit, essence)",,,,,,D441
139A3,U+139A3,,D-18-042,C,"Two arms, raised upwards, with the forearms and hands vertical, hand palms inwards, with a sedge (M23) written between the arms, upon a standard used for carrying religious symbols (R12).",kꜣ-n(.y)-sw.t,Logogram (royal spirit/essence),D176,"104,13",D176,,,HJ D176
139A4,U+139A4,,D-18-049,C,"A roll of bread, with oval lines within it (HG X4A), written horizontally with two forearms coming from the top of the bread, forearms and hands vertical, hand palms inwards, with a vertical stroke (Z1) written between the arms.",kꜣ,"Logogram (food, provisions)",,,,,,D177B
139A5,U+139A5,,D-18-050,C,"Two arms, raised upwards, with the forearms and hands vertical, hand palms inwards, on top of a roll of bread without internal detail.",kꜣ,"Logogram (food, provisions)",,,,,,D177C
139A6,U+139A6,,D-19-003,C,"Two arms, lowered, arms straight, hand palms facing each other.",ꞽw.ty,Logogram (negative relative adjective),D32B,"106,6",D32B,,,HJ D032B
139A7,U+139A7,,D-19-007,C,"Two arms, lowered, with the elbows bent inwards, palms of the hands oriented outwards.",ḫm,Phonemogram,D32D,"106,10",D32D,,,HJ D032D
139A8,U+139A8,,D-19-008,,,,,D32A,"106,11",D32A,,,HJ D032A
139A9,U+139A9,,D-19-009,C,"Two arms, lowered, arms straight, hand palm oriented outwards.",ḫm,Phono-repeater,D32C,"106,12",D32C,,,HJ D032C
139AA,U+139AA,,D-19-019,C,"Two arms, lowered, with the elbows bent outwards, and the palms of the hands facing each other (D32), with a stool made out of reed matting (Q3) written between the hands.",sḫn,Phono-repeater (kidney),D194,,D194,,,HJ D194
139AB,U+139AB,,D-19-023,C,"Two arms, lowered, with the elbows bent outwards, and the palms of the hands facing each other (D32), with a vertical line of dots written between the arms.",ḥpt,Classifier to embrace,,,,,,D198A
139AC,U+139AC,,D-19-024,C,"Two arms, lowered, not connected at the shoulders, with the elbows bent outwards, the palms of the hands facing each other.",ḥpt,Logogram (to embrace),D197,"107,5",D197,,,HJ D197
139AD,U+139AD,,D-19-027,C,"Two arms, lowered, not connected at the shoulders, with the elbows bent outwards, the palms of the hands facing each other (D197), with a line of angled strokes between the arms.",ẖꜥm,Classifier (in ẖꜣm-(ꞽ)ḫ.t),D200,"107,8",D200,,,HJ D200
139AE,U+139AE,,D-19-031,C,"Two arms, lowered, not connected at the shoulders, with the elbows bent outwards, the palms of the hands facing each other (D197), with a club used by washermen for beating laundry (U36) written between the arms. ",ḥm-kꜣ,Logogram (mortuary priest),D405,"107,12",D405,,,HJ D405
139AF,U+139AF,,D-19-043,C,"Two arms, lowered, not connected at the shoulders, elbows bent inwards, connected by a horizontal line, arms making a X shape, hand palms inwards.",,,,,,,,D330A
139B0,U+139B0,,D-20-007,C,"Two arms, holding an oar, in a rowing motion, below a cover resembling the mouth (D21).",ẖnꞽ,"Logogram (to row, to convey by water)",D33C,"108,6",D33C,,,HJ D033C
139B1,U+139B1,,D-20-008,C,"Two arms, holding an oar, in a rowing motion, with the upper arms overlapping.",sḳdꞽ,Classifier movement by boat,D33B,,D33B,,,HJ D033B
139B2,U+139B2,,D-20-009,C,"Two arms, elbows bent, upper arms overlapping, forearms separated, lower forearm nearly horizontal, holding an oar which tapers out towards the bottom.",ẖnꞽ,"Logogram (to row, to convey by water)",D333,,D333,,,HJ D333
139B3,U+139B3,,D-20-012,C,"Two arms, holding an oar at the blade, below a cover resembling a ring-stand for jars (W11).",ẖn,Phonemogram,,,,,,D033E
139B4,U+139B4,,D-20-014,C,"The torso of a man, right arm downwards, forearm horizontal over the waist, left arm raised, both arms holding an oar.",ḫmꜥ.w-ḥmw,Classifier grasping the oar,,,,,,D033F
139B5,U+139B5,,D-20-016,C,"A forearm, with the palm of the hand facing upwards, with an oar at a backwards angle, with an oval blade, written with the handle over the hand.",ẖn,Phonemogram,,,,,,D033G
139B6,U+139B6,,D-20-017,C,"A forearm, with the palm of the hand facing upwards, with an oar at a forward angle, with a rectangular blade, written with the handle over the hand.",ẖn,Phonemogram,,,,,,D033H
139B7,U+139B7,,D-21-001,C,"Two arms, connected at the shoulders, one arm forwards, with a horizontal forearm, holding a round topped shield, the other arm downwards, forearm vertical, holding a mace (T3) horizontally.",ꜥḥꜣ,Logogram (to fight),,"108,7",,,,D034D
139B8,U+139B8,,D-21-003,C,"Two arms, connected at the shoulders, one arm forwards, with a horizontal forearm, holding a triangular shield with rounded top, the other arm downwards, forearm angled slightly forwards, holding a mace (T3) at an upward angle.",ꜥḥꜣ,Logogram (to fight),D34C,"108,10",D34C,,,HJ D034C
139B9,U+139B9,,D-21-004,C,"Two arms, connected at the shoulders, one arm forwards, with a horizontal forearm, holding a triangular shield with rounded top, the other arm downwards, forearm angled slightly forwards, holding a mace (T3) horizontally.",ꜥḥꜣ,Logogram (to fight),,,,,,D034F
139BA,U+139BA,,D-21-008,C,"Two arms, connected at the shoulders, one arm forwards, with a horizontal forearm, holding a shield as seen in profile, top curving inwards, the other arm downwards, forearm vertical, holding a mace with a pear-shaped head, with a round blade attached to the mace-head (T3C), horizontally, blade upwards.",ꜥḥꜣ,Logogram (to fight),,,,,,D034G
139BB,U+139BB,,D-21-009,,,,,D34B,"108,13",D34B,,,HJ D034B
139BC,U+139BC,,D-21-010,C,"Two arms, connected at the shoulders, one arm forwards, with a horizontal forearm, holding an oval shield with a cross-type internal decoration, the other arm downwards, forearm angled slightly forwards, holding a lance or spear.",ꜥḥꜣ,Logogram (to fight) (in ꜥḥꜣ.t (fighter (female)),,"108,14",,,,D034H
139BD,U+139BD,,D-21-015,,,,,D346,,D346,,,HJ D346
139BE,U+139BE,,D-21-018,C,"Two arms, connected at the shoulder, one arm forwards, forearm straight, holding a mace (T3), the other arm downwards, forearm at 90 degree of the upper arm, holding a stick.",ꜥḥꜣ,Logogram (to fight) (in ꜥḥꜣ.t (fighter (female)),D369,,D369,,,HJ D369
139BF,U+139BF,,D-21-019,C,"Two arms, connected at the shoulder, one arm forwards, forearm horizontal, holding a wand or brush, the other arm downwards, forearm at 90 degree of the upper arm, holding a sceptre (S42).",ꜥḥꜣ,Logogram (to fight),D371,,D371,,,HJ D371
139C0,U+139C0,,D-21-020,C,"Two arms, connected at the shoulder, one arm forwards, holding a round shield, seen in profile, other arm downwards, forearm 90 degree of the upper arm, holding a mace (T3) vertically.",ꜥḥꜣ,Logogram (to fight),D372,,D372,,,HJ D372
139C1,U+139C1,,D-21-024,C,"The torso of a man, right arm forwards, forearm horizontal, holding a bow, left arm in front of the body, forearm horizontal, holding an arrow at the fletching which lies with the arrowhead on top of the right hand.",ꜥḥꜣ,Logogram (to fight),,,,,,D421
139C2,U+139C2,,D-22-001,C,"Two arms, connected at the shoulders, spread sideways, forearms horizontal, with the palms of the hands facing downwards.",n,Logogram (negative particle),D35A,"109,4",D35A,,,HJ D035A
139C3,U+139C3,,D-23-002,C,"A forearm, with the palm of the hand facing upwards, and the upper arm represented by a loop.",rmn,Classifier arm related movements or actions,,,,,,D036A
139C4,U+139C4,,D-23-006,C,"A forearm, with the hand angled downwards.",ꜥ,"Logogram (arm, hand)",D207,"109,12",D207,,,HJ D207
139C5,U+139C5,,D-24-003,C,"Two forearms with the hands holding a conical loaf of bread (X8), overlapping each other.",dd,Phonemogram,,,,,,D037A
139C6,U+139C6,,D-24-006,C,A forearm with the hand holding an egg (H8).,m,Phonemogram,D211,"110,5",D211,,,HJ D211
139C7,U+139C7,,D-25-006,C,A forearm with the hand held as a fist.,rmn,Classifier supporting/carrying,D210,"111,2",D210,,,HJ D210
139C8,U+139C8,,D-25-012,C,A forearm with the hand holding a loop of cord with the ends upwards (V6).,ꜥtḫ,Classifier enveloping,D228,"111,8",D228,,,HJ D228
139C9,U+139C9,,D-25-016,C,"A forearm, with the palm of the hand downwards, with the upper arm represented by a loop, which is angled forwards.",rmn,"Logogram (arm, shoulder)",,,,,,D041A
139CA,U+139CA,,D-25-020,C,"A forearm, with the hand held like a fist, and the upper arm represented by a loop.",rmn,Classifier shoulder/arm,,"111,16",,,,D043B
139CB,U+139CB,,D-25-023,C,A forearm with the hand holding a wide cup (W10),ḥnk | (r)dꞽ,"Logogram (to offer, to present) or Phonemogram",D220,"112,3",D220,,,HJ D220
139CC,U+139CC,,D-25-024,C,"A forearm with the hand holding two arms, raised upwards, with the forearms and hands vertical, hand palms inwards (D28).",mk,Phonemogram,D217,"112,4",D217,,,HJ D217
139CD,U+139CD,,D-25-025,C,A forearm with the hand holding 3 vertical strokes.,šsp,Logogram (to receive),D218,"112,5",D218,,,HJ D218
139CE,U+139CE,,D-25-026,C,A forearm with the hand holding the sun upon a butcher's block (N7).,ẖr.t-hrw,Logogram (course (of the day); daily requirements),D219,,D219,,,HJ D219
139CF,U+139CF,,D-25-027,C,"A forearm with the hand holding the sun, with three beams of sunlight coming from it (N8E).",ẖr.t-hrw,Logogram (course (of the day); daily requirements),,"112,6",,,,D219A
139D0,U+139D0,,D-25-029,C,A forearm with the hand holding a feather (H6).,wsr,"Classifier strength, power",D229,"112,8",D229,,,HJ D229
139D1,U+139D1,,D-25-030,C,"A forearm, with the palm of the hand facing upwards, with a feather (H6) on top of the hand, vertically.",ḥnk-mꜣꜥ.t,Logogram (offering Maat),,,,,,D229B
139D2,U+139D2,,D-25-031,,,,,D229A,"112,9",D229A,,,HJ D229A
139D3,U+139D3,,D-25-032,C,A forearm with the hand holding a knife with a triangular blade and straight handle (T30A).,"dndn, ḏsr","Classifier force, effort",D231,"112,10",D231,,,HJ D231
139D4,U+139D4,,D-25-033,,,,,D230,"112,11",D230,,,HJ D230
139D5,U+139D5,,D-25-037,C,"A forearm, with the palm of the hand facing upwards, with a forward downward angling line coming from the hand.",ꞽꜥꞽ,Logogram (to wash),,,,,,D212B
139D6,U+139D6,,D-25-038,C,"A forearm, hand angled downwards, with the palm of the hand facing upwards, with a downward curved line over the hand.",ꞽꜥꞽ,Logogram (to wash),,,,,,D212C
139D7,U+139D7,,D-25-039,C,"A forearm with the palm of the hand facing upwards, with a downward curving wavy line above the arm, with the lower end ending in the hand palm.",ꞽꜥꞽ,Logogram (to wash),,,,,,D212D
139D8,U+139D8,,D-25-041,,,,,D221,,D221,,,HJ D221
139D9,U+139D9,,D-25-044,C,"A forearm, with the palm of the hand downwards, with a wide cup below the hand.",,,D261,,D261,,,HJ D261
139DA,U+139DA,,D-25-048,C,A forearm with the hand holding the leaf stem and root of a lotus plant (M12).,ḫꜣ,Phonemogram,D382,,D382,,,HJ D382
139DB,U+139DB,,D-26-001,C,"An arm, bent at the elbow, hand horizontal, hand palm upwards.",ꞽꜥꞽ,Classifier washing,D234,"112,13",D234,,,HJ D234
139DC,U+139DC,,D-26-002,C,"An arm, bent at the elbow, hand horizontal, hand palm upwards, with a forward, downward angling dotted line coming from the hand.",ꞽꜥꞽ,Logogram (to wash),D236A,"112,14",D236A,,,HJ D236A
139DD,U+139DD,,D-26-004,C,"An arm, bent at the elbow, hand horizontal, hand palm downwards.",hn,Classifier stretching out,D235,"113,1",D235,,,HJ D235
139DE,U+139DE,,D-26-005,C,"An arm, bent at the elbow, with the hand held as a fist, orientated backwards.",ḫb,Classifier negative action,,,,,,D235A
139DF,U+139DF,,D-26-006,C,"An arm, bent at the elbow, upper arm horizontal, hand palm outwards.",nḥrḥr,Classifier to rejoice,D263,,D263,,,HJ D263
139E0,U+139E0,,D-26-007,C,"An arm, bent at the elbow, upper arm horizontal, hand held horizontally, hand palm upwards.",nꞽs,Classifier to call,D264,,D264,,,HJ D264
139E1,U+139E1,,D-26-008,C,"An arm, bent at the elbow, forearm nearly horizontal, holding a flagellum (S45).",ḫwꞽ,Logogram (to protect),D237,"113,2",D237,,,HJ D237
139E2,U+139E2,,D-26-013,C,"An arm, bent at the elbow, forearm nearly horizontal, holding a tall wand or brush, vertically.",ḏsr,Logogram (to make holy),D238,"113,7",D238,,,HJ D238
139E3,U+139E3,,D-26-014,,,,,D239,"113,8",D239,,,HJ D239
139E4,U+139E4,,D-26-015,,,,,D240,"113,9",D240,,,HJ D240
139E5,U+139E5,,D-26-017,,,,,D241,"113,11",D241,,,HJ D241
139E6,U+139E6,,D-26-018,C,"An arm, bent at the elbow, forearm nearly horizontal, holding a sceptre (S42).",ḫrp,Classifier to govern/to control,D242,"113,12",D242,,,HJ D242
139E7,U+139E7,,D-26-019,C,"An arm, bent at the elbow, forearm nearly horizontal, holding a feather (H6).",ḥw(w).t(y),Classifier messenger,D243,"113,13",D243,,,HJ D243
139E8,U+139E8,,D-26-020,C,"An arm, bent at the elbow, forearm nearly horizontal, holding a wick of twisted flax, consisting of 3 loops (V28).",ḏsr,"Logogram (to make holy, to be holy, to be splendid)",D244,"113,14",D244,,,HJ D244
139E9,U+139E9,,D-26-023,C,"An arm, bent at the elbow, forearm nearly horizontal, holding a conical loaf of bread (X8).",dꞽ,Phonemogram,,,,,,D442
139EA,U+139EA,,D-26-028,C,"An arm, bent at the elbow, forearm nearly horizontal, holding a neck and head of a gazelle",dwꜣ.t,Classifier netherworld,,,,,,D258A
139EB,U+139EB,,D-26-030,C,"An arm, bent at the elbow, forearm nearly horizontal, holding a knife with a triangular blade and straight handle.",ḏsr,Phonemogram,D336A,,D336A,,,HJ D336A
139EC,U+139EC,,D-26-032,C,"An arm, bent at the elbow, in a V shape, hand holding a stick at the top.",spẖr,"Classifier to write, to inscribe",D245,"113,16",,,,D245
139ED,U+139ED,,D-26-033,C,"An arm, bent at the elbow, in a V shape, hand holding a brush.",spẖr,"Logogram (to write, to inscribe)",D246,"114,1",D246,,,HJ D246
139EE,U+139EE,,D-26-034,C,"An arm, bent at the elbow, in a V shape, hand on top of a wall or shrine.",ḫmꞽ,"Classifier to destroy, to overthrow",D259,,D259,,,HJ D259
139EF,U+139EF,,D-26-035,C,"An arm, bent at the elbow, in a V shape, hand holding a staff or pole with a two-pronged end piece for holding down snakes (U116).",sr,Classifier elder/official,D262,,D262,,,HJ D262
139F0,U+139F0,,D-27-001,C,"Two arms, elbows bent, upper arms overlapping, in a V shape, forearms separated, hand palms outwards.",dwꜣ,Classifier adoration,D260,,D260,,,HJ D260
139F1,U+139F1,,D-27-003,C,"Two arms, elbows bent, upper arms overlapping, forearms separated, lower forearm nearly horizontal, holding a wand or brush, resembling a loop.",ḏsr,Logogram (to make holy),D250,"114,2",D250,,,HJ D250
139F2,U+139F2,,D-27-005,C,"Two arms, elbows bent, upper arms overlapping, forearms separated, lower forearm nearly horizontal, holding a wand or brush.",ḏsr,Logogram (to make holy/to be sacred),D251,"114,4",D251,,,HJ D251
139F3,U+139F3,,D-27-007,C,"Two arms, elbows bent, upper arms overlapping, forearms separated, lower forearm nearly horizontal, holding a wand or brush, resembling a long fan-like object.",ḏsr,Phonemogram,D253,"144,6",D253,,,HJ D253
139F4,U+139F4,,D-27-008,C,"Two arms, elbows bent, upper arms overlapping, forearms separated, lower forearm nearly horizontal, holding a stick.",ḫsr,Logogram (to repel),D254,"114,7",D254,,,HJ D254
139F5,U+139F5,,D-27-011,C,"Two arms, elbows bent, upper arms overlapping, forearms separated, lower forearm nearly horizontal, holding a wick of twisted flax, consisting of 3 loops (V28).",ḏsr,Logogram (to make holy/to be sacred),D358,,D358,,,HJ D358
139F6,U+139F6,,D-27-012,C,"An arm, bent at the elbow, forearm horizontal, holding a stick, facing its mirror, sticks crossing.",ẖnn.w,Classifier fighting,D257,,D257,,,HJ D257
139F7,U+139F7,,D-28-003,C,A human hand with depicted fingers.,d,Phonemogram,D46D,"114,13",D46D,,,HJ D046D
139F8,U+139F8,,D-28-005,C,A human hand with a forward downward line of dots coming from the thumb.,ꞽd.t,"Logogram (scent, perfume, dew)",D46A,"115,1",D46A,,,D046F
139F9,U+139F9,,D-28-012,C,"A spiral, winding counterclockwise away from its central point, ending at the right lower corner after about one and a half turns (Z7), written over a human hand (D46).",wd,Phonemogram,,,,,,D443
139FA,U+139FA,,D-28-017,C,"A human hand with the thumb upwards and the palm curved upwards, with visible fingers.",šp,Phonemogram,,,,,,D047B
139FB,U+139FB,,D-28-020,C,"A human hand with the thumb upwards and the palm curved upwards, with a forward, downward line of dots coming from the hand palm.",ꞽd.t,"Logogram (scent, perfume, dew)",D47A,"115,8",D47A,,,HJ D047A
139FC,U+139FC,,D-28-021,C,"A human hand, angled downwards, with visible fingers.",kp,Classifier cut of hand,D266,"115,9",D266,,,HJ D266
139FD,U+139FD,,D-28-022,C,"A human hand with the thumb upwards and the palm curved upwards (D47), holding a snake with the head of a ram with horizontal horns (I27).",,?,,,,,,D444
139FE,U+139FE,,D-28-023,C,"A human hand with the thumb upwards and the palm curved upwards (D47), holding an egg (H8).",ḥnt,Phonemogram,D267,"115,10",D267,,,HJ D267
139FF,U+139FF,,D-28-026,C,"A human hand, holding an oval, with the fingers and the thumb being the same length.",ḥnt,Phono-repeater,,"115,12",,,,D048B
13A00,U+13A00,,D-29-004,C,"A human hand, held as a fist, with the thumb on top (D49), holding a folded piece of cloth (V60).",ḥmꜣg,Classifier,D273,"116,2",D273,,,HJ D273
13A01,U+13A01,,D-29-005,C,"A human hand, held as a fist, with the thumb on top (D49), holding a vertical stick.",nḏrꞽ,Classifier to hold fast/to seize,D272,"116,3",D272,,,HJ D272
13A02,U+13A02,,D-29-006,C,"A human hand, held as a fist, with the thumb on top (D49), holding a short vertical stick, which barely extends beyond the hand.",ḫfꜥ,"Logogram (to seize, to grasp)",,,,,,D272A
13A03,U+13A03,,D-29-007,C,"A human hand, held as a fist, with the thumb on top (D49), holding a loop of cord with the ends upwards (V6).",ꜥrf,"Classifier to squeeze, to enclose, to tie up",D274,"116,4",D274,,,HJ D274
13A04,U+13A04,,D-29-009,C,"A human hand, held as a fist, with the thumb on top (D49), holding a vertical hourglass-shaped shaped document holder (R88).",ḥmꜣg,Classifier,D275A,,D275A,,,HJ D275A
13A05,U+13A05,,D-30-004,C,"A distal and intermediate phalanges of a finger, written horizontally.",fꜥg,Phono-repeater,D50A,"116,10",D50A,,,D050L
13A06,U+13A06,,D-30-018,C,Two vertical human fingers on top of a standard used for carrying religious symbols (R12).,mtr,Logogram (Prosopopite nome),,,,,,D445
13A07,U+13A07,,D-31-004,C,"A phallus with a scrotum, written with the tip in a vulva (N41).",nk,Classifier copulating,D280,"117,3",D280,,,HJ D280
13A08,U+13A08,,D-31-010,C,"A phallus with a scrotum, with a line of liquid issuing from it (D53), pouring into a wide cup (W10).",bꜣḥ,Phonemogram,,,,,,D053B
13A09,U+13A09,,D-31-011,C,"A phallus with a scrotum, with a line of liquid issuing from it (D53), pouring into a vulva (N42).",nk,Classifier copulation,,,,,,D053C
13A0A,U+13A0A,,D-31-020,C,A human scrotum with two testicles.,ꞽs.wy,Logogram (the two testicles),D283,"117,13",D283,,,HJ D283
13A0B,U+13A0B,,D-31-022,C,A testicle.,ẖr.wy,Classifier testicles,D284,,D284,,,HJ D284
13A0C,U+13A0C,,D-31-024,C,A scrotum with two testicles.,ẖr.wy,Classifier testicles,F181,"117,15",F181,,,HJ F181
13A0D,U+13A0D,,D-32-003,C,A vulva with a triangular shape at the bottom.,ꞽd.t,Logogram/Phonemogram (cow),,,,,,D280B
13A0E,U+13A0E,,D-32-005,C,A vulva with the top line formed by two half circles.,,,N104,"279,9",,,,D446
13A0F,U+13A0F,,D-32-009,C,A well with three lines coming from the top.,ḥm,Phonemogram,D412,,D412,,,HJ D412
13A10,U+13A10,,D-32-010,C,"The uterus of a cow, represented as two separate vertical lines with a curl on the top.",wr,Phonemogram,F182,,F182,,,HJ F182
13A11,U+13A11,,D-32-013,C,"The uterus of a cow, represented as two separate vertical lines with a curl on the top, on top of a half-circle.",wr(.t),Phonemogram,AA55,"481,9",Aa55,,,HJ AA055
13A12,U+13A12,,D-34-004,C,"Legs in a walking posture, feet orientated towards the reading direction, back foot only touches the baseline with the toes.",bṯ,Classifier to run,D286,"118,8",D286,,Y,HJ D286
13A13,U+13A13,,D-34-005,C,"Legs in a walking posture, rotated roughly 90 degree forward, feet towards the bottom.",ḫr,Classifier to fall,D287,"118,9",D287,,Y,HJ D287
13A14,U+13A14,,D-34-006,C,"Hieratic representation of legs in a walking posture, feet orientated away from the reading direction (D55).",šnꜥ,Classifier turning back,,,,,,D447
13A15,U+13A15,,D-34-007,C,"Two legs, spread out, knees bent, toes orientated away from each other.",pšš,Classifier to spread,D291,,D291,,,HJ D291
13A16,U+13A16,,D-34-008,C,"Legs in a walking posture, upside-down, toes towards the reading direction.",sḫd,Classifier to be upside-down,D292,,D292,,Y,HJ D292
13A17,U+13A17,,D-34-009,C,"Legs in a walking posture, feet orientated towards the reading direction (D54), with a mouth (D21) on top of it.",prꞽ,Interpretant r and classifier movement,D288,"119,1",D288,,,HJ D288
13A18,U+13A18,,D-34-011,C,"Legs in a walking posture, feet orientated towards the reading direction (D54), with a half round loaf of bread (X1) on top of it.",t & sḳdꞽ,Phonemogram (dental) and classifier movement,D289,"119,3",D289,,,HJ D289
13A19,U+13A19,,D-35-003,C,"A leg with a bent knee, with the upper leg written horizontally.",wꜥr,Phonemogram,,,,,,D056A
13A1A,U+13A1A,,D-35-006,C,"A leg with a bent knee (D56), with a knife with a triangular blade and straight handle (T30A) written over it, blade downwards.",thꞽ,Logogram (to transgress),,,,,,D057E
13A1B,U+13A1B,,D-35-009,C,"A leg with a bent knee (D56), written with the upper leg over a knife with a triangular blade and straight handle, orientated with the blade upwards and the handle forwards, at a slight angle.",snk,Classifier to disappear,D57C,"119,10",D57C,,,HJ D057C
13A1C,U+13A1C,,D-35-010,C,"A leg with a bent knee (D56), written with the upper leg over a knife with a triangular blade and straight handle, orientated with the blade downwards and the handle forwards, at a slight angle.",th,Logogram (transgression),D57D,,D57D,,,HJ D057D
13A1D,U+13A1D,,D-35-015,C,"A human foot and lower leg (D58), with a forward, downward dotted line coming from the top.",wꜥb,"Logogram (to be pure, to be clean)",D300,"120,1",D300,,,HJ D300
13A1E,U+13A1E,,D-35-016,C,"A human foot and lower leg (D58), with a backward, downward dotted line coming from the top.",wꜥb,"Logogram (to be pure, to be clean)",,,,,,D300A
13A1F,U+13A1F,,D-35-024,C,"A human foot and lower leg (D58), with a vase on its side, with liquid issuing from it (W54) on top of it, with the line of liquid ending on top of a canal (N36).",wꜥb,"Logogram (to be pure, to be clean)",,,,,,D340A
13A20,U+13A20,,D-35-057,C,"A fire-drill in a piece of wood (U28), written on top of a human foot and lower leg (D58).",ꜣb,Phonemogram,D413,,D413,,,HJ D413
13A21,U+13A21,,D-36-008,C,"A stylized set of two toes, resembling a cloth wound on a pole, an emblem of divinity (R8), on top of a base resembling a tusk of an elephant (F18), with two lines connecting the two emblems, the top line horizontal, the bottom line at an angle, connecting to the top line at the second emblem.",sꜣḥ,Phonemogram,,,,,,D063H
13A22,U+13A22,,D-36-009,C,"A stylized set of two toes, resembling a harpoon-head with two horizontal strokes and a single curl on top of the point (HG T19), on top of base resembling the left side of the sky (mirror N44).",sꜣḥ,Phonemogram (Orion),D63C,,D63C,,,HJ D063C
13A23,U+13A23,,D-36-010,C,"A stylized set of two toes, resembling a harpoon-head with two horizontal strokes and a single curl on top of the point (HG T19), on top of base resembling the right side of the sky (N44).",sꜣḥ,Phonemogram,D63A,,D63A,,,HJ D063A
13A24,U+13A24,,D-36-011,C," stylized set of two toes, resembling a harpoon-head with two horizontal strokes and a two angled strokes as point (T19A), on top of base resembling the right side of the sky (N44).",sꜣḥ,Phonemogram,D63F,,D63F,,,HJ D063F
13A25,U+13A25,,D-36-012,,"A stylized set of two toes, resembling a harpoon-head with two horizontal strokes and a single curl on top of the point (HG T19), on top of a base with a loop at the back end.",,,D63G,"122,6",D63G,,,HJ D063G
13A26,U+13A26,,D-36-013,C,"A stylized set of two toes, resembling a harpoon-head with two horizontal strokes on top, and triangular point (T79), on top of a base with a loop at the back end.",sꜣḥ,Phonemogram,,,,,,D063I
13A27,U+13A27,,D-36-014,C,"A stylized set of two toes, resembling a harpoon-head with two horizontal strokes on top, and triangular point (T79), on top of base resembling the right side of the sky (N44).",gn,Phonemogram,D63B,"122,7",D63B,,,HJ D063B
13A28,U+13A28,,D-36-020,C,"A stylized set of two toes, resembling a harpoon-head with two horizontal strokes and two angled strokes on top of the point (T19C), on top of base resembling the right side of the sky (N44).",gn,Phonemogram,D63E,"122,12",D63E,,,HJ D063E
13A29,U+13A29,,D-36-024,C," stylized set of two toes, resembling a harpoon-head with two horizontal strokes and a two angled strokes as point (T19A), on top of base resembling the sky (N1), with a star (N14) written between the two harpoon-heads.",sꜣḥ,Logogram (Orion),D322B,"122,15",D322B,,,HJ D322B
13A2A,U+13A2A,,D-36-025,C,"A stylized set of two toes, resembling a harpoon-head with two horizontal strokes and a single curl on top of the point (HG T19), on top of base resembling a standard used for the carrying of religious symbols with the vertical stick at the far side (R92A).",sꜣḥ,Phonemogram,D319,"123,1",D319,,,HJ D319
13A2B,U+13A2B,,D-36-026,C,"A stylized set of three toes, resembling a harpoon-head with two horizontal strokes on top, and triangular point (T79), on top of base resembling the right side of the sky (N44).",gn.wt,Phonemogram/logogram (annals),D323A,"123,2",D323A,,,HJ D323A
13A2C,U+13A2C,,D-36-027,,,,,D323,"123,3",D323,,,HJ D323
13A2D,U+13A2D,,D-36-036,C,"Two harpoon-heads with two horizontal strokes on top and a single curl on top of the point (HG T19), on top of a wickerwork basket with a handle, orientated with the handle to the back (V31).",sꜣḥ,Phonemogram,D326A,,D326A,,,HJ D326A
13A2E,U+13A2E,,D-36-037,,,,,D326B,,D326B,,,HJ D326B
13A2F,U+13A2F,,D-36-038,C,"Two harpoon-heads with two horizontal strokes on top and a single curl on top of the point (HG T19), on top of a forward bent feather (H27)/a wide tongue (F20A), or a wide band of string or fabric (V12A).",sꜣḥ,Phonemogram,D373,,D373,,,HJ D373
13A30,U+13A30,,D-37-001,,,,,D327,"123,8",D327,,,HJ D327
13A31,U+13A31,,D-37-004,,,,,D329,,D329,,,HJ D329
13A32,U+13A32,,D-39-002,C,A trachea (windpipe).,nḥb.t,Classifier throat,D157,,D157,,,HJ D157
13A33,U+13A33,,D-39-003,C,"A shape resembling the modern 3, facing its mirror.",mnḏ.ty,Classifier cheeks/eyebrows,Z25,"472,1",Z25,,,HJ Z025
13A34,U+13A34,,D-39-010,C,A trachea (windpipe).,nḥb.t,Classifier throat,D158,,D158,,,HJ D158
13A35,U+13A35,,D-39-012,C,"A child, seated on nothing, forelegs separated, right arm raised with hand to mouth, left arm hanging beside the body (A17), written within the pupil of an eye (D12).",ꞽm,Classifier pupil,,,,,,D417
13A36,U+13A36,,E-01-002,C,"A donkey/ass, standing, carrying a load on its back, consisting of a round bag with bound bundle with ears of corn on top of the bag.",šdꞽ,Classifier taking/carrying,E221,,E221,,,HJ E221
13A37,U+13A37,,E-01-004,C,"A donkey/ass, lying down, legs folded beneath the body, ears angled backwards, tail down.",mds,Classifier violent one,,"124,8",,,,E034F
13A38,U+13A38,,E-01-005,C,"A donkey/ass, seated as a Sethian animal, ears in a V shape, tail up.",ẖꜣ.tyw,Classifier enemy,E20A,,E20A,,,E020B
13A39,U+13A39,,E-01-007,C,"A donkey/ass, lying down, legs folded beneath the body, ears in a V shape, tail down.",nšn,"Classifier rage, anger",E214A,"124,7",E214A,,,HJ E214A
13A3A,U+13A3A,,E-01-008,,,,,E214,"124,10",E214,,,HJ E214
13A3B,U+13A3B,,E-01-010,C,"A donkey/ass, legs bound together, ears in a V shape, tail up.",stš/stẖ,Logogram (Seth),E214C,,E214C,,,HJ E214C
13A3C,U+13A3C,,E-01-016,C,"A donkey/ass, lying down, with the ears in a V shape, tail up, with a knife with a triangular blade and straight handle (T30A) vertically on the back, blade towards the front.",nhs,Classifier Seth,E216C,"124,13",E216C,,,HJ E216C
13A3D,U+13A3D,,E-01-017,C,"A donkey/ass, lying down, with the ears in a V shape, tail up, with a knife with a triangular blade and straight handle (T30A), angled on the nose, blade downwards.",bꜥr,Classifier fighting,E216,"125,4",E216,,,HJ E216
13A3E,U+13A3E,,E-01-018,C,"A donkey/ass, lying down, with the ears in a V shape, tail up, with a knife with a triangular blade and straight handle (T30A) vertically on the back, blade towards the back.",stš/stẖ,Logogram (Seth),E216F,,E216F,,,HJ E216F
13A3F,U+13A3F,,E-01-020,C,"A donkey/ass, lying down, with the ears in a V shape, tail up, with a knife with a triangular blade and straight handle (T30A) vertically on the back, blade towards the front, and a knife angled on the nose, blade downwards.",stš,Classifier Seth,E216A,"125,11",E216A,,,HJ E216A
13A40,U+13A40,,E-01-021,C,"A donkey/ass, lying down, legs folded under the body, ears in a V shape, tail up, with a knife with a triangular blade and straight handle (T30A), angled on the nose, blade upwards.",nhs,Classifier Seth,E216L,"125,2",E216L,,,HJ E216L
13A41,U+13A41,,E-01-022,C,"A donkey/ass, lying down, legs folded under the body, ears in a V shape, without tail, with a knife with a triangular blade and straight handle (T30A), angled on the nose, blade downwards.",stš/stẖ,Logogram (Seth),,"125,3",,,,E216M
13A42,U+13A42,,E-01-023,C,"A donkey/ass, lying down, legs folded under the body, ears in a V shape, tail up, with a knife with a triangular blade and straight handle (T30A), vertically on the back, blade towards the front.",nhs,Classifier Seth,E216D,,E216D,,,HJ E216D
13A43,U+13A43,,E-01-024,C,"A donkey/ass, lying down, legs folded under the body, ears in a V shape, tail up, with a knife with a triangular blade and straight handle (T30A), vertically on the back, blade towards the back.",stš,Classifier Seth,E216I,"125,14",E216I,,,HJ E216I
13A44,U+13A44,,E-01-028,C,"A donkey/ass, lying down, legs folded under the body, ears in a V shape, tail up, with a knife with a triangular blade and straight handle (T30A), angled on its ass, blade towards the front and a knife between the ears, blade towards the front; on top of a standard used for carrying religious symbols (R12).",šꜣ/stẖ/stš,Logogram (11th nome of Upper Egypt),,,,,,E148N
13A45,U+13A45,,E-01-030,C,"A donkey/ass, legs bound together, ears in a V shape, tail up, with a knife with a triangular blade and straight handle (T30A) vertically on its back, blade forwards, and a knife angled on its nose, blade upwards.",nhs,Classifier Seth,E216G,,E216G,,,HJ E216G
13A46,U+13A46,,E-01-031,,,,,E216H,,E216h,,,HJ E216H
13A47,U+13A47,,E-01-032,C,"A donkey/ass, legs bound together, ears in a V shape, tail up, with a knife with a triangular blade and straight handle (T30A) vertically on its back, blade towards the back.",stš/stẖ,Logogram (Seth),E216J,,E216J,,,HJ E216J
13A48,U+13A48,,E-01-034,,,,,E215A,,E215A,,,HJ E215A
13A49,U+13A49,,E-01-035,C,"A donkey/ass, lying on its back, legs bound together, tail upwards, with a knife with a triangular blade and straight handle (T30A) vertically on top of the hooves, blade towards the back.",stš/stẖ,Logogram (Seth),E215,,E215,,,HJ E215
13A4A,U+13A4A,,E-01-036,,,,,E215B,,E215B,,,HJ E215B
13A4B,U+13A4B,,E-01-038,,,,,E215D,,E215D,,,HJ E215D
13A4C,U+13A4C,,E-02-001,C,"The animal of Seth, standing, tail up.",stš/stẖ,Logogram (Seth),E146,"124,3",E146,,,HJ E146
13A4D,U+13A4D,,E-02-006,,,,,E21A,,E21A,,,HJ E021A
13A4E,U+13A4E,,E-02-010,C,"The animal of Seth, lying down, tail up (E21), on top of a wickerwork basket (V30).",nb,"Logogram/Phonemogram (lord, in nb.ty, the two lords Horus and Seth)",E21E,,E21E,,,HJ E021E
13A4F,U+13A4F,,E-02-018,C,"The animal of Seth, seated, tail up (E20), on top of a wickerwork basket (V30), with a knife with a triangular blade and straight handle (T30A) angled at the nose, blade downwards.",nb,"Logogram/Phonemogram (lord, in nb.wy, the two lords Horus and Seth)",E147A,,E147A,,,HJ E147A
13A50,U+13A50,,E-02-021,C,"The animal of Seth, lying down, tail up (E21), with a knife with a triangular blade and straight handle (T30A) angled at the nose, blade downwards.",stš/stẖ,Logogram (Seth),E148,,E148,,,HJ E148
13A51,U+13A51,,E-02-022,,,,,E148A,,E148A,,,HJ E148A
13A52,U+13A52,,E-02-024,,,,,,,E148D,,,E148D
13A53,U+13A53,,E-02-025,,,,,E148I,,E148I,,,HJ E148I
13A54,U+13A54,,E-02-041,C,"The animal of Seth, lying down, tail up (E21), on top of a standard used for the carrying of religious symbols (R12).",stš/stẖ,Logogram (Seth),E21D,,E21D,,,HJ E021D
13A55,U+13A55,,E-02-042,C,"The animal of Seth, lying down, tail up (E21), with a wavy line of liquid running upwards and backwards over the head of the animal, ending above the head.",ḳr.y,Classifier storm,E149,,E149,,,HJ E149
13A56,U+13A56,,E-02-043,C,"The animal of Seth, lying down, tail up (E21), with a wavy line of liquid running from the tail to the front paw.",sšn,Classifier storm,E149A,,E149A,,,HJ E149A
13A57,U+13A57,,E-02-044,C,"The animal of Seth, seated, tail up, wearing the double crown (S5).",nb,"Logogram/Phonemogram (lord, in nb.wy, the two lords Horus and Seth)",E243,,E243,,,HJ E243
13A58,U+13A58,,E-02-045,C,"The animal of Seth, lying down, tail up (E21), on top of the sky, with lines of moisture coming from it (N4).",ḳrr,"Classifier storm, storm cloud",E244,,E244,,,HJ E244
13A59,U+13A59,,E-02-046,C,"The animal of Seth, lying down, tail up (E21), on top of the sky (N1).",ḳrr,"Classifier storm, storm cloud",,,,,,E244A
13A5A,U+13A5A,,E-03-002,C,"An oryx, standing (E28), with a falcon (G5) on its back.",ḥbn.w,"Logogram/Phonemogram (Hebenu, capital of the 16th nome of Upper Egypt)",E77,"126,4",E77,,,HJ E077
13A5B,U+13A5B,,E-03-004,C,"An oryx, standing (E28), with a falcon (G5) on its back, on top of a standard used for the carrying of religious symbols (R12) on top of a parcel of land with irrigation ditches (N24).",mꜣ-ḥḏ,"Logogram (Oryx nome, 16th nome of Upper Egypt)",E205,,E205,,,HJ E205
13A5C,U+13A5C,,E-03-007,C,"A basket with four pieces of grain or fruit (M39) in front of an oryx, standing (E28), on top of a standard used for the carrying of religious symbols with the vertical stick at the far side (R92A).",mꜣ-ḥḏ,"Logogram (Oryx nome, 16th nome of Upper Egypt)",E72A,"126,6",E72A,,,HJ E072A
13A5D,U+13A5D,,E-03-008,C,"An oryx, standing, on top of a standard used for the carrying of religious symbols on top of a parcel of land with irrigation ditches.",mꜣ-ḥḏ,"Logogram (Oryx nome, 16th nome of Upper Egypt)",E198,,E198,,,HJ E198
13A5E,U+13A5E,,E-03-010,C,"An oryx, lying down, legs folded under the body.",mꜣ-ḥḏ,Classifier oryx,E73,"126,7",E73,,,HJ E073
13A5F,U+13A5F,,E-03-011,C,"A gazelle, lying down, legs folded under the body.",ꞽw,Phonemogram,E78,"126,13",E78,,,HJ E078
13A60,U+13A60,,E-03-016,C,"A gazelle, lying down, three legs folded under the body, right front leg extended forwards.",ꞽw,Phonemogram,E78A,"127,1",E78A,,,HJ E078A
13A61,U+13A61,,E-03-021,,,,,E74B,"126,15",E74B,,,HJ E074B
13A62,U+13A62,,E-03-024,C,"An oryx, lying down, legs folded under the body, head looking backwards.",mꜣ-ḥḏ,Classifier (Oryx),E73C,"126,12",E73C,,,HJ E073C
13A63,U+13A63,,E-03-026,C,"An oryx, lying on its back, tail in front, legs held to the belly, head looking forwards, with a knife with a triangular blade and straight handle at the back, blade towards the back.",hmhm.t(y),Classifier roarer,,,,,,E073D
13A64,U+13A64,,E-03-027,C,"A gazelle, standing, with two horns visible.",ꜥw.t,"Logogram (herd, flock)",E76,"127,2",E76,,,HJ E076
13A65,U+13A65,,E-03-029,C,"A gazelle, standing, with two horns visible, with a loop of cord with the ends downwards (V7) around its neck.",sꜥḥ,Classifier noble/dignity/rank,E76A,"127,4",E76A,,,HJ E076A
13A66,U+13A66,,E-03-031,C,"A gazelle, with two horns visible, about to rear.",gḥs,Logogram (gazelle),,"124,2",,,,E076B
13A67,U+13A67,,E-04-003,C,"A ram (Ovis longipes palaeo-aegyptiacus), standing, with a flagellum (S45) on its back.",s,Phonemogram,E11A,,E11A,,,HJ E011A
13A68,U+13A68,,E-04-004,C,"Three rams (Ovis longipes palaeo-aegyptiacus), standing, overlapping each other.",bꜣ.w,Logogram (rams),E179,"127,11",E179,,,HJ E179
13A69,U+13A69,,E-04-006,C,"A ram (Ovis longipes palaeo-aegyptiacus), standing, with a beard, with N6 (The sun, encircled by a cobra (Naja haje), standing up, with expanded hood (uraeus)) on top of the horns.",sꜣ-rꜥ,Logogram (son of Re),,,,,,E180B
13A6A,U+13A6A,,E-04-008,C,"A ram (Ovis longipes palaeo-aegyptiacus), standing, with a beard, with a headdress consisting of two feathers and a sun disk (S76) on top of the horns.",bḥd.ty,Logogram (he of Edfu),E181,"127,13",E181,,,HJ E181
13A6B,U+13A6B,,E-04-011,C,"A ram (Ovis longipes palaeo-aegyptiacus), standing, with a beard, with a cobra (Naja haje), standing up, with expanded hood (uraeus, I64) on its horns.",bꜣ,Phonemogram (in bꜣ-n-rꜥ-mr.y-ꞽmn),E191,,E191,,,HJ E191
13A6C,U+13A6C,,E-04-012,C,"A ram (Ovis longipes palaeo-aegyptiacus), standing, with a beard, with the white crown (S1) on its horns.",sḥḏ,Phonemogram,E223,,E223,,,HJ E223
13A6D,U+13A6D,,E-04-013,C,"A ram (Ovis longipes palaeo-aegyptiacus), standing, with a beard, with the red crown (S3) on its horns.",nb,Phonemogram,E224,,E224,,,HJ E224
13A6E,U+13A6E,,E-04-015,C,"A ram (Ovis longipes palaeo-aegyptiacus), standing, without a beard, with a cobra (Naja haje), standing up, with expanded hood (uraeus)(I64) on its head, with the wings of a bird on its back, spread in a V-shape.",mḥ,Logogram (to the north of),E226,,E226,,,HJ E226
13A6F,U+13A6F,,E-04-017,,,,,E183,"128,2",E183,,,HJ E183
13A70,U+13A70,,E-04-019,C,"A cult image of a ram (Ovis longipes palaeo-aegyptiacus), lying down, with a beard.",bt,Classifier ram divinity,E184,"128,3",E184,,,HJ E184
13A71,U+13A71,,E-04-020,C,"A ram, standing, without horns, without beard.",bꜣ,Phonemogram,E11B,,E11B,,,HJ E011B
13A72,U+13A72,,E-04-022,C,"A ram, standing, without horns, without beard, wearing the red crown (S3).",nb,Phonemogram,E239,,E239,,,HJ E239
13A73,U+13A73,,E-04-029,C,"A ram (Ovis longipes palaeo-aegyptiacus), standing, with a beard, with a flagellum on its back; on top of a standard used for carrying religious symbols, with the vertical stick at the far side.",,,,,,,,E193A
13A74,U+13A74,,E-04-030,C,"A ram (Ovis longipes palaeo-aegyptiacus), standing, with a beard, with a headdress consisting of two feathers and a sun disk (S76) on top of the horns, with a flagellum (S45) on its back; in front of a ram (Ovis longipes palaeo-aegyptiacus), standing, with a beard, with a flagellum (S45) on its back; on top of a standard used for carrying religious symbols (R12).",,?,,,,,,E310
13A75,U+13A75,,E-05-001,C,"A bubalis antelope, standing, head looking backwards.",ꜣms,Phonemogram,E103A,"128,4",E103A,,,HJ E103A
13A76,U+13A76,,E-05-002,C,"A bubalis antelope, standing, head looking forwards.",š,Phonemogram,E103,,E103,,,HJ E103
13A77,U+13A77,,E-05-004,C,"A bubalis antelope, standing, head looking forwards (E103), with a cobra in repose (Naja haje), with its tail coiled up, in a single coil (I80A).",šsr,Phonemogram,E104,"128,5",E104,,,HJ E104
13A78,U+13A78,,E-05-005,C,"A bubalis antelope, standing, head looking backwards (E103A), with an African sacred ibis (Threskiornis aethiopicus) (G26A) on its back.",ꜣms-ꞽb,"Logogram/Phonemogram (to make glad, to be glad)",E105,"128,6",E105,,,HJ E105
13A79,U+13A79,,E-05-007,,,,,E9B,"128,7",E9B,,,HJ E009B
13A7A,U+13A7A,,E-05-008,C,"A newborn bubalis antelope, lying down, three legs folded beneath the body, right front leg extended forwards.",ꞽw,Phonemogram,E9A,"128,8",E9A,,,E009D
13A7B,U+13A7B,,E-05-010,C,"A newborn bubalis antelope, lying down, legs folded beneath the body, short tail upwards.",ꞽw,Phonemogram,E9C,"128,10",E9C,,,HJ E009C
13A7C,U+13A7C,,E-06-005,C,"A jackal, running, tail down.",wnš.w,Classifier jackal,,,,,,E017B
13A7D,U+13A7D,,E-06-006,C,"Two jackals, standing, tail down, overlapping each other.",sb.yw,Phonemogram/logogram (those that conduct),E227,,E227,,,HJ E227
13A7E,U+13A7E,,E-06-009,C,"A jackal, standing, tail down, with a feather (H6) angled forwards at its front paw.",ꞽmn.t,Phonemogram,E139,"129,9",E139,,,HJ E139
13A7F,U+13A7F,,E-06-011,C,"A jackal, standing, tail down, with a feather (H6) angled backwards on its rear.",sꜣb-šw.t,Phonemogram/logogram (many-coloured of plumage),E195,,E195,,,HJ E195
13A80,U+13A80,,E-06-012,C,"A desert plant with two branches, with a downward hanging flower at the top, written over a jackal, standing, tail down (E17).",sꜣb šmꜥ.w,Logogram (jackal of Upper Egypt),E294,,E294,,,HJ E294
13A81,U+13A81,,E-06-013,C,"A flowering sedge (M23A), written over a jackal, standing, tail down (E17); on top of a standard used for carrying religious symbols (R12).",wp-wꜣ.wt-šmꜥ.w,Logogram (Wepwawet of Upper Egypt),,,,,,E294A
13A82,U+13A82,,E-06-016,C,"A jackal, standing, tail down, head looking backwards, with a band of string or fabric around its neck, ties towards the front.",,,E141A,"129,14",E141A,,,HJ E141A
13A83,U+13A83,,E-06-017,C,"A jackal, standing, tail down, with a band of string or fabric around its neck, ties towards the front, hanging downwards.",sṯꜣ,Phonemogram,,,,,,E141B
13A84,U+13A84,,E-06-020,C,"A jackal, standing, tail down (E17), on top of a standard used for the carrying of religious symbols, with an uraeus and šdšd-protuberance at the front of the standard.",wp-wꜣ.wt,Logogram (Wepwawet)?,,"130,2",,,,E019B
13A85,U+13A85,,E-06-024,C,"Three jackals, standing, tail down, overlapping each other, bound with rope to a boat/ship with a prow and stern resembling the handle of a sickle (U1), on top of a rectangle resembling water, with an oar/rudder at the back (P28); with a god, seated, knees up, with covered legs and arms, with the head of a falcon, with a sun disk (N5) on its head, holding a tie or strap, used with sandals (ankh sign, S34), angling forward (C2) within it.",sb.yw-wꞽꜣ-n-rꜥ,Logogram (those who conduct the bark of Re),E228,,E228,,,HJ E228
13A86,U+13A86,,E-07-004,C,"A dog or hound, seated, tail up.",ṯsm,Phonemogram,E14B,,E14B,,,HJ E014B
13A87,U+13A87,,E-07-005,C,"A jackal, lying down, tail downwards, on top of a platform.",sštꜣ,Logogram ((secret) image (of a god)),E15A,"130,6",E15A,,,HJ E015A
13A88,U+13A88,,E-07-007,C,"A jackal, lying down, tail downwards, with a flagellum (S45) on its back, on top of a platform.",sštꜣ,Logogram (to make secret),E15C,,E15C,,,HJ E015C
13A89,U+13A89,,E-07-008,C,"A jackal, lying down, tail downwards, on top of a platform, with a dagger with a rounded tip (T8) angled forwards on its front paw.",sštꜣ-tp(.y),Logogram (the primary (secret) image (of a god)),E204,,E204,,,HJ E204
13A8A,U+13A8A,,E-07-009,C,"A jackal, lying down, tail downwards, with a flagellum (S45) on its back.",sštꜣ,Logogram ((secret) image (of a god)),E15B,"130,9",E15B,,,HJ E015B
13A8B,U+13A8B,,E-07-012,C,"A jackal, lying down, tail downwards, with a flagellum (S45) on its back, with a sceptre (S42) on its front paws, vertically.",ꞽnp.w,Classifier divinity,,,,,,E015D
13A8C,U+13A8C,,E-07-014,C,"A jackal, lying down, tail downwards, with a feather (H6) angled backwards on its back.",ꞽnp.w,Logogram (Anubis),E143,"130,12",E143,,,HJ E143
13A8D,U+13A8D,,E-07-016,C,"A jackal, lying down, tail downwards, wearing a wig, on top of a shrine which widens near the top.",ꞽnp.w,Logogram (Anubis),,"130,14",,,,E016F
13A8E,U+13A8E,,E-07-018,C,"A jackal, lying down, tail downwards, on top of a vessel with a small base and a wide rim (W77).",ꞽnp.w,Logogram (Anubis),E16A,"131,1",E16A,,,E016D
13A8F,U+13A8F,,E-07-019,C,"A jackal, lying down, tail downwards, on top of a vessel with a small base and a wide rim (W77), with an uraeus on its front legs.",wp-wꜣ.wt,Classifier canine divinity,,,,,,E016E
13A90,U+13A90,,E-07-022,,,,,E145A,,E145A,,,HJ E145A
13A91,U+13A91,,E-07-023,C,"A jackal, lying down, tail downwards, on top of a standard used for the carrying of religious symbols, consisting of a horizontal bar, vertical pole with a shorter vertical line at either side of the pole.",wp-wꜣ.wt,Classifier canine divinity,,,,,,E145C
13A92,U+13A92,,E-07-024,C,"A jackal, lying down, tail downwards, with an uraeus on its front paw, on top of a standard used for the carrying of religious symbols, consisting of a horizontal bar, vertical pole with a shorter vertical line at either side of the pole.",wp-wꜣ.wt,Classifier canine divinity,,,,,,E145D
13A93,U+13A93,,E-07-025,C,"A jackal, lying down, tail downwards (E15), on top of a standard used for the carrying of religious symbols, with an uraeus and šdšd-protuberance at the front of the standard, with a mace (T3) written horizontally over the vertical pole of the standard, mace head towards the back.",wp-wꜣ.wt,Classifier canine divinity,,,,,,E019C
13A94,U+13A94,,E-07-028,C,"A jackal, lying down, tail downwards, with a feather (H6) angled backwards on its back (E143); on top of a standard used for the carrying of religious symbols (R12) on top of a parcel of land with irrigation ditches (N24).",ꞽnpw.t,Logogram (Anubis nome (17th nome of Upper Egypt)),E143A,,E143A,,,HJ E143A
13A95,U+13A95,,E-07-031,C,"A jackal, lying down, tail downwards, with a feather (H6) angled backwards on its back (E143); on top of a standard used for the carrying of religious symbols with the vertical stick at the far side (R92A) on top of a parcel of land with irrigation ditches (N24).",ꞽnpw.t,Logogram (Anubis nome (17th nome of Upper Egypt)),E143B,,E143B,,,HJ E143B
13A96,U+13A96,,E-07-033,,,,,E145,,E145,,,HJ E145
13A97,U+13A97,,E-07-034,C,"A jackal, lying down, tail downwards (E15), on top of the sky (N1).",ḥr.y-sštꜣ,Logogram (privy to the secrets),E206,,E206,,,HJ E206
13A98,U+13A98,,E-07-036,C,A cult image of a jackal.,ꞽnp.w,Logogram (Anubis),E231,,E231,,,HJ E231
13A99,U+13A99,,E-08-005,C,"A cat, seated, tail upwards.",mꞽw.t,Logogram (cat),,"131,7",,,,E013C
13A9A,U+13A9A,,E-08-006,C,"A cat, seated, tail curled over the body towards the back, with N6 (The sun, encircled by a cobra (Naja haje), standing up, with expanded hood (uraeus)) on top of its head.",mꞽ-rꜥ,Logogram (like Re),E86A,"131,9",E86A,,,HJ E086A
13A9B,U+13A9B,,E-08-009,C,"A cat, seated, tail curled over the body towards the back, with its right paw on top of a triangle.",ḫft-ḥr,Phonemogram,E88,,E88,,,HJ E088
13A9C,U+13A9C,,E-08-010,C,"A cat, seated, tail curled over the body towards the back, with N6 (The sun, encircled by a cobra (Naja haje), standing up, with expanded hood (uraeus)) on top of its head, with a tie or strap, used with sandals (ankh sign, S34), angling forward on top of its front paw.",dꞽ-ꜥnḫ-mꞽ-rꜥ ,Logogram (given life like Re),E232,,E232,,,HJ E232
13A9D,U+13A9D,,E-08-012,C,"A cat, seated, tail curled over the body towards the back, with a knife with a triangular blade and straight angle at the front paw of the cat, angled forwards, sharp edge towards the front.",,,,,,,,E013F
13A9E,U+13A9E,,E-08-013,C," A cat, seated, tail curled over the body towards the back, with a flagellum on its back.",ḥwn.t,Logogram (young lioness),E13A,,E13A,,,HJ E013A
13A9F,U+13A9F,,E-08-014,C," A cat, seated, tail curled over the body towards the back, right paw raised in front, holding a round loaf with four curved imprints (X6B).",ḫft-ḥr,Phonemogram,,,,,,E013D
13AA0,U+13AA0,,E-08-016,C,"A cat, seated, tail curled over the body towards the back, right paw raised in front, holding an oval vertically.",ḫft-ḥr,Phonemogram,,"131,13",,,,E089A
13AA1,U+13AA1,,E-08-019,C,"A cat, seated, tail curled over the body towards the back, right paw raised in front, holding a roll of bread, with oval lines within it (X4A) vertically.",ḫft-ḥr,Phonemogram,,,,,,E299
13AA2,U+13AA2,,E-08-020,C,"A cat, standing, tail down.",m,Phonemogram,E90,"131,15",E90,,,HJ E090
13AA3,U+13AA3,,E-08-024,C,"A cat, standing, tail down, on top of a shepherd's crook with a package lashed to it, with a tie above and below the package (T18), written horizontally.",,,E91,,E91,,,HJ E091
13AA4,U+13AA4,,E-08-025,C,"A cat, seated, tail upwards (F1504), on top of a stairway (O40).",m rw.t(y),Phonemogram,,,,,,E311
13AA5,U+13AA5,,E-09-001,C,"A horse, standing, right front leg raised.",smsm (=ssm.t),Classifier horse,E6C,"132,1",E6C,,,HJ E006C
13AA6,U+13AA6,,E-09-004,C,"A horse, standing.",ssm.t,Classifier horse,E6A,"132,4",E6A,,,HJ E006A
13AA7,U+13AA7,,E-09-006,C,"A horse, rearing, front legs nearly horizontal.",ḥtr,Logogram (span (of horses)/horse),E6,"132,6",,,,E006E
13AA8,U+13AA8,,E-09-007,C,"A horse, rearing, front legs nearly horizontal, with a plume on its head.",ḥtr,Logogram (span (of horses)/horse),E6B,"132,7",E6B,,,HJ E006B
13AA9,U+13AA9,,E-09-009,,,,,E233,,E233,,,HJ E233
13AAA,U+13AAA,,E-10-001,C,"A goat, standing.",ꜥw.t,Classifier cattle,E186,"132,9",E186,,,HJ E186
13AAB,U+13AAB,,E-10-005,C,"A goat, standing, without horns, without a beard, with a seal, attached to a neck string (S20), around its neck",sꜥḥ,"Logogram (rank, diginity)",E8B,"132,12",E8B,,,HJ E008B
13AAC,U+13AAC,,E-10-015,,,,,,,US1E31VARA,,,E186A
13AAD,U+13AAD,,E-10-016,,,,,,,E31,,,E031B
13AAE,U+13AAE,,E-13-001,C,A griffin.,ꜥḫḫ,Classifier griffin,E80A,"133,5",E80A,,,HJ E080A
13AAF,U+13AAF,,E-13-002,C,A griffin  with the head of a jackal. ,ꜥḫḫ,Logogram (griffin),E80,"133,6",E80,,,HJ E080
13AB0,U+13AB0,,E-14-005,C,"A hippopotamus (Hippopotamus amphibius) (E25), with a griffon vulture (Gyps fulvus) (G4) on its back.",dwn.ty,Logogram (triomphator),E235,,E235,,,HJ E235
13AB1,U+13AB1,,E-14-006,C,"A hippopotamus (Hippopotamus amphibius) (E25), in front of a stem of papyrus with a bud (M13), on top of a base.",ḥḏ.t,Classifier hippopotamus goddess,E236,,E236,,,HJ E236
13AB2,U+13AB2,,E-14-007,,,,,E132,"133,11",E132,,,HJ E132
13AB3,U+13AB3,,E-14-008,C,"A hippopotamus (Hippopotamus amphibius), with a forward, downward line of liquid coming from the mouth, with a knife with a triangular blade and straight handle (T30A) vertically on its back, blade forwards.",ḫꜣb,Classifier hippopotamus,E132A,"133,12",E132A,,,HJ E132A
13AB4,U+13AB4,,E-14-009,C,"A hippopotamus (Hippopotamus amphibius), with a knife with a triangular blade and straight handle (T30A) on its head, blade towards the back.",ꞽm.yw-mw,Classifier animal in water,E133,"134,1",E133,,,HJ E133
13AB5,U+13AB5,,E-14-015,C,"A hippopotamus, with the limbs of a feline, head and tail of a crocodile, standing on its hind legs, front leg extended forwards.",ꞽp.t,Logogram/phonemogram (Ipet),E134,"134,7",E134,,,HJ E134
13AB6,U+13AB6,,E-14-016,C,"A hippopotamus, with the limbs of a feline, head and tail of a crocodile, standing on its hind legs, front leg extended forwards (E134), upon a rolled-up herdsman's shelter of papyrus (V17).",ꞽp.t,Phonemogram/logogram (in ꞽp.t-sw.t),E134A,"134,8",E134A,,,HJ E134A
13AB7,U+13AB7,,E-14-021,C,"A hippopotamus, with the limbs of a feline, head and tail of a crocodile, standing on its hind legs, front leg extended forwards (E134), with a headdress consisting of two plumes and a sun disk (S63A), paw upon a rolled-up herdsman's shelter of papyrus (V17).",wr.t,Logogram/Phonemogram (great one (female)),E137,"134,12",E137,,,HJ E137
13AB8,U+13AB8,,E-14-024,C,"A hippopotamus, with the limbs of a feline, head and tail of a crocodile, standing on its hind legs, front leg extended forwards (E134), with a headdress of bovine horns with a sun disk (F102), paw upon a rolled-up herdsman's shelter of papyrus (V17).",wr.t ,Logogram/Phonemogram (great one (female)),,,,,,E298
13AB9,U+13AB9,,E-14-027,C,"A hippopotamus, with the limbs of a feline, head and tail of a crocodile, with a headdress consisting of two plumes and a sun disk (S63A), standing on its hind legs, front legs raised in front of the head, holding a tambourine or drum.",bnhm,Logogram (to rejoice),,,,,,E273B
13ABA,U+13ABA,,E-14-030,C,"A hippopotamus, with the limbs of a feline, head and tail of a crocodile, standing on its hind legs, front leg extended forwards, holding a knife with a triangular blade and straight handle (T30A), blade forwards.",ꞽ,"Logogram (first person singular, referring to Nut)",E283,,E283,,,HJ E283
13ABB,U+13ABB,,E-15-001,C,A hyena.,wnš.w,Classifier jackal,E82,"134,14",E82,,,HJ E082
13ABC,U+13ABC,,E-15-002,,,,,E258,"134,15",E258,,,HJ E258
13ABD,U+13ABD,,E-16-002,C,"A desert hare, lying down, with an upward tail with a forked end.",wn,Phonemogram,,"135,3",,,,E034G
13ABE,U+13ABE,,E-16-001,C,"A desert hare, lying down.",wn,Phonemogram,E34,"135,1",,,,E034H
13ABF,U+13ABF,,E-16-009,C,"A desert hare, lying down (E34), on top of a standard used for the carrying of religious symbols (R12)",wnw.t ,"Logogram (Hermopolis magna, 15th nome of Upper Egypt)",,,E34A,,,E034C
13AC0,U+13AC0,,E-16-012,,,,,E81,"135,9",E81,,,HJ E081
13AC1,U+13AC1,,E-17-002,C,"A lion, standing, tail downwards (E22), written within an dotted oval.",nb tꜣ.wy,Logogram (lord of the two lands),E278,,E278,,,HJ E278
13AC2,U+13AC2,,E-17-004,C,"A lion, standing, tail upwards.",mꜣꞽ,Classifier (lion),E22A,"135,13",E22A,,,HJ E022A
13AC3,U+13AC3,,E-17-007,C,"A lion, seated, tail curled over the body towards the back.",mꜣꞽ/rw/pḥ.tꞽ,Logogram (lion),E200A,,E200A,,,HJ E200A
13AC4,U+13AC4,,E-17-008,C,"A lion, lying down, tail upwards.",rw,Phonemogram,E23A,"136,16",E23A,,,HJ E023A
13AC5,U+13AC5,,E-17-009,C,"A lioness, lying down.",mḥ(.y)t,Classifier divinity (lioness),,,,,,E023B
13AC6,U+13AC6,,E-17-014,,,,,E108A,"136,2",E108A,,,HJ E108A
13AC7,U+13AC7,,E-17-015,C,"A lion, standing, tail upwards (E22A), with a platform on its back, with a falcon with its wings spread out on top of it.",ṯnṯꜣ.t,Logogram (throne dais),E108,"136,3",E108,,,HJ E108
13AC8,U+13AC8,,E-17-016,C,"A lion, standing, tail upwards (E22A), with a sun disk on its head.",mꜣꞽ,Logogram (lion),E238,,E238,,,HJ E238
13AC9,U+13AC9,,E-17-018,,,,,E107,"136,1",E107,,,HJ E107
13ACA,U+13ACA,,E-17-019,C,"A lion, standing, tail downwards, right front leg raised, holding a tie or strap, used with sandals (ankh sign, S34).",mꜣꞽ-ꜥnḫ,Logogram (living lion),E110,"136,4",E110,,,HJ E110
13ACB,U+13ACB,,E-17-020,C,"A lion, standing, tail downwards, with a tie or strap, used with sandals (ankh sign, S34) on its front paw.",mꜣꞽ-ꜥnḫ,Logogram (living lion),E110A,,E110A,,,HJ E110A
13ACC,U+13ACC,,E-17-021,C,"A lion, standing, tail downwards, right front leg raised, holding a knife with a triangular blade and straight handle (T30A).",mds,Phonemogram,E111,"136,5",E111,,,HJ E111
13ACD,U+13ACD,,E-17-022,C,"A lion, standing, tail downwards, right front leg raised, holding a tall water pot (W14).",ḥsꜣ-šnꜥ,Phonemogram,E112,"136,6",E112,,,HJ E112
13ACE,U+13ACE,,E-17-025,C,"A lion, standing, tail downwards (E22), with the headpiece of a sistrum resembling a shrine on top of a Hathorian face, on top of its back.",pẖr,Phonemogram,E114,"136,9",E114,,,HJ E114
13ACF,U+13ACF,,E-17-026,C,"A lion, standing, tail downwards (E22), on top of a shepherd's crook with a package lashed to it, with a tie above and below the package (T18), written horizontally. ",šms,Logogram (to present),E109,"136,10",E109,,,HJ E109
13AD0,U+13AD0,,E-17-027,C,"A lion, standing, tail downwards (E22), wearing the double crown (S5).",n(.y)-sw.t-bꞽ.ty nb,"Logogram/phonemogram (king of Upper Egypt and Lower Egypt, lord)",E116,,E116,,,HJ E116
13AD1,U+13AD1,,E-17-030,C,"A lion, standing, tail downwards (E22), with N6 (The sun, encircled by a cobra (Naja haje), standing up, with expanded hood (uraeus)) on its head.",rꜥ + nb,Logogram (in the construction sꜣ-rꜥ nb ḫꜥ.w),,,,,,E116A
13AD2,U+13AD2,,E-17-032,C,"A lioness, lying down, with a stick with a circular inset (P11A) on its back.",mḥ.yt,"Logogram (Mehyt, divinity)",E240,,E240,,,HJ E240
13AD3,U+13AD3,,E-17-036,C,"A lioness, lying down, tail raised, on top of a shrine which widens near the top.",pꜣḫ.t,Logogram (Pachet),E241,,E241,,,HJ E241
13AD4,U+13AD4,,E-17-039,C,"A lion, lying down, tail curled over the body towards the back, with a forward, downward line of liquid coming from the mouth.",tf & r,Phonemogram tf and phonemogram r,E117,"137,1",E117,,,HJ E117
13AD5,U+13AD5,,E-17-041,C,"A lion, lying down, wearing the red crown (S3), tail curled over the body towards the back.",n,Phonemogram,,,,,,E118A
13AD6,U+13AD6,,E-17-043,C,"A lion, standing, tail in the form of a cobra (Naja haje), standing up, with expanded hood (uraeus).",twtw,Classifier divinity,,,,,,E312
13AD7,U+13AD7,,E-17-044,C,"A lion, lying down, tail curled over the body towards the back, with a wide cup (W10) on the front paw.",rdꞽ,"Logogram (to give, to place)",E120,"137,4",E120,,,HJ E120
13AD8,U+13AD8,,E-17-047,C,"A lion, lying down, tail curled over the body towards the back, with a knife with a triangular blade and straight handle (T30A) on the front paw.",ḏsr,Phonemogram,E121,"137,7",E121,,,HJ E121
13AD9,U+13AD9,,E-17-048,C,"A lion, lying down, tail curled over the body towards the back, with a feather (H6) on the front paw.",ršw,Phonemogram,E122,"137,8",E122,,,HJ E122
13ADA,U+13ADA,,E-17-051,C,"A lion, lying down, tail curled over the body towards the back, with a head-cloth (S56) on the front paw.",kr,Phonemogram (in ꜣwtwkrtr),,,,,,E302
13ADB,U+13ADB,,E-17-052,C,"A lion, lying down, tail curled over the body towards the back, with N6 (The sun, encircled by a cobra (Naja haje), standing up, with expanded hood (uraeus)) on its head, with a wide cup (W10) on the front paw.",rꜥ,Logogram (Re),E120A,,E120A,,,HJ E120A
13ADC,U+13ADC,,E-17-054,,,,,E124,,E124,,,HJ E124
13ADD,U+13ADD,,E-17-055,C,"A lion, lying down, tail curled over the body towards the back, on top of a standard used for the carrying of religious symbols (R12).",mꜣt.yt,"Logogram (Matit, goddess of 12th nome of Upper Egypt)",E127,,E127,,,HJ E127
13ADE,U+13ADE,,E-17-058,C,"A lion, lying down, tail curled over the body towards the back, rear half enclosed in a rectangle which is open at the front.",ḥkn,Logogram (door bolt),E125,,E125,,,HJ E125
13ADF,U+13ADF,,E-17-060,C,"A lion, lying down, tail curled over the body towards the back, with the sun disk (N5) on its back.",rꜥ-nb,Logogram (every day),E242,,E242,,,HJ E242
13AE0,U+13AE0,,E-17-062,C,"A lion, lying down, tail curled over the body towards the back, on top of a shrine which widens towards the top, with a cloth wound on a pole, an emblem of divinity (R8) behind the lion, angling slightly backwards.",pꜣḫ.t,Logogram (Pachet),E266,,E266,,,HJ E266
13AE1,U+13AE1,,E-17-063,C,"A lion, lying down, tail curled over the body towards the back, with a pole/staff with the head of a falcon with the sun disk on the head; on the front paw of the lion.",nb-ḫpš,Phonemogram,E295,,,,,E295
13AE2,U+13AE2,,E-17-065,C,"A lion, standing, tail down, on some structure resembling the letter I with downward sloping extensions at the top.",rdꞽ,Phonemogram,,,,,,E313
13AE3,U+13AE3,,E-17-066,C,"A lion, standing on its hind legs, foreleg extended forwards, holding a knife with a triangular blade and straight handle (T30A).",ḏsr,Logogram (to make holy),,,,,,E314
13AE4,U+13AE4,,E-17-067,C,"A lion, standing on its hind legs, forelegs extended forwards, holding a stick in each paw, tail raised upwards.",tkn,Classifier aggressive like a lion,,,,,,E314A
13AE5,U+13AE5,,E-18-002,C,"A panther or leopard, in a running posture.",ꜣby,Classifier leopard,E24A,,E24A,,,HJ E024A
13AE6,U+13AE6,,E-18-003,C,"A panther or leopard, standing, head angled downwards, looking towards the reader.",ḳnd,"Phonemogram/logogram (rage, anger)",,"137,12",,,,E024B
13AE7,U+13AE7,,E-19-005,C,"A pig, standing on its hind legs, with a forward, downward angling dotted line coming from the mouth, ending in a human mouth, seen from the side; on top of a sand covered mountain over the edge of the cultivated areas (N26).",tfrr,"Logogram (Tefrer, geographical location)",,,,,,E282A
13AE8,U+13AE8,,E-20-006,C,"A hamadryas baboon (Papio hamadryas), seated, hands on knees, tail folded under the rear.",wpt,Classifier monkey (divinity),E35,"138,6",E35,,,E035A
13AE9,U+13AE9,,E-20-010,C,"A hamadryas baboon (Papio hamadryas), seated, hands on knees, tail folded under the rear, with a feather (H6) on its knee, angled forwards.",ḏḥwty,Logogram (Thot),,,,,,E035B
13AEA,U+13AEA,,E-20-011,C,"A hamadryas baboon (Papio hamadryas), seated, arms forward, holding an eye, with the markings of the head of a falcon (D10).",n(.y)-sw.t,Logogram (king (of Upper Egypt)),E36,"138,9",E36,,,E036B
13AEB,U+13AEB,,E-20-013,C,"A hamadryas baboon (Papio hamadryas), seated, arms forward, holding a bowl for incense with smoke rising from the bowl (R7).",bsꜣ,Phonemogram,E37,"138,10",E37,,,E037B
13AEC,U+13AEC,,E-20-014,C,"A hamadryas baboon (Papio hamadryas), seated, arms forward, holding a bowl for incense, with two pellets of incense, with smoke rising from the bowl (R7C).",bsꜣ,Phonemogram,E37A,,E37A,,,HJ E037A
13AED,U+13AED,,E-20-015,C,"A hamadryas baboon (Papio hamadryas), seated, arms forward, holding a vertical stick which is forked at the top.",sš,Logogram (scribe),E38,"138,11",E38,,,E038A
13AEE,U+13AEE,,E-20-016,C,"A hamadryas baboon (Papio hamadryas), seated, arms forward, holding a stick, angled towards the face.",spẖr,"Logogram (to write, to inscribe)",E39,"138,12",E39,,,HJ E039
13AEF,U+13AEF,,E-20-017,C,"A hamadryas baboon (Papio hamadryas), seated, arms forward, holding a palm branch, stripped of leaves and notched with a round notch, with the notch towards the body.",wp-rnp.t,Logogram (New Year's Day),,"138,13",,,,E040A
13AF0,U+13AF0,,E-20-020,C,"A hamadryas baboon (Papio hamadryas), seated, arms forward, holding a staff (S43).",ḏd-mdw,"Logogram (to speak words, to recite)",E42,"139,1",E42,,,HJ E042
13AF1,U+13AF1,,E-20-021,C,"A hamadryas baboon (Papio hamadryas), seated, wearing the red crown (S3), arms forward, holding a staff (S43).",ḏd-mdw-ꞽn,Logogram (recitation by),E48,"139,7",E48,,,HJ E048
13AF2,U+13AF2,,E-20-022,,,,,E43,"139,2",E43,,,HJ E043
13AF3,U+13AF3,,E-20-023,,,,,E44,"139,3",E44,,,HJ E044
13AF4,U+13AF4,,E-20-024,C,"A hamadryas baboon (Papio hamadryas), seated, arms forward, holding a piece of flesh, point down, curving backwards (F51B).",sꜣ=f,Phonemogram,E270,,E270,,,HJ E270
13AF5,U+13AF5,,E-20-025,C,"A hamadryas baboon (Papio hamadryas), seated, arms forward, holding a round vessel with an upstanding rim (W24).",n-sꜣ,Phonemogram,E196,,E196,,,HJ E196
13AF6,U+13AF6,,E-20-026,,,,,E247,,E247,,,HJ E247
13AF7,U+13AF7,,E-20-034,C,"A hamadryas baboon (Papio hamadryas), seated, hands on knees, tail folded under the rear (E35), in front of a sheath or receptacle with V shaped indentation at the top, on top of a base, with a forward curved line coming from the indentation (V36K); on top of a basket (V30).",šb.t,Classifier ritual object,,,,,,E045A
13AF8,U+13AF8,,E-20-036,C,"A hamadryas baboon (Papio hamadryas), seated, hands on knees, tail folded under the rear (E35), in front of a sheath or receptacle with V shaped indentation at the top (V98), on top of a rectangular base.",wnšb,Logogram (symbol of the cycle of time),E46,"139,5",E46,,,HJ E046
13AF9,U+13AF9,,E-20-037,C,"A hamadryas baboon (Papio hamadryas), seated, hands on knees, tail folded under the rear (E35), in front of a long, cup-shaped object with a vertical line of dots inside it, on top of a rectangular base. ",wnšb,Logogram (symbol of the cycle of time),E46A,,E46A,,,HJ E046A
13AFA,U+13AFA,,E-20-038,C,"A hamadryas baboon (Papio hamadryas), seated, wearing the red crown (S3), arms forward, hand palm upwards.",ꞽn,Phonemogram,E47,"139,6",E47,,,HJ E047
13AFB,U+13AFB,,E-20-039,C,"A hamadryas baboon (Papio hamadryas), seated, hands on knees, tail folded under the rear, wearing the red crown (S3).",ꞽn,Phonemogram,,,,,,E047A
13AFC,U+13AFC,,E-20-040,,,,,E49,"139,8",E49,,,HJ E049
13AFD,U+13AFD,,E-20-041,,,,,E50,"139,9",E50,,,HJ E050
13AFE,U+13AFE,,E-20-042,C,"A hamadryas baboon (Papio hamadryas), seated, with a cobra (Naja haje), standing up, with expanded hood (uraeus) (I64) on its head.",nb.t-sš,Logogram (lady of writing),E194,,E194,,,HJ E194
13AFF,U+13AFF,,E-20-045,C,"A hamadryas baboon (Papio hamadryas), seated, arms forward, holding a spiral, winding counterclockwise away from its central point, ending at the right lower corner after about one and a half turns (Z7).",t,Phonemogram,,,,,,E301
13B00,U+13B00,,E-20-046,C,"A baboon, standing on it hind legs, tail down, arms raised in front, forearms nearly vertical, hand palms outwards.",nfr,Logogram (to be good),E51,"139,10",E51,,,HJ E051
13B01,U+13B01,,E-20-047,C,"A monkey, standing on its hind legs, tail down, arms raised in front, forearms nearly vertical, hand palms outwards.",nfr,Logogram (to be good),,"139,12",,,,E051B
13B02,U+13B02,,E-20-048,C,"A hamadryas baboon (Papio hamadryas), standing on its hind legs, tail down, arms raised in front, forearms nearly vertical, hand palms outwards.",bꜣ.w-ꞽꜣb.tyw,Classifier baboon,E51A,"139,13",E51A,,,HJ E051A
13B03,U+13B03,,E-20-050,C,"A baboon, standing on its hind legs, tail down, arms downwards, hands at the height of the waist, hand palms downwards.",nfr,Phonemogram,E53,"139,15",E53,,,HJ E053
13B04,U+13B04,,E-20-052,,,,,E54,"139,16",E54,,,HJ E054
13B05,U+13B05,,E-20-054,C,"A baboon, standing on its hind legs, tail down, arms extended forwards, holding a knife with a triangular blade and straight handle (T30A), blade facing outwards.",ꞽwf,Classifier monkey,E57,"140,2",E57,,,HJ E057
13B06,U+13B06,,E-20-056,,,,,E58A,"140,4",E58A,,,HJ E058A
13B07,U+13B07,,E-20-057,C,"A baboon, standing on its hind legs, tail down, arms extended forwards, left forearm horizontal, holding the face of a human man (D2), with the right arm angling over it.",nfr(.t)-ḥr,Logogram/phonemogram (beautiful of face),E58,"140,5",E58,,,HJ E058
13B08,U+13B08,,E-20-059,C,"A baboon, standing on its hind legs, tail down, arms extended forwards, left forearm horizontal, holding a palm branch, stripped of leaves and notched with a sharp notch (M4B), with the notch inwards, right hand between the head and the palm branch, hand palm outwards.",rnp.t-nfr.t,Logogram (good year),E60,"140,9",E60,,,HJ E060
13B09,U+13B09,,E-20-060,,,,,E61,"140,10",E61,,,HJ E061
13B0A,U+13B0A,,E-20-061,C,"A baboon, standing on its hind legs, tail down, arms extended forwards, holding a palm branch, stripped of leaves, with multiple sharp notches (M4A), on top of a half round loaf of bread (X1), with the curve outwards.",wp-rnp.t,Logogram (New Year's Day),,,,,,E061A
13B0B,U+13B0B,,E-20-063,,"A baboon, standing on its hind legs, tail down, arms extended forwards, left forearm horizontal, holding a windpipe and heart, with a single horizontal stroke at the top (F35), with the right arm angled upwards with the hand near the tops stroke.",nfr,Phonemogram,E63,,E63,,,HJ E063
13B0C,U+13B0C,,E-20-064,C,"Two baboons, standing on their hind legs, tail down, facing each other, arms extended forwards, left forearm horizontal, holding the same windpipe and heart, with a single horizontal stroke at the top (F35), with the right arm angled upwards with the hand near the tops stroke.",nfr.w,Phonemogram,,,,,,E063B
13B0D,U+13B0D,,E-20-065,C,"A baboon, wearing the white crown (S1), standing on its hind legs, tail down, arms extended forwards, left forearm horizontal, holding a windpipe and heart, with a single horizontal stroke at the top (F35), with the right arm angled upwards with the hand near the tops stroke.",nfr.w,Phonemogram,E63A,"140,12",E63A,,,HJ E063A
13B0E,U+13B0E,,E-20-066,C,"A baboon, standing on its hind legs, tail down, arms extended forwards, forearm horizontal, hand horizontal, hand palm upwards, holding a windpipe and heart, with a single horizontal stroke at the top (F35).",nfr,Phonemogram,,,,,,E063C
13B0F,U+13B0F,,E-20-069,C,"A baboon, standing on its hind legs, tail down, arms extended forwards, left forearm horizontal, holding a lotus flower with a bud at either side, with a long vertical stem, with the right hand above the flower.",nḫb nfr,Logogram/phonemogram (the beautiful lotus flower),E66,"140,16",E66,,,HJ E066
13B10,U+13B10,,E-20-070,,,,,E67,"141,1",E67,,,HJ E067
13B11,U+13B11,,E-20-072,C,"A baboon, standing on its hind legs, tail down, right arm extended forwards, forearm horizontal, hand palm upwards, holding a column imitating a bundle of stalks tied together (R11), with a folded piece of cloth, short section outwards below the right hand; left arm extended backwards, hand at the height of the shoulder, hand palm upwards, supporting a quail chick (G43).",ḏd + s + r,Phonemogram,E68,"141,2",E68,,,HJ E068
13B12,U+13B12,,E-20-076,C,"A baboon, dancing, right leg vertical, left leg raised, left knee in front of the right leg, left foot behind the right leg, right arm extended forwards and downwards, holding an ornamental chevaux de frise on top of walls, with a circle dividing the top and base (Aa30), of nearly the size of the baboon near the base of the ornament. ",sẖkr | ꞽmꜣ,Logogram (to adorn) or Logogram (to be friendly),,,,,,E070A
13B13,U+13B13,,E-20-078,C,"A baboon, seated on a block, tail down, arms extended forward.",,?,E248,,E248,,,HJ E248
13B14,U+13B14,,E-21-001,C,A mouse.,pnw,Classifier mouse,E130,"141,3",E130,,,HJ E130
13B15,U+13B15,,E-22-001,C," A lion, lying down, with the face of a man, with a long, curved beard and coif.",nb,Logogram (lord),E151A,"141,4",E151A,,,HJ E151A
13B16,U+13B16,,E-22-003,C," A lion, lying down, with the face of a man, with a long, curved beard and coif, with an uraeus on its forehead.",nb,Logogram (lord),E151,"141,6",E151,,,HJ E151
13B17,U+13B17,,E-22-006,C," A lion, lying down, with the face of a man, with a long, curved beard and coif, with N6 (The sun, encircled by a cobra (Naja haje), standing up, with expanded hood (uraeus)) on its head. ",rꜥ nb,Logogram rꜥ and nb (in sꜣ-rꜥ nb ḫꜥ.w),E153,"141,10",E153,,,HJ E153
13B18,U+13B18,,E-22-008,C,"A lion, lying down, with the face of a man, with a long, curved beard and coif, with the sun, with a cobra (Naja haje), standing up, with expanded hood (uraeus) at either side (N6B), on its head.",n(.y)-sw.t-bꞽ.ty-nb,"Logogram (king of Upper Egypt and Lower Egypt, lord)",E156,,E156,,,HJ E156
13B19,U+13B19,,E-22-009,C,"A lion, lying down, with the face of a man, with a long, curved beard and coif, wearing the double crown (S6) and with uraeus on the forehead.",nb-tꜣ.wy,Logogram (lord of the two lands),E154,"141,11",E154,,,HJ E154
13B1A,U+13B1A,,E-22-012,C," A lion, lying down, with the face of a man, with a long, curved beard and coif (E151A), with a tie or strap, used with sandals (ankh sign, S34) on its front paw.",šsp-ꜥnḫ,Logogram (living image),E157A,"141,13",E157A,,,HJ E157A
13B1B,U+13B1B,,E-22-013,C," A lion, lying down, with the face of a man, with a long, curved beard and coif, with an uraeus on its forehead (E151), with a tie or strap, used with sandals (ankh sign, S34) on its front paw.",šsp-ꜥnḫ,Logogram (living image),E157,"141,14",E157,,,HJ E157
13B1C,U+13B1C,,E-22-015,C," A lion, lying down, with the face of a man, with a two-barbed harpoon, with a handle on the shaft (T21A), vertically on its front paw, handle inwards.",nb-wꜥ,Logogram (the sole/unique lord),,"142,2",,,,E158A
13B1D,U+13B1D,,E-22-016,C," A lion, lying down, with the face of a man, with a long, curved beard and coif, with an uraeus on its forehead (E151), with a two-barbed harpoon, with a handle on the shaft (T21A), vertically on its front paw, handle outwards.",nb-wꜥ,Logogram (the sole/unique lord),E158,"142,3",E158,,,HJ E158
13B1E,U+13B1E,,E-22-018,C," A lion, lying down, with the face of a man, with a sceptre with a straight shaft, topped with the head of the Seth animal vertically on the front paw.",nb,Logogram (lord),,,,,,E303A
13B1F,U+13B1F,,E-22-019,,,,,E159,"142,4",E159,,,HJ E159
13B20,U+13B20,,E-22-024,C," A lion, lying down, with the face of a man, with a long, curved beard and coif, with an uraeus on its forehead (E151), with a vessel on its front paw.",m,Phonemogram,,,,,,E276A
13B21,U+13B21,,E-22-027,C,"A lion, lying down, with the face of a man, with a long, curved beard and coif (E151A), on top of a wickerwork basket (V30).",nb,Logogram (lord),,,,,,E274A
13B22,U+13B22,,E-22-029,C," A lion, lying down, with the face of a man, with a long, curved beard and coif, with an uraeus on its forehead, on top of a base, front paw holding a sealed ointment jar, without ties (W2) in its front paw, with the jar resting on the base.",šms ꜥntyw,Logogram (presenting myrrh),E159B,"142,5",E159B,,,HJ E159B
13B23,U+13B23,,E-22-030,C,"A cult image of a lion, lying down, on a base, with the head of a man, with a long-curved beard and coif, with an uraeus on its forehead, wearing the double crown (S5).",šsp,"Logogram (image, referring to the king)",E154A,,E154A,,,HJ E154A
13B24,U+13B24,,E-22-032,,,,,E162,"142,7",E162,,,HJ E162
13B25,U+13B25,,E-22-033,C," A lion, lying down, with the face of a man, with a long, curved beard and coif, with an uraeus on its forehead (E151), on top of a shrine.",šsp,Logogram (image),E152,,E152,,,HJ E152
13B26,U+13B26,,E-22-036,C,"A lion, standing, tail upwards, with the head of a human man, with a coif or headdress running partly over its back.",nb,Logogram (lord),,,,,,E259B
13B27,U+13B27,,E-22-041,C,The forepart of a sphinx.,ꜣkr,Classifier divinity Aker,C274A,,C274A,,,HJ C274A
13B28,U+13B28,,E-22-042,C,"Two foreparts of sphinxes, connected back-to-back.",ꜣkr,Classifier divinity Aker,C274B,,C274B,,,HJ C274B
13B29,U+13B29,,E-23-003,,,,,E164,"142,12",E164,,,HJ E164
13B2A,U+13B2A,,E-23-004,,,,,E170,"143,3",E170,,,HJ E170
13B2B,U+13B2B,,E-23-007,C,"A bovid (bull), running.",ḥp,Classifier Hapy,E1C,"142,14",E1C,,,HJ E001C
13B2C,U+13B2C,,E-23-009,C,"A bovid (bull), standing, right front leg raised.",nfr,Phonemogram,E219,,E219,,,HJ E219
13B2D,U+13B2D,,E-23-013,C,"Two bovids (oxen), standing, overlapping each other, in front of a plough (U13).",ḥtr,Logogram (yoke of oxen),E167,,E167,,,HJ E167
13B2E,U+13B2E,,E-23-016,C,"A bovid (bull), standing, with the red crown (S3) between the horns.",n-nb,Phonemogram,E169,"143,5",E169,,,HJ E169
13B2F,U+13B2F,,E-23-018,C,"A bovid (bull), standing, with a folded piece of cloth around its neck (V60), with a headdress consisting of a sun disk with two feathers (S76) between its horns.",kꜣ,Classifier bull (specifically in kꜣ-ḥḏ (the (sacred) white bull),E171,"143,7",E171,,,HJ E171
13B30,U+13B30,,E-23-020,C,"A bovid (bull), standing, with a forward, downward line coming from the mouth.",ꞽwꜣ,"Classifier bovid (steer, ox, cattle, male animal)",,,,,,E001F
13B31,U+13B31,,E-23-021,C,"A bovid, standing, with a feather (H6) on its back, angled backwards.",ꜣms,"Classifier glad, pleased",,,,,,E174I
13B32,U+13B32,,E-23-024,C,"A bovid (bull), lying down, legs folded beneath the body, tail downwards.",ꞽwꜣ,"Classifier bovid (steer, ox, cattle, male animal)",E174,"143,10",E174,,,HJ E174
13B33,U+13B33,,E-23-025,C,"A bovid (cow), lying down, legs folded beneath the body, right front leg extended forwards.",ꞽḥ.t,Logogram (cow),E174E,"143,11",E174E,,,HJ E174E
13B34,U+13B34,,E-23-026,C,"A bovid (bull), lying down, legs folded beneath the body, tail upwards.",kꜣ,Logogram (bull),,"143,12",,,,E174H
13B35,U+13B35,,E-23-027,C,"A bovid (bull), lying down, legs folded beneath the body, tail upwards, with a knife with a triangular blade and straight handle (T30A) vertically on its back, blade forwards.",smꜣ,Logogram (sacrificial steer),,"143,13",,,,E174G
13B36,U+13B36,,E-23-028,C,"A bovid (bull), lying down, legs folded beneath the body, tail downwards, with a knife with a triangular blade and straight handle (T30A) vertically on its back, blade forwards.",smꜣ,Logogram (sacrificial steer),E174A,"143,14",E174A,,,HJ E174A
13B37,U+13B37,,E-23-029,C,"A bovid (bull), lying down, legs folded beneath the body, tail downwards, with a knife with a triangular blade and straight handle (T30A) vertically on its back, blade backwards.",tbh,Classifier (Seth),E174D,,E174D,,,HJ E174D
13B38,U+13B38,,E-23-030,C,"A bovid (bull), lying down, legs folded beneath the body, tail upwards, head looking backwards, with a knife with a triangular blade and straight handle (T30A) vertically on its back, blade forwards. ",smꜣ,Logogram (sacrificial steer),E175,"143,15",E175,,,HJ E175
13B39,U+13B39,,E-23-032,C,"A bovid (bull), legs bound together, tail downwards.",ḫr,Classifier (to fall),E176,,E176,,,HJ E176
13B3A,U+13B3A,,E-23-033,,,,,E174C,"144,1",E174C,,,HJ E174C
13B3B,U+13B3B,,E-23-035,C,"A butchered bovid without head or legs, tail coiling upwards, with a knife with a triangular blade and a straight handle (T30A) angled at the top, blade backwards, and a knife angled at the bottom, blade backwards.",sꞽd-tꜣ,Classifier slaughter?,,,,,,E315
13B3C,U+13B3C,,E-23-036,C,"A bull, standing, head lowered, tail down, left front leg bent, with a line running from the left front leg hoof over the head of the bull.",ṯwn,Classifier prepare to attack,E165,,E165,,,HJ E165
13B3D,U+13B3D,,E-23-038,,,,,E199A,,E199A,,,HJ E199A
13B3E,U+13B3E,,E-23-040,C,"A pustule or gland, or a packet of mummy bandages (Aa2), in front of a bovid (bull), standing (E1); on top of a standard used for the carrying of religious symbols (R12).",ḥsbw,Logogram (11th nome of Lower Egypt),E201,,E201,,,HJ E201
13B3F,U+13B3F,,E-23-042,C,"The hill country over the edge of the cultivated areas (N25) in front of a bovid (bull), standing (E1), on top of a standard used for the carrying of religious symbols (R12).",ḫꜣsw.w,Logogram (6th nome of Lower Egypt),,,,,,E207A
13B40,U+13B40,,E-23-043,C,"The hill country over the edge of the cultivated areas (N25) in front of a bovid (bull), standing (E1), on top of a standard used for the carrying of religious symbols (R12) on top of a parcel of land with irrigation ditches (N24).",ḫꜣsw.w,Logogram (6th nome of Lower Egypt),E207,,E207,,,HJ E207
13B41,U+13B41,,E-23-044,C,"A cover of a quiver, with a vertical loop on top (Aa18A), in front of a bovid (bull), standing (E1), on top of a standard used for the carrying of religious symbols (R12).",sꜣkꜣ,Logogram (Cynopolis nome),E209,,E209,,,HJ E209
13B42,U+13B42,,E-23-045,C,"The head of a human man, seen in profile, with a short straight beard, in front of a bovid (bull), standing (E1), on top of a standard used for the carrying of religious symbols (R12).",ṯb-nṯr,Logogram (12th nome of Lower Egypt),E210,,E210,,,HJ E210
13B43,U+13B43,,E-23-054,C,"A bovid (bull), standing (E1), on top of a sledge (U15).",nsr-msr,Classifier divinity,E173,,E173,,,HJ E173
13B44,U+13B44,,E-23-056,C,"A cow, looking backwards.",ꜣms,Phonemogram (in ꜣms-ꞽb (to rejoice)),E92A,,E92A,,,HJ E092A
13B45,U+13B45,,E-23-063,C,"A bovid (cow), lying down, legs folded beneath the body, tail down, with the head and front legs of a calf protruding from the cow.",bꜣẖ,Phonemogram,E94A,"144,13",E94A,,,HJ E094A
13B46,U+13B46,,E-23-065,C,"A cult image of a bovid (cow), lying down.",ḥs(ꜣ).t,Classifier cow divinity,E101,"144,14",E101,,,HJ E101
13B47,U+13B47,,E-23-068,C,"A bovid (cow), standing, head facing backwards, looking over its back, with a calf below the cow, suckling.",ꜣms,Phonemogram (in ꜣms-ꞽb),E5B,"144,6",E5B,,,HJ E005B
13B48,U+13B48,,E-23-069,C,"A bovid (cow), standing, tail raised with the head and front legs of a calf protruding from the cow.",wbn,Phonemogram,E94,"144,7",E94,,,HJ E094
13B49,U+13B49,,E-23-073,C,"A bovid, standing, tail down, with the sun disk (N5) between the horns.",nb.t,Logogram (lady),E95,,E95,,,HJ E095
13B4A,U+13B4A,,E-23-076,C,"A bovid, standing, tail down, with N6 (The sun, encircled by a cobra (Naja haje), standing up, with expanded hood (uraeus)), between the horns, with the uraeus occurring in front of the horns. ",rꜥ nb,Logogram (Re and lord (in sꜣ-rꜥ nb ḫꜥ.w)),,,,,,E095C
13B4B,U+13B4B,,E-23-079,,,,,E97,"144,9",E97,,,HJ E097
13B4C,U+13B4C,,E-23-081,C,"A bovid (bull?), standing, with a headdress consisting of a base with multiple plumes coming from it between the horns.",wnḏw,Logogram (cattle),E255,,E255,,,HJ E255
13B4D,U+13B4D,,E-23-083,C,"A bovid, standing, tail down, with the double crown (S5) between the horns.",n(.y)-sw.t bꞽ.ty nb,"Logogram (king of Upper Egypt and Lower Egypt, lord)",,,,,,E280A
13B4E,U+13B4E,,E-23-084,C,"A bovid (cow), lying down, legs folded beneath the body, with a flagellum (S45) on its back.",ḥs(ꜣ).t,Classifier cow divinity,E100A,,E100A,,,HJ E100A
13B4F,U+13B4F,,E-23-087,C,"A bovid, lying down, legs folded beneath the body, with N6 (The sun, encircled by a cobra (Naja haje), standing up, with expanded hood (uraeus)), between the horns, with the uraeus occurring in front of the horns. ",rꜥ nb,Logogram (Re and lord (in sꜣ-rꜥ nb ḫꜥ.w)),,,,,,E102D
13B50,U+13B50,,E-23-089,C,"A cult image of a bovid (cow), lying down, with a flagellum (S45) on its back.",ꞽh.t,Classifier cow divinity,E101A,,E101A,,,HJ E101A
13B51,U+13B51,,E-23-090,C,"A cult image of a bovid (cow), lying down, with a sun disk (N5) between the horns, with a flagellum (S45) on its back.",ḥs(ꜣ).t,Classifier cow divinity,E102A,"145,3",E102A,,,HJ E102A
13B52,U+13B52,,E-23-092,,,,,E4,,,,,E004B
13B53,U+13B53,,E-23-094,C,"A bovid (bull), standing (E1), on top of a standard used for the carrying of religious symbols (R12).",wr,Phonemogram (in km-wr),,,,,,E099A
13B54,U+13B54,,E-23-095,C,"A piece of crocodile skin with horizontal spines, or tail of a crocodile (I6), in front of a bovid (bull), standing (E1); on top of a standard used for the carrying of religious symbols (R12).",km-wr,Logogram (10th nome of Lower Egypt),E290,,E290,,,HJ E290
13B55,U+13B55,,E-23-096,,,,,E291,,E291,,,HJ E291
13B56,U+13B56,,E-23-097,C,"A newborn bubalis antelope, lying down, legs folded beneath the body, long tail downwards (E9), in front of a bovid (bull), standing (E1); on top of a standard used for the carrying of religious symbols (R12).",ṯb-nṯr,Logogram (12th nome of Lower Egypt),E254,,E254,,,HJ E254
13B57,U+13B57,,E-25-002,C,"A bovid (bull), standing, without horns.",kꜣ,Classifier (bull),E1A,,E1A,,,HJ E001A
13B58,U+13B58,,E-25-008,C,"A bovid (bull), without horns, legs bound together, tail downwards.",kꜥ/ꞽḥ,"Logogram (bull, beef)",,,,,,E268A
13B59,U+13B59,,E-26-001,C,Some type of mouse-like animal.,ꜣš-ssf,classifier divinity (Ash-spitter),E83,,E83,,,HJ E083
13B5A,U+13B5A,,E-26-002,C,"A mythological animal with the head of a crocodile, the foreparts of a lion, and the hindquarters of a hippopotamus.",ꜥmm.t,Classifier Ammet,E178,,E178,,,HJ E178
13B5B,U+13B5B,,E-26-003,C,A rhinoceros.,šḳb,Classifier rhinoceros,E131,,E131,,,HJ E131
13B5C,U+13B5C,,F-01-002,C,"The head of a donkey/ass, with the ears in a v shape.",hrw,Phonemogram,F53,"146,2",F53,,,F053C
13B5D,U+13B5D,,F-01-004,C,"The head of a donkey/ass, with the ears angled backwards.",sš,Phonemogram,,,,,,F053D
13B5E,U+13B5E,,F-01-005,,,,,F55,"146,5",F55,,,HJ F055
13B5F,U+13B5F,,F-01-007,C,"The forepart of a donkey, ears in a V-shape, lower leg bent backwards.",hrw,Phonemogram,F54,"146,4",F54,,,HJ F054
13B60,U+13B60,,F-02-001,C,"The head of a ram, without horns or forward curving horns.",šf.yt,"Logogram (worth, dignity, renown)",F7B,,F7B,,,HJ F007B
13B61,U+13B61,,F-02-002,C,"The head of a ram, without horns or forward curving horns, with the neck curving downwards.",rhny,Classifier ram,,,,,,F007D
13B62,U+13B62,,F-02-003,C,"The head of a ram (Ovis longipes palaeo-aegyptiacus), without beard.",šf.yt,"Classifier worth, dignity, renown",F7C,"146,6",F7C,,,HJ F007C
13B63,U+13B63,,F-02-006,C,"The head of a ram (Ovis longipes palaeo-aegyptiacus), with beard, with a sun disk (N5) on top of the horns.",šf.y,"Classifier worth, dignity, renown",F7A,,F7A,,,HJ F007A
13B64,U+13B64,,F-02-007,C,"The head of a ram (Ovis longipes palaeo-aegyptiacus), with beard, with two feather-like plumes (S78) on top of the horns.",šf.yt,"Logogram (worth, dignity, renown)",F164,,F164,,,HJ F164
13B65,U+13B65,,F-02-008,C,"The head of a ram (Ovis longipes palaeo-aegyptiacus), with beard, with the Atef crown (S8A) on top of the horns.",ꜣtf,Classifier (Atef crown),,,,,,F164A
13B66,U+13B66,,F-02-010,C,"The forepart of a ram (Ovis longipes palaeo-aegyptiacus), with beard, with a second head looking backwards.",šf.yt,"Logogram (worth, dignity, renown)",F170,,F170,,,HJ F170
13B67,U+13B67,,F-02-011,C,"The forepart of a lion with the head of a ram (Ovis longipes palaeo-aegyptiacus), with beard.",šf.yt,"Logogram (worth, dignity, renown)",F8A,"146,9",F8A,,,HJ F008A
13B68,U+13B68,,F-02-012,C,"The forepart of a ram (Ovis longipes palaeo-aegyptiacus), with beard, with a uraeus on top of the horns.",šf.yt,"Classifier worth, dignity, renown",F8B,,F8B,,,HJ F008B
13B69,U+13B69,,F-02-017,C,"Four heads of rams (Ovis longipes palaeo-aegyptiacus) with necks, connected two-by-two to each other, forming a cross-shape.",ẖnmwy,Logogram (the eight primordial gods),F58,"147,2",F58,,,HJ F058
13B6A,U+13B6A,,F-03-003,C,"The head of a bovid (ox) with outwards curving horns, with a short vertical stroke under the chin (beard?).",kꜣ,Logogram (bull),,,,,,F001D
13B6B,U+13B6B,,F-03-005,C,"A head of a bovid (ox), as seen from the front.",smꜣ,Phonemogram,F1A,,F1A,,,F001C
13B6C,U+13B6C,,F-03-006,C,"The head of a bovid (bull), angled forward as if to attack with a cobra (Naja haje), standing up, with expanded hood (uraeus), between its horns.",ḏnd,Classifier rage/aggression,F2A,,F2A,,,HJ F002A
13B6D,U+13B6D,,F-03-007,C,"The head of a bovid (ox), with a forward, downward line coming from the mouth.",šsmw,Phonemogram,F61,"147,8",F61,,,HJ F061
13B6E,U+13B6E,,F-03-008,C,"The head of a bovid (ox), with a rope around the nose, angling downwards and backwards.",kꜣ,Logogram (bull),,,,,,F061A
13B6F,U+13B6F,,F-03-009,C,The forepart of a bovid (ox).,ḫtn,Classifier,F2B,,F2B,,,HJ F002B
13B70,U+13B70,,F-03-011,C,"The head of a bovid (ox), connected to a foreleg of a bovid (ox), hoof orientated away from the reading direction (F24).",msḫt.yw,Classifier Ursa Major constellation,F116,"148,4",F116,,,HJ F116
13B71,U+13B71,,F-03-015,C,"The head of a bovid (cow), without horns, with an ear, with a short vertical line under the chin (beard?).",kꜣ,Logogram (bull),,,,,,F063C
13B72,U+13B72,,F-03-016,C,"The head of a bovid (cow), without horns, without an ear.",fnḏ,Classifier nose,F63A,"147,14",F63A,,,HJ F063A
13B73,U+13B73,,F-03-017,C,"Two heads of a bovid (cow), without horns, without an ear, facing each other.",sn,Classifier kissing,,,,,,F063B
13B74,U+13B74,,F-03-019,C,"The foreparts of a bovid, connected at the back, standing.",ḫns,Classifier double doors,E177,"148,3",E177,,,HJ E177
13B75,U+13B75,,F-03-021,C,"Two foreparts of a bovid, connected at the back, lying down, legs extended forwards, horizontally.",ḫns,Logogram (double doors),,,,,,E177B
13B76,U+13B76,,F-04-001,C,"The head of a jackal, with a loop of rope around the neck, ties at the front.",stꜣ,Phonemogram,F67A,"148,5",F67A,,,HJ F067A
13B77,U+13B77,,F-04-005,C,"The head of a jackal, looking backwards, with the neck curving towards the back, over a horizontal line.",stꜣ,Phonemogram,,"148,8",,,,F067M
13B78,U+13B78,,F-04-006,C,"The head of a jackal, neck curving forwards, with line of string around the neck, with a loop above ties at the back.",stꜣ,Phonemogram,F67B,"148,10",F67B,,,HJ F067B
13B79,U+13B79,,F-04-008,C,"The head of a jackal, looking backwards, with the neck curving towards the back, written over a band of string or fabric (V12).",stꜣ,Phonemogram,F67D,,F67D,,,HJ F067D
13B7A,U+13B7A,,F-04-010,,,,,F68A,"148,9",F68A,,,HJ F068A
13B7B,U+13B7B,,F-04-011,C,"A mace (T3) written horizontally over the neck of a head of a jackal, looking backwards, with the neck curving towards the back, with the mace head towards the back.",stꜣ,Phonemogram,,,,,,F068C
13B7C,U+13B7C,,F-04-012,C,"A mace (T3), written over the neck of a head of a jackal, neck curving forwards, mace head towards the back.",stꜣ,Phonemogram,F68B,,F68B,,,HJ F068B
13B7D,U+13B7D,,F-04-013,C,The head of a jackal.,sꜣb,Logogram (jackal),F69,"148,12",F69,,,HJ F069
13B7E,U+13B7E,,F-04-014,,,,,F71,"149,4",F71,,,HJ F071
13B7F,U+13B7F,,F-04-015,C,"The head of a jackal on a cup-like base, with two arms, raised in front, hand palms forwards.",psḏ.t,Logogram (Ennead),F70,"148,14",F70,,,HJ F070
13B80,U+13B80,,F-04-019,,,,,F70C,,F70C,,,HJ F070C
13B81,U+13B81,,F-05-002,C,"The head and neck of a canine animal, with a forked end to the neck.",wsr,Phonemogram,F12A,"150,2",F12A,,,HJ F012A
13B82,U+13B82,,F-05-005,C,"The head and neck of a long-necked horned animal, with a forked end to the neck.",ḥt.yt,Logogram (throat),F11A,"150,10",F11A,,,HJ F011A
13B83,U+13B83,,F-05-006,C,"The head and neck of a long-necked horned animal, with a horizontal line written over the neck, near the bottom.",ḥt.yt,Logogram (throat),,,,,,F011B
13B84,U+13B84,,F-05-007,,,,,F66,"150,13",F66,,,HJ F066
13B85,U+13B85,,F-05-010,C,"The head and neck of a canine animal, on top of a stick.",wsr,Phonemogram,,"149,8",,,,F012B
13B86,U+13B86,,F-05-032,C,"The head of a canine, on top of legs in a walking posture, feet orientated towards the reading direction (D54).",wsr,Phonemogram,F78,"150,7",F78,,,HJ F078
13B87,U+13B87,,F-06-001,C,The head of an antelope.,gḥs,Logogram (gazelle),F81,"151,1",F81,,,HJ F081
13B88,U+13B88,,F-06-002,C,"A mouth (D21), written over the neck of the head of an antelope (F81).",šsr,Phonemogram,F82,"151,2",F82,,,HJ F082
13B89,U+13B89,,F-06-003,C,"A representation of two ribs, written parallel (Aa15), written over the neck of the head of an antelope (F81).",šsm,Phonemogram,F83,"151,3",F83,,,HJ F083
13B8A,U+13B8A,,F-06-006,C,The head of an oryx.,mꜣ,Logogram (antilope),F85,"151,6",F85,,,HJ F085
13B8B,U+13B8B,,F-06-010,C,"A mouth (D21), written over the neck of the head of a bubalis antelope.",šsr,Phonemogram,F86,"151,11",F86,,,HJ F086
13B8C,U+13B8C,,F-06-012,C,The head of a Nubian ibex (Capra nubiana).,n(ꞽ)ꜣw,Logogram (ibex),F88,"151,15",F88,,,HJ F088
13B8D,U+13B8D,,F-06-014,,,,,F89,"152,2",F89,,,HJ F089
13B8E,U+13B8E,,F-06-015,C,The head of a gazelle.,dn,Phonemogram,F84,"152,3",F84,,,HJ F084
13B8F,U+13B8F,,F-07-004,C,A simplified head of a hippopotamus.,ꜣt,Phonemogram,F3A,"152,8",F3A,,,HJ F003A
13B90,U+13B90,,F-08-002,C,Head of a lion/lioness,pꜣḫt,Phonemogram,F154,,F154,,,HJ F154
13B91,U+13B91,,F-08-010,C,"The forepart of a lion, lying down (F4), wearing a headdress consisting of two feathers on top of the horns of a ram, with a cobra (Naja haje), standing up, with expanded hood (uraeus), with sun disks its head on either side of the feathers, orientated outwards (S74).",ṯnꞽ ḥꜣ.t,"Logogram (to distinguish) and (beginning, front)",F92,"153,4",F92,,,HJ F092
13B92,U+13B92,,F-08-011,C,"The forepart of a lion, standing.",ḥꜣ.t,"Logogram (beginning, front)",F4A,"153,5",F4A,,,HJ F004A
13B93,U+13B93,,F-08-014,C,"Two foreparts of lions, lying down, connected back-to-back.",hꜣkr,Classifier Haker festival,E128,"153,8",E128,,,HJ E128
13B94,U+13B94,,F-08-015,C,"Two foreparts of lions, lying down, connected back-to-back, with a sun disk (N5) on their back.",ḫnsw,Logogram (Khonsu),E129,"153,9",E129,,,HJ E129
13B95,U+13B95,,F-08-016,C,The head of a leopard with a uraeus on top of it.,ꜣ.t,Classifier strength,F90,,F90,,,HJ F090
13B96,U+13B96,,F-08-017,,,,,F93B,,F93B,,,HJ F093B
13B97,U+13B97,,F-09-001,C,"A sledge with the forepart of a donkey/ass, with one leg.",ḫntš,Phonemogram,F97,"153,10",F97,,,HJ F097
13B98,U+13B98,,F-09-002,C,"A sledge with the forepart of a donkey/ass, with one leg and only one ear, angled forwards.",ḫntš,Phonemogram,,"153,11",,,,F097C
13B99,U+13B99,,F-09-003,,,,,F98,"153,12",F98,,,HJ F098
13B9A,U+13B9A,,F-09-004,C,"A sledge with the forepart of a horse, with one leg, with a rectangular block on the sledge.",ḫntš,Phonemogram,F98A,"153,13",F98A,,,HJ F098A
13B9B,U+13B9B,,F-09-005,C,"A sledge with the forepart of a horse, with two legs.",ḫntš,Phonemogram,F98D,"153,14",F98D,,,HJ F098D
13B9C,U+13B9C,,F-09-006,C,"A sledge with the forepart of a donkey/ass, with two legs, one raised, one bent backwards.",ḫntš,Phonemogram,F97B,"153,15",F97B,,,HJ F097B
13B9D,U+13B9D,,F-09-009,C,A sledge with the head of a horse.,ḫntš,Phonemogram,F98B,"154,3",F98B,,,HJ F098B
13B9E,U+13B9E,,F-09-010,,,,,F98E,,,,,F098E
13B9F,U+13B9F,,F-09-012,C,"A sledge with the head of a donkey/ass, with only one ear, angled forwards.",ḫntš,Phonemogram,,"154,5",,,,F098F
13BA0,U+13BA0,,F-09-014,C,"A sledge with the head of a horse, with the vertical lines of the sledge extending beyond the top line.",ḫntš,Phono-repeater,F98C,"154,7",F98C,,,HJ F098C
13BA1,U+13BA1,,F-10-001,C,The head of an elephant.,ꜣbw,Phonemogram,F100,,F100,,,HJ F100
13BA2,U+13BA2,,F-10-002,C,Head of a hyena.,ḥṯ.t,Classifier hyena,F80,,F80,,,HJ F080
13BA3,U+13BA3,,F-10-003,C,The head of an animal with the ears backwards.,nšn,Logogram (rage),,"148,13",,,,F003B
13BA4,U+13BA4,,F-11-007,C,"A palm branch, stripped of leaves and notched with a round notch (M4), written within the horns of a bovid (F13), on top of an alabaster basin with a diamond shaped inner marking (W3).",wp-rnp.t,Logogram (New Year's Day),F173,,F173,,,HJ F173
13BA5,U+13BA5,,F-11-009,C,"A palm branch, stripped of leaves, with multiple sharp notches (M4A), written within the horns of a bovid (F13). ",wp-rnp.t,Logogram (New Year's Day),F14A,"155,1",F14A,,,HJ F014A
13BA6,U+13BA6,,F-11-011,C,"A large sun disk (N5), written within the horns of a bovid (F13). ",wp,Phonemogram (commonly in wp-rnp.t),F102,"155,3",F102,,,HJ F102
13BA7,U+13BA7,,F-11-022,,,,,O44A,"322,7",O44A,,,HJ O044A
13BA8,U+13BA8,,F-11-035,,,,,F177,,F177,,,HJ F177
13BA9,U+13BA9,,F-11-037,C,"The horns of a bovid (ox), upside-down, enclosing a fire-drill in a piece of wood (U28).",rs-wḏꜣ,Logogram (the one who awakes whole),,,,,,F190
13BAA,U+13BAA,,F-12-001,C,The horns of a goat.,dmḏ,Phonemogram,F107,"155,10",F107,,,HJ F107
13BAB,U+13BAB,,F-12-002,C,"The horns of a goat, on a base resembling a half round loaf of bread (X1).",dmḏ,Phonemogram,F107A,"155,11",F107A,,,HJ F107A
13BAC,U+13BAC,,F-14-004,,,,,F18B,"156,15",F18B,,,HJ F018B
13BAD,U+13BAD,,F-14-005,,,,,F18A,"157,1",F18A,,,HJ F018A
13BAE,U+13BAE,,F-14-006,C,"A tusk, with vertical lines over the tusk.",mꜣꜥ,Logogram (to be true),,,,,,F187
13BAF,U+13BAF,,F-14-008,,,,,F112,,F112,,,HJ F112
13BB0,U+13BB0,,F-14-009,,,,,F121,,F121,,,HJ F121
13BB1,U+13BB1,,F-14-010,,,,,F122,,F122,,,HJ F122
13BB2,U+13BB2,,F-15-002,C,A lower jawbone of an animal with pointed teeth.,ꜥr,Classifier jaw,F19B,"157,3",F19B,,,HJ F019B
13BB3,U+13BB3,,F-16-003,C,"A tongue, with the stroke at the back pointing upwards.",ns,Phonemogram,F20B,"157,7",F20B,,,HJ F020B
13BB4,U+13BB4,,F-16-005,C,"A tongue, without a stroke at the back.",ns,Phonemogram,,"157,8",,,,F020D
13BB5,U+13BB5,,F-16-009,C,A wide tongue.,ns,Phonemogram,F20A,"157,14",F20A,,,HJ F020A
13BB6,U+13BB6,,F-17-006,C,"The ear of a bovid (ox), with internal detail.",,"Logogram to hear, to listen",F21A,"158,13",F21A,,,F021F
13BB7,U+13BB7,,F-18-002,C,"The hindquarters of a seated lion or leopard, on top of a standard used for carrying religious symbols (R12).",ḥkꜣ.w,Logogram (magic),F178,,F178,,,HJ F178
13BB8,U+13BB8,,F-19-001,C,"The leg and hoof of a bovid (ox), bent at the top.",sḳr,Phonemogram,F25A,"159,3",F25A,,,HJ F025A
13BB9,U+13BB9,,F-19-005,C,"The leg and hoof of a bovid (ox), foreleg nearly horizontal, thigh muscle widened.",mn.t,Classifier thigh,,"159,7",,,,F114B
13BBA,U+13BBA,,F-19-011,,,,,F115,"159,13",F115,,,HJ F115
13BBB,U+13BBB,,F-19-012,,The thigh of a bovid (ox).,,,F119,"159,14",F119,,,HJ F119
13BBC,U+13BBC,,F-19-017,C,"The leg and hoof of a bovid (ox), bent at the ankle.",sḳr,Phonemogram,F114,"160,5",F114,,,HJ F114
13BBD,U+13BBD,,F-19-018,C,"The leg and hoof of a bovid (ox), with a cross (Z9) written above it.",wḥm,Logogram (to repeat),,"160,7",,,,F025C
13BBE,U+13BBE,,F-19-019,C,The paw and foreleg of a lion.,nm,Phonemogram,F118,"160,8",F118,,,HJ F118
13BBF,U+13BBF,,F-19-020,C,"The leg of a chair or table, resembling the paw and foreleg of a lion.",nm,Phonemogram,,"160,9",,,,F025D
13BC0,U+13BC0,,F-19-023,C,A schematic representation of a lion's paw.,kꜣp (gb),Phonemogram,,"160,12",,,,F118E
13BC1,U+13BC1,,F-19-024,,,,,F118B,"160,13",F118B,,,HJ F118B
13BC2,U+13BC2,,F-19-025,C,"A lion's paw and foreleg, horizontally.",kꜣp,Phonemogram,F118C,"160,14",F118C,,,HJ F118C
13BC3,U+13BC3,,F-19-026,C,A lion's paw.,kꜣp,Phonemogram,F118A,"160,15",F118A,,,HJ F118A
13BC4,U+13BC4,,F-19-028,C,"The thigh of a bovid (ox), on top of a standard used for the carrying of religious symbols (R12).",ḫm,Logogram (Letopolis),F158A,,F158A,,,HJ F158A
13BC5,U+13BC5,,F-20-002,C,"A gray heron (Ardea cinerea) (G31), on top of the skin of a goat (F26).",bḫ,Phonemogram,F124,"161,3",F124,,,HJ F124
13BC6,U+13BC6,,F-20-004,C,"A human headed bird, with a flagellum (S45) on its shoulder (G53C), on top of the skin of a goat (F26).",bḫn,Phonemogram,,,,,,F124B
13BC7,U+13BC7,,F-20-007,C,Three triangles of skin with a tail.,pꜣ-mꞽw,Classifier animal,F27A,,F27A,,,HJ F027A
13BC8,U+13BC8,,F-20-008,C,"The skin of a cow, with the top of the skin a lot wider than the bottom, with the tail curved backwards.",m,Phonemogram,F27B,"161,6",F27B,,,HJ F027B
13BC9,U+13BC9,,F-20-010,C,"The skin of a cow, with downward ties at the sides, with the tail angled forwards.",ꜥw.t,Classifier animal,,,,,,F027C
13BCA,U+13BCA,,F-20-013,C,The skin of a leopard.,bꜣ,Classifier leopard skin,F125,"161,10",F125,,,HJ F125
13BCB,U+13BCB,,F-20-014,C,A hoof.,ꜥꜣg.t,Classifier hoof,F123,,F123,,,HJ F123
13BCC,U+13BCC,,F-20-017,C,"The skin of a cow, with the tail hanging straight down, about to be pierced by an arrow (T11A).",st,Phonemogram,F29C,"161,13",F29C,,,HJ F029C
13BCD,U+13BCD,,F-20-019,C,"The skin of a cow, with the tail hanging straight down, pierced by an arrow with rectangular fletching (T11A).",st,Phonemogram,,"161,15",,,,F029D
13BCE,U+13BCE,,F-20-027,C,"The body of a bird with the head replaced with a flower and stem, the stem curling backwards around a flower and long stem in a vase.",wt,Phonemogram,M223,"162,9",M223,,,HJ M223
13BCF,U+13BCF,,F-20-029,C,"The skin of a goat, wrapped around a pole.",ḫnt,Phonemogram,F127,,F127,,,HJ F127
13BD0,U+13BD0,,F-20-032,C,A water skin without ties at the opening.,šd,Phonemogram,F30A,"162,14",F30A,,,HJ F030A
13BD1,U+13BD1,,F-20-033,C,"A water skin without ties at the opening, and a loop at the back.",šd,Phonemogram,F30B,"162,15",F30B,,,HJ F030B
13BD2,U+13BD2,,F-20-034,C,A water skin with a carrying strap.,šd.w,"Logogram (skin, water skin)",,,,,,F030C
13BD3,U+13BD3,,F-20-040,C,"A simplified representation of three skins of foxes, tied together at the top.",ms,Phonemogram,,,,,,F031B
13BD4,U+13BD4,,F-21-001,C,"The udder of a cow, seen from the side.",pḥ.wy,Classifier back/end,F128,"163,5",F128,,,HJ F128
13BD5,U+13BD5,,F-21-004,C,"The udder and tail of an animal, seen from below, represented as a mace or spindle-like object.",ẖr,Phonemogram,,"163,8",,,Y,F032A
13BD6,U+13BD6,,F-22-002,C,A simplified form of the tail of an animal.,sd,Phono-repeater,F33B,"163,13",F33B,,,HJ F033B
13BD7,U+13BD7,,F-23-005,C,"A heart (F34), written inside a circle/oval.",ꜣbw,Phonemogram,F131,"164,5",F131,,,HJ F131
13BD8,U+13BD8,,F-23-007,C,A heart with downward hanging loops on either side.,mꜣ,Phonemogram,F132,"164,7",F132,,,HJ F132
13BD9,U+13BD9,,F-23-009,,,,,F132C,"164,9",F132C,,,HJ F132C
13BDA,U+13BDA,,F-23-012,C,"An oval, enclosed by a band which curves outwards at the ends.",mꜣṯ,Phonemogram,F132B,,F132B,,,HJ F132B
13BDB,U+13BDB,,F-23-013,C,"A heart (F34), written inside a brazier (Q7E).",ꜣbw,Phonemogram,F131B,,F131B,,,HJ F131B
13BDC,U+13BDC,,F-23-014,C,"A heart, with two downward hanging bands coming from the top.",mꜣṯ,Phonemogram,F132A,,F132A,,,HJ F132A
13BDD,U+13BDD,,F-24-001,C,"A windpipe and heart, with a double horizontal stroke at the top.",nfr,Phonemogram,,"164,10",,,,F035B
13BDE,U+13BDE,,F-24-005,C,"A windpipe and heart, without a horizontal stroke at the top.",nfr,Phonemogram,F35A,,F35A,,,HJ F035A
13BDF,U+13BDF,,F-24-007,C,"A windpipe and lungs, with a broad horizontal bar on top.",smꜣ,Phonemogram,,"165,1",,,,F036D
13BE0,U+13BE0,,F-24-023,C,"A windpipe and lungs (F36), with a flower written under the horizontal bar, on each side, with the stems crossing over the windpipe.",smꜣ,Phonemogram,R26A,"165,11",R26A,,,HJ R026A
13BE1,U+13BE1,,F-24-024,C,"A windpipe and lungs (F36), with a wide cup on each side of the lungs, from which two flowers, simple buds on the left, flowering buds on the right, one vertical, the other crossing the windpipe, come to angle downwards on top of the vertical flower on the other side.",smꜣ,Phonemogram,R26,"165,12",R26,,,R026D
13BE2,U+13BE2,,F-24-026,C,"A windpipe and lungs (F36), with a stem of papyrus with a flowering bud (M127) left of the windpipe and a stem of papyrus with a bud (M13) right of the windpipe, both beneath the horizontal bar.",smꜣ-tꜣ.wy,Logogram (who unites the two lands),R26B,"165,14",R26B,,,HJ R026B
13BE3,U+13BE3,,F-25-001,C,"A vertebra with a tall spine on top, seen lengthwise.",psḏ,Classifier (backbone),F172,"486,14",F172,,,HJ F172
13BE4,U+13BE4,,F-25-003,C,"A piece of spine with four vertebrae, angling forwards.",psḏ,"Classifier back, backbone",,"166,1",,,,F038E
13BE5,U+13BE5,,F-25-004,C,"A piece of spine with four vertebrae, angling forwards, with a horizontal line over the spines. ",psḏ,"Classifier back, backbone",F38B,,F38B,,,HJ F038B
13BE6,U+13BE6,,F-25-007,,"A spine with three ribs, connected to each other.",ꜥḏy.t,Classifier cutting/slaughter,F37C,"166,2",F37C,,,HJ F037C
13BE7,U+13BE7,,F-25-010,C,"A spine with four ribs, written at an angle, with a circle at either end of the spine.",mḥ,Phono-repeater,F37M,"166,5",F37M,,,HJ F037M
13BE8,U+13BE8,,F-25-012,C,A spine with three ribs.,šꜥd,Classifier cutting,,"166,11",,,,F037P
13BE9,U+13BE9,,F-25-020,C,"A spine with five ribs, written at an angle.",spꞽ,"Classifier shreds, pieces",F37F,,F37F,,,HJ F037F
13BEA,U+13BEA,,F-25-023,C,"A spine with six ribs, written at an angle.",mḥ,Phono-repeater,,,,,,F037Q
13BEB,U+13BEB,,F-25-027,,"A spine with four ribs, connected to each other.",tꜣy,Phonemogram,F37L,,F37L,,,HJ F037L
13BEC,U+13BEC,,F-25-035,C,"A spine, with the spinal cord hanging out at the backside, with three blocks at the bottom.",ꞽmꜣḫ,Phonemogram,,"167,4",F39A,,,F039A
13BED,U+13BED,,F-25-044,,,,,F40A,"167,13",F40A,,,HJ F040A
13BEE,U+13BEE,,F-25-049,C,"A spine with the spinal cord hanging out at either side, the vertebrae represented as a rectangle.",ꜣwꞽ,"Logogram (to be long, to stretch out)",F40E,"168,1",F40E,,,HJ F040E
13BEF,U+13BEF,,F-25-053,C,"A spine, with the spinal cord hanging out at either side, from the middle of the vertebrae.",ꜣwꞽ,"Logogram (to be long, to stretch out)",F40B,"168,4",F40B,,,HJ F040B
13BF0,U+13BF0,,F-26-003,C,"A stack of ribs, on top of an upside-down cone.",spr,Classifier rib (offering),F41C,"168,7",F41C,,,HJ F041C
13BF1,U+13BF1,,F-26-004,C,"A stack of ribs, written over an upside-down cone.",šꜥ.t,"Logogram (slaughter, evil)",F41B,"168,8",F41B,,,HJ F041B
13BF2,U+13BF2,,F-26-005,C,"A stack of ribs, written behind an upside-down cone.",šꜥ.t,"Logogram (slaughter, evil)",F41A,"168,9",F41A,,,HJ F041A
13BF3,U+13BF3,,F-26-008,C,A stack of ribs.,spr,Classifier rib (offering),F42B,"168,12",F42B,,,HJ F042B
13BF4,U+13BF4,,F-26-011,C,A vertebra.,,,,,,,,F043A
13BF5,U+13BF5,,F-26-015,C,"A representation of two ribs, written parallel (Aa15), written on top of legs in a walking posture, feet orientated towards the reading direction (D54).",ms,"Logogram (to bring, present, offer, go)",AA34,"475,13",Aa34,,,HJ AA034
13BF6,U+13BF6,,F-26-020,C,"A representation of two ribs, written parallel (Aa15) with the opening to the front, written on top of legs in a walking posture, feet orientated towards the reading direction (D54).",m,"Phonemogram and classifier movement (in thm (to tread, to penetrate))",AA34A,,Aa34A,,,HJ AA034A
13BF7,U+13BF7,,F-27-007,C,"A leg-bone with meat, with sections of meat missing at the back.",ꞽwꜥ,Phono-repeater,F140,"169,7",F140,,,HJ F140
13BF8,U+13BF8,,F-27-008,C,A haunch of meat with an indentation at either side of the back.,mḏ-nfr,Classifier meat,F161,,F161,,,HJ F161
13BF9,U+13BF9,,F-27-009,C,"A leg bone with meat, angled with the bone forward, with a piece of meat missing at the front.",,,F141,"169,9",F141,,,HJ F141
13BFA,U+13BFA,,F-27-010,C,A leg-bone with meat (F44) on top of a wide cup (W10).,sḫn,Classifier offering meat,F142,,F142,,,HJ F142
13BFB,U+13BFB,,F-27-015,C,"A piece of meat, angled backwards, tapering of near the top.",ꞽ(w)n,Phonemogram,F113,"158,15",F113,,,HJ F113
13BFC,U+13BFC,,F-27-016,C,"A piece of meat, with a tapered end on either side.",ꜥ.t,Logogram (limb),F147,,F147,,,HJ F147
13BFD,U+13BFD,,F-28-008,C,"An intestine, in a rectangular form, opening at the front, with the internal line running from the left bottom corner to the top right corner.",dbn,Phonemogram,F46B,,F46B,,,HJ F046B
13BFE,U+13BFE,,F-28-009,C,"An intestine, with the opening to the top left (F46A), written on top of legs in a walking posture, feet orientated towards the reading direction (D54).",pẖr,Phonemogram (in m-pẖr),F144,"169,14",F144,,,HJ F144
13BFF,U+13BFF,,F-28-010,C,"An intestine, with the opening to the top right (F47A), written on top of legs in a walking posture, feet orientated towards the reading direction (D54).",pẖr,"Logogram (to go round, to turn round)",F144A,"169,15",F144A,,,HJ F144A
13C00,U+13C00,,F-28-011,C,"An intestine, with the opening to the bottom left (F47), written on top of legs in a walking posture, feet orientated towards the reading direction (D54).",pẖr,"Logogram (to go round, to turn round)",F144B,,F144B,,,HJ F144B
13C01,U+13C01,,F-30-004,C,"A pustule or gland, with a forward, downward dotted line of fluid issuing forth.",stꞽ,Classifier scent,AA3A,"473,5",Aa3A,,,HJ AA003A
13C02,U+13C02,,F-30-009,C,"A pustule or gland without blobs at the side, with a forward, downward dotted line of fluid issuing forth.",stꞽ,Classifier scent,AA3B,,Aa3B,,,HJ AA003B
13C03,U+13C03,,F-31-004,C,"A human placenta (a circle with multiple horizontal lines written within, which do not connect to the circle.",ḫ,Phonemogram,,,,,,AA001C
13C04,U+13C04,,F-31-005,C,A circle with a broad dot inside.,ḫ | ḫfty,Phonemogram or Classifier enemy,,,,,,AA001D
13C05,U+13C05,,F-32-001,C,A liver.,mꞽs.t,Classifier liver,D279,"170,12",D279,,,HJ D279
13C06,U+13C06,,F-32-002,,,,,F146,"170,13",F146,,,HJ F146
13C07,U+13C07,,F-32-005,C,A talon or fang.,wḫꜣ.w,Classifier (talons or fangs),F130,,F130,,,HJ F130
13C08,U+13C08,,F-32-006,C,"A vertebra, seen lengthwise.",bḳs.w,Classifier spine,F139,,F139,,,HJ F139
13C09,U+13C09,,F-32-008,C,"Some type of mat or bag, or woven material, representing an oval with two vertical lines coming from the top, which curve downwards.",tmꜣ,Phonemogram,AA52,"481,5",Aa52,,,HJ AA052
13C0A,U+13C0A,,F-32-010,C,"A loop in which the lines do not overlap, with conical end-pieces.",tm,Phonemogram,AA53,"481,7",Aa53,,,HJ AA053
13C0B,U+13C0B,,G-01-002,C,"An ostrich (Struthio camelus), with one wing downwards and one wing upwards.",nꞽw,Logogram (ostrich),G34A,"171,2",G34A,,,HJ G034A
13C0C,U+13C0C,,G-01-003,,,,,G228,"171,3",G228,,,HJ G228
13C0D,U+13C0D,,G-02-004,C,"A long-legged buzzard (Buteo rufinus), with a lappet.",,,G4A,"171,6",G4A,,,HJ G004A
13C0E,U+13C0E,,G-04-002,C,"A pintail duck (Anas acuta), with a dotted circle around its head.",sdꜣ,Logogram (to tremble),G68,"173,10",G68,,,HJ G068
13C0F,U+13C0F,,G-04-010,C,"A pintail duck (Anas acuta), written within a dotted oval/circle.",sd(ꜣ)d(ꜣ),Classifier to tremble,G68A,"174,4",G68A,,,HJ G068A
13C10,U+13C10,,G-04-012,C,"A pintail duck (Anas acuta), with a lappet.",b,Phonemogram (like in ḫsbd lapis-lazuli),G39A,,G39A,,,HJ G039A
13C11,U+13C11,,G-04-013,C,"A pintail duck (Anas acuta), with a lappet, with a flagellum over its shoulder.",bꜣ,Logogram (soul),,,,,,G039B
13C12,U+13C12,,G-04-014,,,,,G276,,G276,,,HJ G276
13C13,U+13C13,,G-04-015,C,"A pintail duck (Anas acuta), with the beak open.",ḥtm,Phono-repeater,,,,,,G276A
13C14,U+13C14,,G-04-022,C,"A feather (H6), in front of a pintail duck (G39)/goose (G38), on top of a base.",ḫntš,Phonemogram,,,,,,G330
13C15,U+13C15,,G-05-002,C,"A greater white-fronted goose (Anser albifrons), flying, with a wing at either side of its body (G40), on top of a standard used for the carrying of religious symbols with the vertical stick at the far side (R92A).",spꜣ,Logogram (Sepa),G40A,,G40A,,,HJ G040A
13C16,U+13C16,,G-05-004,C,"A greater white-fronted goose (Anser albifrons), standing, with a wing at either side of its body.",pꜣ(.yw),Phonemogram,G305,"174,8",G305,,,HJ G305
13C17,U+13C17,,G-05-005,C,"A greater white-fronted goose (Anser albifrons), flying, with a wing at either side of its body (G40), written within a dotted oval/circle.",sdꜣ(dꜣ),Logogram (to tremble),G72,"174,9",G72,,,HJ G072
13C18,U+13C18,,G-05-009,C,"A greater white-fronted goose (Anser albifrons), standing, with an open beak, with a wing at either side of its body, seen from behind.",pꜣ,Phonemogram,G73,"174,12",G73,,,HJ G073
13C19,U+13C19,,G-05-012,C,"A greater white-fronted goose (Anser albifrons), head looking downwards, legs extended, both wings behind the body.",ḥtm,Logogram (to destroy),G41A,"174,15",G41A,,,HJ G041A
13C1A,U+13C1A,,G-05-014,C,"A greater white-fronted goose (Anser albifrons), standing, head looking downwards, open beak, wings behind the body, spread apart.",ḥtm,Classifier,,"175,2",,,,G080A
13C1B,U+13C1B,,G-05-015,C,"A greater white-fronted goose (Anser albifrons), standing, wings behind the body.",ḫn,Phonemogram,G74,"175,3",G74,,,HJ G074
13C1C,U+13C1C,,G-05-018,C," A feather (H6), in front of a greater white-fronted goose (Anser albifrons), alighting or flying up, with both wings behind the body (G41), on top of a strip of land, with three grains of sand written beneath it (N16).",ḫntš,Phonemogram,G75A,,G75A,,,HJ G075A
13C1D,U+13C1D,,G-05-019,C," A feather (H6), in front of a greater white-fronted goose (Anser albifrons), alighting or flying up, with both wings behind the body (G41), on top of a strip of land, with three grains of sand written beneath it, arranged horizontally, and a tongue of land (N21) written on either side of the grains of sand (N16A).",ḫntš,Phonemogram,,,,,,G075B
13C1E,U+13C1E,,G-05-020,,,,,G76,"175,4",G76,,,HJ G076
13C1F,U+13C1F,,G-05-021,C,"Three ducks or geese, without wings, standing, overlapping each other vertically, rotated 90 degree.",ḥtr,Phonemogram,G76A,"175,5",G76A,,,HJ G076A
13C20,U+13C20,,G-05-023,C,"Three ducks or geese, both wings above the body, standing, overlapping each other vertically, rotated 90 degree.",ḥtr,Phonemogram,G78,"175,7",G78,,,HJ G078
13C21,U+13C21,,G-06-001,C,"A greater white-fronted goose (Anser albifrons), alighting or flying up, with both wings behind the body (G41), with a downward angling rope around the neck, connected to a pole resembling a throwing-stick, or a club used by foreign people (T14).",ḳmꜣ,Phonemogram,G81,"175,10",G81,,,HJ G081
13C22,U+13C22,,G-06-002,C,"A greater white-fronted goose (Anser albifrons), standing, wings behind the body (G74), with a downward angling rope around the neck, connected to a pole resembling a throwing-stick, or a club used by foreign people (T14).",ḳmꜣ,Phonemogram,G82,"175,12",G82,,,HJ G082
13C23,U+13C23,,G-06-004,C,"A greater white-fronted goose (Anser albifrons), standing (G38), with a downward angling rope around the neck, connected to a pole resembling a throwing-stick, or a club used by foreign people (T14).",ḳmꜣ,Phonemogram,G83,"175,14",G83,,,HJ G083
13C24,U+13C24,,G-06-007,,,,,G84,"176,2",G84,,,HJ G084
13C25,U+13C25,,G-08-003,C,"A greater white-fronted goose (Anser albifrons), with a protruding feather at the back of the bird.",ḏfꜣ,Phonemogram,,,G172,,,G172
13C26,U+13C26,,G-08-004,,,,,G167,"196,5",G167,,,HJ G167
13C27,U+13C27,,G-08-007,C,"Three ducks or geese, overlapping each other, front duck or goose looking forwards, back ducks or geese looking backwards.",smn,Phonemogram,G168,"196,6",G168,,,HJ G168
13C28,U+13C28,,G-08-012,C,"A greater white-fronted goose (Anser albifrons), head angled downwards, with open beak.",ḥtm,Phono-repeater,G173,"196,11",G173,,,HJ G173
13C29,U+13C29,,G-08-013,C,"A greater white-fronted goose (Anser albifrons), with a protruding feather on top of the head.",ḏb,Phonemogram,G174,"196,12",G174,,,HJ G174
13C2A,U+13C2A,,G-08-014,C,"A duck or goose, seated upon a bed with leonine legs and tail.",sḏr,"Classifier lying, sleeping, spending the night",G175,"196,13",G175,,,HJ G175
13C2B,U+13C2B,,G-08-021,C,"A greater white-fronted goose (Anser albifrons), head angled downwards, with the neck making a loop, with open beak.",gm,Phonemogram,G254,,G254,,,HJ G254
13C2C,U+13C2C,,G-09-002,,,,,G17C,"176,12",G17C,,,HJ G017C
13C2D,U+13C2D,,G-09-003,C,"An owl, legs drawn towards the body, with a human face.",m,Phonemogram,G17D,"177,1",G17D,,,HJ G017D
13C2E,U+13C2E,,G-09-030,C,"A schematic representation of an owl, legs drawn towards the body, with the head replaced by two upward lines.",mr (ꞽm.y-r),Phonemogram,G17A,"178,5",G17A,,,HJ G017A
13C2F,U+13C2F,,G-09-031,C,"A schematic representation of an owl, legs drawn towards the body, with the head replaced by an upwards line and one forward line.",mr (ꞽm.y-r),Phonemogram,G17B,,G17B,,,HJ G017B
13C30,U+13C30,,G-09-033,C,"A schematic representation of an owl, legs drawn towards the body, with the head represented by a blob with two upward lines.",ꞽb,Phonemogram/phono-repeater,,"178,7",,,,G017F
13C31,U+13C31,,G-10-003,C,"A great cormorant (Phalacrocorax carbo), with two ticks on its head.",ꜥḳ,Phonemogram,G307,,G307,,,HJ G307
13C32,U+13C32,,G-11-004,,,,,G166,"179,7",G166,,,HJ G166
13C33,U+13C33,,G-11-005,C,"A black ibis (Plegadis falcinellus), head down, tip of the beak at the level of the toes.",gm,Phonemogram,G300,"179,8",G300,,,HJ G300
13C34,U+13C34,,G-11-009,C,"A saddle-billed stork (Ephippiorhynchus senegalensis), without lappet.",bꜣ,Phonemogram,G29A,"179,15",G29A,,,HJ G029A
13C35,U+13C35,,G-11-010,,,,,G255,,G255,,,HJ G255
13C36,U+13C36,,G-11-012,C,"A saddle-billed stork (Ephippiorhynchus senegalensis), with lappet (G29), with a bowl for incense with smoke rising from the bowl (R7) written in front of the legs.",b,Phonemogram,,,,,,G029D
13C37,U+13C37,,G-11-014,C,"A saddle-billed stork (Ephippiorhynchus senegalensis), without lappet (G29A), with a flagellum (S45) on its back.",bꜣ,Logogram (soul),G29B,,G29B,,,HJ G029B
13C38,U+13C38,,G-11-015,C,"A saddle-billed stork (Ephippiorhynchus senegalensis), with lappet (G29), with a flagellum (S45) on its back.",bꜣ,Logogram (soul),,,,,,G029C
13C39,U+13C39,,G-11-017,,,,,G227,"180,4",G227,,,HJ G227
13C3A,U+13C3A,,G-11-019,C,"Three saddle-billed storks (Ephippiorhynchus senegalensis), overlapping each other, without lappets.",bꜣ.w,"Logogram (might, power)",G30A,"180,7",G30A,,,HJ G030A
13C3B,U+13C3B,,G-11-020,,,,,G225,"180,2",G225,,,HJ G225
13C3C,U+13C3C,,G-11-021,C,"A saddle-billed stork (Ephippiorhynchus senegalensis), without lappet (G29A), on top of a hoe with a rope connecting the two pieces, written horizontally (U7).",bꜣ,"Logogram (to hack up, to open up (the earth))",G225A,,G225A,,,HJ G225A
13C3D,U+13C3D,,G-11-023,,,,,G298,,G298,,,HJ G298
13C3E,U+13C3E,,G-11-025,,,,,G299,,G299,,,HJ G299
13C3F,U+13C3F,,G-11-027,C,"A cattle egret (Bubulus ibis), legs drawn towards the body, with a line ending in an upwards curl coming horizontally from the back, the curl extending to the level of the tail.",,,,,,,,G299B
13C40,U+13C40,,G-11-029,C,A cattle egret (Bubulcus ibis) with a lappet.,ty,Phonemogram,G33A,"180,1",G33A,,,HJ G033A
13C41,U+13C41,,G-11-032,,,,,G222,,G222,,,HJ G222
13C42,U+13C42,,G-11-035,,,,,G224,,G224,,,HJ G224
13C43,U+13C43,,G-11-036,C,"A vulturine guineafowl (Acryllium vulturinum), without internal detail.",yt,Phonemogram,,,,,,G224A
13C44,U+13C44,,G-11-040,,,,,G212,"180,15",G212,,,HJ G212
13C45,U+13C45,,G-11-042,C,"A cattle egret (Bubulcus ibis), standing, with a fish in its beak.",ḥꜣm,Phonemogram,G51A,"181,1",G51A,,,HJ G051A
13C46,U+13C46,,G-11-044,C,"A bird, standing, its neck making a loop, head looking down.",gm,Phonemogram,,"179,5",,,,G051B
13C47,U+13C47,,G-11-045,C,"A cattle egret (Bubulcus ibis), with a bent neck, with the head facing towards the body.",nšn,Classifier bird offering,G213,"181,3",G213,,,HJ G213
13C48,U+13C48,,G-11-046,C,"A cattle egret (Bubulcus ibis), with a bent neck, with the head facing towards the body, with a line over its neck (mutilation).",ḥtm,"Classifier destroy, to destroy (in this case specifically in ḥtm.yt, place of execution)",G213A,,G213A,,,HJ G213A
13C49,U+13C49,,G-11-047,C,"A cattle egret (Bubulcus ibis), with a bent neck, with the head facing towards the body, and legs drawn towards the body.",ꜣpd,"Logogram (bird, fowl)",G213B,"181,4",G213B,,,HJ G213B
13C4A,U+13C4A,,G-11-051,C,A gray heron (Ardea cinerea) with a lappet.,b,Phonemogram,G31A,"181,13",G31A,,,HJ G031A
13C4B,U+13C4B,,G-11-052,C,"Three gray herons (Ardea cinerea), overlapping each other.",bꜣ.w,"Logogram (might, power)",G211,"180,13",G211,,,HJ G211
13C4C,U+13C4C,,G-11-053,C,"Three gray herons (Ardea cinerea) with lappets, overlapping each other.",bꜣ.w,Logogram/phonemogram (in ḥw.t-bꜣ.w (room in the Esna temple)),G211A,,G211A,,,HJ G211A
13C4D,U+13C4D,,G-11-054,C,"A crested ibis (Ibis comata), with a crest of two long feathers on the head.",ꜣḫ,Phonemogram,G25A,"181,9",G25A,,,HJ G025A
13C4E,U+13C4E,,G-11-055,C,"A gray heron (Ardea cinerea) (G31), on top of a standard used for the carrying of religious symbols with the vertical stick at the far side (R92A). ",nṯr,Logogram (god),,,,,,G031J
13C4F,U+13C4F,,G-11-056,C,"A gray heron (Ardea cinerea) (G31), with a flagellum (S45) on its back.",nṯr,Logogram (god),,,,,,G031F
13C50,U+13C50,,G-11-058,C,"A gray heron (Ardea cinerea) (G31), with a flagellum (S45) on its back; on top of a standard used for the carrying of religious symbols with the vertical stick at the far side (R92A). ",nṯr,Logogram (god),G31E,,G31E,,,HJ G031E
13C51,U+13C51,,G-11-060,C,"A gray heron (Ardea cinerea), legs drawn towards the body.",bꜥḥ,Logogram (to inundate),G215,"181,16",G215,,,HJ G215
13C52,U+13C52,,G-11-062,C,"A gray heron (Ardea cinerea), legs drawn towards the body, with a flagellum (S45) on its back; on top of a standard used for the carrying of religious symbols with the vertical stick at the far side (R92A). ",bꜣ,Logogram (soul),G217A,"182,5",G217A,,,HJ G217A
13C53,U+13C53,,G-11-063,,,,,G216,"182,1",G216,,,HJ G216
13C54,U+13C54,,G-11-065,C,"A gray heron (Ardea cinerea), legs drawn towards the body (G215), with the claws on top of the hill country over the edge of the cultivated areas (N25).",bꜥḥ,Logogram (to inundate),G216B,"182,2",G216B,,,HJ G216B
13C55,U+13C55,,G-11-066,C,"A gray heron (Ardea cinerea), legs drawn towards the body (G215), with the claws on top of a sand covered mountain over the edge of the cultivated areas (N26).",bꜥḥ,Logogram (to inundate),G216A,,G216A,,,HJ G216A
13C56,U+13C56,,G-11-067,C,"A gray heron (Ardea cinerea), legs drawn towards the body (G215), with a flagellum (S45) on its back; with the claws on top of a sand covered mountain over the edge of the cultivated areas (N26).",bꜥḥ,Logogram (inundation),,,,,,G216D
13C57,U+13C57,,G-11-069,C,"A gray heron (Ardea cinerea), legs drawn towards the body (G215), on top of a standard used for the carrying of religious symbols with the vertical stick at the far side (R92A). ",nṯr,Logogram (god),G217,"182,4",G217,,,HJ G217
13C58,U+13C58,,G-11-074,C,A gray heron (Ardea cinerea) with a single straight feather on its head and a lappet.,b,Phonemogram,G31D,"181,15",G31D,,,HJ G031D
13C59,U+13C59,,G-11-076,C,A gray heron (Ardea cinerea) with a single feather on its head.,bnw,Classifier heron,G31B,"181,11",G31B,,,HJ G031B
13C5A,U+13C5A,,G-11-077,C,A gray heron (Ardea cinerea) with a downward curve tip at the beak and two feathers on its head.,tꜣ,Phonemogram,,,,,,G321
13C5B,U+13C5B,,G-11-082,C,"A crested ibis (Ibis comata), with a spiral, winding counterclockwise away from its central point, ending at the right lower corner after about one and a half turns (Z7) on its claws.",ꜣḫw,Phonemogram,G190,"182,10",G190,,,HJ G190
13C5C,U+13C5C,,G-11-087,C,"An African sacred ibis (Threskiornis aethiopicus) (G26A), with a flagellum (S45) on its shoulder, on top of a standard used for the carrying of religious symbols with the vertical stick at the far side (R92A). ",nṯr,Logogram (god),G26C,,G26C,,,HJ G026C
13C5D,U+13C5D,,G-11-088,C,"An African sacred ibis (Threskiornis aethiopicus) (G26A), on top of a standard used for the carrying of religious symbols with the vertical stick at the far side (R92A). ",ḏḥwty,Logogram (Thot),,"182,15",,,,G026E
13C5E,U+13C5E,,G-11-094,C,"An African sacred ibis (Threskiornis aethiopicus) (G26A), with a feather (H6), angled forward, on its toe.",ꞽḳr,Logogram (to be excellent),G278,,G278,,,HJ G278
13C5F,U+13C5F,,G-11-096,C,"A feather (H6), in front of an African sacred ibis (Threskiornis aethiopicus) (G26A), on top of a standard used for the carrying of religious symbols with the vertical stick at the far side (R92A). ",ḏḥwty,Logogram (Thot),G191,"183,8",G191,,,HJ G191
13C60,U+13C60,,G-11-097,C,"A feather (H6), in front of an African sacred ibis (Threskiornis aethiopicus) (G26A), with a flagellum (S45) on its back; on top of a standard used for the carrying of religious symbols with the vertical stick at the far side (R92A). ",nṯr,Logogram (god),G191A,,G191A,,,HJ G191A
13C61,U+13C61,,G-11-106,,,,,G192,"183,10",G192,,,HJ G192
13C62,U+13C62,,G-11-108,C,"An African sacred ibis (Threskiornis aethiopicus), legs drawn towards the body.",ḏḥwty,Logogram (Thot),G195,"184,1",G195,,,HJ G195
13C63,U+13C63,,G-11-109,C,"An African sacred ibis (Threskiornis aethiopicus), legs drawn towards the body (G195), with a flagellum (S45) on its back.",ḏḥwty,Logogram (Thot),G195A,"184,2",G195A,,,HJ G195A
13C64,U+13C64,,G-11-110,C,"An African sacred ibis (Threskiornis aethiopicus), legs drawn towards the body, with a flagellum on its back (G195A), with a feather (H6), angled forwards, on its toe.",nṯr,Logogram (god),G196,"184,3",G196,,,HJ G196
13C65,U+13C65,,G-11-111,C,"An African sacred ibis (Threskiornis aethiopicus), legs drawn towards the body (G195), with a feather (H6), angled forwards, on its toe.",ḏḥwty,Logogram (Thot),G196A,,G196A,,,HJ G196A
13C66,U+13C66,,G-11-112,C,"An African sacred ibis (Threskiornis aethiopicus), legs drawn towards the body, with the wings extended on either side of the body.",ṯꜣ,Phonemogram,G197,"184,4",G197,,,HJ G197
13C67,U+13C67,,G-11-113,C,"An African sacred ibis (Threskiornis aethiopicus), legs drawn towards the body (G195), on top of a standard used for the carrying of religious symbols with the vertical stick at the far side (R92A). ",nṯr,Logogram (god),G198,"184,5",G198,,,HJ G198
13C68,U+13C68,,G-11-114,C,"An African sacred ibis (Threskiornis aethiopicus), legs drawn towards the body, with a flagellum on its back (G195A); on top of a standard used for the carrying of religious symbols with the vertical stick at the far side (R92A). ",nṯr,Logogram (god),G198A,"184,6",G198A,,,HJ G198A
13C69,U+13C69,,G-11-116,C,"An African sacred ibis (Threskiornis aethiopicus), legs drawn towards the body (G195), with a feather (H6), angled forwards, on its toe; on top of a standard used for the carrying of religious symbols with the vertical stick at the far side (R92A). ",nb ḫmnw,Classifier Thot,G199,"184,8",G199,,,HJ G199
13C6A,U+13C6A,,G-11-117,C,"An African sacred ibis (Threskiornis aethiopicus), legs drawn towards the body (G195), with a flagellum (S45) on its back, with a feather (H6), angled forwards, on its toe; on top of a standard used for the carrying of religious symbols with the vertical stick at the far side (R92A). ",nṯr,Logogram (god),G199A,"184,9",G199A,,,HJ G199A
13C6B,U+13C6B,,G-12-008,,,,,G287,,G287,,,HJ G287
13C6C,U+13C6C,,G-12-009,C,"A falcon (G5), with a cobra (Naja haje), standing up, with expanded hood (uraeus), wearing the white crown (I55) at its toe.",ḥr,Logogram (Horus),G285,,G285,,,HJ G285
13C6D,U+13C6D,,G-12-017,C,"A falcon (G5) with the sun, encircled by a cobra (Naja haje), standing up, with expanded hood (uraeus) (N6) on its head.",rꜥ-ḥr,Logogram (Re-Hor (usually in rꜥ-ḥr-ꜣḫ.ty),G9A,"185,16",G9A,,,HJ G009A
13C6E,U+13C6E,,G-12-018,C,"A falcon (G5) with the sun, encircled by a cobra (Naja haje), standing up, with expanded hood (uraeus) (N6) on its head, with a flagellum (S45) on its shoulder.",rꜥ-ḥr,Logogram (Re-Hor (usually in rꜥ-ḥr-ꜣḫ.ty),G286,,G286,,,HJ G286
13C6F,U+13C6F,,G-12-022,C,"A falcon (G5) with the sun, encircled by a cobra (Naja haje), standing up, with expanded hood (uraeus) (N6) on its head, with a tie or strap, used with sandals (ankh sign, S34) angled forwards, on its toe.",rꜥ-ḥr,Logogram (Re-Hor (usually in rꜥ-ḥr-ꜣḫ.ty),G105,"186,3",G105,,,HJ G105
13C70,U+13C70,,G-12-026,C,"A falcon (G5), wearing the double crown (S5).",ḥr,Logogram (Horus),G106,"186,9",G106,,,HJ G106
13C71,U+13C71,,G-12-027,C,"A falcon (G5), wearing the double crown (S5), with an uraeus on its toe.",ḥr,Logogram (Horus),G106A,,G106A,,,HJ G106A
13C72,U+13C72,,G-12-028,C,"A falcon (G5), wearing the double crown (S5), with an flagellum (S45) on its back.",ḥr,Logogram (Horus),,,,,,G106B
13C73,U+13C73,,G-12-030,C,"A falcon (G5), wearing the double crown (S5), on top of a standard used for carrying religious symbols (R12).",n(.y)-sw.t,Classifier king,,,,,,G263A
13C74,U+13C74,,G-12-033,C,"A falcon (G5), wearing the red crown (S3).",pn,Phonemogram,G107,"186,15",G107,,,HJ G107
13C75,U+13C75,,G-12-034,C,"A falcon (G5), wearing the red crown (S3), with a flagellum (S45) on its shoulder.",pn,Phonemogram,,,,,,G107A
13C76,U+13C76,,G-12-036,C," A falcon (G5), wearing the red crown (S3), on top of a standard used for carrying religious symbols (R12).",ꞽmt.t,Classifier divinity,,,,,,G117A
13C77,U+13C77,,G-12-037,C,"A falcon (G5), wearing the white crown.",spd.w,Logogram (Sopdu (divinity)),,,,,,G322
13C78,U+13C78,,G-12-038,C,"A falcon (G5), wearing a headdress consisting of a sun disk between the horns of a bovid, with two plumes on top of the sun disk (S65/S65A).",ḥr.t,Logogram (the female Horus),G108,"186,16",G108,,,HJ G108
13C79,U+13C79,,G-12-041,C,"A falcon (G5), wearing a headdress consisting of the horns of a ram with two plumes on top of it (S62).",ḥr,Logogram (Horus),G109,"187,3",G109,,,HJ G109
13C7A,U+13C7A,,G-12-045,C,"A falcon (G5), wearing a headdress consisting of a sun disk between the horns of a bovid (F102).",bꞽk.t,Logogram (the female falcon),G112,,G112,,,HJ G112
13C7B,U+13C7B,,G-12-046,C,"A falcon (G5), wearing a headdress consisting of a sun disk between the horns of a bovid (F102), with a flagellum (S45) on its shoulder.",nṯr.t,Logogram (goddess),,,,,,G112A
13C7C,U+13C7C,,G-12-049,C,"A falcon (G5), on top of a standard used for the carrying of religious symbols with the vertical stick at the far side (R92A). ",nṯr,Logogram (god),G7C,"187,8",G7C,,,HJ G007C
13C7D,U+13C7D,,G-12-050,C,"A loop of cord with the ends upwards (V6), in front of a falcon (G5), on top of a standard used for the carrying of religious symbols with the vertical stick at the far side (R92A). ",ꞽdmꞽ,Logogram (high quality (red) linen),G274,,G274,,,HJ G274
13C7E,U+13C7E,,G-12-051,,,,,G289,,G289,,,HJ G289
13C7F,U+13C7F,,G-12-054,C,"A feather (H6), in front of a falcon (G5), on top of a standard used for the carrying of religious symbols with the vertical stick at the far side (R92A). ",ꞽmn.t,Logogram (west),,,,,,G264C
13C80,U+13C80,,G-12-055,C,"A feather (H6), in front of a falcon (G5), on top of a standard used for carrying religious symbols, with a loop under the horizontal beam, running over the vertical pole (R12A).",ꞽmn.tt,"Logogram (West, 3rd nome of Lower Egypt)",G264A,,G264A,,,HJ G264A
13C81,U+13C81,,G-12-056,C,"A falcon (G5), on top of a standard used for carrying religious symbols (R12), with a band of string or fabric (V12) written over the pole of the standard.",ꞽdmꞽ,Logogram (high quality (red) linen),G113,"187,11",G113,,,HJ G113
13C82,U+13C82,,G-12-062,C,"A falcon (G5) with a flagellum (S45) on its shoulder, on top of a standard used for the carrying of religious symbols with the vertical stick at the far side (R92A).",,Classifier divine beings/divine things,G7D,"188,1",G7D,,,HJ G007D
13C83,U+13C83,,G-12-064,C,"A falcon (G5), wearing a headdress consisting of a sun disk between the horns of a bovid (F102); on top of a standard used for the carrying of religious symbols with the vertical stick at the far side (R92A). ",nṯr.t,Logogram (goddess),G114,"188,4",G114,,,HJ G114
13C84,U+13C84,,G-12-065,C,"A falcon (G5), wearing a headdress consisting of a sun disk between the horns of a bovid (F102), with a flagellum (S45) on the shoulder, on top of a standard used for the carrying of religious symbols with the vertical stick at the far side (R92A). ",nṯr.t,Logogram (goddess),,,,,,G114A
13C85,U+13C85,,G-12-067,C,"A falcon (G5), with a headdress consisting of two plumes (S9), on top of a standard used for carrying religious symbols (R12).",mnw,Classifier divinity (Min),G115A,,G115A,,,HJ G115A
13C86,U+13C86,,G-12-074,C,"A tie or strap, used with sandals (ankh sign, S34), written vertically, in front of a falcon (G5); on top of a standard used for the carrying of religious symbols with the vertical stick at the far side (R92A). ",ꜥnḫ-nṯr,"Logogram (may he live, the god)",G120,"188,8",G120,,,HJ G120
13C87,U+13C87,,G-12-075,C,"A club used by washermen for beating laundry (U36), in front of a falcon (G5); on top of a standard used for the carrying of religious symbols with the vertical stick at the far side (R92A). ",ḥm,Logogram (majesty),G121,"188,9",G121,,,HJ G121
13C88,U+13C88,,G-12-076,C,"A club used by washermen for beating laundry (U36), in front of a falcon (G5), with a flagellum (S45) on its shoulder, on top of a standard used for the carrying of religious symbols with the vertical stick at the far side (R92A). ",ḥm,Logogram (majesty),G121A,,G121A,,,HJ G121A
13C89,U+13C89,,G-12-078,,,,,G123,"188,11",G123,,,HJ G123
13C8A,U+13C8A,,G-12-081,C,"A falcon (G5), on top of a windpipe and lungs (F36), with a stem of papyrus with a flowering bud (M127) left of the windpipe and a stem of papyrus with a bud (M13) right of the windpipe, both beneath the horizontal bar.",ḥr-smꜣ-tꜣ.wy,Logogram (Harsomtus),G125,"188,14",G125,,,HJ G125
13C8B,U+13C8B,,G-12-083,C,"A falcon (G5), with a flagellum (S45) on its shoulder, on top of a windpipe and lungs (F36), with a stem of papyrus with a flowering bud (M127) left of the windpipe and a stem of papyrus with a bud (M13) right of the windpipe, both beneath the horizontal bar.",ḥr-smꜣ-tꜣ.wy,Logogram (Harsomtus),G125A,"188,16",G125A,,,HJ G125A
13C8C,U+13C8C,,G-12-088,C,"Two falcons (G5), arranged horizontally, on top of a standard used for carrying religious symbols, with a loop under the horizontal beam, running over the vertical pole (R12A).",nṯr.wy,"Logogram (The two gods, 5th nome of Upper Egypt)",,,,,,G266A
13C8D,U+13C8D,,G-12-090,C,"A pole of a balance, with the pole resembling a seat (U39A), in front of a falcon (G5), on top of a standard used for carrying religious symbols, with a loop under the horizontal beam, running over the vertical pole (R12A).",wṯs-ḥr,Logogram (Throne of Horus (Edfu)),G127,"189,4",G127,,,HJ G127
13C8E,U+13C8E,,G-12-098,C,"The pole of a balance, with the pole resembling a seat (Q1), with a plummet resembling a heart (F34) hanging from the crossbeam (U39F), in front of a falcon (G5); on top of a standard used for carrying religious symbols, with a loop under the horizontal beam, running over the vertical pole (R12A).",wṯs-ḥr,Logogram (Throne of Horus (Edfu)),,,,,,G127E
13C8F,U+13C8F,,G-12-101,C,"A pole of a balance, with the pole resembling a seat (U39A), in front of a falcon (G5), with a flagellum (S45) on its shoulder, on top of a standard used for carrying religious symbols, with a loop under the horizontal beam, running over the vertical pole (R12A).",wṯs-ḥr,Logogram (Throne of Horus (Edfu)),G127F,,,,,G127F
13C90,U+13C90,,G-12-104,C,"A pole of a balance, with the pole resembling a seat (U39A), in front of a falcon (G5), on top of a standard used for carrying religious symbols, with a loop under the horizontal beam, running over the vertical pole (R12A), on top of a parcel of land with irrigation ditches (N24).",wṯs-ḥr,"Logogram (Throne of Horus (Edfu, 2nd nome of Upper Egypt))",G127C,,G127C,,,HJ G127C
13C91,U+13C91,,G-12-107,C,"A falcon (G5), on top of a façade of a palace or tomb, with a doorway (O33A).",ḥr-ḥr.y-srḫ,Logogram (Horus who is on the palace façade),G129,"189,15",G129,,,HJ G129
13C92,U+13C92,,G-12-108,C,"An obelisk, with base (O25), in front of a falcon (G5), on top of a façade of a palace or tomb, with a doorway (O33A).",ḥr mn (ḥr) srḫ,"Logogram/phonemogram (Horus, who endures on the palace façade)",G290,,G290,,,HJ G290
13C93,U+13C93,,G-12-110,C,"A falcon (G5) with a flagellum (S45) on its back (G6), on top of a façade of a palace or tomb, with a doorway, without internal detail (O129).",ḥr.y-srḫ,Classifier the one who is on the palace façade,,"190,1",,,,G129E
13C94,U+13C94,,G-12-111,C,"A falcon (G5) with a flagellum (S45) on its back (G6), with a tie or strap, used with sandals (ankh sign) in front of it, vertically; on top of a façade of a palace or tomb, with a doorway, without internal detail (O129).",bꞽk ꜥnḫ ḥr.y srḫ,Logogram (the living falcon who is on the palace façade),,,,,,G129F
13C95,U+13C95,,G-12-114,C,"A façade of a palace or tomb, with a doorway, without internal detail (O129), with a falcon (G5) written inside it.",srḫ,"Logogram (throne, palace façade)",,,,,,G129D
13C96,U+13C96,,G-12-115,C,"A falcon (G5), with a feather (H6), angled forward, on its toe.",ꞽmn.t,"Logogram (west, right side)",G130,"190,4",G130,,,HJ G130
13C97,U+13C97,,G-12-117,C,"A falcon (G5) on a rounded support, resembling a half round loaf of bread (X1), with a feather (H6), angled forwards, attached to the support in front of the falcon.",ꞽmn.t,"Logogram (west, right side)",,,,,,R013B
13C98,U+13C98,,G-12-120,C,"A falcon (G5), on top of a standard used for carrying religious symbols (R12), on top of a base with a butcher's block (T28) at the front and a sandy hill slope (N29) at the back.",ẖr.t-nṯr,Logogram (necropolis),G131,"190,9",G131,,,HJ G131
13C99,U+13C99,,G-12-121,C,"A falcon (G5), on top of a standard used for carrying religious symbols (R12), on top of a butcher's block (T28).",ẖr.t-nṯr,Logogram (necropolis),G131B,,G131B,,,HJ G131B
13C9A,U+13C9A,,G-12-122,,,,,G132A,"190,10",G132A,,,HJ G132A
13C9B,U+13C9B,,G-12-123,C,"A falcon (G5), on top of the head of a bovid (ox) with outwards curving horns (F1).",nmty,Logogram (Nemty (divinity)),G132,"190,11",G132,,,HJ G132
13C9C,U+13C9C,,G-12-125,C,"A falcon (G5), with a flagellum (S45) on its shoulder, on top of a head of a bovid (ox), as seen from the front (F1A).",nmty,Logogram (Nemty (divinity)),G132B,"190,13",G132B,,,HJ G132B
13C9D,U+13C9D,,G-12-127,C,"A falcon (G5), on top of a teardrop sized perch with the point down.",nb,Logogram (lord),,"190,15",,,,G133A
13C9E,U+13C9E,,G-12-128,C,"A falcon (G5), on top of a piece of flesh, point down, curving forwards.",nb,Logogram (lord),G133,"190,16",G133,,,HJ G133
13C9F,U+13C9F,,G-12-130,C,"A falcon (G5), on top of a long upside-down cone.",nb,Logogram (lord),,,,,,G134A
13CA0,U+13CA0,,G-12-135,C,"A falcon (G5), standing on top of a rectangle.",skr,Classifier (Sokar),G136,"191,5",G136,,,HJ G136
13CA1,U+13CA1,,G-12-137,C,"A falcon (G5), standing on top of a ring-stand for jars (W11).",p & nst,Phonemogram,,,,,,G280B
13CA2,U+13CA2,,G-12-139,C,"A falcon (G5), with a flagellum (S45) on its shoulder, on top of a butcher's block (T28).",ẖr.t-nṯr,Logogram,,,,,,G280C
13CA3,U+13CA3,,G-12-140,C,"A falcon (G5), on top of a shrine resembling a rectangular coffin with a rounded lid, and upstanding sides, without legs (Q6A).",šṯy.t,Logogram (sanctuary of Sokar),G265,,G265,,,HJ G265
13CA4,U+13CA4,,G-12-145,C,"A falcon (G5), with a flagellum (S45) on its shoulder, on top of a wickerwork basket (V30).",nb,Logogram (lord),G139A,"191,8",G139A,,,HJ G139A
13CA5,U+13CA5,,G-12-149,C,"A falcon (G5), on top of a collar of beads, without detail (S12A).",bꞽk & nbw,"Logogram (in bꞽk-n-nbw.t, falcon of the golden ones)",G8A,,G8A,,,HJ G008A
13CA6,U+13CA6,,G-12-150,C,"A falcon (G5), with a flagellum (S45) on its shoulder, on top of a collar of beads, without detail (S12A).",ḥr-nbw,Logogram (golden Horus),G8B,,G8B,,,HJ G008B
13CA7,U+13CA7,,G-12-152,C,"A falcon (G5), on top of a moon sickle shaped boat, on top of a sledge that resembles a parcel of land with irrigation ditches (N24).",nmty,Logogram (Nemty (divinity)),G7E,,G7E,,,HJ G007E
13CA8,U+13CA8,,G-12-158,,,,,Q41,,Q41,,,HJ Q041
13CA9,U+13CA9,,G-12-159,,,,,G141,,G141,,,HJ G141
13CAA,U+13CAA,,G-12-160,C,"A falcon (G5), on top of a standard used for carrying religious symbols (R12), with a rectangular piece of cloth with fringes on the top long side, resembling a game board (of Senet) with game pieces (Y5), attached to the back of the pole.",(ꞽ)dmꞽ,Classifier high quality (red) linen,G142,,G142,,,HJ G142
13CAB,U+13CAB,,G-12-161,C,"A falcon (G5), on top of a standard used for carrying religious symbols (R12), with a horizontal strip of cloth with four fringes (S116) attached to the back of the pole.",ꞽdmꞽ,Logogram (high quality (red) linen),G143,,G143,,,HJ G143
13CAC,U+13CAC,,G-12-164,C,"A falcon (G5), on top of a standard used for carrying religious symbols (R12), on top of a horizontal object resembling a mace or wooden column (O29). ",ꞽdmꞽ,Logogram (high quality (red) linen),G291,,G291,,,HJ G291
13CAD,U+13CAD,,G-13-001,C,"A falcon, standing, with extended wings at either side of the body, at 45 degree.",dwn-ꜥn.wy,Logogram (the one who spreads out his wings ((Dewen-anwy) divinity)),G144,"191,11",G144,,,HJ G144
13CAE,U+13CAE,,G-13-003,,,,,G144B,"191,13",G144B,,,HJ G144B
13CAF,U+13CAF,,G-13-007,C,"A falcon, legs drawn towards the body, with its wings extended at either side of the body.",ṯꜣ,Phonemogram,G145,"192,2",G145,,,HJ G145
13CB0,U+13CB0,,G-13-009,C,"A falcon, standing, with extended wings at either side of the body, at 45 degree, A block-throne with a rectangle in the far bottom corner, on top of a base (Q12).",ṯꜣ,Phonemogram and classifier throne (in ṯnṯꜣ.t),G147,"192,4",G147,,,HJ G147
13CB1,U+13CB1,,G-13-013,,,,,G152B,"192,6",G152B,,,HJ G152B
13CB2,U+13CB2,,G-13-015,C,"A falcon, with horizontally spread wings and spread legs, head looking towards the reading direction; claws on top of cartouches in a round form (V9), with a sceptres with a straight shaft and the head of the Seth animal going from the claw over the wing, vertically, the head of the staff above the wings, facing outwards.",sꜣb-šw.t,Logogram (many-coloured of plumage),G151,"192,7",G151,,,HJ G151
13CB3,U+13CB3,,G-13-016,C,"A falcon, with horizontally spread wings and spread legs, head looking towards the reading direction; claws on top of cartouches in a round form (V9), with one handed fans (S37) going from the claw over the wing, at an outwards angle, the head of the fan above the wing, fan curving outwards.",sꜣb-šw.t,Logogram (many-coloured of plumage),,,,,,G151A
13CB4,U+13CB4,,G-13-017,C,"A falcon, with spread wings that angle downwards and spread legs, head looking towards the reading direction, with the sun, encircled by a cobra (Naja haje), standing up, with expanded hood (uraeus) (N6) on its head; claws on top of cartouches in a round form (V9), with one handed fans (S37) going from the claw over the wing, at an outwards angle, the head of the fan above the wing, fan curving outwards.",sꜣb-šw.t,Logogram (many-coloured of plumage),G152A,"192,8",G152A,,,HJ G152A
13CB5,U+13CB5,,G-13-018,C,"A falcon, with horizontally spread wings and spread legs, head looking towards the reading direction; claws on top of cartouches in a round form (V9), with one handed fans (S37) going from the claw over the wing, at an outwards angle, the head of the fan above the wing, fan curving outwards.",sꜣb-šw.t,Logogram (many-coloured of plumage),G152,"192,9",G152,,,HJ G152
13CB6,U+13CB6,,G-13-019,C,"A falcon, with horizontally spread wings and spread legs, head looking towards the reading direction, with the sun, encircled by a cobra (Naja haje), standing up, with expanded hood (uraeus) (N6) on its head; claws on top of cartouches in a round form (V9), with one handed fans (S37) going from the claw over the wing, at an outwards angle, the head of the fan above the wing, fan curving outwards; on top of a sand covered mountain over the edge of the cultivated areas (N26).",sꜣb-šw.t-pr-m-ꜣḫ.t,"Logogram (many-coloured of plumage, who goes forth in/from the horizon)",G153,"192,10",G153,,,HJ G153
13CB7,U+13CB7,,G-13-020,C,"A falcon, with spread wings that angle downwards and spread legs, head looking towards the reading direction, with the sun, encircled by a cobra (Naja haje), standing up, with expanded hood (uraeus) (N6) on its head; claws on top of cartouches in a round form (V9), with one handed fans (S37) going from the claw over the wing, at an outwards angle, the head of the fan above the wing, fan curving outwards; written inside the sun disk of the sun rising over a sand covered mountain over the edge of the cultivated areas (N27). ",sꜣb-šw.t-pr-m-ꜣḫ.t,"Logogram (many-coloured of plumage, who goes forth in/from the horizon)",G153A,"192,11",G153A,,,HJ G153A
13CB8,U+13CB8,,G-13-021,C,"A falcon, with spread wings that angle downwards and spread legs, head looking towards the reading direction, written inside the sun disk of the sun rising over a sand covered mountain over the edge of the cultivated areas (N27). ",sꜣb-šw.t-pr-m-ꜣḫ.t,"Logogram (many-coloured of plumage, who goes forth in/from the horizon)",,,,,,G153B
13CB9,U+13CB9,,G-13-022,,,,,G155,"192,12",G155,,,HJ G155
13CBA,U+13CBA,,G-13-024,C,"A falcon, with spread wings that angle downwards, without legs, with one handed fans with the top replaced by a feather, written over the wing, angling outwards.",ḫwꞽ,Logogram (to protect),,,,,,G331
13CBB,U+13CBB,,G-13-025,,,,,G154,"192,14",G154,,,HJ G154
13CBC,U+13CBC,,G-13-026,C,"A falcon, standing, with extended wings at either side of the body, at 45 degree; on top of a standard used for carrying religious symbols (R12).",dwn-ꜥn.wy,Logogram (the one who spreads out his wings ((Dewen-anwy) divinity)),G148,,G148,,,HJ G148
13CBD,U+13CBD,,G-13-029,,,,,G260,,G260,,,HJ G260
13CBE,U+13CBE,,G-13-031,C,"A falcon, seen from the side, one wing forwards, horizontal, other wing forwards, at 45 degree downward angle, one claw visible below the lower wing.",mkꞽ/ḫwꞽ,Logogram (to protect),G293,,G293,,,HJ G293
13CBF,U+13CBF,,G-14-001,C,"A falcon, legs drawn towards the body, body nearly horizontal.",b(ꞽ)k.t,Classifier falcon,G158,"193,1",G158,,,HJ G158
13CC0,U+13CC0,,G-14-002,C,"A falcon, legs drawn towards the body, body nearly horizontal (G158), with a flagellum (S45) on its back.",gmḥs,Classifier falcon/bird of prey,G158A,"193,2",G158A,,,HJ G158A
13CC1,U+13CC1,,G-14-007,C,"A falcon, legs drawn towards the body, body nearly horizontal (G158), with a flagellum (S45) on its back; on top of a standard used for the carrying of religious symbols with the vertical stick at the far side (R92A). ",nṯr,Logogram (god),G158B,"193,7",G158B,,,HJ G158B
13CC2,U+13CC2,,G-14-008,C,"A falcon, legs drawn towards the body, body nearly horizontal (G158), on top of a standard used for the carrying of religious symbols with the vertical stick at the far side (R92A). ",nṯr,Logogram (god),G158C,,G158C,,,HJ G158C
13CC3,U+13CC3,,G-15-005,C,"An archaic image of a falcon/cult image of a falcon, with a counterweight of a necklace (S18A) on its back.",ḥr,Logogram (Horus),G161,"193,14",G161,,,HJ G161
13CC4,U+13CC4,,G-15-006,C,"An archaic image of a falcon/cult image of a falcon, with a counterweight of a necklace (S18A) and a flagellum (S45) on its back.",ꜥẖm,Classifier cult image,G161A,,G161A,,,HJ G161A
13CC5,U+13CC5,,G-15-007,C,"An archaic image of a falcon/cult image of a falcon, wearing the white crown (S1).",ḥr,Logogram (Horus),G162,"194,1",G162,,,HJ G162
13CC6,U+13CC6,,G-15-008,C,"An archaic image of a falcon/cult image of a falcon, wearing the white crown (S1), with a counterweight of a necklace (S18A) on its back.",ḥr-wr,Logogram (Haroeris),,,,,,G162C
13CC7,U+13CC7,,G-15-010,C,"An archaic image of a falcon/cult image of a falcon, wearing the white crown with an uraeus (S1A), with a flagellum (S45) on its back.",ḥr-wr,Logogram (Haroeris),,,,,,G162D
13CC8,U+13CC8,,G-15-011,C,"An archaic image of a falcon/cult image of a falcon, wearing the white crown (S1), with a counterweight of a necklace (S18A) and a flagellum (S45) on its back.",ḥr-wr,Logogram (Haroeris),,,,,,G162E
13CC9,U+13CC9,,G-15-013,C,"An archaic image of a falcon/cult image of a falcon, wearing a headdress consisting of two plumes (S9), with a flagellum (S45) on its back.",spd.w,Logogram (Sopdu (divinity)),G13A,"194,4",G13A,,,HJ G013A
13CCA,U+13CCA,,G-15-014,C,"An archaic image of a falcon/cult image of a falcon, wearing a headdress consisting of two plumes on top of the horns of a ram (S62), with a flagellum (S45) on its back.",ꜥẖm,Classifier cult image,,,,,,G164A
13CCB,U+13CCB,,G-15-017,,,,,G164,"194,9",G164,,,HJ G164
13CCC,U+13CCC,,G-15-018,C,"A falcon, lying down on a bed, with a leonid head, legs and tail (Q19).",sḏr,Logogram,G165,"194,10",G165,,,HJ G165
13CCD,U+13CCD,,G-15-019,,,,,G162B,,G162B,,,HJ G162B
13CCE,U+13CCE,,G-15-020,,,,,,,,,,G295A
13CCF,U+13CCF,,G-16-001,C,A bird with a small tail.,bn | ddwn,"Classifier (some type of bird) or (Dedwen, divinity)",G229,"194,11",G229,,,HJ G229
13CD0,U+13CD0,,G-16-010,C,"A swallow (Hirundo rustica savignii) (G36), on top of a mouth (D21).",wr,Phonemogram,G220,"195,8",G220,,,HJ G220
13CD1,U+13CD1,,G-16-015,C,"A house sparrow (Passer domesticus niloticus), with upward curling line coming from the tail.",ꞽw.ty,"Classifier negative, bad",,"195,14",,,,G037C
13CD2,U+13CD2,,G-17-002,,,,,G22,,G22,,,G022X
13CD3,U+13CD3,,G-17-003,C,"A hoopoe (Upupa epops), without distinctive crest.",ḏb,Phonemogram,G22A,,G22A,,,HJ G022A
13CD4,U+13CD4,,G-17-006,C,"A hoopoe (Upupa epops) (G22), upon a rectangular stone slab or brick (O39).",ḏb.t,"Logogram (brick, sheet, ingot)",,,,,,G251X
13CD5,U+13CD5,,G-18-001,C,A human headed bird.,bꜣ,Logogram (soul),G53A,"197,3",G53A,,,HJ G053A
13CD6,U+13CD6,,G-18-002,C,"A human headed bird, with a flagellum (S45) on its shoulder.",bꜣ,Logogram (soul),G53C,,G53C,,,HJ G053C
13CD7,U+13CD7,,G-18-003,,,,,G53B,"197,13",G53B,,,HJ G053B
13CD8,U+13CD8,,G-18-005,,,,,G201,"197,5",G201,,,HJ G201
13CD9,U+13CD9,,G-18-008,C,"A human headed bird (G53A), wearing a headdress consisting of two feathers on top of the horns of a ram (S77).",b,Phonemogram,G202,"197,8",G202,,,HJ G202
13CDA,U+13CDA,,G-18-010,C,"A human headed bird (G53A), wearing a headdress consisting of two feathers on top of the horns of a ram (S77), with a flagellum (S45) on its shoulder.",bḥd.ty,Logogram (He of Edfu),,,,,,G202B
13CDB,U+13CDB,,G-18-012,,,,,G204,"197,9",G204,,,HJ G204
13CDC,U+13CDC,,G-18-013,C,"A human headed bird (G53A), wearing a headdress consisting of a sun disk between the horns of a bovid (F102), with a flagellum (S45) on its shoulder.",bꞽk.t,Logogram (the female falcon),G204A,"197,11",G204A,,,HJ G204A
13CDD,U+13CDD,,G-18-014,C,"A human headed bird (G53A), wearing a headdress consisting of a sun disk between the horns of a bovid (F102), with a flagellum (S45) on its shoulder.",nṯr.t,Logogram (goddess),,,,,,G204B
13CDE,U+13CDE,,G-19-003,C,A bird with the head of a ram.,bꜣ,Logogram (soul),G250,"198,5",G250,,,HJ G250
13CDF,U+13CDF,,G-19-004,,,,,G296,,G296,,,HJ G296
13CE0,U+13CE0,,G-20-004,C,"A vulture chick, outstretched wings on either side of the body, and the legs drawn towards the body.",ḫr(.y),Classifier descendant,,"198,10",,,,G306C
13CE1,U+13CE1,,G-20-007,C,"A duckling, with open beak, outstretched wings above the body, and the legs drawn towards the body.",ṯꜣ,Phonemogram,G230,"198,12",G230,,,HJ G230
13CE2,U+13CE2,,G-20-008,C,"A duck, beak closed, outstretched wings above the body, legs drawn towards the body.",rꜣ,Logogram (water fowl),G306,"198,13",G306,,,HJ G306
13CE3,U+13CE3,,G-20-010,C,"A duckling, with open beak, outstretched wings on either side of the body, and the legs drawn towards the body (G47), above a sickle moon shaped nest.",sš,Classifier nest,G48A,"199,1",G48A,,,HJ G048A
13CE4,U+13CE4,,G-20-015,,,,,G235,"199,14",G235,,,HJ G235
13CE5,U+13CE5,,G-20-017,C,"Two heads of a pintail duck (Anas acuta) (H1), protruding from an oval pool or nest.",sš,Classifier nest,G237,,G237,,,HJ G237
13CE6,U+13CE6,,G-20-018,C,"Two heads of a pintail duck (Anas acuta) (H1), protruding from a pool or nest resembling the sky (N1).",rḫt,Phonemogram,G237A,,G237A,,,HJ G237A
13CE7,U+13CE7,,G-20-019,C,"Two ducklings, with open beak, outstretched wings on either side of the body, and the legs drawn towards the body (G47), above a sickle moon shaped nest.",rḫt,Phonemogram,G309,,G309,,,HJ G309
13CE8,U+13CE8,,G-20-020,,,,,G310,,G310,,,HJ G310
13CE9,U+13CE9,,G-20-022,C,Three heads and upper bodies of ducks protruding from a nest without internal detail.,mḥ,Phonemogram,G232A,"199,4",G232A,,,HJ G232A
13CEA,U+13CEA,,G-20-024,C,Three heads and upper bodies of ducks protruding from a nest with netting as internal detail.,mḥ,Phonemogram,G232,"199,6",G232,,,HJ G232
13CEB,U+13CEB,,G-20-026,C,"Three heads of a pintail duck (Anas acuta) (H1), protruding from a pool or nest resembling a wickerwork basket (V30).",sš,Logogram (nest),G49C,"199,7",G49C,,,HJ G049C
13CEC,U+13CEC,,G-20-027,C,Three heads and upper bodies of ducks protruding from a nest resembling a wickerwork basket (V30).,mḥ,Phonemogram,G49B,"199,8",G49B,,,HJ G049B
13CED,U+13CED,,G-20-028,C,"Three heads of a pintail duck (Anas acuta) (H1), protruding from an oval pool or nest.",sš,"Logogram (bird-pool, nest)",G49E,"199,9",G49E,,,HJ G049E
13CEE,U+13CEE,,G-20-031,C,"Three heads of a pintail duck (Anas acuta) (H1), protruding from an oval pool or nest, with internal netting as detail.",sš,Logogram (nest),,"199,10",,,,G049F
13CEF,U+13CEF,,G-20-035,C,"Four heads of a pintail duck (Anas acuta) (H1), protruding from an oval pool or nest",sš,"Logogram (bird-pool, nest, marshland)",G238,"199,16",G238,,,HJ G238
13CF0,U+13CF0,,G-21-001,C,A pelican.,ḥn.t,Classifier pelican,G207,"200,1",G207,,,HJ G207
13CF1,U+13CF1,,G-22-001,C,"A saharan helmeted guinea fowl (Numida m. meleagris), without a lappet.",nḥ,Phonemogram,G21A,"200,2",G21A,,,HJ G021A
13CF2,U+13CF2,,G-22-004,C,"A saharan helmeted guinea fowl (Numida m. meleagris), with a lappet, without the two protruding feathers on its head.",nḥ,Phonemogram,G21B,,G21B,,,HJ G021B
13CF3,U+13CF3,,G-22-005,C,"A Saharan helmeted guinea fowl chick (Numida m. meleagris), standing, with a lappet, without the two protruding feathers on its head.",nḥ,Phonemogram,,,,,,G021D
13CF4,U+13CF4,,G-22-006,C,"A saharan helmeted guinea fowl (Numida m. meleagris), without a lappet, without the two protruding feathers on its head.",nḥ,Phonemogram,G21C,,G21C,,,HJ G021C
13CF5,U+13CF5,,G-22-010,C,"A vulturine guineafowl (Acryllium vulturinum), without lappet.",ty,Phonemogram,G210,"200,11",G210,,,HJ G210
13CF6,U+13CF6,,G-22-011,C,"A vulturine guineafowl (Acryllium vulturinum), with lappet.",ty,Phonemogram,G210A,"200,12",G210A,,,HJ G210A
13CF7,U+13CF7,,G-23-002,C,"A lapwing (Vanellus cristatus), legs drawn towards the body.",rḫ.yt,"Logogram (common folk, subjects, people)",,,,,,G023A
13CF8,U+13CF8,,G-23-003,C,"Three lapwings (Vanellus cristatus), overlapping each other.",rḫ.yt,"Logogram (common folk, subjects, people)",G200,"201,2",G200,,,HJ G200
13CF9,U+13CF9,,G-23-006,C,"A lapwing (Vanellus cristatus), standing, wings extended above the body; on top of a wickerwork basket (V30).",rḫ.t-ḥr-nb,Phonemogram/Logogram (who everyone knows),,,,,,G024C
13CFA,U+13CFA,,G-23-007,C,"A lapwing (Vanellus cristatus), legs drawn towards the body, wings extended above the body, with two human arms, extending from the breast, raised, with hand palms outwards.",rḫ.yt,"Logogram (common folk, subjects, people)",G24A,"201,6",G24A,,,HJ G024A
13CFB,U+13CFB,,G-23-009,C,"A lapwing (Vanellus cristatus), standing, wings extended above the body, with two human arms, extending from the breast, raised, with hand palms outwards.",rḫ.yt,"Logogram (common folk, subjects, people)",G24B,"201,8",G24B,,,HJ G024B
13CFC,U+13CFC,,G-24-004,C,"A griffon vulture (Gyps fulvus), without internal detail or visible wings, without a lappet.",tyw,Phonemogram,G14A,"202,2",G14A,,,HJ G014A
13CFD,U+13CFD,,G-24-005,,,,,G176,"202,1",G176,,,HJ G176
13CFE,U+13CFE,,G-24-006,C,"A griffon vulture (Gyps fulvus), without internal detail or visible wings, with a lappet.",ty,Phonemogram,G176A,"202,4",G176A,,,HJ G176A
13CFF,U+13CFF,,G-24-007,,,,,G177,,G177,,,HJ G177
13D00,U+13D00,,G-24-011,C,"A griffon vulture (Gyps fulvus), wearing the Atef crown (S8A).",nt,Phonemogram,G179,"202,7",G179,,,HJ G179
13D01,U+13D01,,G-24-013,,,,,G284,"202,8",G284,,,HJ G284
13D02,U+13D02,,G-24-021,C,"A griffon vulture (Gyps fulvus), with a flagellum (S45) on its back; on top of a standard used for the carrying of religious symbols with the vertical stick at the far side (R92A). ",nṯr.t,Logogram (goddess),G283,,G283,,,HJ G283
13D03,U+13D03,,G-24-026,C,"A griffon vulture (Gyps fulvus), with a flagellum (S45) on its back, right claw extended forwards, holding a sceptre with a straight shaft, a forked base, topped with the head of the Seth animal (S40), angling forwards, with a cartouche in a round form (V9) with the loop around the staff.",nḫb.t,Logogram (Nekhbet (divinity)),G182,"203,4",G182,,,HJ G182
13D04,U+13D04,,G-24-028,C,"A griffon vulture (Gyps fulvus), on top of a wickerwork basket (V30).",nḫb.t,Classifier divinity (Nekhbet),G16A,,G16A,,,HJ G016A
13D05,U+13D05,,G-24-030,C,"A griffon vulture (Gyps fulvus), with a flagellum (S45) on its back; on top of a wickerwork basket (V30).",mw.t,Logogram (Mut (divinity)),G16B,,G16B,,,HJ G016B
13D06,U+13D06,,G-24-031,C,"A griffon vulture (Gyps fulvus), wearing the white crown (S1), on top of a wickerwork basket (V30).",wr.t,Classifier uraeus,,,,,,G185A
13D07,U+13D07,,G-24-032,C,"A griffon vulture (Gyps fulvus), wearing the white crown (S1), with a flagellum (S45) on its back; on top of a wickerwork basket (V30).",nb.t,Logogram (lady (in nb.ty)),G185,"203,7",G185,,,HJ G185
13D08,U+13D08,,G-24-038,C,"A griffon vulture (Gyps fulvus), with the horns of a bovid (F13) on its head; on top of an alabaster basin with a diamond shaped inner marking (W3).",wp-rnp.t,Logogram (new year festival),G282,,G282,,,HJ G282
13D09,U+13D09,,G-25-002,C,"A griffon vulture (Gyps fulvus), with the wings extended forward, as if to envelop someone or something.",mkꞽ,Logogram/phonemogram (to protect),G186,"203,9",G186,,,HJ G186
13D0A,U+13D0A,,G-25-004,C,"A griffon vulture (Gyps fulvus), with the wings extended forward, as if to envelop someone or something, without internal detail.",mkꞽ,Logogram/phonemogram (to protect),G186D,"203,11",G186D,,,HJ G186D
13D0B,U+13D0B,,G-25-006,C,"A griffon vulture (Gyps fulvus), with the wings extended forward, as if to envelop someone or something, with a flagellum (S45) on its back.",mkꞽ,Logogram/phonemogram (to protect),,,,,,G186F
13D0C,U+13D0C,,G-25-008,,,,,G186B,,G186B,,,HJ G186B
13D0D,U+13D0D,,G-26-006,,,,,G64,"204,7",G64,,,HJ G064
13D0E,U+13D0E,,G-26-020,C,"An Egyptian vulture (Neophron percnopterus), with two strokes (feathers?) in a V shape on top of its head.",ꜣ,Phonemogram,G66,"205,5",G66,,,HJ G066
13D0F,U+13D0F,,G-27-003,C,"A griffon vulture (Gyps fulvus) (G14), facing a falcon (G5); on top of a wickerwork basket (V30).",mw.t-nṯr-nb,"Logogram (mother of the god, lady of)",,,,,,G332
13D10,U+13D10,,H-01-005,C,"A staff, with a straight shaft, topped with the head of a falcon, with the sun, encircled by a cobra (Naja haje), standing up, with expanded hood (uraeus) (N6) on top of the head.",mdw,Logogram (staff),H13,"206,5",H13,,,HJ H013
13D11,U+13D11,,H-01-007,C,"A staff, with a straight shaft and forked end, topped with the head of a falcon, with the sun, encircled by a cobra (Naja haje), standing up, with expanded hood (uraeus) (N6) on top of the head.",mdw,Classifier staff,,"206,7",,,,H014B
13D12,U+13D12,,H-01-008,C,"A staff, with a straight shaft, topped with the head of a falcon, with a crescent moon with the entire moon disk (N62) on its head.",,Classifier staff,,,,,,H014C
13D13,U+13D13,,H-01-009,C,"A staff, with a straight shaft and forked end, topped with the head of a falcon, with a crescent moon with the entire moon disk (N62) on its head.",mdw,Classifier staff,,,,,,H014D
13D14,U+13D14,,H-01-010,C,"A spear, with a straight shaft and forked end, topped with the head of a falcon, with a cobra (Naja haje), standing up, with expanded hood (uraeus) on top of the head, tail descending behind the head; with a triangular spearhead above the snake.",mdw,Phonemogram,H14,"206,8",H14,,,HJ H014
13D15,U+13D15,,H-01-011,C,"A spear, with a straight shaft and forked end, topped with the head of a falcon, with a triangular spearhead above the head.",mdw,Logogram (staff),H14A,,H14A,,,HJ H014A
13D16,U+13D16,,H-01-013,C,"A tiller of a ship, topped with the head of a falcon, angled forwards.",nfr.(y)t,Phonemogram/logogram (end),H15,"206,10",H15,,,HJ H015
13D17,U+13D17,,H-02-002,C,The eye of a falcon with the markings of the head of a falcon.,mꜣꜣ,Logogram (to see),H16,"206,13",H16,,,HJ H016
13D18,U+13D18,,H-02-003,C,"The markings of the head of a falcon, without the eye / a very schematic representation of a spine, with the spinal cord hanging out at the backside.",ꞽmꜣḫ,Phono-repeater,H16A,"207,1",H16A,,,HJ H016A
13D19,U+13D19,,H-03-002,C,"The head of a bird, with its mouth open, neck curling backwards.",ḏd,"Logogram (to speak, to say)",H18A,"207,4",H18A,,,HJ H018A
13D1A,U+13D1A,,H-03-004,C,The head of a common crane (Grus grus).,ḏꜣ(.t),Classifier common crane,H17,"207,6",H17,,,HJ H017
13D1B,U+13D1B,,H-03-005,C,"The head of a bird, with its mouth open, neck straight.",ḏd,"Logogram (to speak, to say)",H18,"207,7",H18,,,HJ H018
13D1C,U+13D1C,,H-03-006,C,"The head of a bird, with its mouth open, neck straight, with a loop of cord with the ends forwards around its neck.",pg,Phonemogram,H19,,H19,,,HJ H019
13D1D,U+13D1D,,H-04-001,C,"The head of a crested ibis (Ibis comata), neck curving backwards.",ꜣḫ,Phonemogram,H20,"207,8",H20,,,HJ H020
13D1E,U+13D1E,,H-04-002,C,"The head of a crested ibis (Ibis comata), with a beak with a downward angled tip, with a crest of two long feathers on the head, neck curving backwards,",ꜣḫ,Phonemogram/logogram (spirits),H2A,"207,9",H2A,,,HJ H002A
13D1F,U+13D1F,,H-06-006,C,"The head of a griffon vulture (Gyps fulvus), with a straight neck.",nr,Phono-repeater,H44,,H44,,,HJ H044
13D20,U+13D20,,H-07-007,,,,,H5A,"209,1",H5A,,,HJ H005A
13D21,U+13D21,,H-07-010,,,,,H5B,"209,4",H5B,,,HJ H005B
13D22,U+13D22,,H-08-011,,,,,H30,"209,14",H30,,,HJ H030
13D23,U+13D23,,H-08-012,C,"A feather (H6), angled forwards, on top of a wide cup (W10).",šps,Phonemogram,H26,,H26,,,HJ H026
13D24,U+13D24,,H-08-016,C,"A feather (H6), angled forwards, on top of strip of land, with three grains of sand written beneath it (N16).",tꜣš,Phonemogram,H45,,H45,,,HJ H045
13D25,U+13D25,,H-08-017,C,"Two feathers, connected back-to-back.",šw.ty,Classifier double feather,H41,,H41,,,HJ H041
13D26,U+13D26,,H-09-001,C,"The leg of a bird, as if drawn towards the body.",r,Phonemogram,H31,"210,1",H31,,,HJ H031
13D27,U+13D27,,H-09-007,,,,,H32,"210,7",H32,,,HJ H032
13D28,U+13D28,,H-09-008,C,The schematic representation of the claw of a bird.,ꜥn.t,"Logogram (claw, talon)",H25,,H25,,,HJ H025
13D29,U+13D29,,H-10-005,C,"A duckling, with open beak, outstretched wings on either side of the body, and the legs drawn towards the body (G47), inside an egg (H8).",ꞽm.yw-swḥ.t,Logogram (one who is within an egg),H34,,H34,,,HJ H034
13D2A,U+13D2A,,H-10-006,C,"An egg (H8), on top of a standard used for carrying religious symbols (R12).",dwꜣw,Logogram (Duau (divinity)),H46,,H46,,,HJ H046
13D2B,U+13D2B,,H-11-003,C,The head and upper body of an owl.,m,Phonemogram,H38,,H38,,,HJ H038
13D2C,U+13D2C,,H-11-004,C,The head and upper body of a quail chick (Coturnix coturnix).,w,Phonemogram,H39,,H39,,,HJ H039
13D2D,U+13D2D,,H-11-005,C,The head and upper body of an Egyptian vulture (Neophron percnopterus).,ꜣ,Phonemogram,H40,,H40,,,HJ H040
13D2E,U+13D2E,,H-11-006,C,The head and upper body of a greater white-fronted goose (Anser albifrons). ,gb,Phonemogram,H42,,H42,,,HJ H042
13D2F,U+13D2F,,I-01-002,C,"A snake with human arms, extended at the sides, with the forearms angling forward.",nḥb-kꜣ.w,Logogram (Nehebkau (divinity)),I28,"211,2",I28,,,HJ I028
13D30,U+13D30,,I-01-003,C,"A hardun lizard (laudakia stellio), seen from the side.",ḏnf,Classifier hardun lizard,,,,,,I001A
13D31,U+13D31,,I-02-002,C,"A freshwater turtle, with a knife with a triangular blade and straight handle (T30A) at either leg, blade inwards.",ḏwḏw,Classifier evil,,,,,,I002A
13D32,U+13D32,,I-03-004,C,"A cult image of a crocodile (I5A), on top of a wickerwork basket (V30).",nꞽw,Classifier Nun,,,,,,I005D
13D33,U+13D33,,I-03-005,C,"A cult image of a crocodile, wearing a headdress consisting of two feathers, connected back-to-back (H41) on its head.",sbk,Logogram (Sobek (divinity)),,,,,,I005C
13D34,U+13D34,,I-03-009,C,"A Nile crocodile (Crocodylus niloticus), with a feather (H6), angled forwards, on its head.",ꞽḳr,"Logogram (Iqer, 6th nome of Upper Egypt)",I3A,"211,6",I3A,,,HJ I003A
13D35,U+13D35,,I-03-010,C,"A Nile crocodile (Crocodylus niloticus), with a flagellum (S45) on its back.",sbk,Classifier divinity (Sobek),,,,,,I018D
13D36,U+13D36,,I-03-012,C,"A Nile crocodile (Crocodylus niloticus), with a feather (H6), angled forwards, on its head, with a spear, arrow without fletching or a harpoon without handle, written vertically, tip downwards on its back; on top of a standard used for carrying religious symbols, with a short vertical pole, with a loop under the horizontal beam, running over the vertical pole (R56).",ꞽḳr,"Logogram (Iqer, 6th nome of Upper Egypt)",,,,,,I106B
13D37,U+13D37,,I-03-014,C,"A Nile crocodile (Crocodylus niloticus), with a feather (H6), angled backwards, on its head; on top of a standard used for carrying religious symbols (R12).",ṯꜣm.t,Logogram (Medinet Habu),,,,,,I106D
13D38,U+13D38,,I-03-015,C,"A Nile crocodile (Crocodylus niloticus), with a feather (H6), angled backwards, on its head, and a knife with triangular blade and straight handle (T30A) vertically on its back, blade towards the front; on top of a standard used for carrying religious symbols (R12), on top of a parcel of land with irrigation ditches (N24).",ꞽḳr,"Logogram (Iqer, 6th nome of Upper Egypt)",I106,,I106,,,HJ I106
13D39,U+13D39,,I-03-019,C,"A Nile crocodile (Crocodylus niloticus), with a two-barbed harpoon, with a handle on the shaft, written vertically (T21A), on its nose and on its back, near the hip.",ꞽm.yw-mw,Classifier water animal,I3C,"211,9",I3C,,,HJ I003C
13D3A,U+13D3A,,I-03-021,C,"A Nile crocodile (Crocodylus niloticus), with a two-barbed harpoon, with a handle on the shaft, written vertically (T21A), on its nose.",ḫꜥw,Classifier enemy in crocodile form,I3B,"211,10",I3B,,,HJ I003B
13D3B,U+13D3B,,I-03-022,C,"A Nile crocodile (Crocodylus niloticus), with a knife with a triangular blade and straight handle (T30A) on its nose, blade outwards.",ꜥfꜥ,Logogram (crocodile),I3G,,I3G,,,HJ I003G
13D3C,U+13D3C,,I-03-025,C,"A Nile crocodile (Crocodylus niloticus), with a two-barbed harpoon, with a handle on the shaft, written vertically (T21A), on its back.",ḥnt.y,Classifier enemy in crocodile form,I3K,,I3K,,,HJ I003K
13D3D,U+13D3D,,I-03-030,C,"A Nile crocodile (Crocodylus niloticus), with four two-barbed harpoon, with a handle on the shaft, written vertically (T21A), two on the head, two on the back.",mg(ꜣ),Classifier enemy in crocodile form,,"212,3",,,,I003P
13D3E,U+13D3E,,I-03-032,C,"A Nile crocodile (Crocodylus niloticus), with its head facing backwards.",ḥnt.y,Classifier crocodile,I3E,,I3E,,,HJ I003E
13D3F,U+13D3F,,I-03-033,C,"A Nile crocodile (Crocodylus niloticus), with its head facing backwards, with a two-barbed harpoon, with a handle on the shaft, written vertically (T21A), on its head. ",mg(ꜣ),Logogram (crocodile),I3J,,I3J,,,HJ I003J
13D40,U+13D40,,I-03-039,C,"A Nile crocodile (Crocodylus niloticus) with its tail curved forward, below the body (I5), wearing a headdress consisting of two feathers on top of the horns of a ram (S77). ",sbk,Logogram (Sobek (divinity)),I18,,I18,,,HJ I018
13D41,U+13D41,,I-03-041,C,"A Nile crocodile (Crocodylus niloticus) with its tail curved forward, below the body, with a two-barbed harpoon, with a handle on the shaft, written vertically (T21A), on its head and its back, near the hip.",sꜣḳ,Logogram (to gather),I5B,"212,9",I5B,,,HJ I005B
13D42,U+13D42,,I-03-044,C,"A Nile crocodile (Crocodylus niloticus) on top of a shrine (I4), wearing the Atef crown (S8).",sbk,Logogram (Sobek (divinity)),,,,,,I004B
13D43,U+13D43,,I-03-045,C,"A Nile crocodile (Crocodylus niloticus) on top of a shrine (I4), with the sun, encircled by a cobra (Naja haje), standing up, with expanded hood (uraeus) (N6) on top of its head. ",sbk-rꜥ,Logogram (Sobek-Re (divinity)),,,,,,I004C
13D44,U+13D44,,I-03-046,C,"A Nile crocodile (Crocodylus niloticus), wearing a headdress consisting of two feathers on top of the horns of a ram (S77). ",ꞽty,Logogram (sovereign),,,,,,I018E
13D45,U+13D45,,I-03-047,C,"A Nile crocodile (Crocodylus niloticus), wearing a headdress consisting of two feathers on top of the horns of a ram, with a cobra (Naja haje), standing up, with expanded hood (uraeus), with sun disks its head on either side of the feathers, orientated outwards.",sbk,Logogram (Sobek (divinity)),I18C,,I18C,,,HJ I018C
13D46,U+13D46,,I-03-049,C," Nile crocodile (Crocodylus niloticus), with the horns of a goat (F107) on its head.",f,Phonemogram,,,,,,I018F
13D47,U+13D47,,I-03-052,C," Nile crocodile (Crocodylus niloticus), with the horns of a goat (F107) on its head, with a flagellum (S45) on its back.",,?,,,,,,I018G
13D48,U+13D48,,I-03-053,C," Nile crocodile (Crocodylus niloticus), on a base, with the sun, encircled by a cobra (Naja haje), standing up, with expanded hood (uraeus) (N6) on top of its head.",sbk-rꜥ,Logogram (Sobek-Re (divinity)),,,,,,I018H
13D49,U+13D49,,I-03-054,C,"Two Nile crocodiles (Crocodylus niloticus), crossed over each other at an angle, facing outwards.",sbk.wy,Classifier the two crocodiles,I134,,I134,,,HJ I134
13D4A,U+13D4A,,I-04-001,C,The head of a crocodile.,ꜣ.t,Logogram (moment of attack),I19,"212,11",I19,,,HJ I019
13D4B,U+13D4B,,I-04-005,C,"A piece of crocodile skin with horizontal spines, or tail of a crocodile (I6), written inside a plan of a crossroads in a village (O49).",km.t,Logogram (Egypt),I20,"212,15",I20,,,HJ I020
13D4C,U+13D4C,,I-04-012,C,A piece of crocodile skin with vertical spines.,km,Phonemogram,I6D,"213,4",I6D,,,HJ I006D
13D4D,U+13D4D,,I-04-013,C,A round piece of crocodile skin with spines.,km,Phonemogram,I6A,"213,6",I6A,,,HJ I006A
13D4E,U+13D4E,,I-04-015,C,A round piece of crocodile skin with spines.,km,Phonemogram,N28C,"275,7",N28C,,,HJ N028C
13D4F,U+13D4F,,I-04-016,,,,,I6B,"213,9",I6B,,,HJ I006B
13D50,U+13D50,,I-04-018,,A curved piece of crocodile skin with horizontal spines.,,,I6C,"213,11",I6C,,,HJ I006C
13D51,U+13D51,,I-05-002,C,"A frog or toad (I7), on top of a cartouche in a round form (V9).",,Logogram Hfn (one hundred thousand),I21,"213,15",I21,,,HJ I021
13D52,U+13D52,,I-05-003,C,"A frog or toad (I7), on top of a wickerwork basket (V30).",ḥḳ.t,Logogram (Heqet (divinity)),,,,,,I021A
13D53,U+13D53,,I-05-005,C,"A tadpole (I8), on top of a cartouche in a round form (V9).",ḥfn,Logogram (one hundred thousand),I8A,,I8A,,,HJ I008A
13D54,U+13D54,,I-06-001,C,A snake.,ꜥḥꜥ,Classifier snake,I9A,"214,2",I9A,,,I009D
13D55,U+13D55,,I-06-004,C,"A snake entering into an open rectangle, with the long sides of equal length.",ꜥḳ,Logogram (to enter),I25C,"214,4",I25A,,,I025A
13D56,U+13D56,,I-06-005,C,"A snake entering into an open rectangle, with the top line shorter than the bottom line.",ꜥḳ,Logogram (to enter),I25A,"214,5",I25C,,,I025C
13D57,U+13D57,,I-06-006,C,A snake coming out of a open rectangle.,prꞽ,Logogram (to go forth),I24A,"214,6",I24A,,,HJ I024A
13D58,U+13D58,,I-06-008,C,"A snake with a coiled tail, coming out of an open oval.",prꞽ,Logogram (to go forth),I126,"214,8",I126,,,HJ I126
13D59,U+13D59,,I-06-009,C,"A snake, written vertically.",ꜥḥꜥ,Classifier snake,I9C,"214,9",I9C,,,HJ I009C
13D5A,U+13D5A,,I-06-010,C,"A snake with a coiled tail, written vertically",ꜥḥꜥ.w,Logogram (lifetime),I114,,I114,,,HJ I114
13D5B,U+13D5B,,I-06-011,C,"A snake, upon two sets of legs in a walking posture, feet orientated towards the reading direction (D54).",ꞽnḏ,Phonemogram,I96A,,I96VARA,,,I096A
13D5C,U+13D5C,,I-07-003,C,"A horned desert viper (Cerastes cerastes) (I9), written inside an oval with a rippled line (water).",nf,Phonemogram,I112,,I112,,,HJ I112
13D5D,U+13D5D,,I-07-004,C,"A horned desert viper (Cerastes cerastes), written vertically.",f,Phonemogram,I9B,"214,13",I9B,,,HJ I009B
13D5E,U+13D5E,,I-07-008,C,"A horned desert viper (Cerastes cerastes) (I9), with a round loaf of bread in a wide cup (X2D) on its back.",ꞽt,Logogram (father),I118,,I118,,,HJ I118
13D5F,U+13D5F,,I-07-010,C,"A horned desert viper (Cerastes cerastes) (I9), coming out of something resembling a representation of two ribs, written parallel (Aa15).",py,Phonemogram,I24B,"215,5",I24B,,,HJ I024B
13D60,U+13D60,,I-07-013,,,,,I25,"215,7",I25,,,HJ I025
13D61,U+13D61,,I-07-016,C,"A horned desert viper (Cerastes cerastes) (I9), written inside an oval.",rn=f,Phonemogram/logogram (his name),,,,,,I026A
13D62,U+13D62,,I-07-017,C,"A horned desert viper (Cerastes cerastes) (I9), coming out of a house or enclosure (O1), written on its side.",prꞽ,Logogram (to go forth),I117,,I117,,,HJ I117
13D63,U+13D63,,I-07-019,C,"A horned desert viper (Cerastes cerastes) (I9), upon two sets of legs in a walking posture, feet orientated towards the reading direction (D54).",ꞽnḏ,Phonemogram,I96,,I96,,,HJ I096
13D64,U+13D64,,I-07-021,C,"A horned desert viper (Cerastes cerastes) (I9), coming out of an open rectangle, with the top line shorter than the bottom line (I24); on top of legs in a walking posture, feet orientated towards the reading direction (D54).",prꞽ,Logogram (to go forth),,,,,,I150
13D65,U+13D65,,I-08-001,C,A snake with the head of a ram with horizontal horns.,wr-ḥkꜣ.w,Logogram (divinity),I27,"215,9",I27,,,HJ I027
13D66,U+13D66,,I-09-004,,,,,I10B,,I10B,,,HJ I010B
13D67,U+13D67,,I-09-011,C,"A cobra in repose (Naja haje), with its tail curved forward below the body.",ḏ.t,Phonemogram/logogram (eternity),I123,"216,4",I123,,,HJ I123
13D68,U+13D68,,I-09-012,C,"A cobra in repose (Naja haje), with human arms, extended forwards, one arm horizontal, holding a vessel with something in it, other arm above the vessel.",ḏ.t,Logogram (eternity),I30,"216,5",I30,,,HJ I030
13D69,U+13D69,,I-09-016,C,"A cobra in repose (Naja haje) (I10), with a feather (H6) on its back, angling backwards; on top of a standard used for the carrying of religious symbols with the vertical stick at the far side (R92A). ",ḳbḥ.wt,Classifier divinity,I31C,,I31C,,,HJ I031C
13D6A,U+13D6A,,I-09-017,C,"A cobra in repose (Naja haje) (I10), with a feather (H6) on its back, angling backwards; on top of a standard used for carrying religious symbols (R12).",ṯn.w,"Logogram/phonemogram (boundry, cliff)",I31A,,I31A,,,HJ I031A
13D6B,U+13D6B,,I-09-019,C,"A cobra in repose (Naja haje) (I10), upon a rounded stick and a ?stela?, with a feather (H6) on its back, angled backwards.",ṯn.w,"Logogram (boundry, cliff)",I121,,I121,,,HJ I121
13D6C,U+13D6C,,I-09-020,C,"A cobra in repose (Naja haje) (I10), upon a standard resembling a folded piece of cloth (S29), with a feather (H6) vertically on its back, in line with the standard.",ḳbḥ.wt,Classifier divinity,I119,,I119,,,HJ I119
13D6D,U+13D6D,,I-09-028,C,"A cobra in repose (Naja haje) (I10), written below a cobra in repose (Naja haje) (I10); on top of standard used for carrying religious symbols, with a loop under the horizontal beam, running over the vertical pole (R12A).",ṯn.wy,Logogram (the two mountain ranges of the Nile valley),I122,,I122,,,HJ I122
13D6E,U+13D6E,,I-09-029,C,"A cobra in repose (Naja haje) (I10), written below a cobra in repose (Naja haje) (I10) with a feather (H6) on its back, angling backwards (I31); on top of standard used for carrying religious symbols, with a loop under the horizontal beam, running over the vertical pole (R12A).",ṯn.wy,Logogram (the two mountain ranges of the Nile valley),I124,"216,12",I124,,,HJ I124
13D6F,U+13D6F,,I-09-033,C,"A mummy with a long-curved beard, standing upright (A53), encircled by a cobra in repose (Naja haje), with its head above the head of the mummy, with the tip of the tail in front of the mummy.",ḏ.t,Logogram (eternity),I33,,I33,,,HJ I033
13D70,U+13D70,,I-09-034,C,"A cobra in repose (Naja haje) (I10), wearing the red crown (S3).",nt,Phonemogram,I99,,I99,,,HJ I099
13D71,U+13D71,,I-09-043,C,"A house or enclosure (O1), with two long vertical lines on top of it, with a cobra in repose (Naja haje) (I10) written over the two vertical lines.",mḏ,Phonemogram,I120,,I120,,,HJ I120
13D72,U+13D72,,I-09-044,C,"A cobra in repose (Naja haje) (I10), written over the white crown (S1), with a sun disk (N5) written between the crown and the vertical section of the tail of the cobra.",ḥḏ,"Phonemogram (in ḥḏ-tꜣ, dawn, daybreak)",,,,,,I151
13D73,U+13D73,,I-10-001,C,"A cobra in repose (Naja haje), with its tail curved forwards below the body, with a forward downward line of liquid coming from the mouth, which ends in a vessel in front of the tip of the tail.",ḳr.t,Logogram (cavern),I40,"217,5",I40,,,HJ I040
13D74,U+13D74,,I-10-003,C,"A cobra in repose (Naja haje), with a forward downward line of liquid coming from the mouth, which ends in a vessel.",ḳr.t,Logogram (cavern),,,,,,I040H
13D75,U+13D75,,I-10-004,C,"A cobra in repose (Naja haje), with its tail curved forwards below the body, with a vessel in front of the tip of its tail.",ḳr.t,Logogram (cavern),I40F,"217,7",I40F,,,HJ I040F
13D76,U+13D76,,I-10-008,C,"A cobra in repose (Naja haje), tail facing forwards, with a forward, downward line of liquid issuing from the mouth, on top of the right side of the sky (N44).",ḳr.t,Logogram (cavern),I40C,"217,11",I40C,,,HJ I040C
13D77,U+13D77,,I-10-009,C,"A cobra in repose (Naja haje), tail facing forward, with a forward, downward line of liquid issuing from the mouth, on top of the left side of the sky (N44-mirror).",ḳr.t,Logogram (cavern),I40D,"217,12",I40D,,,HJ I040D
13D78,U+13D78,,I-10-014,C,"A cobra in repose (Naja haje), tail facing forwards, with a forward, downward line of liquid issuing from the mouth, on top of the right side of the sky (N44), facing its mirror, with the two lines of liquid ending in a vessel which sits between the two signs.",ḳr.ty,"Logogram (the two holes, the two caverns)",I41,"218,2",I41,,,HJ I041
13D79,U+13D79,,I-11-001,C,"A cobra (Naja haje), standing up, with expanded hood (uraeus).",,Classifier female divinity,I64,"218,3",I64,,,HJ I064
13D7A,U+13D7A,,I-11-003,C,"A cobra (Naja haje), standing up, with expanded hood (uraeus) (I64), on top of a wickerwork basket (V30).",nb.t,Logogram (lady (in nb.ty)),I13A,,I13A,,,HJ I013A
13D7B,U+13D7B,,I-11-006,C,"A cobra (Naja haje), standing up, with expanded hood (uraeus) (I64), with a forward, downward dotted line coming from the mouth.",nsr.t,"Logogram (fire, flame)",I43,"218,7",I43,,,HJ I043
13D7C,U+13D7C,,I-11-007,C,"A cobra (Naja haje), standing up, with expanded hood (uraeus) (I64), with three forward, downward lines coming from the mouth.",nsr.t,"Logogram (fire, flame)",,,,,,I043A
13D7D,U+13D7D,,I-11-008,C,"Two cobras (Naja haje), standing up, with expanded hood (uraeus) (I64), overlapping each other.",wḏꜣ.ty,Classifier the two udjat eyes,I44,"218,8",I44,,,HJ I044
13D7E,U+13D7E,,I-11-009,C,"Three cobras (Naja haje), standing up, with expanded hood (uraeus) (I64), overlapping each other.",nṯr.wt,Logogram (goddesses),I45,"218,9",I45,,,HJ I045
13D7F,U+13D7F,,I-11-011,C,"Nine cobras (Naja haje), standing up, with expanded hood (uraeus), in a row, with overlapping bodies.",psḏ.t,Classifier Ennead,I46,"218,10",I46,,,HJ I046
13D80,U+13D80,,I-11-012,,,,,I47,"218,11",I47,,,HJ I047
13D81,U+13D81,,I-11-013,,,,,I47A,,I47A,,,HJ I047A
13D82,U+13D82,,I-11-016,C,"A cobra (Naja haje), standing up, with expanded hood (uraeus) (I64), on top of a standard used for the carrying of religious symbols with the vertical stick at the far side (R92A). ",nṯr.t,Logogram (goddess),I50,"218,14",I50,,,HJ I050
13D83,U+13D83,,I-11-017,C,"A cobra (Naja haje), standing up, with expanded hood (uraeus) (I64), in front of a half round loaf of bread (X1) above an egg (H8); on top of a standard used for the carrying of religious symbols with the vertical stick at the far side (R92A). ",nṯr.t,Logogram (goddess),I105,,I105,,,HJ I105
13D84,U+13D84,,I-11-018,C,"A cobra (Naja haje), standing up, with expanded hood (uraeus) (I64), on top of standard used for carrying religious symbols, with a loop under the horizontal beam, running over the vertical pole (R12A).",nṯr.t,Logogram (goddess),I50A,,I50A,,,HJ I050A
13D85,U+13D85,,I-11-019,,,,,I51,"218,15",I51,,,HJ I051
13D86,U+13D86,,I-11-026,,,,,I54,,I54,,,HJ I054
13D87,U+13D87,,I-11-027,C,"Three cobras (Naja haje), standing up, with expanded hood (uraeus) (I64), overlapping each other, on top of a standard used for the carrying of religious symbols with the vertical stick at the far side (R92A). ",nṯr.wt,Logogram (goddesses),,,,,,I053B
13D88,U+13D88,,I-11-029,C," A cobra (Naja haje), standing up, with expanded hood (uraeus) (I64), wearing the white crown (S1).",wꜣḏ.t,Classifier uraeus snake,I55,"219,6",I55,,,HJ I055
13D89,U+13D89,,I-11-030,C," A cobra (Naja haje), standing up, with expanded hood (uraeus) (I64), wearing the white crown (S1), on top of a wickerwork basket (V30).",nb.t,Logogram (lady (in nb.ty)),I56,"219,7",I56,,,HJ I056
13D8A,U+13D8A,,I-11-033,C," A cobra (Naja haje), standing up, with expanded hood (uraeus) (I64), wearing the red crown (S3).",n,Phonemogram,I58,"219,9",I58,,,HJ I058
13D8B,U+13D8B,,I-11-034,C," A cobra (Naja haje), standing up, with expanded hood (uraeus) (I64), wearing the red crown (S3), on top of a wickerwork basket (V30).",nb.t,Logogram (lady (in nb.ty)),I59,"219,10",I59,,,HJ I059
13D8C,U+13D8C,,I-11-035,C,"Two cobras (Naja haje), standing up, with expanded hood (uraeus) (I64), overlapping each other, the first cobra wearing the white crown (S1), the second cobra wearing the red crown (S3).",wꜣḏ.ty,Classifier the two uraeus snakes,I60,"219,11",I60,,,HJ I060
13D8D,U+13D8D,,I-11-042,C,"A cobra (Naja haje), standing up, with expanded hood (uraeus) (I64), wearing a headdress consisting of a sun disk between the horns of a bovid (F102).",ḥw.t-ḥr,Logogram (Hathor),I62,"219,15",I62,,,HJ I062
13D8E,U+13D8E,,I-11-043,C,"A cobra (Naja haje), standing up, with expanded hood (uraeus) (I64), wearing a headdress consisting of a sun disk between the horns of a bovid (F102), on top of a standard used for the carrying of religious symbols with the vertical stick at the far side (R92A). ",nṯr.t,Logogram (goddess),,,,,,I062A
13D8F,U+13D8F,,I-11-045,C,"A cobra (Naja haje), standing up, with expanded hood (uraeus) (I64), wearing a headdress consisting of two plumes (S9).",rnn.wtt,Logogram (Renenutet),I63,"220,1",I63,,,HJ I063
13D90,U+13D90,,I-11-050,C,"A cobra (Naja haje), standing up, with expanded hood (uraeus), with a coiled tail, resembling a sideways number 8.",mḥn,Phonemogram/logogram (to encircle with),,,,,,I012B
13D91,U+13D91,,I-11-051,C,"Two cobras (Naja haje), standing up, with expanded hood (uraeus), with a coiled tail (I12), overlapping each other.",ꞽꜥr.ty,"Classifier snake, uraeus",,,,,,I012A
13D92,U+13D92,,I-11-054,C,"A cobra (Naja haje), standing up, with expanded hood (uraeus), with a coiled tail (I12), written over a sceptre with a straight shaft, a forked base, topped with the head of the Seth animal (S40), angling forwards, with a cartouche in a round form (V9) with the loop around the staff.",wꜣḏ.t,Logogram (Wadjet (divinity),I65,"220,6",I65,,,HJ I065
13D93,U+13D93,,I-11-057,C,"A cobra (Naja haje), standing up, with expanded hood (uraeus), with a coiled tail (I12), wearing the red crown (S3), upon a wickerwork basket (V30).",nb.t,Logogram (lady (in nb.ty)),I67,"220,9",I67,,,HJ I067
13D94,U+13D94,,I-11-058,C,"A cobra (Naja haje), standing up, with expanded hood (uraeus), with a coiled tail (I12), wearing the red crown (S3), with a flagellum (S45) on its back; upon a wickerwork basket (V30).",wr.t,Classifier uraeus,,,,,,I059A
13D95,U+13D95,,I-11-060,C,"A cobra (Naja haje), standing up, with expanded hood (uraeus), with a coiled tail (I12), wearing the white crown (S1), upon a wickerwork basket (V30).",nb.t,Logogram (lady (in nb.ty)),I68,"220,11",I68,,,HJ I068
13D96,U+13D96,,I-11-063,C,"A cobra (Naja haje), standing up, with expanded hood (uraeus), with a coiled tail (I12), wearing a headdress consisting of two plumes (S9).",rnn.wtt,Logogram (Renenutet),,,,,,I069A
13D97,U+13D97,,I-11-064,C,"A cobra (Naja haje), standing up, with expanded hood (uraeus), with its tail going forwards, over its head.",mḥn.t,Logogram (uraeus),I70,"220,13",I70,,,HJ I070
13D98,U+13D98,,I-11-067,C,"A cobra (Naja haje), standing up, with expanded hood (uraeus), with its tail coiled in an elaborate pattern.",mḥn,Classifier coil (of a snake),,,,,,I070E
13D99,U+13D99,,I-11-070,C,"A cobra (Naja haje), standing up, with expanded hood (uraeus), with its tail coiled, one coil horizontally, with the tail going forwards, over the head after this coil.",mḥn.t,Logogram (uraeus),,"220,16",I70A,,,I070A
13D9A,U+13D9A,,I-11-071,C,"A cobra (Naja haje), standing up, with expanded hood (uraeus), with its tail coiled, with two coils, with the tail going forwards, over the head after the second coil.",mḥn.t,Logogram (uraeus),I70B,"221,1",,,,I070B
13D9B,U+13D9B,,I-11-073,C,"A cobra (Naja haje), standing up, with expanded hood (uraeus), with its tail going backwards, over its head.",mḥn.t,Logogram (uraeus),I71,"221,3",I71,,,HJ I071
13D9C,U+13D9C,,I-11-078,,,,,I73,"221,7",I73,,,HJ I073
13D9D,U+13D9D,,I-11-081,C,"A cobra (Naja haje), standing up, with expanded hood (uraeus), with a coiled tail, consisting of three horizontal coils, arranged vertically.",mḥn.t,Logogram (uraeus),I74,"221,10",I74,,,HJ I074
13D9E,U+13D9E,,I-11-084,,,,,I75,"221,13",I75,,,HJ I075
13D9F,U+13D9F,,I-11-085,,,,,I76,"221,14",I76,,,HJ I076
13DA0,U+13DA0,,I-11-086,C,"A cobra, with the head of a bovid.",nb.t ꞽwn.t,Logogram (lady of Dendera),I107,"221,15",I107,,,HJ I107
13DA1,U+13DA1,,I-11-087,C,"A cobra, with the head of a bovid, with a sun disk between the horns.",nb.t ꞽwn.t,Logogram (lady of Dendera),I107A,,I107A,,,HJ I107A
13DA2,U+13DA2,,I-11-088,C,A cobra with the head of a leonid.,n rḫ,Phonemogram/logogram (to not know),I77,"222,1",I77,,,HJ I077
13DA3,U+13DA3,,I-11-091,C,A cobra with the head of a female.,n rḫ,Phonemogram/logogram (to not know),I78,"222,3",I78,,,HJ I078
13DA4,U+13DA4,,I-11-092,C,"A cobra with the head of a female, with a coiled tail.",n rḫ,Phono-repeater,I78A,"222,4",I78A,,,HJ I078A
13DA5,U+13DA5,,I-11-093,C,"A cobra with the head of a female, with a coiled tail, wearing a headdress consisting of the horns of a ram with two plumes on top of it (S62).",n rḫ,Phonemogram/logogram (to not know),I79A,"222,5",I79A,,,HJ I079A
13DA6,U+13DA6,,I-11-094,,,,,I79,"222,6",I79,,,HJ I079
13DA7,U+13DA7,,I-11-095,C,"A cobra with the head of a female, with a coiled tail, wearing a headdress consisting of two plumes (S9).",rnn.wtt,Logogram (Renenutet),,,,,,I139
13DA8,U+13DA8,,I-11-097,C,"A cobra with the head of a falcon, with a feather (H6) on its head, vertically, with a coiled tail, consisting of four coils.",(ꞽ)ḫr,Phonemogram,,,,,,I090A
13DA9,U+13DA9,,I-11-100,C,"Two bows, strung together as a package, with the four tips of the bow represented as uraei.",n,Phonemogram,I130,,I130,,,HJ I130
13DAA,U+13DAA,,I-11-101,C,"A cobra (Naja haje), standing up, with expanded hood (uraeus) (I64), with a forward, downward dotted line coming from the mouth (I43), on top of the corner of a wall (O38); facing its mirror.",ḳr.ty,Logogram (the two caverns),,,,,,I152
13DAB,U+13DAB,,I-12-001,C,"A cobra in repose (Naja haje), standing up.",,Classifier snake,I80,"222,7",I80,,,HJ I080
13DAC,U+13DAC,,I-12-002,,,,,I81,"222,8",I81,,,HJ I081
13DAD,U+13DAD,,I-12-004,C,"A cobra in repose (Naja haje), with its tail coiled up, in a single coil.",,Classifier snake,I80A,"222,10",I80A,,,HJ I080A
13DAE,U+13DAE,,I-12-005,C,"A horned desert viper (Cerastes cerastes), with its tail coiled up in a single coil.",f,Phonemogram,,,,,,I080B
13DAF,U+13DAF,,I-12-012,C,"A snake, with its head facing its tail, with a knife with a triangular blade and straight handle (T30A) at its neck, and two over its body in the horizontal section.",nḥꜣ-ḥr,"Classifier snake, serpent",,,,,,I084A
13DB0,U+13DB0,,I-12-013,,,,,I85,"223,5",I85,,,I085
13DB1,U+13DB1,,I-13-002,C,"A horned viper (Cerastes cerastes) with a coiled tail, consisting of two coils that are lower than the head.",f,Phonemogram,,,,,,I089B
13DB2,U+13DB2,,I-13-006,C,"A horned viper (Cerastes cerastes) with a coiled tail, consisting of two coils that are of the same height as the head.",f,Phonemogram,,,,,,I089A
13DB3,U+13DB3,,I-13-007,C,"A snake with a coiled tail, consisting of two coils (I14), wearing the red crown (S3).",n & bꜣ,Phonemogram n and logogram bꜣ (soul),,,,,,I081A
13DB4,U+13DB4,,I-13-008,C,"A snake with a coiled tail, consisting of two coils, head down, with a knife with a triangular blade and straight handle (T30A), written vertically on its head, blade inwards.",ꜥꜣpp,Classifier snake,I86,"223,9",,,,I086X
13DB5,U+13DB5,,I-13-012,,,,,,,I86,,,I086
13DB6,U+13DB6,,I-13-013,C,"A snake, with a coiled tail, with it head in a hole.",ꜥ,Phonemogram,I127,,I127,,,HJ I127
13DB7,U+13DB7,,I-13-014,C,"A cobra (Naja haje), standing up, with expanded hood (uraeus), with a coiled tail, consisting of three coils.",šꜣw,Logogram (Shai (divinity)),I15B,"233,15",I15B,,,HJ I015B
13DB8,U+13DB8,,I-13-016,C,"A snake with a coiled tail, consisting of three coils.",ḥfꜣw,"Classifier snake, serpent",I14C,"224,2",I14C,,,HJ I014C
13DB9,U+13DB9,,I-13-019,C,"A snake with the head of a bird, with its tail coiled around itself, with the tip of the tail below the neck.",pẖr-ḥr,"Classifier snake, serpent",I88,"224,4",I88,,,HJ I088
13DBA,U+13DBA,,I-13-020,,,,,I89,"224,6",I89,,,HJ I089
13DBB,U+13DBB,,I-13-021,C,"A snake with a coiled tail, consisting of three coils, with a knife with a triangular blade and straight handle (T30A), written vertically on each coil, blade forwards.",ꜥꜣpp,Classifier snake,I86A,"224,5",I86A,,,HJ I086A
13DBC,U+13DBC,,I-13-022,C,"A snake with a coiled tail, consisting of three coils, with the tail towards the front, below the body after the third coil, head down.",ḥf(ꜣ).t,Classifier snake,I86B,"224,7",I86B,,,HJ I086B
13DBD,U+13DBD,,I-13-024,C,"A snake with a coiled tail, consisting of three coils, head downwards, with a knife with a triangular blade (T30A) written on each coil of the tail, at a forward angle, blade down.",bṯw,Classifier snake/enemy,,"224,9",,,,I086J
13DBE,U+13DBE,,I-13-025,C,"A snake with a coiled tail, consisting of three coils, head upward, with a knife with a triangular blade (T30A) written on each coil of the tail, at a forward angle, blade down.",ꜥꜣpp,Classifier snake/enemy (Apophis),,,,,,I086K
13DBF,U+13DBF,,I-13-026,C,"A snake with a coiled tail, consisting of three coils, head down.",ꜥꜣpp,Classifier snake/enemy (Apophis),,,,,,I086I
13DC0,U+13DC0,,I-13-027,C,"A snake with a coiled tail, consisting of three coils, head down, with a knife with a triangular blade and straight handle (T30A) written vertically on the head of the snake, blade inwards.",ḏw-ḳd,Classifier snake,I86E,"224,10",I86E,,,HJ I086E
13DC1,U+13DC1,,I-13-028,C,"A snake with a coiled tail, consisting of three coils, head down, with a knife with a triangular blade and straight handle (T30A) written vertically on the head of the snake and the tip of the tail, blade towards the back.",ꜥꜣpp,Classifier snake/enemy (Apophis),I86F,"224,11",I86F,,,HJ I086F
13DC2,U+13DC2,,I-13-029,,,,,I86G,"224,12",I86G,,,HJ I086G
13DC3,U+13DC3,,I-13-030,C,"A snake with a coiled tail, with three coils, head vertically down, with the tail towards the front, below the body after the third coil, head down, with a knife with a triangular blade and straight handle (T30A) written vertically on each coil, blade towards the back.",ꜥ(ꜣ)pp,Classifier snake/enemy (Apophis),I86D,"224,13",I86D,,,HJ I086D
13DC4,U+13DC4,,I-13-031,C,"A snake with a coiled tail, consisting of four coils.",km-ꜣ.t=f,Classifier snake/divinity,I14A,,I14A,,,HJ I014A
13DC5,U+13DC5,,I-13-032,,,,,I92,"225,1",I92,,,HJ I092
13DC6,U+13DC6,,I-13-033,,,,,I15C,,I15C,,,HJ I015C
13DC7,U+13DC7,,I-13-037,,,,,I86H,"225,4",I86h,,,HJ I086H
13DC8,U+13DC8,,I-13-038,,,,,I87,"225,3",I87,,,HJ I087
13DC9,U+13DC9,,I-14-001,,,,,I93,"225,5",I93,,,HJ I093
13DCA,U+13DCA,,I-15-001,C,"Two cobras (Naja haje), standing up, with expanded hood (uraeus), facing outwards, tails coiled together, with a child, seated on nothing, forelegs separated, right arm raised with hand to mouth, left arm hanging beside the body (A17) written between the two heads.",mḥy.t,Logogram (the north wind),I109,,I109,,,HJ I109
13DCB,U+13DCB,,I-15-002,C,"Two snakes, standing up, facing outwards, tails coiled together, with a plan of a crossroads in a village written between the two heads.",rr,Phonemogram rr and classifier geographical location,I110,,I110,,,HJ I110
13DCC,U+13DCC,,K-01-009,C,A catfish with two upstanding barbels.,rm,Logogram (fish),,,,,,K040
13DCD,U+13DCD,,K-01-014,C,"A fish, at 45 degree, with a V shaped tail, and a long and short fin on either side of the body.",ẖꜣ,Phonemogram,,"226,12",,,,K031
13DCE,U+13DCE,,K-01-016,C,"Two mullets (Mugil cephalus), arranged vertically, on top of a standard used for carrying religious symbols (R12).",ꜥꜣḏ.wy,Logogram (canal of the Two Fishes (in the second nome of Upper Egypt)),,,,,,K003A
13DCF,U+13DCF,,K-01-020,C,"A fish with two small fins above and below the body, and one small fin on its side, near the head.",ꞽn,Phonemogram,,"227,3",,,,K004C
13DD0,U+13DD0,,K-01-024,C,"A fish, at 45 degree, written in an oval, rotated at 45 degree.",Šns,Phonemogram/logogram (Shenes (geographical location)),,"227,7",,,,K028C
13DD1,U+13DD1,,K-01-027,C,"A fish with a small fin on the top and a small and long fin on the bottom (K14), written inside an oval consisting of a wavy line.",rꜥ,Logogram (Re),K15,,K15,,,HJ K015
13DD2,U+13DD2,,K-01-028,C,"A fish with a small fin on the top and a small and long fin on the bottom (K14), written inside an oval.",rꜥ,Phonemogram,,,,,,K015A
13DD3,U+13DD3,,K-01-032,C,"A fish, with its tail orientated downwards.",ẖꜣ,Phonemogram,K4A,"227,12",K4A,,,HJ K004A
13DD4,U+13DD4,,K-01-033,C,"A fish, with its tail orientated downwards (K4A), on top of standard used for carrying religious symbols, with a loop under the horizontal beam, running over the vertical pole (R12A).",ḥꜣ.t-mḥ.yt,Logogram (First-of-fishes nome (16th nome of Lower Egypt)),K17,,K17,,,HJ K017
13DD5,U+13DD5,,K-01-035,C,"A fish, with its tail orientated downwards, with two small fins on either side of its body.",ẖꜣ,Phonemogram,K4B,"227,13",K4B,,,HJ K004B
13DD6,U+13DD6,,K-01-040,C,"A fish with two small fins above the body, written horizontally, on top of legs in a walking posture, feet orientated towards the reading direction (D54).",bsꞽ,"Logogram/phonemogram (to flood out, to emerge)",K18,"228,2",K18,,,HJ K018
13DD7,U+13DD7,,K-01-041,C,"A fish, with its tail orientated downwards (K4A), on top of legs in a walking posture, feet orientated towards the reading direction (D54).",bsꞽ,"Logogram/phonemogram (to flood out, to emerge)",K18B,"228,3",K18B,,,HJ K018B
13DD8,U+13DD8,,K-01-042,C,"A fish, with its tail orientated downwards, with two small fins on either side of its body (K4B), on top of legs in a walking posture, feet orientated towards the reading direction (D54).",bsꞽ,"Logogram/phonemogram (to flood out, to emerge)",,,,,,K018C
13DD9,U+13DD9,,K-01-043,C,"A fish with a small fin on top, angled upwards, on top of legs in a walking posture, feet orientated towards the reading direction (D54).",bsꞽ,"Logogram/phonemogram (to flood out, to emerge)",K18A,"228,4",K18A,,,HJ K018A
13DDA,U+13DDA,,K-01-044,C,A fish with a small fin on the top and a small and long fin on the bottom.,s,Phonemogram,K14,,K14,,,HJ K014
13DDB,U+13DDB,,K-02-001,,,,,K23,"228,8",K23,,,HJ K023
13DDC,U+13DDC,,K-02-002,C,"A fish without a head, with a tail-fin with a deep V like shape.",špt,"Logogram (anger, discontent)",K23A,"228,9",K23A,,,HJ K023A
13DDD,U+13DDD,,K-02-003,C,"A fish without a head, with a tail-fin with a triangular shape.",špt,Logogram (to be angry),,"228,10",,,,K023B
13DDE,U+13DDE,,K-02-004,,,,,K24,,K24,,,HJ K024
13DDF,U+13DDF,,K-02-005,C,"A fish without a head, with a tail-fin with a V like shape, with a fin at either side of the body.",špt,Logogram (to be angry),,"228,11",,,,K024A
13DE0,U+13DE0,,K-02-007,,,,,K26,,K26,,,HJ K026
13DE1,U+13DE1,,L-01-004,C,"A dung beetle, scarab (scarabaeus sacer), with multiple vertical lines over the carapace.",ḫpr,Logogram (to become),,"229,3",,,,L001A
13DE2,U+13DE2,,L-01-005,C,"A dung beetle, scarab (scarabaeus sacer), with the red crown (S3) on its head.",ꜥnḫ-n,Logogram/Phonemogram (life to),,,,,,L001D
13DE3,U+13DE3,,L-01-009,C,"A dung beetle, scarab (scarabaeus sacer) (L1), holding a cartouche in the round form (V9) in its hind legs.",sḥḏ,Logogram (to illuminate),L9,"229,6",L9,,,HJ L009
13DE4,U+13DE4,,L-01-012,C,"A dung beetle, scarab (scarabaeus sacer) (L1), with the fully extended wing of a bird (H5) on either side of the body.",ꜥpy,Classifier winged scarab,L12A,"229,9",L12A,,,HJ L012A
13DE5,U+13DE5,,L-01-013,C,"A dung beetle, scarab (scarabaeus sacer) (L1), with the fully extended wing of a bird (H5) on one side of the body.",prꞽ,Logogram (to go forth),L12,"229,10",L12,,,HJ L012
13DE6,U+13DE6,,L-01-014,C,"A dung beetle, scarab (scarabaeus sacer) (L1), with outstretched wings.",prꞽ,Logogram (to go forth),L11,"229,11",L11,,,HJ L011
13DE7,U+13DE7,,L-01-015,C,"A dung beetle, scarab (scarabaeus sacer) (L1), with outstretched wings, which are curved upwards, connecting, making a circular form.",prꞽ,Logogram (to go forth),,,,,,L011A
13DE8,U+13DE8,,L-01-018,,,,,L14,,L14,,,HJ L014
13DE9,U+13DE9,,L-01-019,C,"A dung beetle, scarab (scarabaeus sacer), with outstretched wings (L11), on top of the sun rising over a sand covered mountain over the edge of the cultivated areas (N27).",pr-m-ꜣḫ.t,Logogram (who goes forth from the horizon),L15,"229,14",L15,,,HJ L015
13DEA,U+13DEA,,L-01-021,C,"A dung beetle, scarab (scarabaeus sacer), with upward pointing outstretched wings, holding a circle in its front legs.",ꜥpy,Logogram (the winged scarab),,"230,2",,,,L015A
13DEB,U+13DEB,,L-01-022,C,"A dung beetle, scarab (scarabaeus sacer), with the head of a falcon.",ḫprr,Logogram (scarab (amulet)),L29,,L29,,,HJ L029
13DEC,U+13DEC,,L-01-023,C,"A dung beetle, scarab (scarabaeus sacer) with the head of a ram, wearing the red crown (S3).",nt,Phonemogram,L32,,L32,,,HJ L032
13DED,U+13DED,,L-01-024,C,"The head and forelegs of a dung beetle, scarab, (scarabaeus sacer).",ḥꜣ.t,Logogram (beginning),L33,,L33,,,HJ L033
13DEE,U+13DEE,,L-02-001,C,A fly.,ꜥff,Classifier fly/insect,L3A,"230,3",L3A,,,HJ L003A
13DEF,U+13DEF,,L-02-003,C,A wasp.,tkk.t,Classifier wasp,L16,,L16,,,HJ L016
13DF0,U+13DF0,,L-03-003,C,"A locust, depicted as a bee without wings.",r,Phonemogram,,,,,,L002B
13DF1,U+13DF1,,L-04-001,C,A praying mantis.,ḳd.t,Logogram (mantis),L17,"230,9",L17,,,HJ L017
13DF2,U+13DF2,,L-06-001,C,A scorpion.,srḳ.t,Classifier scorpion,L19,"230,11",L19,,,HJ L019
13DF3,U+13DF3,,L-06-010,,,,,L28,"231,10",L28,,,HJ L028
13DF4,U+13DF4,,L-06-011,C,"A scorpion (L19), on top of an arrowhead, point facing downwards, in the ground, resembling a cartouche in the round form (T22D).",srḳ.t,Classifier Serket/Selkis,L25,"231,11",L25,,,HJ L025
13DF5,U+13DF5,,L-06-017,C,"A scorpion (L19), on top of a standard used for carrying religious symbols (R12).",srḳ.t,Logogram (Serket/Selkis (divinity)),,,,,,L036
13DF6,U+13DF6,,L-06-018,C,"A covered or winged scorpion, holding a seal, attached to a neck string (S20).",srḳ.t,Logogram (Serket/Selkis (divinity)),,,,,,L038
13DF7,U+13DF7,,L-07-001,C,"A louse, flea or tiny insect.",ꜥpšꜣy.t,Classifier tiny insect,,,,,,L037
13DF8,U+13DF8,,L-07-003,C,A butterfly.,sꜣš,Classifier to open,L34,,L34,,,HJ L034
13DF9,U+13DF9,,L-07-005,C,A click beetle (Lanelater Notodonta).,ꜥnḫ,Classifier beetle,,,,,,L008A
13DFA,U+13DFA,,M-01-004,C,"A tree, with the trunk and foliage separated.",ꞽmꜣ,Phonemogram,M1C,"232,4",M1C,,,HJ M001C
13DFB,U+13DFB,,M-01-005,C,A tree upon a wide base with upstanding edges.,nh.t,Logogram (sycamore),M50A,,M50A,,,HJ M050A
13DFC,U+13DFC,,M-01-015,,,,,M51,,M51,,,HJ M051
13DFD,U+13DFD,,M-01-016,C,"A tree, with a rippled line of water coming from both sides of the top, angling downwards.",ḥw.t,Logogram (rain (divinity)),M217,"487,4",M217,,,HJ M217
13DFE,U+13DFE,,M-01-018,C,"A shield with a round top, with a line coming from either side, angled upwards, on top of a standard used for carrying religious symbols, with a loop under the horizontal beam, running over the vertical pole (R56/R12A).",n.t,"Logogram (Neith, 4th and 5th nomes of Lower Egypt)",,,,,,M260
13DFF,U+13DFF,,M-01-019,C,"A tree (M1), written over a horned desert viper (Cerastes cerastes) (I9), in front of the hindquarters of a seated lion or leopard (F22); on top of a standard used for carrying religious symbols (R12).",nḏf.t-pḥ.t,Logogram (14th nome of Upper Egypt),N113A,,N113A,,,HJ N113A
13E00,U+13E00,,M-01-020,C,"A branch, horizontally written (M3), written over a tree (M1); on top of a standard used for carrying religious symbols (R12).",nꜥr.t,Logogram (20th and 21st nomes of Upper Egypt),,,,,,M001J
13E01,U+13E01,,M-01-021,C,"A tree (M1), on top of a standard used for carrying religious symbols (R12).",nꜥr.t,Logogram (20th and 21st nomes of Upper Egypt),M1D,,M1D,,,HJ M001D
13E02,U+13E02,,M-01-023,C,"A tree (M1), written over a horned desert viper (Cerastes cerastes) (I9), in front of a schematic representation of three sealed water pots in a rack (W17A); on top of a standard used for carrying religious symbols (R12).",nḏf.t-ḫnt.t,Logogram (13th nome of Upper Egypt),,,,,,N112A
13E03,U+13E03,,M-01-024,C,A tree without foliage.,ꞽsr.t,Classifier tamarisk wood,M46,"232,10",M46,,,HJ M046
13E04,U+13E04,,M-01-026,,,,,M1B,"232,11",M1B,,,M001I
13E05,U+13E05,,M-01-027,C,A coniferous tree.,bꜣḳ,Phono-repeater,M46B,"232,12",M46B,,,HJ M046B
13E06,U+13E06,,M-01-030,C,"A tree without foliage, or a branch with many side branches.",mr.t,classifier wood,,,,,,M001H
13E07,U+13E07,,M-01-032,C,A branch or tree with three vertically arranged clumps of branches.,ꜥš,Classifier wood,,,,,,M001E
13E08,U+13E08,,M-02-001,C,A palm tree.,s(s)ḏ(m),Classifier costly wood,M54,"233,2",M54,,,HJ M054
13E09,U+13E09,,M-02-003,C,"A doum palm tree (Hyphaene thebaica) with sprouts a the bottom, with doum palm dates hanging from the top. ",mꜣmꜣ,Classifier doum palm,,,,,,M055A
13E0A,U+13E0A,,M-02-007,C,"A doum palm tree (Hyphaene thebaica) with sprouts a the bottom, with two trunks.",mꜣmꜣ,Classifier doum palm,M54A,,M54A,,,HJ M054A
13E0B,U+13E0B,,M-03-002,C,"A herb, with three flowers or leaves, curving upwards, all flowers/leaves at the same height.",mꜣꜥ-ḫrw,Logogram (true of voice),,"233,10",,,,M002C
13E0C,U+13E0C,,M-03-003,,,,,M2A,,M2A,,,HJ M002A
13E0D,U+13E0D,,M-03-007,C,"A bundle of three flowers, with one flower between two buds, written horizontally.",mꜣꜥ-ḫrw,Logogram (to be justified),M2B,"233,13",M2B,,,HJ M002B
13E0E,U+13E0E,,M-03-008,,,,,M85,"233,14",M85,,,HJ M085
13E0F,U+13E0F,,M-04-003,C,"A branch, vertically written.",ḏꜥ,Phono-repeater,M3B,"234,6",M3B,,Y,HJ M003B
13E10,U+13E10,,M-04-005,C,"A dead tree or a branch, vertically written, with multiple side-branches on either side.",ḫr,Phonemogram,,,,,,M003G
13E11,U+13E11,,M-04-007,C,"A branch, horizontally written, with two branches in a V shape at the far end.",ḫt,Phonemogram,M3E,,,,,M003J
13E12,U+13E12,,M-04-008,,,,,,,M3E,,,M003E
13E13,U+13E13,,M-04-009,C,"A branch, horizontally written, with only one side-branch near the tip.",ḫt,Phonemogram,M3F,,M3F,,,HJ M003F
13E14,U+13E14,,M-04-013,C,A branch of laurel leaves.,twr,Classifier plant,M62,"234,11",M62,,,HJ M062
13E15,U+13E15,,M-04-018,C,"A seed or branch, resembling an angled oval, with two bulbs on top and one at the bottom.",sfṯ/ḥꜣ.tt-ꜥš,Classifier oil,,"235,2",,,,M187A
13E16,U+13E16,,M-04-020,C,A clump of three reed-stalks with florets.,ꞽw.t,Classifier plant?,M57,,M57,,,HJ M057
13E17,U+13E17,,M-04-021,C,"A flower or herb, with a side branch on either side, flowers resemble a fork.",twn,Classifier plant,M60,,M60,,,HJ M060
13E18,U+13E18,,M-05-003,,,,,M210,"235,6",M210,,,HJ M210
13E19,U+13E19,,M-05-004,C,"A palm branch, stripped of leaves, without notch, curved forwards.",rnp.t,Logogram (year),,,,,,M004C
13E1A,U+13E1A,,M-05-006,C,"A palm branch, stripped of leaves, with multiple sharp notches.",rnp.t,Logogram (year),M4A,"235,7",M4A,,,HJ M004A
13E1B,U+13E1B,,M-05-009,C,"A palm branch, stripped of leaves and notched with a sharp notch.",rnp.t,Logogram (year),M4B,"235,10",M4B,,,HJ M004B
13E1C,U+13E1C,,M-05-010,C,"A palm branch, stripped of leaves and notched with a sharp notch, with additional perpendicular lines over the section above the notch.",tr,Phono-repeater,,,,,,M004D
13E1D,U+13E1D,,M-05-011,C,"A palm branch, stripped of leaves and notched with a sharp notch (M4B), on top of a half round loaf of bread (X1).",rnp.t,Logogram (year),M5B,"235,12",M5B,,,HJ M005B
13E1E,U+13E1E,,M-05-012,C,"A palm branch, stripped of leaves, with multiple sharp notches (M4A), on top of a half round loaf of bread (X1).",rnp.t,Logogram (year),M5A,"235,13",M5A,,,HJ M005A
13E1F,U+13E1F,,M-05-014,C,"A palm branch, stripped of leaves, with multiple sharp notches (M4A), on top of a circle.",tr,Logogram (time/season),,,,,,M005C
13E20,U+13E20,,M-05-016,C,"A palm branch, stripped of leaves and notched with a sharp notch (M4B), on top of a stool made of reed matting (Q3).",rnpꞽ,"Logogram (to be young, to rejuvenate)",M7A,"235,15",M7A,,,HJ M007A
13E21,U+13E21,,M-05-017,C,"A palm branch, stripped of leaves, with multiple sharp notches (M4A), on top of a stool made of reed matting (Q3).",rnpꞽ,"Logogram (to be young, to rejuvenate)",M7B,"236,1",M7B,,,HJ M007B
13E22,U+13E22,,M-05-020,C,"A palm branch, stripped of leaves and notched with a sharp notch (M4B), on top of a plan of a crossroads in a village (O49).",tr,Classifier/phono-repeater,,,,,,M064B
13E23,U+13E23,,M-05-021,C,"A palm branch, stripped of leaves and notched with a sharp notch (M4B), on top of a circle.",tr,Logogram (time/season),M64A,"236,5",M64A,,,HJ M064A
13E24,U+13E24,,M-05-022,,,,,M64,"236,6",M64,,,HJ M064
13E25,U+13E25,,M-05-023,,,,,M65,"236,7",M65,,,HJ M065
13E26,U+13E26,,M-05-026,C,"A palm branch, stripped of leaves and notched with a round notch (M4), on top of a horizontal line.",rnp.t,Logogram (year),M67,,M67,,,HJ M067
13E27,U+13E27,,M-05-029,C,"A palm branch, stripped of leaves and notched with a sharp notch (M4B), on top of a stool made of reed matting, with internal detail (HGx Q3A).",rnpꞽ,"Logogram (to be young, to rejuvenate)",,,,,,M247A
13E28,U+13E28,,M-05-030,,,,,M66,"236,8",M66,,,HJ M066
13E29,U+13E29,,M-06-001,,,,,M69,"236,9",M69,,,HJ M069
13E2A,U+13E2A,,M-06-002,C,"A strip of land or pond, with a lotus-bud and a lotus flower.",,?,M69A,,M69A,,,HJ M069A
13E2B,U+13E2B,,M-06-003,,,,,M70,"236,10",M70,,,HJ M070
13E2C,U+13E2C,,M-06-004,,,,,M8F,"236,11",M8F,,,HJ M008F
13E2D,U+13E2D,,M-06-005,C,"A pool with lotus flowers, consisting of three vertical flowers.",šꜣ,Phonemogram,M8E,"236,12",M8E,,,HJ M008E
13E2E,U+13E2E,,M-06-006,C,"A pool with lotus flowers, consisting of three vertical flowers (M8E), written on top of legs in a walking posture, feet orientated towards the reading direction (D54).",šꜣ,Phonemogram,,,,,,M008R
13E2F,U+13E2F,,M-06-009,C,"A pool with papyrus flowers, consisting of three vertical flowers.",šꜣ,"Logogram (marsh, meadow)",M8H,,M8h,,,HJ M008H
13E30,U+13E30,,M-06-012,C,"A pool with papyrus flowers, consisting of three vertical flowers and two buds.",ms,Classifier flower,M8A,"236,15",M8A,,,HJ M008A
13E31,U+13E31,,M-06-018,C,"A pool with papyrus flowers, consisting of three vertical flowers and two buds, with a ripple of water written inside the oval pool.",šꜣ,Phonemogram,M8B,"237,6",M8B,,,HJ M008B
13E32,U+13E32,,M-06-019,C,"A strip of land or pool, with lotus flowers, with three vertical flowers resembling a forked pole for supporting a roof (O30) and two buds.",šꜣ,Phonemogram,M8G,"237,7",M8G,,,HJ M008G
13E33,U+13E33,,M-06-021,C,"A pool with lotus flowers, consisting of three vertical flowers and two stalks.",ḫ,Phonemogram,,"237,9",,,,M008S
13E34,U+13E34,,M-06-027,C,"A pool with papyrus flowers, consisting of three vertical flowers and three buds, starting with the bud.",šꜣ,Phonemogram,,"237,11",,,,M008T
13E35,U+13E35,,M-06-028,C,"A pool with papyrus flowers, consisting of three vertical flowers and four buds.",šꜣ,Phonemogram,M8I,"237,12",M8i,,,HJ M008I
13E36,U+13E36,,M-06-032,C,"A pool with lotus flowers, consisting of four vertical flowers and three buds.",š,Phonemogram,,,,,,M008U
13E37,U+13E37,,M-06-034,,,,,M8C,"238,1",M8C,,,HJ M008C
13E38,U+13E38,,M-07-007,C,"A lotus bud, on a tree pronged stalk, with a empty stalk below and above the bud, and the main long stalk folded under itself.",,?,,,,,,M010B
13E39,U+13E39,,M-07-010,C,"A lotus bud with a long-twisted stalk, which is folded under itself.",wdn,Classifier offering,M72A,"238,11",M72A,,,HJ M072A
13E3A,U+13E3A,,M-07-013,C,"A lotus bud, with the bud facing upwards, and the stem facing backwards.",ꜥb(w),Classifier lettuce,M73,"238,14",M73,,,HJ M073
13E3B,U+13E3B,,M-07-016,,,,,M75,"239,2",M75,,,HJ M075
13E3C,U+13E3C,,M-08-001,C,A lotus flower.,srd,Classifier growing,M76,"239,3",M76,,,HJ M076
13E3D,U+13E3D,,M-08-004,,,,,M198,,M198,,,HJ M198
13E3E,U+13E3E,,M-08-006,,,,,M134,,M134,,,HJ M134
13E3F,U+13E3F,,M-08-011,C,"A lotus flower with internal decoration, facing upwards, with a short stalk.",nfr,Logogram (to be good),,"239,9",,,,M250
13E40,U+13E40,,M-08-012,C,"A lotus flower, facing upwards, with a short stalk.",nḥb.t,Classifier flower,M76A,,M76A,,,HJ M076A
13E41,U+13E41,,M-08-014,C,"A lotus flower with internal detail, facing upwards, with a long stalk.",ḫꜣ.w,Classifier plants/flowers,M9B,"239,11",M9B,,,HJ M009B
13E42,U+13E42,,M-08-018,,"A lotus flower with internal detail, facing upwards, with a long stalk.",ꜣw-ꞽb,Classifier joy,M77A,"239,15",M77A,,,HJ M077A
13E43,U+13E43,,M-08-022,C,"A flower with seven petals, on top of a long stalk.",hdn,Classifier plant/phono-repeater,M237,"233,5",M237,,,HJ M237
13E44,U+13E44,,M-08-023,C,"A lotus flower with internal detail, facing forwards, with a long stalk, folded under itself.",rš(.w),Classifier joy,,"240,2",,,,M009C
13E45,U+13E45,,M-08-024,C,"A lotus flower with internal detail, facing forwards, with a long-twisted stalk, which is folded under itself.",ꜣw-ꞽb,Classifier joy,,,,,,M009D
13E46,U+13E46,,M-08-027,,,,,M82,"240,6",M82,,,HJ M082
13E47,U+13E47,,M-08-030,C,"A lotus flower with an extended central point/a papyrus flower, facing forwards, with a long stalk, folded under itself.",rš(.w),Classifier joy,M9A,,M9A,,,HJ M009A
13E48,U+13E48,,M-08-031,C,"A flower, seen from above, with seven distinct petals visible inside a wavy circle.",ḥrr(.t),Classifier flower,M86B,"240,9",M86B,,,HJ M086B
13E49,U+13E49,,M-08-033,,,,,M86C,"240,11",M86C,,,HJ M086C
13E4A,U+13E4A,,M-08-034,C,"A flower, seen from above, with seven petals.",ḥrr(.t),Classifier flower,,,,,,M086D
13E4B,U+13E4B,,M-08-040,C,A flower with four petals in a circle.,sbtt,Logogram (flower),,,,,,M238B
13E4C,U+13E4C,,M-08-042,C,"A flower with four petals in a circle, with the petals extending beyond the circle, with four branches with a flower in an x shape coming from the same center.",ḥrr(.t),Classifier flower,,,,,,M238A
13E4D,U+13E4D,,M-08-043,,,wnn-nfr,"Logogram (Wennefer, title of Osiris)",M235,,M235,,,HJ M235
13E4E,U+13E4E,,M-08-046,C,A flower with eight petals.,sm.w,"Classifier plants, vegetables",M86,,M86,,,HJ M086
13E4F,U+13E4F,,M-09-001,C,"A lotus flower, facing upwards, with a short stalk, and a bud at either side.",nḫb,Logogram (lotus),M224A,"241,4",M224A,,,HJ M224A
13E50,U+13E50,,M-09-002,,,,,M224,,M224,,,HJ M224
13E51,U+13E51,,M-09-006,C,"A lotus flower, facing upwards, with a long stalk, with a bud at either side, on top of a canal (M36).",nḫb,Logogram (lotus),M71,"238,2",M71,,,HJ M071
13E52,U+13E52,,M-09-009,C,"A rush or reed with two side branches, all tipped by flowers.",ꞽꜣr,Classifier reed/rush,M90,"241,7",M90,,,HJ M090
13E53,U+13E53,,M-09-010,C,"A flowering rush or reed with a long backwards curving stem, with a leaf on each side of the stem.",ꞽꜣr,Classifier reed/rush,M91,"241,8",M91,,,HJ M091
13E54,U+13E54,,M-09-014,C,"A bouquet of four lotus flowers, stacked on top of each other, with a vertical stem.",ms(w),Classifier floral offering,M240,"241,12",M240,,,HJ M240
13E55,U+13E55,,M-09-016,C,"A bouquet of three lotus flowers, stacked on top of each other, with a vertical stem.",ms(w),Classifier floral offering,M240A,,M240A,,,HJ M240A
13E56,U+13E56,,M-09-017,,,,,M94,"241,13",M94,,,HJ M094
13E57,U+13E57,,M-09-019,,,,,M95,"241,15",M95,,,HJ M095
13E58,U+13E58,,M-09-020,C,"A bouquet of two lotus flowers, stacked on top each other, with a forward curving stem.",ḥn,Phonemogram,M96,"242,1",M96,,,HJ M096
13E59,U+13E59,,M-10-002,C,"A plant with a bud, facing forwards, with a crossbar behind the bud, with a long-twisted stalk, which is folded under itself.",wdn,Logogram (to offer),M11A,"242,4",M11A,,,HJ M011A
13E5A,U+13E5A,,M-10-005,C,"A plant with a bud, with a crossbar behind the bud, facing forwards, with a long stalk, folded under itself.",wdn,Logogram (to offer),,"242,7",,,,M011E
13E5B,U+13E5B,,M-10-009,C,"A lotus flower, facing forwards, with a long stalk, folded under itself.",nfr,Phonemogram,M11D,"242,12",M11D,,,HJ M011D
13E5C,U+13E5C,,M-11-001,C,"A leaf, stem and root of a lotus plant, with the stem before the leaf bent forwards.",ḫꜣ,Phonemogram,M12B,"243,2",M12B,,,M012K
13E5D,U+13E5D,,M-11-017,C,"A leaf, stem and root of a lotus plant, with a forward, downward line coming from the leaf.",ḫꜣ,"Phonemogram ḫꜣ? (in the verb ḫꜣḫꜣ, to winnow, to scatter)",M102,,M102,,,HJ M102
13E5E,U+13E5E,,M-11-021,C,"A leaf, stem and root of a lotus plant, with the stem before the leaf bent forwards, with the root resembling a cartouche in a round form (V9), with two angled strokes on either side of the stem.",ḫ,Phonemogram,M106,"244,2",M106,,,HJ M106
13E5F,U+13E5F,,M-11-024,C,"A leaf, stem and root of a lotus plant, with the root simplified to a horizontal line.",ḫꜣ,Phonemogram,M104,"244,5",M104,,,HJ M104
13E60,U+13E60,,M-11-026,C,"A leaf and stem of a lotus plant, with two branches on either side of the stem.",ḫꜣ,Logogram (\1000),M105,"244,6",M105,,,HJ M105
13E61,U+13E61,,M-11-027,C,"A leaf, stem and root of a lotus plant, with the leaf written vertically, and with the root resembling a cartouche in a round form (V9).",šn,Phonemogram,M107,"244,7",M107,,,HJ M107
13E62,U+13E62,,M-11-028,C,"A leaf, stem and root of a lotus plant, with the leaf written vertically.",ḫꜣ,Logogram (\1000),M109,"244,8",M109,,,HJ M109
13E63,U+13E63,,M-11-036,C,"The leaf and stem of a lotus, with the stem curving downwards.",sp(ꜣ).t,Classifier lotus leaf,M111,"244,16",M111,,,HJ M111
13E64,U+13E64,,M-11-040,C,The leaf of a lotus.,ḫꜣ,Phonemogram,M112,"245,4",M112,,,HJ M112
13E65,U+13E65,,M-11-045,C,"The root of a lotus, with four stems with leaves, with the leaf written vertically.",,\4000,M230,,M230,,,HJ M230
13E66,U+13E66,,M-12-001,C,"A stem of papyrus with a bud, with two shoots at the bottom.",wꜣḏ,Phonemogram,M13A,"245,5",M13A,,,HJ M013A
13E67,U+13E67,,M-12-003,C,"A thin stem of papyrus with a bud, with two shoots at the bottom.",wꜣḏ,Phonemogram,M13B,,M13B,,,HJ M013B
13E68,U+13E68,,M-12-004,,,,,M131A,,M131A,,,HJ M131A
13E69,U+13E69,,M-12-005,,,,,M131,,M131,,,HJ M131
13E6A,U+13E6A,,M-12-009,C,"A stem of papyrus with a bud (M13), on top of a plan of a crossroads in a village (O49).",mḥ.w,Logogram (Lower Egypt),M113,"245,8",M113,,,HJ M113
13E6B,U+13E6B,,M-12-012,C,"A round vessel with an upstanding rim (W24), on top of a stem of papyrus with a bud (M13).",ḥs,Phonemogram,M116,"245,11",M116,,,HJ M116
13E6C,U+13E6C,,M-12-014,C,"A cobra (Naja haje), standing up, with expanded hood (uraeus) (I64), on top of a stem of papyrus with a bud (M13), with the tail curling around the stem.",wꜣḏ.t,Logogram (uraeus),M117,"245,13",M117,,,HJ M117
13E6D,U+13E6D,,M-12-015,C,"A cobra (Naja haje), standing up, with expanded hood (uraeus) (I64), wearing the white crown (S1), on top of a stem of papyrus with a bud (M13), with the tail curling around the stem.",wꜣḏ.t,Logogram (uraeus),M118,"245,14",M118,,,HJ M118
13E6E,U+13E6E,,M-12-017,C,"A cobra (Naja haje), standing up, with expanded hood (uraeus) (I64), wearing the red crown (S3), on top of a stem of papyrus with a bud (M13), with the tail curling around the stem.",wꜣḏ.t,Logogram (uraeus),M119,"246,1",M119,,,HJ M119
13E6F,U+13E6F,,M-12-026,C,"A pectoral in the form of three stems of papyrus with a bud (M13), written over the sky (N1).",ṯḥn,"Logogram (to gleam, to be bright, to dazzle)",M125,"246,6",M125,,,HJ M125
13E70,U+13E70,,M-12-033,C,"A stem of papyrus with a flowering bud (M127), on top of a plan of a crossroads in a village (O49).",šmꜥ.w,Logogram (Upper Egypt),M129,"246,13",M129,,,HJ M129
13E71,U+13E71,,M-12-036,,,,,M133,"246,16",M133,,,HJ M133
13E72,U+13E72,,M-12-037,,,,,M83,,M83,,,HJ M083
13E73,U+13E73,,M-13-001,C,A rounded clump of three papyrus flowers.,ḥꜣ,Phonemogram,M16A,"247,1",M16A,,,M016C
13E74,U+13E74,,M-13-011,C,"A clump with one papyrus flower, with two buds bent down.",mḥ.t,Classifier marsh/swamp,M15A,"247,10",M15A,,,M015D
13E75,U+13E75,,M-13-012,C,"A stem of papyrus with a bud (M13), with a bud bent down on either side of the stem, on top of a plan of a crossroads in a village (O49).",mḥ.w,Logogram (Lower Egypt),M139A,"247,11",M139A,,,HJ M139A
13E76,U+13E76,,M-13-013,C,"A stem of papyrus with a bud (M13), with a downward hanging flower coming from the bottom of the bud, on either side of the stem.",ꜣḫ,Phonemogram,M97,"242,2",M97,,,HJ M097
13E77,U+13E77,,M-13-014,C,"A strip of land (N17), written over a clump with one papyrus flower with a thin stem, with two buds bent down.",tꜣ-mḥ.w,Logogram (Lower Egypt),,,,,,M261
13E78,U+13E78,,M-13-015,C,"A stem of papyrus with a flowering bud (M129), with a bud bent down on either side of the stem, on top of a plan of a crossroads in a village (O49).",šmꜥ.w,Logogram (Upper Egypt),M140A,"247,12",M140A,,,HJ M140A
13E79,U+13E79,,M-13-016,C,"A clump with stem of papyrus with a flowering bud, with two buds bent down.",ḥꜣ,Phonemogram,M138A,,M138A,,,HJ M138A
13E7A,U+13E7A,,M-13-017,C,"A rounded clump of three papyrus flowers, with two buds bent down.",mḥ.w,Radicogram (grain of Lower Egypt),M135,"247,13",M135,,,HJ M135
13E7B,U+13E7B,,M-13-019,C,"A clump of three stems of papyrus with flowering buds, with the two flowers at the side angled outwards, with two buds bent down.",šmꜥ.w,Logogram (Upper Egypt),M137,"247,15",M137,,,HJ M137
13E7C,U+13E7C,,M-13-026,C,"Three thin stems of papyrus with a flowering bud, with two buds bent down; on top of a plan of a crossroads in a village (O49).",šmꜥ.w,Logogram (Upper Egypt),M140,"248,3",M140,,,HJ M140
13E7D,U+13E7D,,M-13-027,C,"A clump of three stems of papyrus with flowering buds, with two buds bent down.",šmꜥ.w,Logogram (Upper Egypt),M138,,M138,,,HJ M138
13E7E,U+13E7E,,M-13-028,C,A clump of three stems of papyrus with flowering buds.,šmꜥ.w,Logogram (Upper Egypt),M138B,,M138B,,,HJ M138B
13E7F,U+13E7F,,M-13-030,,,,,M142,"248,5",M142,,,HJ M142
13E80,U+13E80,,M-13-032,C,"A clump with three papyrus flowers, with two buds bent down.",ḥꜣ,Phonemogram,M215,"247,14",M215,,,HJ M215
13E81,U+13E81,,M-13-033,C,"A clump of three papyrus flowers, with the flowers at the side orientated to the sides, with an upward bud at either side of the group of three flowers; on a base.",rnp.wt,Classifier plants,,,,,,M262
13E82,U+13E82,,M-13-036,C,"A flower with a long stem, making a curve turning the flower upside-down, between two stems of papyrus with a bud (M13) on top of a circle.",mḥ.w,Logogram (Lower Egypt),M232,,M232,,,HJ M232
13E83,U+13E83,,M-13-038,C,"A bouquet of three times a lotus flower, facing upwards, with a short stalk, and a bud at either side (M224A), arranged vertically.",ms(w),Classifier floral offering,,,,,,M263
13E84,U+13E84,,M-14-002,C,A flowering reed without the vertical line at the front.,ꞽ,Phonemogram,M17A,,M17A,,,M017D
13E85,U+13E85,,M-14-013,C,"A flowering reed, with two shoots at the bottom, at 45 degree forwards.",ꞽ,Phonemogram,M233,,M233,,,HJ M233
13E86,U+13E86,,M-14-015,C,"A flowering reed (M17) and a club used by washermen for beating laundry as part of the cleaning process (U36), connected by a network consisting of three horizontal lines and three lines going from top corner to bottom corner.",ꜥꜣb,Phonemogram,,"249,2",,,,M148B
13E87,U+13E87,,M-14-018,C,"A club used by washermen for beating laundry as part of the cleaning process (U36) and a flowering reed (M17), connected by a network consisting of four horizontal lines and three lines going from top corner to bottom corner.",ꜥꜣb.t,Logogram offering,M148,,M148,,,HJ M148
13E88,U+13E88,,M-14-020,C,"A flowering reed (M17) and a mace with a pear-shaped head (T3), connected by a network consisting of four horizontal lines and three lines going from bottom corner to top corner.",ꜥꜣb.t,Logogram offering,M149,"249,7",M149,,,HJ M149
13E89,U+13E89,,M-14-022,C,"A mace with a pear-shaped head (T3) and a flowering reed (M17), connected by a network consisting of four horizontal lines and three lines going from top corner to bottom corner.",ꜥꜣb.t,Logogram offering,M150,"249,10",M150,,,HJ M150
13E8A,U+13E8A,,M-15-008,C,"A pool or strip of land with three lotus buds, consisting of three vertical buds.",sḫ.t,"Logogram (marshland, country)",,,,,,M264
13E8B,U+13E8B,,M-15-009,C,A clump of reeds.,ꞽꜣr.w,Classifier reeds/rushes,,,,,,M255
13E8C,U+13E8C,,M-16-009,C,"A rush with two shoots, on top of a horizontal line.",n/rs.y,Phonemogram,M22A,,M22A,,,M022E
13E8D,U+13E8D,,M-16-010,,,,,M152,"250,8",M152,,,HJ M152
13E8E,U+13E8E,,M-16-013,C,"A rush with two shoots, with split ends.",nḫb,Phonemogram,M153,,M153,,,HJ M153
13E8F,U+13E8F,,M-16-014,C,"A flowering sedge (M23A), on top of a mouth (D21).",rsw/rsy,Phonemogram,M24A,,M24A,,,M024B
13E90,U+13E90,,M-16-015,C,"A desert plant, with two branches, with flowers on every branch, on top of a mouth (D21).",šmꜥ.w,Logogram (Upper Egypt),M154,"250,9",M154,,,HJ M154
13E91,U+13E91,,M-16-021,C,"A forearm, with the palm of the hand facing upwards (D36), written over a rush with two shoots (M22).",šmꜥ,Phonemogram,M245,,M245,,,HJ M245
13E92,U+13E92,,M-16-022,C,A sedge on a horizontal base.,šmꜥ.w,Logogram (Upper Egypt),M155,"250,15",M155,,,HJ M155
13E93,U+13E93,,M-16-023,C,"A sedge (M23), on top of a half round loaf of bread (X1).",rsw/rsy,Phonemogram,M156,"251,1",M156,,,HJ M156
13E94,U+13E94,,M-16-025,C,"A sedge, written on top of a hobble for cattle without a crossbar.",,,M157,"251,3",M157,,,HJ M157
13E95,U+13E95,,M-16-040,C,"A sedge (M23), written on top of a plan of a crossroads in a village (O49).",šmꜥ.w,Logogram (Upper Egypt),M162,"251,15",M162,,,HJ M162
13E96,U+13E96,,M-16-041,C,"A sedge (M23), written on top of a human placenta (a circle with lines written within horizontally) (Aa1).",ꞽr.y-(ꞽ)ḫ.t-n(.y)-sw.t,Logogram (custodian of the property of the king),M163,,M163,,,HJ M163
13E97,U+13E97,,M-16-043,C,A flowering sedge.,sr{r}.wy,classifier plants,M23A,"252,1",M23A,,,HJ M023A
13E98,U+13E98,,M-16-044,C,"A desert plant, with four branches, with flowers on every branch.",šmꜥ.w,Logogram (Upper Egypt),M26A,"252,2",M26A,,,HJ M026A
13E99,U+13E99,,M-16-045,C,"A desert plant, with two branches, with flowers on every branch.",nḫb,Phonemogram,,,,,,M026B
13E9A,U+13E9A,,M-16-047,C,"A flowering sedge (M23A), on top of a half round loaf of bread (X1).",n(.y)-sw.t,Logogram (king of Upper Egypt),M165,"252,4",M165,,,HJ M165
13E9B,U+13E9B,,M-16-052,C,"A forearm, with the palm of the hand facing upwards (D36), written over a desert plant with a flower, without branches, ",šmꜥ,Phonemogram,,,,,,M242A
13E9C,U+13E9C,,M-16-059,,,,,M167,"252,10",M167,,,HJ M167
13E9D,U+13E9D,,M-16-062,C,"A sedge (M23), written on top of legs in a walking posture, feet orientated towards the reading direction (D54).",šms,"Logogram (to follow, to accompany)",M244,,M244,,,HJ M244
13E9E,U+13E9E,,M-17-009,C,"A pod of a carob (Ceratonia siliqua) tree, with a leaf at the top.",ḥnsk.t,Classifier braided lock of hair,M170,,M170,,,HJ M170
13E9F,U+13E9F,,M-18-006,C,"A root, with the point curving backwards, with a loop horizontally at the front.",mꜥr,"Classifier succesful, fortunate",M171A,"253,11",M171A,,,HJ M171A
13EA0,U+13EA0,,M-18-007,C,"A root, with the point curving backwards, with a loop vertically at the top.",mꜥr,"Logogram (succesful, fortunate)",M171,"253,13",M171,,,HJ M171
13EA1,U+13EA1,,M-18-009,C,"A rhizome of a lotus, with one shoot at the bottom, curved forwards, and three lines at the top.",bnr/bnꞽ,Logogram (to be sweet),M32A,"254,1",M32A,,,HJ M032A
13EA2,U+13EA2,,M-18-015,C,"A rhizome of a lotus, with one shoot at the bottom, curved forwards, and a wavy top.",bnr/bnꞽ,Logogram (to be sweet),,,,,,M030A
13EA3,U+13EA3,,M-19-002,C,A round rhizome of a lotus.,rd,Classifier plants,M31A,"254,7",M31A,,,M031F
13EA4,U+13EA4,,M-19-007,,,,,M236,,M236,,,HJ M236
13EA5,U+13EA5,,M-20-001,C,A grain of corn.,sw.t,"Classifier grain, barley, corn",M33B,"254,11",M33B,,,M033D
13EA6,U+13EA6,,M-21-005,C,An ear of corn with two long sprouts at the top.,bd.t,Logogram (emmer),M175,"255,4",M175,,,HJ M175
13EA7,U+13EA7,,M-21-006,,,,,M174,,M174,,,HJ M174
13EA8,U+13EA8,,M-22-002,C,"A bundle of flax, bound together by string with the loop and tie at the back, with a pointy bottom, angled forwards, with the bolls visible on top.",ḏr,Phonemogram,M177,"255,10",M36A,,,M036A
13EA9,U+13EA9,,M-22-008,C,"A bundle of flax, bound together by string with the loop and tie at the front, with a pointy bottom, angled forwards, with the bolls visible on top.",ḏr,Phonemogram,M177A,"256,3",M177A,,,HJ M177A
13EAA,U+13EAA,,M-22-011,C,"A bundle of flax stems, bound together with string near the top of the bundle, with the bolls visible on the top.",dmꜣ,"Classifier tying, binding",M38A,"256,6",M38A,,,HJ M038A
13EAB,U+13EAB,,M-22-014,C,"A bundle of flax, bound together with string near the bottom of the bundle, without internal detail.",ḏr,Phonemogram,M37C,,M37C,,,HJ M037C
13EAC,U+13EAC,,M-22-017,C,"A wide bundle of flax stems, bound together with string, loop and tie at the back, with bolls visible on the top, squared at the bottom.",ḏr,Phonemogram,M38B,"256,9",M38B,,,HJ M038B
13EAD,U+13EAD,,M-22-020,,,,,M37A,"256,12",M37A,,,M037D
13EAE,U+13EAE,,M-22-021,,,,,M182,,M182,,,HJ M182
13EAF,U+13EAF,,M-22-029,C,"A bundle of flax stems, bound together by string, loop and tie at the back, with a widened base resembling the mirror of the letter L.",ḏr,Phonemogram,M37B,"257,4",M37B,,,HJ M037B
13EB0,U+13EB0,,M-22-030,C,"A bundle of flax stems, bound together by string, loop and tie at the back, with a widening base and top, with the bolls visible on the top.",dmꜣ,"Classifier tying, binding",,"257,5",,,,M036C
13EB1,U+13EB1,,M-23-003,C,A basket with three pieces of grain or fruit.,rnp.wt,"Classifier vegetable, fruit, plant",,"353,1",,,,M039E
13EB2,U+13EB2,,M-23-005,C,A basket with two roes of four pieces of grain or fruit.,ṯḥn.t,Logogram ((a vessel) with faience),M39B,,M39B,,,HJ M039B
13EB3,U+13EB3,,M-24-006,C,"A vertical bundle of reeds, with a sloped top towards the front; tied together, with the ties at the back.",ꞽs,Phonemogram,M40A,"258,1",M40A,,,M040E
13EB4,U+13EB4,,M-24-007,C,"A vertical bundle of reeds, with a sloped top towards the back; tied together, with the ties at the back.",ꞽs,Phonemogram,M40C,"258,2",M40C,,,HJ M040C
13EB5,U+13EB5,,M-24-011,C,"A vertical bundle of reeds, with a sloped top towards the back; tied together, with the ties at the back, with the tops of the reeds visible.",ꞽs,Phonemogram,M185,"258,6",M185,,,HJ M185
13EB6,U+13EB6,,M-24-012,,,,,M185A,"258,7",M185A,,,HJ M185A
13EB7,U+13EB7,,M-26-001,C,A vine on two forked supports.,kꜣn.y,"Logogram (gardiner, vinter)",M43A,"258,12",M43A,,,HJ M043A
13EB8,U+13EB8,,M-26-003,C,"A vine with fruits on two forked supports, on top of a base, with the back of the vine descending to the base.",ꞽrp,Classifier wine,,,,,,M043C
13EB9,U+13EB9,,M-28-005,C,A fig.,dꜣb,Classifier fig,M194,"259,13",M194,,,HJ M194
13EBA,U+13EBA,,M-28-007,C,A vertical head of lettuce.,mnw | ꜥbw,Classifier Min (mnw) or logogram ꜥbw (lettuce),M191,"260,1",M191,,,HJ M191
13EBB,U+13EBB,,M-28-009,C,"A bundle of unions, on top of a wide cup (W10).",ḥḏ(.w),Classifier unions,M201,"260,3",M201,,,HJ M201
13EBC,U+13EBC,,M-28-010,C,A head of lettuce.,sm,Classifier plants,M181,"257,6",M181,,,HJ M181
13EBD,U+13EBD,,M-28-013,,,,,M173,,M173,,,HJ M173
13EBE,U+13EBE,,M-28-015,C,"A head of lettuce, without internal detail, bottom curving backwards.",ꜥb.w,Classifier lettuce,M190,,M190,,,HJ M190
13EBF,U+13EBF,,M-28-016,,,,,M192,,M192,,,HJ M192
13EC0,U+13EC0,,M-28-017,C,A fig.,dꜣb,Logogram (fig),,,,,,M265
13EC1,U+13EC1,,M-28-018,,,,,M195,,M195,,,HJ M195
13EC2,U+13EC2,,N-01-002,C,"The sky, upside-down.",nn.t,Classifier lower sky,N50,,N50,,Y,HJ N050
13EC3,U+13EC3,,N-01-003,C,"A heap of grain on a raised floor, without internal detail, or enclosing line at the top.",šnw.t,Logogram (granary),,,,,,N001B
13EC4,U+13EC4,,N-01-004,C,The sky with a curved line running from the tips of the top.,nḳm.t,Classifier affliction,N1A,,US685N1VARA,,,N001A
13EC5,U+13EC5,,N-01-005,C,Right side of the sky (or a cavern in profile).,tpḥ.t,Classifier cavern,N44,"261,3",N44,,,HJ N044
13EC6,U+13EC6,,N-01-010,C,"Three round vases with upstanding rim (W24), on top of the sky (N1).",nw.w,Logogram (primeval waters),N45,"261,5",N45,,,HJ N045
13EC7,U+13EC7,,N-01-011,C,"The sky with a star below it, connected with a vertical line.",snk,Classifier dark/darkness,N46,"261,6",N46,,,HJ N046
13EC8,U+13EC8,,N-01-013,C,"A circle with two horizontal lines at either side, attached to a line which curves over and back down over the sky (N1).",kk.t,Classifier darkness (in divinity Keket (kk.t)),N3A,"261,8",N3A,,,HJ N003A
13EC9,U+13EC9,,N-01-014,C,"A star, attached to a line which curves over and back down over the sky (N1).",wḫ,Classifier darkness,N46A,"261,9",N46A,,,HJ N046A
13ECA,U+13ECA,,N-01-015,C,"A star, attached with a vertical line to the sky, with a second shorter vertical line beside it.",wḫꜣ,Classifier darkness,N46B,"261,10",N46B,,,HJ N046B
13ECB,U+13ECB,,N-01-016,C,"A heart (F34), attached with a vertical line to the sky, with a second shorter vertical line beside it.",grḥ,Logogram (night),,"261,11",,,,N003D
13ECC,U+13ECC,,N-01-017,C,"A circle with two horizontal lines at either side, attached with a vertical line to the sky, with a second shorter vertical line beside it.",grḥ,Classifier night,N3B,"261,12",N3B,,,HJ N003B
13ECD,U+13ECD,,N-01-021,C,"The sky, with three stars written inside it.",ḥr.y,Phonemogram,,,,,,N046C
13ECE,U+13ECE,,N-01-025,C,The sun disk (N5) on top of the sky.,ꜥnḏ,Classifier dawn,N49,,N49,,,HJ N049
13ECF,U+13ECF,,N-01-029,C,"The sky, with rippled lines of water coming from it.",ꞽꜣd.t,"Logogram (dew, scent, rain)",N4G,"262,4",N4G,,,HJ N004G
13ED0,U+13ED0,,N-01-030,C,"The sky, with three lines coming from it resembling a wick of twisted flax, consisting of three loops (V28).",ꞽgp,Classifier cloud/storm/moisture/rain,N4B,"262,5",N4B,,,HJ N004B
13ED1,U+13ED1,,N-01-032,C,"The sky, with three lines coming from it, resembling triangles.",ḥꜣty,Classifier cloudiness,N4E,,N4E,,,HJ N004E
13ED2,U+13ED2,,N-02-011,,"The sun, with a cobra (Naja haje), standing up, with expanded hood (uraeus), written inside it, with a tie or strap, used with sandals (ankh sign) (S34) written below the sun.",nḥḥ,Classifier time,N122,,N122,,,HJ N122
13ED3,U+13ED3,,N-03-004,C,"The sun, encircled by a cobra (Naja haje), standing up, with expanded hood (uraeus), head below the sun disk, with a tie or strap, used with sandals (ankh sign, S34) with the loop around the body of the cobra, in front of the sun disk.",ḥr,Classifier divinity,N6A,"263,4",N6A,,,HJ N006A
13ED4,U+13ED4,,N-03-008,C,"The sun, with a cobra (Naja haje), standing up, with expanded hood (uraeus) at either side.",n(.y)-sw.t-bꞽ.ty,Logogram (king of Upper Egypt and Lower Egypt),N6B,"263,9",N6B,,,HJ N006B
13ED5,U+13ED5,,N-03-010,C,"The sun, with a cobra (Naja haje), standing up, with expanded hood (uraeus) at either side, with the left cobra wearing the red crown (S3) and the right cobra wearing the white crown (S1).",n(.y)-sw.t-bꞽ.ty,Logogram (king of Upper Egypt and Lower Egypt),N51,"263,11",N51,,,HJ N051
13ED6,U+13ED6,,N-03-011,C,"The sun, with a cobra (Naja haje), standing up, with expanded hood (uraeus) at either side, with a tie or strap, used with sandals (ankh sign, S34) with the loop around the body of the cobras.",n(.y)-sw.t-bꞽ.ty,Logogram (king of Upper Egypt and Lower Egypt),N6C,"263,12",N6C,,,HJ N006C
13ED7,U+13ED7,,N-03-012,C,"The sun, with a cobra (Naja haje), standing up, with expanded hood (uraeus) at either side, with a tie or strap, used with sandals (ankh sign, S34) with the loop around the body of the cobras, with the left cobra wearing the white crown (S1), and the right cobra wearing the red crown (S3).",n(.y)-sw.t-bꞽ.ty,Logogram (king of Upper Egypt and Lower Egypt),N51A,"263,13",N51A,,,HJ N051A
13ED8,U+13ED8,,N-03-013,C,"The sun, with a cobra (Naja haje), standing up, with expanded hood (uraeus) at either side, heads below the sun disk.",n(.y)-sw.t-bꞽ.ty,Logogram (king of Upper Egypt and Lower Egypt),N6D,"263,14",N6D,,,HJ N006D
13ED9,U+13ED9,,N-03-016,C,"The sun with three straight lines of sunlight coming from it (N8), with a cobra (Naja haje), standing up, with expanded hood (uraeus) at either side, heads below the sun disk, with the left cobra wearing the red crown (S3) and the right cobra wearing the white crown (S1).",n(.y)-sw.t-bꞽ.ty,Logogram (king of Upper Egypt and Lower Egypt),N52,"264,1",N52,,,HJ N052
13EDA,U+13EDA,,N-03-017,C,"The sun, with a cobra (Naja haje), standing up, with expanded hood (uraeus) at either side, heads below the sun disk, with the left cobra wearing the red crown (S3) and the right cobra wearing the white crown (S1).",n(.y)-sw.t-bꞽ.ty,Logogram (king of Upper Egypt and Lower Egypt),N142,"264,2",N142,,,HJ N142
13EDB,U+13EDB,,N-04-001,C,"The sun, encircled by a circle of dots.",wpš,"Classifier to scatter light, to illuminate",N55,"264,7",N55,,,HJ N055
13EDC,U+13EDC,,N-04-005,,,,,N108,,N108,,,HJ N108
13EDD,U+13EDD,,N-04-008,C,A small circle (sun disk) within a larger circle of dots.,wpš,"Classifier to scatter light, to illuminate",,,,,,N055C
13EDE,U+13EDE,,N-04-009,C,"The sun, within a halo, with three beams of sunlight coming from it.",ꞽꜣḫ.w,"Classifier light, shining, rising",N8,"264,11",N8,,,N008G
13EDF,U+13EDF,,N-04-011,C,"The sun, within a halo, with three beams of sunlight coming from it, resembling lines of triangles.",ḥḏḏ.wt,"Classifier light, shining, rising",,"264,14",N8D,,,N008D
13EE0,U+13EE0,,N-04-012,C,"The sun, with three beams of sunlight coming from it, resembling lines of triangles.",ḥnmm.t,classifier sunfolk,N8A,"264,15",N8A,,,HJ N008A
13EE1,U+13EE1,,N-04-014,C,"The sun, with a broad beam of light coming from below.",wbn,Classifier to shine,N8B,"265,1",N8B,,,HJ N008B
13EE2,U+13EE2,,N-04-017,C,"The sun, within a halo, with two sets of three beams of light coming from it, ending in hands.",sḥḏ,"Classifier light, shining, rising",N56,,N56,,,HJ N056
13EE3,U+13EE3,,N-04-023,C,A dotted oval.,wpš,"Classifier to scatter light, to illuminate",N55A,,N55A,,,HJ N055A
13EE4,U+13EE4,,N-04-024,C,"The sun, with two short horizontal strokes on either side of the sun disk, on top of an irrigation canal (N23).",rnp.t,Classifier solar period,,,,,,N116A
13EE5,U+13EE5,,N-04-025,C,"The sun, written above two horizontal strokes.",,,,,,,,N150
13EE6,U+13EE6,,N-04-026,C,"The sun, written above a horizontal stroke.",dwꜣw,Classifier solar period,,,,,,N151
13EE7,U+13EE7,,N-05-002,C,"The sun, with the fully extended wing of a bird (H5) on either side, arranged horizontally.",ḥdy,Classifier to spread out,N58,"265,3",N58,,,HJ N058
13EE8,U+13EE8,,N-05-004,C,"The sun, with a cobra (Naja haje), standing up, with expanded hood (uraeus) at either side (N6B), with the fully extended wing of a bird (H5) on either side, arranged horizontally.",ꜥpy,Logogram (the winged scarab or sun disk),N58A,"265,5",N58A,,,HJ N058A
13EE9,U+13EE9,,N-05-007,C,"The sun, with a cobra (Naja haje), standing up, with expanded hood (uraeus) at either side (N6B), with the fully extended wing of a bird (H5) on either side, arranged horizontally; with the horns of a ram on top of the sun disk, with the white crown (S1), facing left to right, overlapping the red crown (S3), facing right to left, on top of the horns.",bḥd.ty,Classifier Horus of Edfu,,"265,7",,,,N133C
13EEA,U+13EEA,,N-05-011,C,"The sun, with the fully extended wing of a bird (H5) on the front side, arranged horizontally.",prꞽ,Logogram (to go forth),N59,"265,9",N59,,,HJ N059
13EEB,U+13EEB,,N-05-015,C,A sun disk with wings at 90 degree.,ḏḥwty,Classifier divinity,N60,"265,13",N60,,,HJ N060
13EEC,U+13EEC,,N-05-018,C,"A sun disk with wings at 90 degree, with an uraeus coming from the sun disk, filling the space between the two wings.",ḏḥwty,Classifier divinity,N60A,"266,1",N60A,,,HJ N060A
13EED,U+13EED,,N-05-019,C,"A sun disk with wings, angled downwards.",n(.y)-sw.t-bꞽ.ty,Logogram (king of Upper Egypt and Lower Egypt),N132,,N132,,,HJ N132
13EEE,U+13EEE,,N-05-020,C,"The sun, with a cobra (Naja haje), standing up, with expanded hood (uraeus) at either side, heads below the sun disk (N6D), with wings, angled downwards.",n(.y)-sw.t-bꞽ.ty,Logogram (king of Upper Egypt and Lower Egypt),N133,"266,3",N133,,,HJ N133
13EEF,U+13EEF,,N-05-022,C,"The sun, with three beams of sunlight coming from it, resembling lines of triangles (N8A), with wings, angled downwards.",wbn,"Logogram (to rise, to shine)",N132B,"266,5",N132B,,,HJ N132B
13EF0,U+13EF0,,N-05-023,C,"The sun, with a broad beam of light coming from below (N8B), with wings, angled downwards.",ꜥpy,Classifier winged sun disk,N132A,"266,6",N132A,,,HJ N132A
13EF1,U+13EF1,,N-05-024,C,"The sun, with a cobra (Naja haje), standing up, with expanded hood (uraeus) at either side, heads below the sun disk (N6D), with a broad beam of light coming from below, between the cobras; with wings, angled downwards.",wbn,"Logogram (to rise, to shine)",N133B,,N133B,,,HJ N133B
13EF2,U+13EF2,,N-05-027,C,"The sun, with a cobra (Naja haje), standing up, with expanded hood (uraeus) at either side (N6B), with wings, angled downwards.",wbn,"Logogram (to rise, to shine)",,,,,,N132D
13EF3,U+13EF3,,N-06-007,C,"A crescent moon, upside-down, with the full moon disk upon it.",ꞽꜥḥ,Logogram (in rꜥ-nb),N62,"266,10",N62,,,HJ N062
13EF4,U+13EF4,,N-06-013,,,,,N62B,"267,1",N62B,,,HJ N062B
13EF5,U+13EF5,,N-06-018,C,The front half of a crescent moon.,smd.t,Logogram (half-month (festival)),N63,"267,4",N63,,,HJ N063
13EF6,U+13EF6,,N-08-006,C,"A crescent moon (N11), written over a star (N14).",ꜣbd,Logogram (month),N64,"268,6",N64,,,HJ N064
13EF7,U+13EF7,,N-09-013,,,,,N18A,"269,6",N18A,,,N018D
13EF8,U+13EF8,,N-09-014,C,Three half-circles of dots written on top of each other.,ṯḥn,"Logogram (to gleam, to be bright, to dazzle)",,,,,,N018E
13EF9,U+13EF9,,N-09-017,C,"The white crown (S1), on top of a plan of a crossroads in a village (O49), written over a strip of land, with three grains of sand written beneath it (N16).",tꜣ-šmꜥ.w,Logogram (Upper Egypt),N67A,"269,9",N67A,,,HJ N067A
13EFA,U+13EFA,,N-09-025,C,"The red crown (S3), on top of a plan of a crossroads in a village (O49), written over a strip of land, with three grains of sand written beneath it (N16).",tꜣ-mḥ.w,Logogram (Lower Egypt),N70A,"269,14",N70A,,,HJ N070A
13EFB,U+13EFB,,N-09-026,C,"A strip of land, with two grains of sand written beneath it.",tꜣ,Logogram (land),,,,,,N016D
13EFC,U+13EFC,,N-09-028,C,"A strip of land, with four grains of sand written beneath it.",tꜣ,Logogram (land),,,,,,N016E
13EFD,U+13EFD,,N-09-030,C,"A strip of land, with three grains of sand written beneath it, arranged horizontally, and a tongue of land (N21) written on either side of the grains of sand.",tꜣ,Logogram (land),N16A,,N16A,,,HJ N016A
13EFE,U+13EFE,,N-09-032,C,"A strip of land, with three grains of sand written beneath it, arranged as a triangle, with one grain at the top, and a tongue of land (N21) written on either side of the grains of sand.",tꜣ,Logogram (land),N16B,,N16B,,,HJ N016B
13EFF,U+13EFF,,N-09-033,C,"A strip of land, with three grains of sand written beneath it, arranged as a triangle, with one grain at the bottom, and a tongue of land (N21) written on either side of the grains of sand.",tꜣ,Logogram (land),N16C,,N16C,,,HJ N016C
13F00,U+13F00,,N-09-034,C,"An oval of sand (N18), written on top of a conical loaf of bread (X8).",ꞽꜣ.t-dꞽ,Logogram (Dendera),,,,,,N097B
13F01,U+13F01,,N-10-017,C,"A tongue of land with a vertical line at the front, and the horizontal lines extending beyond the vertical line.",wrr,Classifier great water/basin,N106,,N106,,,HJ N106
13F02,U+13F02,,N-11-001,C,"An irrigation canal, represented by a single line.",tꜣ,Classifier geographical location,,,,,,N023A
13F03,U+13F03,,N-11-008,C,"A parcel of land with irrigation ditches, consisting of three horizontal lines.",ḥsp,Classifier garden,N24B,"271,6",N24B,,,HJ N024B
13F04,U+13F04,,N-11-009,C,"A parcel of land with irrigation ditches, vertical lines at an angle.",spꜣ.t,"Logogram (nome, district)",N24H,"271,7",N24h,,,HJ N024H
13F05,U+13F05,,N-11-010,C,"A parcel of land with irrigation ditches, vertical lines at an angle, extending beyond the top and bottom horizontal line.",spꜣ.t,"Logogram (nome, district)",N24F,,N24F,,,HJ N024F
13F06,U+13F06,,N-11-013,C,"A parcel of land with irrigation ditches, consisting of three-by-three lines, extending beyond each other.",spꜣ.t,"Logogram (nome, district)",N24D,,N24D,,,HJ N024D
13F07,U+13F07,,N-11-014,,,,,N24A,"271,10",N24A,,,HJ N024A
13F08,U+13F08,,N-11-017,C,"A standard used for carrying religious symbols, with a short vertical pole, with a loop under the horizontal beam, running over the vertical pole (R56), written on top of a parcel of land with irrigation ditches (N24).",wꜥ-m-ḥww,Logogram (9th nome of Lower Egypt),N71,"271,13",N71,,,HJ N071
13F09,U+13F09,,N-11-020,,,,,N120,"271,16",N120,,,HJ N120
13F0A,U+13F0A,,N-11-022,C,"A parcel of land with irrigation ditches, consisting of four horizontal lines of blocks.",ḥsp,Classifier garden,N24E,"272,2",N24E,,,HJ N024E
13F0B,U+13F0B,,N-11-023,,,,,N24C,"272,3",N24C,,,HJ N024C
13F0C,U+13F0C,,N-11-025,C,"Two vertical human fingers on top of a standard used for carrying religious symbols (R12), written on top of a parcel of land with irrigation ditches (N24).",mtr,Logogram (Prosopite Nome),N73,"272,5",N73,,,HJ N073
13F0D,U+13F0D,,N-11-026,C,"The head of a man on a stick, wearing a double feather headdress (S78), with a band of string around its head, with the ties at the back, with arms coming from the head, right arm forwards, holding a crook (S38) vertically, left arm hanging beside the stick, holding a flagellum (S45) horizontally; on top of a standard used for carrying religious symbols (R12), written on top of a parcel of land with irrigation ditches (N24).",ꜥnḏ.ty,Logogram (9th nome of Lower Egypt),N74,"272,6",N74,,,HJ N074
13F0E,U+13F0E,,N-11-028,C,"A forearm, with the palm of the hand facing upwards (D36), holding a loop of cord with the ends downwards (V7); written over a tree (M1); on top of a standard used for carrying religious symbols (R12), written on top of a parcel of land with irrigation ditches (N24).",nꜥr.t,Logogram (20th and 21st nomes of Upper Egypt),N111,,N111,,,HJ N111
13F0F,U+13F0F,,N-11-030,C,"A tree (M1), in front of a piece of flesh, point down, curving forwards (F51), in front of hindquarters of a seated lion or leopard (F22); arranged horizontally; on top of a standard used for carrying religious symbols (R12), written on top of a parcel of land with irrigation ditches (N24).",nḏf.t-pḥ.t,Logogram (14th nome of Upper Egypt),N113,,N113,,,HJ N113
13F10,U+13F10,,N-11-031,C,"A tree (M1), in front of hindquarters of a seated lion or leopard (F22); arranged horizontally; on top of a standard used for carrying religious symbols (R12), written on top of a parcel of land with irrigation ditches (N24).",nꜥr.t-pḥ.t,Logogram (21th nome of Upper Egypt),N113B,,N113B,,,HJ N113B
13F11,U+13F11,,N-11-032,C,"A horned desert viper (Cerastes cerastes) (I9), written over a tree (M1), in front of hindquarters of a seated lion or leopard (F22); on top of a standard used for carrying religious symbols (R12), written on top of a parcel of land with irrigation ditches (N24).",nḏf.t-pḥ.t,Logogram (14th nome of Upper Egypt),N113C,,N113C,,,HJ N113C
13F12,U+13F12,,N-11-035,C,"A schematic representation of three sealed water pots in a rack (W17A), in front of a spear made into a standard, resembling a fire-drill in a piece of wood (R15A); on top of a standard used for carrying religious symbols (R12), written on top of a parcel of land with irrigation ditches (N24).",ḫnt.y-ꞽꜣb.ty,Logogram (14th nome of Upper Egypt),N119,,N119,,,HJ N119
13F13,U+13F13,,N-11-037,C,"Child, wearing the white crown (S1), seated on nothing, forelegs spread, right arm raised in front with hand to mouth, left arm hanging beside the body (A274); in front of the head of a bovid (cow), without horns, with an ear (F63), on top of a half round loaf of bread (X1); on top of a standard used for carrying religious symbols (R12), written on top of a parcel of land with irrigation ditches (N24).",ꞽm.ty-ḫnt.y,Logogram (18th nome of Lower Egypt),A337,,A337,,,HJ A337
13F14,U+13F14,,N-13-005,C,"The hill country over the edge of the cultivated areas (N25), on top of a standard used for carrying religious symbols, with a loop under the horizontal beam, running over the vertical pole (R12A).",ꜣtf.t,Logogram (12th nome of Upper Egypt),N76,"272,12",N76,,,HJ N076
13F15,U+13F15,,N-13-006,C,"The hill country over the edge of the cultivated areas (N25), on top of a standard used for carrying religious symbols (R12).",ḥꜣ,Logogram (Ha (divinity)),N76A,,N76A,,,HJ N076A
13F16,U+13F16,,N-13-007,C,"The hill country over the edge of the cultivated areas (N25), with a throwing-stick, or a club used by foreign people (T14), written on top of the middle hill.",ḫꜣs.t,Logogram (foreign land/desert),N77,"272,13",N77,,,HJ N077
13F17,U+13F17,,N-13-012,C,"The hill country over the edge of the cultivated areas, with a reed or plant on each hill.",ty,Classifier location,N82,,N82,,,HJ N082
13F18,U+13F18,,N-13-013,C,"A tie or strap, used with sandals (ankh sign) (S34), written on top of the middle hill of the hill country over the edge of the cultivated areas (N25).",ꜥnḫ.t,"Logogram (place of life (i.e., the west))",N117,,N117,,,HJ N117
13F19,U+13F19,,N-13-018,C,"A tie or strap, used with sandals (ankh sign) (S34), written on top of a sand covered mountain over the edge of the cultivated areas (N26).",ꜥnḫ.t,"Logogram (place of life (i.e., the west))",,,,,,N149
13F1A,U+13F1A,,N-13-019,C,"A throwing-stick, or a club used by foreign people (T14), written on top of a sand covered mountain over the edge of the cultivated areas (N26).",sṯ.t,Classifier foreign land,N83,"273,8",N83,,,HJ N083
13F1B,U+13F1B,,N-13-021,C,"A knife with a triangular blade and a straight handle (T30A), written vertically, blade forwards, on top of a sand covered mountain over the edge of the cultivated areas (N26).",ḏw-ḳd,Logogram (the evil one),N85,"273,10",N85,,,HJ N085
13F1C,U+13F1C,,N-13-026,C,"A horned desert viper (Cerastes cerastes) (I9), above a sand covered mountain over the edge of the cultivated areas (N26); on top of a standard used for carrying religious symbols (R12), written on top of a parcel of land with irrigation ditches (N24).",ꜣtf.t,Logogram (12th nome of Upper Egypt),N118,,N118,,,HJ N118
13F1D,U+13F1D,,N-13-028,C,"A sand covered mountain over the edge of the cultivated areas (N26), on top of a standard used for carrying religious symbols, with a loop under the horizontal beam, running over the vertical pole (R12A).",ꜣtf.t,Logogram (12th nome of Upper Egypt),N115,,N115,,,HJ N115
13F1E,U+13F1E,,N-13-029,C,"A sand covered mountain over the edge of the cultivated areas (N26), on top of a standard used for carrying religious symbols (R12)",ḥꜣ,Logogram (Ha (divinity)),N88,,N88,,,HJ N088
13F1F,U+13F1F,,N-14-005,C,"Three grains of sand, arranged in a triangle, one grain at the top.",snṯr,"Classifier medicaments, incense, oil",,,,,,N033C
13F20,U+13F20,,N-15-006,C,"A falcon (G5), written inside the sun disk of the sun rising over a sand covered mountain over the edge of the cultivated areas (N27).",nḥḥ,Logogram (eternity),N92,"274,7",N92,,,HJ N092
13F21,U+13F21,,N-15-013,C,"A knife with a triangular blade and straight handle (T30A), on top of the sun rising over a sand covered mountain over the edge of the cultivated areas (N27).",ḫb.t/nm.t,Logogram (place of execution/slaughter),N95,"274,10",N95,,,HJ N095
13F22,U+13F22,,N-15-015,,,,,N138,,N138,,,HJ N138
13F23,U+13F23,,N-15-016,C,"The sun rising over a sand covered mountain over the edge of the cultivated areas, with three beams of sunlight coming from it, resembling lines of triangles.",nḥḥ,Logogram (eternity),N137,,N137,,,HJ N137
13F24,U+13F24,,N-16-009,C,"A hill, with a halo of sun rays behind it, represented as separate rays.",ḫꜥꞽ,"Logogram (to appear, to be shining)",,"275,6",,,,N028F
13F25,U+13F25,,N-17-005,C,"An enclosed hill, with a shrub at the top.",ꞽꜣ.t,"Logogram hill, mound",N30A,"275,13",N30A,,,HJ N030A
13F26,U+13F26,,N-17-007,C,"An enclosed hill, without a shrub at the top.",ꞽꜣ.t,"Logogram hill, mound",,,,,,N030D
13F27,U+13F27,,N-17-008,,,,,,"275,15",N97,,,N097
13F28,U+13F28,,N-17-009,C,"An enclosed hill, with a shrub at the top (N30A), on top of a conical loaf of bread (X8).",ꞽꜣ.t-dꞽ,Logogram (Dendera),N97,"276,1",,,,N097E
13F29,U+13F29,,N-18-002,C,"an oval road, with three shrubs resembling flowers written over it, with the middle flower oriented with the flower downwards.",ḥr,Phonemogram,N31H,"276,5",N31h,,,HJ N031H
13F2A,U+13F2A,,N-18-006,C,"A road consisting of two horizontal lines, with three shrubs resembling flowers written over it, with the middle flower oriented with the flower downwards.",rsꞽ,"Classifier entirely, quite, at all",,"276,8",,,,N031J
13F2B,U+13F2B,,N-18-007,,,,,N31E,"276,9",N31E,,,HJ N031E
13F2C,U+13F2C,,N-18-009,C,"A curving path in a V shape, with three shrubs resembling flowers written over it, with the middle flower oriented with the flower downwards.",wsy,Classifier window,N31F,"276,11",N31F,,,HJ N031F
13F2D,U+13F2D,,N-18-010,C,"A curving path in a V shape, with three shrubs resembling flowers written over it, with the middle flower oriented with the flower downwards, with a loop and tie at the right side.",wꜣ.t,Logogram (road),N31G,"276,12",N31G,,,HJ N031G
13F2E,U+13F2E,,N-18-012,C,A road with three shrubs at both sides.,wꜣ.t,"Classifier road, path",N31A,"276,14",N31A,,,HJ N031A
13F2F,U+13F2F,,N-18-016,C,"A rectangular road, with two ties at the top right corner, with three shrubs resembling flowers written over it, all flowers at the top.",hꜣw,Logogram (time),,,,,,N031L
13F30,U+13F30,,N-19-008,C,A downward curving rippled line.,ꜥwꜣ,"Classifier decay, rot",,"277,7",,,,N035D
13F31,U+13F31,,N-19-009,C,"A ripple of water (N35), written within a rectangle.",n,Phonemogram,N102A,"277,8",N102A,,,HJ N102A
13F32,U+13F32,,N-19-012,C,A horizontal line written within an oval.,ꞽw,Logogram (island (in ꞽw-ḏsḏs (El-Bahriya oasis))),N140,"277,10",N140,,,HJ N140
13F33,U+13F33,,N-19-014,C,"A ripple of water (N35), written within an ova (N102), on top of a conical loaf of bread (X8).",ꞽꜣ.t-dꞽ,Logogram (Dendera),,,,,,N097C
13F34,U+13F34,,N-20-002,C,"A ripple of water (N35), written inside a canal (N36).",m,Phonemogram,N36C,"277,12",N36D,,,N036D
13F35,U+13F35,,N-20-007,,,,,N36B,,N36B,,,HJ N036B
13F36,U+13F36,,N-20-009,C,"A canal, with vertical ripples of water written within it.",ꜥḥꜥ.w,Classifier time,N36A,"278,5",N36A,,,HJ N036A
13F37,U+13F37,,N-20-012,C,"A canal, with multiple rectangles resembling battlements written on top of the sign.",ꞽḫm.t,"Classifier bank (river, fortress)",N99,,N99,,,HJ N099
13F38,U+13F38,,N-20-013,C,A wavy canal.,mr-n-ḫꜣ,"Classifier waters, rivers, lakes",N100,,N100,,,HJ N100
13F39,U+13F39,,N-20-014,C,A canal with a rectangular block on the top and the bottom.,ḏnꞽ,"Classifier to dam, to revet",N101,,N101,,,HJ N101
13F3A,U+13F3A,,N-20-015,C,"A canal (M36), written over legs in a walking posture, feet orientated towards the reading direction (D54).",rhnꞽ,Logogram (to wade),N103A,,N103A,,,HJ N103A
13F3B,U+13F3B,,N-20-016,C,"A folded piece of cloth (S29), mirrored, written over a canal (N36), with the base of the cloth and the base of the canal being at the same height.",s-m,Phonemogram,,,,,,N152
13F3C,U+13F3C,,N-20-021,C,"A rectangular pool, with three diagonal strokes written inside.",š,Phonemogram,N37A,"278,8",,,,N037D
13F3D,U+13F3D,,N-20-025,,,,,N36D,,,,,N036C
13F3E,U+13F3E,,N-20-028,C,"A row of dots, written inside a horizontal rectangle.",š,Phonemogram,N139,"278,15",N139,,,HJ N139
13F3F,U+13F3F,,N-20-029,C,"A row of dots, written inside an oval.",nḫn,Logogram (Hierakonpolis),N135,,N135,,,HJ N135
13F40,U+13F40,,N-20-030,C,"An oval of sand, with a vertical line in the middle.",ꞽw,Logogram (island),N141,,N141,,,HJ N141
13F41,U+13F41,,N-20-035,C,"A rectangular pool, with three diagonal strokes written inside (HG N37A), on top of legs in a walking posture, feet orientated towards the reading direction (D54).",šm,Logogram (to go),N40A,"279,4",,,,N040B
13F42,U+13F42,,N-20-036,C,"A rectangular pool, with two diagonal strokes written inside, angling forwards, on top of legs in a walking posture, feet orientated towards the reading direction.",,,,,N40A,,,N040A
13F43,U+13F43,,N-20-037,C,"A plan of a prehistoric building at the town of Nekhen, written as an oval, with the angled lines touching the oval (O47), on top of a conical loaf of bread (X8).",ꞽꜣ.t-dꞽ,Logogram (Dendera),,,,,,N097A
13F44,U+13F44,,N-21-005,C,"A well with a straight line of water, with a vertical line in the middle.",ḥm,Phonemogram,,,N104,,,N104
13F45,U+13F45,,N-21-006,C,A well with multiple ripples of water.,ḥm,Phonemogram,,,,,,N104C
13F46,U+13F46,,N-22-005,C,"An ingot of metal, with a wide round bottom.",ḥmt,Logogram (copper),N34A,,N34A,,,N034D
13F47,U+13F47,,N-22-006,C,A diamond shaped ingot of metal.,bꞽꜣ,Classifier metal,Z24,"471,11",Z24,,,HJ Z024
13F48,U+13F48,,N-22-007,C,"A metal T shaped basin, with shapes on the short side resembling trees.",mry,Phonemogram,N124,,N124,,,HJ N124
13F49,U+13F49,,N-22-008,,,,,N124A,,N124A,,,HJ N124A
13F4A,U+13F4A,,N-22-009,C,"A lightning bolt, represented by a horizontal line with arrows at each end.",ḥnb.w,Classifier (lightning bolt),N57,,N57,,,HJ N057
13F4B,U+13F4B,,N-22-010,,,,,N107,,N107,,,HJ N107
13F4C,U+13F4C,,O-01-004,C,"Two houses or enclosures, connected to each other horizontally.",ꞽs.wy,Classifier two tombs,O53,"280,4",O53,,,HJ O053
13F4D,U+13F4D,,O-01-053,C,"An oar, written vertically (P8), intruding with the top inside a house or enclosure (O1).",pr.t-ḫrw,Logogram (invocation offering),O70,"282,1",O70,,,HJ O070
13F4E,U+13F4E,,O-01-060,,,,,O71A,"282,2",O71A,,,HJ O071A
13F4F,U+13F4F,,O-01-061,C,"A feather (H6), written vertically on top of a house or domain (O1).",gs-pr,Logogram (temple),O71,"282,3",O71,,,HJ O071
13F50,U+13F50,,O-01-063,C,"Three feathers (H6), written angled forwards, on top of three houses or enclosures, connected together, horizontally (O262).",gs.w-pr.w ,Logogram (temple),,"282,4",,,,O072B
13F51,U+13F51,,O-01-064,C,"Three feathers (H6), written vertically, on top of three houses or enclosures, connected together, horizontally (O262).",gs.w-pr.w,Logogram (temple),O72,"282,5",O72,,,HJ O072
13F52,U+13F52,,O-01-067,C,"Three houses or enclosures, connected together, horizontally.",pr.w,"Logogram (houses, domains)",O262,,O262,,,HJ O262
13F53,U+13F53,,O-02-005,C,"An enclosure wall without battlements, with an enclosed square in the bottom right corner.",wsḫ.t,Logogram (court),O4B,,O4B,,,HJ O004B
13F54,U+13F54,,O-02-007,C,"A house or domain, with only one of the two lines at the bottom.",s.t,"Classifier place, building",O1B,"283,7",O1B,,,HJ O001B
13F55,U+13F55,,O-03-001,,,,,O6C,,O6C,,,O006L
13F56,U+13F56,,O-03-002,C,"Two rectangles, written vertically, connected together.",ḥw.t,"Logogram (temple, mansion, estate)",O285A,,O285A,,,HJ O285A
13F57,U+13F57,,O-03-012,C,"Three plans of a rectangular enclosure, with an internal rectangle in the lower corner away from the reading direction, connected to each other.",ḥw.wt,"Logogram (temples, mansions, estates)",,,O84,,,O084
13F58,U+13F58,,O-03-013,,,,,O6B,"284,4",O6B,,,O006J
13F59,U+13F59,,O-03-014,C,"A plan of a rectangular enclosure, with an internal rectangle in both upper corners.",ḥw.t,"Logogram (temple, mansion, estate)",O6A,"284,5",O6A,,,O006K
13F5A,U+13F5A,,O-03-031,C,"A façade of a palace or tomb, represented by two rectangles, with a horizontal line with two crossing vertical lines in it, left horizontal line lower than the top.",,,O216,,O216,,,HJ O216
13F5B,U+13F5B,,O-03-036,C,"Three times a half round loaf of bread (X1), written inside a plan of a rectangular enclosure, with an internal rectangle in the lower corner away from the reading direction (O6), connected horizontally.",ḥw.wt,"Logogram (temples, mansions, estates)",O88,"285,2",O88,,,HJ O088
13F5C,U+13F5C,,O-03-037,C,"Three times a half round loaf of bread (X1), written inside a plan of a rectangular enclosure, with an internal rectangle in the top corner away from the reading direction (O6), connected horizontally.",ḥw.wt,"Logogram (temples, mansions, estates)",O88A,,O88A,,,HJ O088A
13F5D,U+13F5D,,O-03-113,C,"A falcon (G5), written inside a plan of a rectangular enclosure, with an internal rectangle in the top corner away from the reading direction; on top of a wickerwork basket (V30).",ḥw.t-ḥr-nb.t,"Logogram (Hathor, lady (of))",O96,"289,11",O96,,,HJ O096
13F5E,U+13F5E,,O-03-168,C,"A plan of a rectangular enclosure with battlements on all sides, with an internal rectangle in the lower corner away from the reading direction",,,,,,,,O307A
13F5F,U+13F5F,,O-03-169,C,"A plan of a rectangular enclosure with battlements on three sides, with a wide base, with an internal rectangle in the top corner away from the reading direction.",,,,,,,,O092F
13F60,U+13F60,,O-03-171,C,"A wickerwork basket (V30), on top of a plan of a rectangular enclosure, with an internal rectangle in the lower corner away from the reading direction (O6).",nb.t-ḥw.t,Logogram (Nephthys (divinity)),O9B,"292,10",O9B,,,HJ O009B
13F61,U+13F61,,O-03-172,C,"A wickerwork basket (V30), on a small vertical rectangle, with a wide base.",nb.t-ḥw.t,Logogram (Nephthys (divinity)),O9C,"292,11",O9C,,,HJ O009C
13F62,U+13F62,,O-04-001,C,"A wall of the palace, with ornamental chevaux de frise on top of the wall, with internal decoration of two rectangles, with an angled line inside, forming a point at the back.",ꜥḥ,Logogram (palace),,"293,1",,,,O012F
13F63,U+13F63,,O-04-002,C,"A wall of the palace, without the ornamental chevaux de frise on top of the wall, with internal decoration of two rectangles, with an angled line inside, forming a point at the back.",ꜥḥ,Logogram (palace),,,,,,O383
13F64,U+13F64,,O-04-003,C,"A wall of the palace, without the ornamental chevaux de frise on top of the wall, with internal decoration of two rectangles, with an angled line inside, both angling downwards towards the back.",,,,,,,,O012G
13F65,U+13F65,,O-04-008,C,"A wall of the palace, with ornamental chevaux de frise on top of the wall, without internal decoration.",ꜥḥ,Classifier palace,O11A,"293,6",O11A,,,HJ O011A
13F66,U+13F66,,O-04-009,C,"a wall of the palace, with ornamental chevaux de frise on top of the wall, with two sections, the front section without internal decoration, the back with internal decoration.",,,,,,,,O011B
13F67,U+13F67,,O-04-025,C,"A wall of the palace, with ornamental chevaux de frise on top of the wall, with internal decoration resembling two rectangles with an angled line inside, going from the front bottom corner to the top corner in the back; on a wide base, with a rectangle at the front with horizontal chevaux de frise at the front.",ꜥḥ,Logogram (palace),O99,"294,7",O99,,,HJ O099
13F68,U+13F68,,O-04-026,,,,,O98A,,O98A,,,HJ O098A
13F69,U+13F69,,O-04-027,C,"A wall of the palace, with ornamental chevaux de frise on top of the wall, in two sections, the front section with internal decoration, with a cloth wound on a pole, an emblem of divinity (R8) written inside the second section.",nṯrꞽ,Classifier divine,O260,,O260,,,HJ O260
13F6A,U+13F6A,,O-05-002,C,"An enclosure wall with battlements on the front, back and top, and on the vertical line of the opening.",wsḫ,Phonemogram,O13,"294,12",,,,O013K
13F6B,U+13F6B,,O-05-003,C,"An enclosure wall with battlements on the front, back and top.",wsḫ,Phonemogram,,,,,,O013L
13F6C,U+13F6C,,O-05-004,C,"An enclosure wall with battlements on the front, back and top, with blocks on the corners.",wsḫ,Phonemogram,,,,,,O013M
13F6D,U+13F6D,,O-05-005,C,"An enclosure wall with battlements on the front, back and top, with an additional horizontal line partly covering the open section.",wsḫ,Phonemogram,,,,,,O013N
13F6E,U+13F6E,,O-05-007,C,"A man, standing, both arms raised in front, holding a mat with a loaf of bread on each side of a vessel, written inside an enclosure wall with battlements on the front, back and top.",wsḫ.t-ḥtp,Logogram (court of offerings),,,,,,O381
13F6F,U+13F6F,,O-05-026,C,"A house or enclosure, with battlements on the front, back and top.",,,O303,,O303,,,HJ O303
13F70,U+13F70,,O-05-040,C,"An enclosure wall with battlements on the front, back and top, without an internal section.",,,,,,,,O105A
13F71,U+13F71,,O-05-064,C,"A wall, written vertically, with battlements on the front, back and top, and blocks on the corners.",,,,,,,,O123B
13F72,U+13F72,,O-05-084,C,"A wall, written vertically, with multiple battlements on the long sides.",ꞽnb,Logogram (wall),O36C,"298,6",O36C,,Y,O036M
13F73,U+13F73,,O-05-099,C,"A wall, with multiple battlements on its long sides, written at a forward angle.",snb,"Classifier overthrow, demolish",O37A,"298,14",O37A,,Y,HJ O037A
13F74,U+13F74,,O-05-101,C,"A wall, with multiple battlements on its long sides, written at a forward angle, with a forward, downward line coming from the top.",sšn,"Classifier overthrow, demolish",O118,,O118,,,HJ O118
13F75,U+13F75,,O-05-105,C,"A wall, written vertically, with battlements on all edges.",km-wr,Classifier geographical location,,,,,,O036K
13F76,U+13F76,,O-05-111,C,"An vertical oval, with rounded battlements.",ꜣbw,Classifier geographical location (Elephantine),,,,,,O036L
13F77,U+13F77,,O-05-113,,,,,O120,"299,5",O120,,,HJ O120
13F78,U+13F78,,O-05-117,C,"A wall, written vertically, with a wide base and battlements on the front, back and top.",sbty,Classifier wall,O36D,,O36D,,,O036N
13F79,U+13F79,,O-05-118,C,"A wall, written vertically, with multiple battlements on the long sides (O36C), in front of a mace with a pear-shaped head, written vertically (T3); written on top of a standard used for carrying religious symbols, with a loop under the horizontal beam, running over the vertical pole (R12A).",nb-ḥḏ,Logogram i(Memphis (the white wall)),O121,,O121,,,HJ O121
13F7A,U+13F7A,,O-05-120,C,"A wall, written vertically, with multiple battlements on the long sides, in front of a mace with a pear-shaped head, written vertically, in front of a plan of a crossroads in a village; written on top of a standard used for carrying religious symbols, with a loop under the horizontal beam, running over the vertical pole, written on top of a parcel of land with irrigation ditches.",,,O121B,,O121B,,,HJ O121B
13F7B,U+13F7B,,O-06-001,C,"A façade of a palace or tomb, with a doorway, without internal detail.",srḫ,Logogram (serekh (palace) façade),O129,"299,7",O129,,,HJ O129
13F7C,U+13F7C,,O-06-005,C,"A façade of a palace or tomb, with a doorway, open at the bottom, without internal detail.",srḫ,Classifier palace façade,O130,"299,9",O130,,,HJ O130
13F7D,U+13F7D,,O-06-011,,,,,O131,"299,12",O131,,,HJ O131
13F7E,U+13F7E,,O-06-015,,,,,O131A,"300,1",O131A,,,HJ O131A
13F7F,U+13F7F,,O-06-021,C,"A façade of a palace or tomb, with a doorway.",srḫ,Classifier palace façade,O33A,"300,7",O33A,,,O033S
13F80,U+13F80,,O-06-022,C,"A façade of a palace or tomb, with a doorway, without a line at the bottom.",srḫ,Logogram (serekh (palace) façade),O33C,,O33C,,,HJ O033C
13F81,U+13F81,,O-06-033,C,"A façade of a palace or tomb, with a doorway, with internal detail in the doorway.",srḫ,Logogram (serekh (palace) façade),,"301,2",,,,O033M
13F82,U+13F82,,O-06-042,C,"Two eyes, with the markings of the head of a falcon (D10), arranged horizontally, mirroring each other, written inside a wall of the palace, with internal detail in the lower half.",ḥḏ,Logogram (chapel),O132,"301,11",O132,,,HJ O132
13F83,U+13F83,,O-06-043,C,"Two eyes, with the markings of the head of a falcon (D10), arranged horizontally, mirroring each other, written inside a wall of the palace, with ornamental chevaux de frise on top of the wall, without internal decoration.",ḥḏ,Logogram (chapel),O337,,O337,,,HJ O337
13F84,U+13F84,,O-06-052,C,"A façade of a palace or tomb, simplified to a horizontal line with a short crossbar in the middle, and three vertical lines at the bottom.",srḫ,Logogram (serekh (palace) façade),,,,,,O033T
13F85,U+13F85,,O-06-055,C,"A façade of a palace or tomb, with an interior decoration pattern consisting of three thin horizontal beams, separated by two broad horizontal beams consisting of vertical strokes.",srḫ,Logogram (serekh (palace) façade),,,,,,O033D
13F86,U+13F86,,O-06-057,C,"A façade of a palace or tomb, with a doorway, with a horizontal beam of vertical lines on top of it.",srḫ,Logogram (serekh (palace) façade),,,,,,O033R
13F87,U+13F87,,O-06-058,C,"A façade of a palace or tomb, represented by a rectangle with a angled line, running from the bottom left to the top right corner, with vertical stokes below the rectangle.",srḫ,Logogram (serekh (palace) façade),,,,,,O033U
13F88,U+13F88,,O-07-001,C,The pylon of a temple.,bḫny,Classifier pylon/gateway,O137,"302,3",O137,,,HJ O137
13F89,U+13F89,,O-07-003,C,"The two towers of a pylon of a temple, divided, with a rectangular opening in each tower on the inside.",,,O138,,O138,,,HJ O138
13F8A,U+13F8A,,O-07-005,C,"A façade of a shrine with a flat roof, with a angled line written from the front bottom corner to the left top corner inside.",pr-wr,Logogram (sanctuary of Upper Egypt),O152,"302,6",O152,,,HJ O152
13F8B,U+13F8B,,O-07-006,C,"A façade of a shrine with a flat roof, with oblique sides, with a large doorway.",mꜣh.t,Classifier doorway/gateway,O21B,"302,7",O21B,,,HJ O021B
13F8C,U+13F8C,,O-07-010,C,"written over a façade of a shrine with a flat roof, with vertical sides, with a small rectangle in the bottom corner away from the reading direction (O21D).",ḥw.t,Logogram,O21D,,O21D,,,HJ O021D
13F8D,U+13F8D,,O-07-012,C,"A shrine with vertical sides and a flat roof, without internal detail, with an uraeus at the front tip of the roof.",kꜣr,Logogram (chapel),O18D,,O18D,,,HJ O018D
13F8E,U+13F8E,,O-07-013,C,"A shrine with vertical sides and a flat roof, with a doorway, with an uraeus at the front tip of the roof.",,Logogram (chapel),O280,,O280,,,HJ O280
13F8F,U+13F8F,,O-07-014,C,"A façade of a shrine with a flat roof, with uraei on top, facing forwards, with oblique sides, with a large doorway.",rw.t,Phonemogram (in r-rw.t (outside)),O21C,,O21C,,,HJ O021C
13F90,U+13F90,,O-07-015,C,"A façade of a shrine with a flat roof, with vertical strokes on top, with oblique sides, with a small doorway.",ꜥḥ,Logogram (palace),O329B,,O329B,,,HJ O329B
13F91,U+13F91,,O-07-020,C,"A façade of a shrine with a flat roof, with uraei on top, facing forwards, with oblique sides, with two doorways.",sbḫ.t,"Logogram (portal, portico)",,,,,,O021F
13F92,U+13F92,,O-08-001,C,"A gateway, with the bottom fully closed.",sbꜣ,Classifier doorway,O32B,"302,10",O32B,,,HJ O032B
13F93,U+13F93,,O-08-005,C,"A gateway, with the bottom fully closed, with internal detail.",rw.t,Phonemogram (in r-rw.t (outside)),O32C,"302,12",O32C,,,HJ O032C
13F94,U+13F94,,O-08-007,C,"A star (N14), on top of a gateway, with the bottom fully closed (O32B).",sbꜣ,Logogram (doorway),O276,,O276,,,HJ O276
13F95,U+13F95,,O-08-009,C,"A gateway, with the bottom fully closed (O32B), with feathers (H8) on top, angled forwards.",sbḫ.t,"Classifier portal, portico",O145A,,O145A,,,HJ O145A
13F96,U+13F96,,O-08-012,C,A broad gateway.,ꞽs,Classifier tomb,O32D,"303,1",O32D,,,HJ O032D
13F97,U+13F97,,O-08-013,,,,,O16,"303,2",O16,,,O016G
13F98,U+13F98,,O-08-015,C," A plan and façade of a hall, with a cornice with four Uraei on top, orientated forwards.",sbḫ.t,"Classifier portal, portico",O16A,"303,3",O16A,,,HJ O016A
13F99,U+13F99,,O-08-018,C," A thin plan and façade of a hall, with a cornice with four Uraei on top, orientated forwards.",tꜣy.t,Logogram (main gate of a temple),O16B,"303,6",O16B,,,HJ O016B
13F9A,U+13F9A,,O-08-026,C,"A plan and façade of a hall, with an entrance, with a cornice with Uraei on top, with half orientated forwards and half orientated backwards.",tꜣy.ty,Classifier curtain,,,,,,O016F
13F9B,U+13F9B,,O-09-003,,,,,O18E,"303,15",O18E,,,HJ O018E
13F9C,U+13F9C,,O-09-006,C,"A shrine, seen from the side, with a downward sloping roof, on top of a sledge.",mꜥḥꜥ.t,"Classifier funerary chapel, cenotaph",O18B,"304,3",O18B,,,HJ O018B
13F9D,U+13F9D,,O-09-014,C,"A shrine, seen from the side, with a downward sloping roof, with an uraeus at the front of the roof.",ḥḏ,Classifier chapel,O18A,"304,9",O18A,,,HJ O018A
13F9E,U+13F9E,,O-09-015,C,"A shrine, seen from the side, with a downward sloping roof, with an uraeus at the front of the roof, with a rectangle attached to the front.",pr-wr,Logogram (sanctuary of Upper Egypt),,,,,,O018F
13F9F,U+13F9F,,O-09-020,C,"God, in mummy form, standing upright on a platform, with a long straight beard, wearing a cap, both arms forwards, holding a sceptre with a straight shaft, forked bottom and head of the Seth animal (S40) of the same size as the god, vertically (C19); written inside a shrine, seen from the side, with a downward sloping roof (O18). ",nṯrꞽ,Logogram (to be divine),O148,,O148,,,HJ O148
13FA0,U+13FA0,,O-09-029,,,,,O150,"304,13",O150,,,HJ O150
13FA1,U+13FA1,,O-09-041,C,"A façade of a shrine with a flat roof, with oblique sides, with a large doorway, with a pole in front, with a horizontal line over the roof, connected to the roof with three vertical lines.",pr-wr,Classifier shrine,O329A,"305,8",O329A,,,HJ O329A
13FA2,U+13FA2,,O-09-044,C,"A façade of a shrine with a flat roof, with oblique sides, with a large doorway, with a pole in front, with a horizontal line over the roof, connected to the roof with two vertical lines.",pr-wr,Logogram (sanctuary of Upper Egypt),O329,"305,13",O329,,,HJ O329
13FA3,U+13FA3,,O-09-045,C,"The façade of a shrine with a flat roof, with oblique sides, with a large doorway, with a long horizontal line coming from the front of the base, the front tip connected with a curved line going to the front tip of the roof, resembling a representation of two ribs, written parallel (Aa15).",pr-wr,Logogram (sanctuary of Upper Egypt),M211,,M211,,,HJ M211
13FA4,U+13FA4,,O-09-047,,,,,O154,"305,15",O154,,,HJ O154
13FA5,U+13FA5,,O-09-053,C,"A shrine, seen from the side, with a downward sloping roof, with an uraeus at the front of the roof (O18A), with a horizontal line over it.",ḥḏ-šps,Classifier shrine,O153C,"306,4",O153C,,,HJ O153C
13FA6,U+13FA6,,O-09-060,C,"An archaic shrine, seen from the side, with a downward sloping roof, with two vertical poles forming the front, with horizontal lines extending from the top of the roof, with short vertical lines in front of the poles.",pr-wr,Classifier shrine,O19C,"306,9",O19C,,,HJ O019C
13FA7,U+13FA7,,O-09-066,C,"The emblem erected outside the temple of Min, resembling the horns of a bovid (F13) on top of a stem of papyrus with a bud (M13), with a coil of rope (V1) between the horns, connected to a cone, with a spike on top, from which a shrine with a flat roof comes forth.",sḥn,Classifier chapel (associated with Min),O156,"306,14",O156,,,HJ O156
13FA8,U+13FA8,,O-09-068,C,"The head of a bovid, coming from an cone, with a forward, downward line of liquid coming from the mouth, on top of a base.",psḏ.t,Logogram (Ennead),O275,,O275,,,HJ O275
13FA9,U+13FA9,,O-09-071,C,"An archaic shrine, seen from the side, with a downward sloping roof, with vertical poles in front of the shrine itself, connected to the shrine (O19), on top of a sledge.",s.t=f-wr.t,Classifier shrine,O157,"307,1",O157,,,HJ O157
13FAA,U+13FAA,,O-09-072,,,,,O158,"307,2",O158,,,HJ O158
13FAB,U+13FAB,,O-09-075,C,"A low shrine with a round roof, with two vertical lines enclosing the top, on top of a broad base, with a vertical line on either side of the shrine, with three horizontal strokes over it.",šṯy.t,Logogram (sanctuary of Sokar),O160,"307,5",O160,,,HJ O160
13FAC,U+13FAC,,O-09-081,C,"A tall shrine with a round roof, with two vertical lines enclosing the top, on a base, with internal decoration consisting of two rectangles, with an angled line inside, forming a point at the front.",pr-nsr,"Classifier sanctuary, shrine",O20A,"307,12",O20A,,,O020E
13FAD,U+13FAD,,O-09-082,C,"A tall shrine with a round roof, with two vertical lines enclosing the top, on a base, without internal decoration.",ꞽtr.t,"Logogram (shrine, row of shrines)",,"307,13",,,,O020D
13FAE,U+13FAE,,O-09-083,C,"A tall shrine with oblique sides, a triangular roof and a doorway.",ꞽwn.t,Logogram (Dendera),O161,"307,14",O161,,,HJ O161
13FAF,U+13FAF,,O-09-085,,,,,O21A,"307,16",O21A,,,HJ O021A
13FB0,U+13FB0,,O-09-092,,,,,O166,"308,6",O166,,,HJ O166
13FB1,U+13FB1,,O-09-093,C,"A façade of a shrine with a flat roof, with oblique sides, with a entryway resembling a smaller façade of a shrine with a flat roof, with oblique sides, with a large gateway; with a vertical rectangle added to the far side.",pr-wr,Logogram (sanctuary of Upper Egypt),,,,,,O329E
13FB2,U+13FB2,,O-09-100,,,,,O167B,,O167B,,,HJ O167B
13FB3,U+13FB3,,O-09-103,C,"A pronaos or kiosk, with a rounded roof, supported on two columns with a flower-like capital on the outside of the lower walls.","hꜣy,t","Logogram (portal, portico)",O184,"308,12",O184,,,HJ O184
13FB4,U+13FB4,,O-09-105,C,"A pronaos or kiosk, with a rounded roof, supported on four columns with a flower-like capital, connected to the lower walls.",hꜣy.t,"Logogram (ceiling, heaven)",O185,"308,14",O185,,,HJ O185
13FB5,U+13FB5,,O-09-107,C,"A schematic representation of a pronaos or kiosk, with the two columns represented by a vertical line with a crossbar.","hꜣy,t","Logogram (portal, portico)",,,,,,O382
13FB6,U+13FB6,,O-09-112,C,?The front wall and roof of a shrine?,sḥ,?Logogram (shrine?),,,,,,O021G
13FB7,U+13FB7,,O-10-001,C,"A booth, with the roof curving gradually.",sḥ,"Logogram (pavilion, hall, booth)",O169A,,O169A,,,HJ O169A
13FB8,U+13FB8,,O-10-002,C,"A booth, with the roof curving gradually, with a circle on top of the roof.",ꜥrḳ,"Logogram (to tie on, to don)",O169,"309,3",O169,,,HJ O169
13FB9,U+13FB9,,O-10-003,C,"A booth, with the roof curving gradually after a sharp corner.",,,,,,,,O175D
13FBA,U+13FBA,,O-10-004,C,A booth with a pointed roof.,,,,,,,,O175C
13FBB,U+13FBB,,O-10-019,C,"A cloth wound on a pole, an emblem of divinity (R8), written inside a booth, with the roof curving gradually, with a circle in the center of the roof.",sḥ-nṯr,Logogram (divine booth),O346,,O346,,,HJ O346
13FBC,U+13FBC,,O-10-030,C,"A booth, with the roof curving gradually, supported by a forked pole for supporting a roof (O30), with a circle on top of the roof.",sḥ,Logogram (booth),O22A,"310,3",O22A,,,HJ O022A
13FBD,U+13FBD,,O-10-031,C,"A booth, with the roof curving gradually, with a vertical support in the middle, with a circle on top of the roof.",ꜥrḳ,Phonemogram,O22B,"310,4",O22B,,,HJ O022B
13FBE,U+13FBE,,O-10-035,C,An open booth supported by a forked pole for supporting a roof (O30).,ꜥrḳ,Phonemogram (in ꜥrḳ-wr),O22C,"310,6",O22C,,,HJ O022C
13FBF,U+13FBF,,O-10-040,C,An open booth supported by a pole with a circular inset (P11A).,ꜥrḳ,Phonemogram,O180,"310,10",O180,,,HJ O180
13FC0,U+13FC0,,O-11-002,C,"A double pavilion, with flower-topped capitals on the columns, with curved roofs, without seats.",ḥb-sd,"Logogram (jubilee, sed-festival)",O23L,,O23L,,,HJ O023L
13FC1,U+13FC1,,O-11-006,C,"A carrying chair (Q2), written inside a booth or pavilion, with two columns resembling a stem of papyrus with a bud (M13), with a curved roof.",ṯnṯꜣ.t,Classifier throne dais,O23B,"310,14",O23B,,,HJ O023B
13FC2,U+13FC2,,O-11-008,,,,,O189A,,O189A,,,HJ O189A
13FC3,U+13FC3,,O-11-009,C,"An open booth supported by a central column with a flower-like capital, with two carrying chairs (Q2) written inside, facing away from one another.",ḥb-sd,"Logogram (jubilee, sed-festival)",O23C,"311,1",O23C,,,HJ O023C
13FC4,U+13FC4,,O-11-011,C,"An open booth supported by a forked pole for supporting a roof (O22C), on top of a wickerwork basket (V30).",(ꞽ)fd.w,Logogram (four),W4A,"311,3",W4A,,,HJ W004A
13FC5,U+13FC5,,O-11-016,C,"A booth with a round roof, supported by three columns with a flower-like capital, on top of an alabaster basin with a diamond shaped inner marking (W3).",ḥb-sd,"Logogram (jubilee, sed-festival)",W37,"311,7",W37,,,HJ W037
13FC6,U+13FC6,,O-11-017,C,"A booth with a wavy roof, supported by three forked poles for supporting a roof (O30), on top of a wickerwork basket (V30).",ḥb-sd,"Logogram (jubilee, sed-festival)",W37B,"311,8",W37B,,,HJ W037B
13FC7,U+13FC7,,O-11-018,,,,,O23Q,,O23Q,,,HJ O023Q
13FC8,U+13FC8,,O-11-019,,,,,O23T,,O23T,,,HJ O023T
13FC9,U+13FC9,,O-11-021,C,"An open booth supported by a forked pole for supporting a roof (O22C), on top of a wickerwork basket (V30); with a horizontal line, intersected in the middle by a coil of rope (V2) written left of the central pole.",ḥb-sd,"Logogram (jubilee, sed-festival)",W35A,"311,10",W35A,,,HJ W035A
13FCA,U+13FCA,,O-11-022,C,"An open booth supported by a pole, on top of an alabaster basin with a diamond shaped inner marking (W4); with a horizontal line, intersected in the middle by a coil of rope (V2) written left of the central pole.",ḥb-sd,"Classifier jubilee, sed-festival",W35,"311,12",W35,,,HJ W035
13FCB,U+13FCB,,O-11-023,C,"A horizontal line, intersected in the middle by a coil of rope (V2), written within a booth, with the roof curving gradually after a sharp corner (O175D), on top of a wickerwork basket (V30).",ḥb-sd,"Classifier jubilee, sed-festival",,"311,14",,,,W035C
13FCC,U+13FCC,,O-11-024,,"A booth with a round roof with a circle on top, supported by three columns with a flower-like capital, with two carrying chairs (Q2) facing away from one another; on top of an alabaster basin with a diamond shaped inner marking (W3).",ḥb-sd,"Logogram (jubilee, sed-festival)",O23D,"311,15",O23D,,,HJ O023D
13FCD,U+13FCD,,O-11-025,C,"A booth with a round roof, supported by three columns, with the outer two having a flower-like capital, with the middle column resembling a rolled-up herdsman's shelter of papyrus (V18); on top of an alabaster basin with a diamond shaped inner marking (W3).",ḥb,Logogram (festival),,,,,,O023V
13FCE,U+13FCE,,O-11-026,C,"A booth with a round roof, supported by three forked poles for supporting a roof (O30), with two carrying chairs (Q2) facing away from one another; on top of a wickerwork basket (V30).",ḥb-sd,"Logogram (jubilee, sed-festival)",W37D,"311,16",W37D,,,HJ W037D
13FCF,U+13FCF,,O-11-027,C,"A booth with a round roof, supported by three forked poles for supporting a roof (O30); on top of a wickerwork basket (V30).",ḥb-sd,"Logogram (jubilee, sed-festival)",W37A,,W37A,,,HJ W037A
13FD0,U+13FD0,,O-11-028,C,"An open booth supported by a pole (O22), with two carrying chairs (Q2) facing away from one another; on top of an alabaster basin with a diamond shaped inner marking (W3).",ḥb-sd,"Logogram (jubilee, sed-festival)",O23E,"312,1",O23E,,,HJ O023E
13FD1,U+13FD1,,O-11-030,,,,,O23F,"312,3",O23F,,,HJ O023F
13FD2,U+13FD2,,O-11-042,C,"A double pavilion, with columns topped with a triangle, with two carrying chairs (Q2), facing away from one another; on top of an alabaster basin with a diamond shaped inner marking (W3).",ḥb-sd,"Logogram (jubilee, sed-festival)",,"312,13",,,,O023U
13FD3,U+13FD3,,O-11-044,C,"A double pavilion, with columns without capitals, with the rounded roofs curving upwards at the far sides, with two carrying chairs (Q2), facing away from one another; on top of an alabaster basin with a diamond shaped inner marking (W3).",ḥb-sd,"Logogram (jubilee, sed-festival)",O23P,"312,14",O23P,,,HJ O023P
13FD4,U+13FD4,,O-11-046,C,"A double pavilion, with columns without capitals, with the rounded roofs curving upwards at the far sides; on top of an alabaster basin with a diamond shaped inner marking (W3).",ḥb-sd,"Logogram (jubilee, sed-festival)",O23K,,O23K,,,HJ O023K
13FD5,U+13FD5,,O-11-049,C,"Two booths, with the roof curving gradually (O169A), on top of a plateau with a staircase at either side.",h(ꜣ)b,Logogram (festival),O182,"312,16",O182,,,HJ O182
13FD6,U+13FD6,,O-11-051,C,"A booth with a round roof, supported by two columns resembling a stem of papyrus with a bud (M13), with an abacus; on top of a base (O210A).",hꜣy.t,"Logogram (ceiling, heaven)",O342,,O342,,,HJ O342
13FD7,U+13FD7,,O-11-056,C,"A ram (Ovis longipes palaeo-aegyptiacus), standing, without a beard (E11), with a round vessel with an upstanding rim (W24) above its back; written inside a booth consisting of the sky (N1), supported by two columns resembling a stem of papyrus with a bud (M13), with an abacus; on top of a base (O210A); on a broad base.",ḥꜣy.t n bꜣ,Phonemogram/Logogram,O283,,O283,,,HJ O283
13FD8,U+13FD8,,O-12-004,C,A mastaba with an enclosure wall.,sꞽꜥ,"Classifier to ascend, to mount up",O24A,,O24A,,,O024C
13FD9,U+13FD9,,O-12-005,C,A truncated pyramid.,,?,O194,,O194,,,HJ O194
13FDA,U+13FDA,,O-13-008,C,"An obelisk, without a base.",tḫn,Classifier obelisk,O191,"313,10",O191,,,HJ O191
13FDB,U+13FDB,,O-13-009,C,The benben stone.,bnbn,"Phonemogram/logogram (to beget, to ejaculate, to create)",O191A,"313,11",O191A,,,HJ O191A
13FDC,U+13FDC,,O-13-011,C,An obelisk of an Old Kingdom sun temple.,s.t-ꞽb-rꜥ,Classifier solar temple,O190,,O190,,,HJ O190
13FDD,U+13FDD,,O-14-008,C,A narrow shrine or stela on a base.,ꞽtr.t,Classifier shrine/chapel,O195A,"314,3",O195A,,,HJ O195A
13FDE,U+13FDE,,O-14-013,C,"A snake with a coiled tail, written vertically (I114), written inside a narrow shrine or stela on a plan of a crossroads in a village (O49).",ꞽtr.t,"Logogram (shrine, row of shrines)",O196A,,O196A,,,HJ O196A
13FDF,U+13FDF,,O-16-004,C,A column with a tenon at the top.,ꞽwn,Phonemogram,O28,"314,14",O28,,,O028D
13FE0,U+13FE0,,O-16-006,C,"A column with a base, with a tenon at the top, with a spiral, winding counterclockwise away from its central point, ending at the right lower corner after about one and a half turns (Z7) attached to the top, towards the front.",wṯs,Phonemogram,,,,,,O028E
13FE1,U+13FE1,,O-16-007,C,"A column with a tenon at the top, resembling a half circle.",ꞽwn,Phonemogram,O164A,"315,1",O164A,,,HJ O164A
13FE2,U+13FE2,,O-16-008,C,"A column with a base, with a tenon at the top.",ꞽwn,Phonemogram,O28B,"315,2",O28B,,,HJ O028B
13FE3,U+13FE3,,O-16-011,,,,,O201,"315,3",O201,,,HJ O201
13FE4,U+13FE4,,O-16-030,C,"A column resembling a stem of papyrus with a bud (M13), with an abacus; on top of a base.",wꜣḏ,Logogram (papyriform column),O210A,"316,3",O210A,,,HJ O210A
13FE5,U+13FE5,,O-16-031,C,"A column resembling a stem of papyrus with a bud (M13), without an abacus; on top of a base.",wḫꜣ,Classifier column (columned hall),O206,"316,4",O206,,,HJ O206
13FE6,U+13FE6,,O-16-035,,,,,O207,"316,8",O207,,,HJ O207
13FE7,U+13FE7,,O-16-041,C,"A column with oblique sides, with a capital resembling a round vessel with an upstanding rim.",wḫꜣ,Classifier column (columned hall),O211,,O211,,,HJ O211
13FE8,U+13FE8,,O-16-044,,,,,O210,"316,15",O210,,,HJ O210
13FE9,U+13FE9,,O-16-046,,,,,O209,"317,1",O209,,,HJ O209
13FEA,U+13FEA,,O-16-047,C,"The capital of a column, in the form of a lotus flower, with an abacus on top.",šnꜥ,Phonemogram,O214,"317,3",O214,,,HJ O214
13FEB,U+13FEB,,O-16-048,C,"A column resembling a stem of papyrus with a bud (M13), on a base, with a ",ꞽwn,Classifier pillar,,,,,,O357
13FEC,U+13FEC,,O-16-049,C,"The capital of a column, in the form of the face of a human female, with hair in two curling sidelocks, with the ears of a bovid.",ḥr,"Logogram (face, sight)",O215,,O215,,,HJ O215
13FED,U+13FED,,O-16-050,,,,,O212,,O212,,,HJ O212
13FEE,U+13FEE,,O-18-002,C,"A rectangular door bolt, resembling the forepart of a lion, with a rope used for locking attached to the paw of the lion, with a plummet attached to the rope.",ḥkn,Classifier door bolt,O217,"317,7",O217,,,HJ O217
13FEF,U+13FEF,,O-18-004,C,"A lion, lying down, tail curled over the body towards the back (E23), on top of a shrine, facing its mirror, connected with a rope running from paw to paw.",kfꜣ/pḥ-ꜥḥꜥ,Classifier door bolt,O218,"317,9",O218,,,HJ O218
13FF0,U+13FF0,,O-18-005,C,"A door bolt, which curves upwards and backwards at the top.",ḳꜣn,Classifier door bolt,O219,,O219,,,HJ O219
13FF1,U+13FF1,,O-18-013,C,"A door bolt (O034), written over a circle of dots.",sn,Phonemogram,,,,,,O034C
13FF2,U+13FF2,,O-18-021,C,"A door bolt (O034), written over two human feet and lower legs (D58), arranged horizontally.",sbb,Phonemogram,O222,"318,7",O222,,,HJ O222
13FF3,U+13FF3,,O-19-010,C,"The corner of a wall, with battlements at the top, with the opening in the bottom right corner.",sbḫ.t,Classifier gateway,O14C,,O14C,,,HJ O014C
13FF4,U+13FF4,,O-20-006,C,"A stairway, with a rectangle in the bottom corner.",ḫt(.w),"Classifier dais, terrace, platform",,,,,,O225A
13FF5,U+13FF5,,O-21-001,C,"A fence, consisting of a base resembling a representation of two ribs, written parallel (Aa15), with four forward angled lines with a bulb on top of it, with a horizontal line through the bulbs, with a loop at the far end.",sšp,Phonemogram,O42A,"319,10",O42A,,,HJ O042A
13FF6,U+13FF6,,O-21-002,C,"A fence, consisting of a base resembling a representation of two ribs, written parallel (Aa15), with four forward angled lines with a bulb on written over it, starting at the bottom line.",šsp,Phonemogram,O42B,,O42B,,,HJ O042B
13FF7,U+13FF7,,O-21-004,C,"A fence, consisting of a base resembling a representation of two ribs, written parallel (Aa15), mirrored, with four forward angled lines with a bulb on written over it, starting at the bottom line.",šsp,Phonemogram,O42C,,O42C,,,HJ O042C
13FF8,U+13FF8,,O-21-005,,,,,O42D,,O42D,,,HJ O042D
13FF9,U+13FF9,,O-21-007,,,,,O42F,,O42F,,,HJ O042F
13FFA,U+13FFA,,O-21-010,C,"A fence, consisting of a base resembling a representation of two ribs, written parallel (Aa15), with four forward angled lines with a bulb on top of it, with a horizontal line through the bulbs, which angles downwards at both sides.",šsp,Phonemogram,O42J,"319,11",O42J,,,HJ O042J
13FFB,U+13FFB,,O-21-012,C,"A fence, consisting of a base resembling a representation of two ribs, written parallel (Aa15), with four forward angled lines with a bulb over it, starting at the bottom line, with a horizontal line through the bulbs, with a loop at the far end.",šsp,Phonemogram,O42I,"319,12",O42I,,,HJ O042I
13FFC,U+13FFC,,O-21-014,,,,,O42K,"320,1",O42K,,,HJ O042K
13FFD,U+13FFD,,O-21-020,C,"A fence, consisting of three forward angled lines with a bulb at the end, on top of a horizontal base.",ꜣḥ.t,"Logogram (field, arable land)",O43A,"320,7",O43A,,,HJ O043A
13FFE,U+13FFE,,O-21-021,C,"A fence, consisting of four forward angled lines with a bulb at the end, on top of a horizontal base.",šsp,Phonemogram,O43B,"320,8",O43B,,,HJ O043B
13FFF,U+13FFF,,O-22-001,C,"A heap of grain on a raised floor, without internal detail.",,,O51B,"320,12",O51B,,,HJ O051B
14000,U+14000,,O-22-005,C,"A granary on a raised floor, with upstanding edges, with a doorway.",šnw.wt,Classifier granary,,"320,15",,,,O051F
14001,U+14001,,O-22-008,,,,,O51C,"321,3",O51C,,,HJ O051C
14002,U+14002,,O-22-009,C,"A rounded heap of grain on a raised floor, with lines of dots (grain?) written inside it.",šnw.t,Logogram (granary),,"321,4",,,,O051D
14003,U+14003,,O-22-011,C,"A rounded heap of grain on a raised floor, without internal detail.",šnw.t,Logogram (granary),O51A,"321,5",O51A,,,HJ O051A
14004,U+14004,,O-22-014,,,,,O229,"321,8",O229,,,HJ O229
14005,U+14005,,O-22-015,C,"Two rounded heaps of grain on a raised floor, without internal detail, with a small bit of space between the heaps.",šnw.t,Logogram (granary),O229A,,O229A,,,HJ O229A
14006,U+14006,,O-23-004,C,"An ornamental chevaux de frise on top of walls, with a circle dividing the top and base, with the top spreading like a flower.",ẖkr,Logogram (ornament),AA50A,"480,14",Aa50A,,,HJ AA050A
14007,U+14007,,O-23-005,C,"An ornamental chevaux de frise on top of walls, with a circle dividing the top and base, with the top spreading like a flower, with a circle on top of the tip.",ẖkr,Logogram (ornament),AA50,"481,1",Aa50,,,HJ AA050
14008,U+14008,,O-24-008,C,"A tower of a fortress, with battlements on the top resembling a sand covered mountain over the edge of the cultivated areas (N26), with a forward, downward line coming from the front.",swn.w,Classifier tower,,,,,,O233B
14009,U+14009,,O-24-011,C,"A mastaba with two compartments under a single beam, with a doorway in both compartments.",sꞽꜥ,"Classifier to ascend, to mount up",O234,"322,3",O234,,,HJ O234
1400A,U+1400A,,O-24-012,C,"A cult emblem of Min, a standard consisting of a coil on top of a pole, with a triangular shape topping the coil.",ꞽꜣw.t,Logogram (the emblem of the cult of Min),O44C,,O44C,,,HJ O044C
1400B,U+1400B,,O-24-016,C,"The emblem erected outside the temple of Min, resembling the horns of a bovid (F13) on top of a stem of papyrus with a bud (M13).",ꞽꜣw.t,"Logogram (office, rank, function)",O44B,"322,6",O44B,,,HJ O044B
1400C,U+1400C,,O-24-021,C,"The emblem erected outside the temple of Min, resembling the horns of a bovid (F13) on top of a stem of papyrus with a bud (M13), with a sun disk (N5) between the horns, connected with a line to a cone with a spike on top.",ꞽꜣw.t,"Logogram (office, rank, function)",R131,,R131,,,HJ R131
1400D,U+1400D,,O-24-025,C,"A domed building, in the form of a quarter of a circle, with a smaller quarter circle inside the corner away from the reading direction, with an extended pole at the back, with multiple perpendicular lines on top of the curved line. ",ꞽp.t,"Classifier harim, inner chamber",,,,,,O045A
1400E,U+1400E,,O-24-026,C,"A domed building, in the form of a quarter of a circle, with a smaller quarter circle inside the corner away from the reading direction, with an extended pole at the back.",ꞽp.t,Phonemogram,,,,,,O045B
1400F,U+1400F,,O-24-027,C,"A bird trap, with two vertical poles at the back, with a line running from the front to the vertical poles, with multiple perpendicular lines on top of the curved line.",ꞽp.t,Phonemogram,,"426,10",,,,T026K
14010,U+14010,,O-24-030,C,"A plan of a prehistoric building at the town of Nekhen, written as an oval, with the angled lines touching the oval.",nḫn,Phonemogram,O47,"322,14",,,,O047X
14011,U+14011,,O-24-036,C,"A plan of a prehistoric building at the town of Nekhen, written as an oval, with multiple angled lines used as internal decoration.",nḫn,Logogram (Hierakonpolis),O237,"323,3",O237,,,HJ O237
14012,U+14012,,O-24-037,C,"A plan of a prehistoric building at the town of Nekhen, written as an oval, with four angled lines, touching the oval.",nḫn,Logogram (Hierakonpolis),,,,,,O237A
14013,U+14013,,O-24-039,,,,,O238,"323,5",O238,,,HJ O238
14014,U+14014,,O-24-047,C,"A rectangular stone slab or brick, on top of two stone slaps or bricks, arranged horizontally, with a bit of space between them.",sꜣw,Classifier part of a building,O231,,O231,,,HJ O231
14015,U+14015,,O-24-050,,,,,O48A,"323,15",O48A,,,HJ O048A
14016,U+14016,,O-24-053,,,,,O50,"324,1",,,,O050E
14017,U+14017,,O-24-064,C,"A plan of a crossroads in a village, with multiple lines, angled towards the back, coming from the top.",snsn.t,Classifier conflagration,O243,"324,9",O243,,,HJ O243
14018,U+14018,,O-24-068,C,"A wall of a fortress, represented by a rectangle with horizontal lines as internal decoration, with battlements resembling the hill country over the edge of the cultivated areas (N25), with a loop and tie at the back.",mn(n).w,Logogram (fortress),O338,,O338,,,HJ O338
14019,U+14019,,O-24-079,C,An aerial view of a platform with a stairway/walkway attached to the left side.,,Classifier stair,,,,,,O380
1401A,U+1401A,,P-01-001,C,"A boat/ship, resembling a crescent moon, on top of a rectangle representing water.",nmꞽ,Classifier movement,P13,"325,1",P13,,,HJ P013
1401B,U+1401B,,P-01-004,C,"A boat/ship, resembling a crescent moon, with a low cone shape inside the boat/ship: on top of a base of two blocks, on a longer horizontal line.",ḥnw,Classifier boat/ship/bark,P15A,,P15A,,,HJ P015A
1401C,U+1401C,,P-01-006,C,"A boat/ship with an upwards curved prow and a horizontal stern, with a low cone shape inside the boat/ship; on top of a base of two blocks, on a longer horizontal line.",wꞽꜣ,"Logogram (ship, boat, bark)",P16,"325,4",P16,,,HJ P016
1401D,U+1401D,,P-01-007,C,"A boat/ship, resembling a crescent moon with the ends bending horizontally, with a low cone shape inside the boat/ship. ",ḫns,Classifier movement,P22,,P22,,,HJ P022
1401E,U+1401E,,P-01-008,C,"A boat/ship, resembling a crescent moon, on top of a canal (N36), with a low cone shape inside the boat/ship.",ḫns,Classifier movement,P19,,P19,,,HJ P019
1401F,U+1401F,,P-01-011,C,"A boat/ship, resembling a crescent moon, on top of a rectangle representing water, with a vertical rectangle inside the boat/ship.",ḏꜣ,Classifier movement,P17,"325,5",P17,,Y,HJ P017
14020,U+14020,,P-01-012,C,"An upside-down boat/ship, resembling a crescent moon, on top of a rectangle representing water, with a vertical rectangle inside the boat/ship.",pnꜥ,"Classifier to upset, to overturn",,,,,,P017R
14021,U+14021,,P-01-018,C,"A boat/ship, resembling a crescent moon, on top of a rectangle representing water, with a horizontal line extending front and back from the rectangle, with a carrying chair (Q2) inside the boat/ship, with an oar/rudder at the back.",ḫd,Classifier movement,P1B,,P1B,,,HJ P001B
14022,U+14022,,P-01-021,C,"A boat/ship, resembling a crescent moon, on top of a canal (N36), with a carrying chair (Q2) inside the boat/ship.",mẖn.t,Classifier boat/ship,,,,,,P001D
14023,U+14023,,P-01-023,C,"A boat/ship, resembling a crescent moon, with a carrying chair (Q2) inside the boat/ship, with an oar/rudder at the back.",ẖn,Classifier movement,P104A,,P104A,,,HJ P104A
14024,U+14024,,P-01-024,C,"A boat/ship, resembling a crescent moon, with a tall cone inside the boat/ship.",ꞽm,Phonemogram,P22A,,P22A,,,HJ P022A
14025,U+14025,,P-01-027,C,"An upside-down boat/ship, resembling a crescent moon, with an oar/rudder at the back.",ꜥḳw,Classifier (to capsize),P24,"326,1",P24,,,HJ P024
14026,U+14026,,P-01-028,C,"A boat/ship, resembling a crescent moon, on top of a rectangle representing water, with a carrying chair (Q2) inside the boat/ship.",ꞽm,Phonemogram,P20,,P20,,,HJ P020
14027,U+14027,,P-01-030,C,"A boat/ship, resembling a crescent moon, on top of a rectangle of water, with an oar/rudder at the back.",mnꞽ,Classifier mooring,P25,"326,3",P25,,,HJ P025
14028,U+14028,,P-01-031,C,"A boat/ship, resembling a crescent moon, on top of a rectangle of water, with an oar/rudder at the back.",ꞽm(w),Classifier boat/ship,P23,,P23,,,HJ P023
14029,U+14029,,P-01-032,C,"A boat/ship, resembling a crescent moon, on top of a canal (N36), with an oar/rudder at the back.",smꜣ(-tꜣ),Classifier death,P23A,,P23A,,,HJ P023A
1402A,U+1402A,,P-01-033,,,,,P26,"326,4",P26,,,HJ P026
1402B,U+1402B,,P-01-035,C,"A boat/ship with a vertical prow, and an inward curved stern, on top of a rectangle representing water, with a carrying chair (Q2) inside the boat/ship. ",wꞽꜣ,"Logogram (ship, boat, bark)",P30,"326,6",P30,,,HJ P030
1402C,U+1402C,,P-01-036,,,,,P30A,,P30A,,,HJ P030A
1402D,U+1402D,,P-01-038,C,"A boat/ship with a vertical prow, and a stern resembling the handle of a sickle (U1), on top of a rectangle representing water, with a carrying chair inside the boat/ship, with two oars/rudders at the back.",,,,,,,,P107A
1402E,U+1402E,,P-01-039,,,,,P27,"326,7",P27,,,HJ P027
1402F,U+1402F,,P-01-040,C,"A boat/ship with a prow and stern resembling the handle of a sickle (U1), on top of a rectangle resembling water.",(m)skt.t,Classifier bark/boat,P27A,"326,8",P27A,,,HJ P027A
14030,U+14030,,P-01-041,C,A boat/ship with a prow and stern resembling the handle of a sickle (U1).,ꜥnḏ(.t),Classifier bark/boat,P106,,P106,,,HJ P106
14031,U+14031,,P-01-042,C,"A boat/ship with a prow and stern resembling the handle of a sickle (U1), on top of a rectangle resembling water, with an oar/rudder at the back.",wꞽꜣ,"Logogram (ship, boat, bark)",P28,"326,9",P28,,,HJ P028
14032,U+14032,,P-01-043,C,"A boat/ship with an inward curved prow and stern, on top of a rectangle representing water, with an oar/rudder at the back.",nšm.t,Classifier bark/boat,P29,"326,10",P29,,,HJ P029
14033,U+14033,,P-01-045,C,"A boat/ship with a vertical prow and stern, on top of a rectangle representing water, with a rectangle inside the boat/ship.",(m)skt.t,Classifier bark/boat,P34,,P34,,,HJ P034
14034,U+14034,,P-01-050,C,"A boat/ship with a prow and stern resembling the handle of a sickle (U1), on top of a rectangle resembling water, with a low cone shape inside the boat/ship, with an oar/rudder at the back.",(m)sk.t,Classifier bark/boat,P4A,"326,14",P4A,,,HJ P004A
14035,U+14035,,P-01-051,C,"A boat/ship with a vertical prow and a stern resembling the handle of a sickle (U1), on top of a rectangle resembling water, with two throwing-sticks, or clubs used by foreign people (T14) inside the boat/ship.",mskt.t,Classifier bark/boat,P71,,P71,,,HJ P071
14036,U+14036,,P-01-052,C,"A boat/ship with a vertical prow with a forward, downward rope coming from it, with a vertical stern, on top of a rectangle resembling water, with a low cone shape inside the boat/ship.",ḥbꜣ,Classifier bark/boat,P71A,,P71A,,,HJ P071A
14037,U+14037,,P-01-060,C,"A papyrus float, seen from the side, with a cross-like structure on it.",ḥnk,Classifier papyrus float,P32,,P32,,,HJ P032
14038,U+14038,,P-01-062,C,"A boat/ship with a vertical prow and a simple stern, on top of a rectangle resembling water, with an oval with rounded corners in the boat/ship, with an oar/rudder at the back.",ḫnt.yt,Classifier movement,P3,,,,,P003D
14039,U+14039,,P-01-063,C,"A boat/ship with a prow and stern resembling the handle of a sickle (U1), on top of a rectangle resembling water, with a vertical pole and an oval with rounded corners inside the boat/ship, with an oar/rudder at the back.",wꞽꜣ,"Logogram (ship, boat, bark)",,,P3,,,P003E
1403A,U+1403A,,P-01-064,C,"A sedge (M23), written inside a boat/ship with a prow and stern resembling the handle of a sickle (U1), on top of a rectangle resembling water.",wꞽꜣ-n(.y)-sw.t,Logogram (bark of the king/royal bark),P3A,,P3A,,,P003F
1403B,U+1403B,,P-01-067,,,,,P111,,P111,,,HJ P111
1403C,U+1403C,,P-01-068,,"A boat/ship with a vertical prow and a stern resembling the handle of a sickle (U1), on top of a rectangle resembling water, with a throwing-stick, or club used by foreign people (T14), two sceptres with a straight shaft, topped with the head of the Seth animal, facing backwards, and a rectangle, arranged horizontally, inside the boat/ship.",wꞽꜣ,"Logogram (ship, boat, bark)",P71B,,P71B,,,HJ P071B
1403D,U+1403D,,P-02-001,,,,,P2E,"326,15",P2E,,,HJ P002E
1403E,U+1403E,,P-02-004,,,,,P2C,"327,3",P2C,,,HJ P002C
1403F,U+1403F,,P-02-011,C,"A boat/ship, resembling a crescent moon, on top of a rectangle of water, with a sail, with a crossbar over the mast, with the mast supported by ropes on either side, with an oar/rudder at the back.",ḫntꞽ,Logogram (to go south (sailing upstream)),P2H,"327,9",P2h,,,HJ P002H
14040,U+14040,,P-02-012,C,"A boat/ship, resembling a crescent moon, on top of a rectangle of water, with a sail, with an oar/rudder at the back.",ḫnt(ꞽ),Classifier sailing upstream/going south,P2A,,P2A,,,HJ P002A
14041,U+14041,,P-02-014,C,"A boat/ship, resembling a crescent moon, with a sail, with a crossbar over the mast.",ḫntꞽ,Logogram (to go south (sailing upstream)),P2B,"327,11",P2B,,,HJ P002B
14042,U+14042,,P-02-017,C,"A boat/ship, a prow and stern curved inwards, ending with a flower-like shape, on top of a rectangle of water, with a sail on top of a rectangle, with an oar/rudder at the back.",ḫnt(ꞽ),Classifier sailing upstream/going south,P2I,"327,13",P2I,,,HJ P002I
14043,U+14043,,P-03-002,C,"A boat/ship with a prow and stern resembling the handle of a sickle (U1), on top of a rectangle resembling water, with a façade of a shrine with a flat roof, with oblique sides, with a large doorway (O21B) inside the boat/ship, with an oar/rudder at the back.",sꜣṯ,Classifier boat/ship,P36,"327,15",P36,,,HJ P036
14044,U+14044,,P-03-007,C,"A boat/ship with a prow and stern resembling the handle of a sickle (U1), on top of a rectangle resembling water, with a façade of a shrine with a flat roof, with oblique sides, with a large doorway (O21B) inside the boat/ship.",wꞽꜣ,"Logogram (ship, boat, bark)",P36B,"328,5",P36B,,,HJ P036B
14045,U+14045,,P-03-008,C,"A boat/ship with a prow and stern resembling the handle of a sickle (U1), on top of a rectangle resembling water, with a shrine, seen from the side, with a downward sloping roof, with an uraeus at the front of the roof (O18A) inside the boat/ship.",nšm.t,Classifier bark/boat,P37,,P37,,,HJ P037
14046,U+14046,,P-03-009,C,"A boat/ship with a prow and stern resembling the handle of a sickle (U1), on top of a canal (N36), with a shrine, seen from the side, with a downward sloping roof, with an uraeus at the front of the roof (O18A) inside the boat/ship.",wꞽꜣ,Logogram/classifier (bark/boat),,,,,,P037A
14047,U+14047,,P-03-012,,,,,P36A,"328,8",P36A,,,HJ P036A
14048,U+14048,,P-03-014,C,"A boat/ship, resembling a crescent moon, with the head of a falcon, with the sun, encircled by a cobra (Naja haje), standing up, with expanded hood (uraeus) (N6) on top of the head, on top of the prow and stern, on top of a rectangle of water, with a shrine, seen from the side, with a downward sloping roof, with an uraeus at the front of the roof (O18A) inside the boat/ship, with an oar/rudder at the back.",wṯs-nfr.w,Classifier boat/ship,P39,"328,10",P39,,,HJ P039
14049,U+14049,,P-03-015,C,"A boat/ship, resembling a crescent moon, with the head of a falcon, with the sun, encircled by a cobra (Naja haje), standing up, with expanded hood (uraeus) (N6) on top of the head, on top of the prow and stern, prow lower than the stern, on top of a rectangle of water, with a shrine, seen from the side, with a downward sloping roof, with an uraeus at the front of the roof (O18A) inside the boat/ship, with an animal (leonid?) standing, wearing headgear resembling two feathers on top of goat horns, on top of a standard used for carrying religious symbols (R12) in front of the shrine, with a god with the head of a falcon, standing in front of the rudders, controlling the rudders with a horizontal rope with an uraeus at the front.",wṯs-nfr(.w),Classifier boat/ship,P40,"328,11",P40,,,HJ P040
1404A,U+1404A,,P-03-016,,,,,P42,"328,12",P42,,,HJ P042
1404B,U+1404B,,P-03-020,C,"A boat/ship, resembling a crescent moon, with the head of a woman, with a headdress of bovine horns with a sun disk (F102), on top of the prow and stern; on top of horizontal carrying poles, on top of a table, with a shrine within the boat/ship, with an oar/rudder at the back.",wṯs-nfr.w,Classifier boat/ship,,,,,,P042B
1404C,U+1404C,,P-03-021,C,"A boat/ship, resembling a crescent moon, with the head of a woman, with a headdress of bovine horns with a sun disk (F102), on top of the prow and stern; on top of horizontal carrying poles, being carried by four men, standing, two in front, two in back, with a shrine within the boat/ship, with an oar/rudder at the back.",wṯs-nfr.w,Classifier boat/ship,,,,,,P042C
1404D,U+1404D,,P-03-024,C,"A boat/ship, resembling a crescent moon, with the head of a woman, with a headdress of bovine horns with a sun disk (F102), on top of the prow and stern, on top of a rectangle resembling water, with a façade of a shrine with a flat roof, with oblique sides, with a large doorway (O21B) inside the boat/ship.",wṯs-nfr.w,"Logogram wiA(ship, boat, bark)",,"328,13",,,,P042E
1404E,U+1404E,,P-03-032,C,"A boat/ship with a prow and stern resembling the handle of a sickle (U1), on top of a rectangle resembling water, with a circle inside the boat/ship, with an oar/rudder at the back.",wꞽꜣ,"Logogram (ship, boat, bark)",P44,"329,5",P44,,,HJ P044
1404F,U+1404F,,P-03-033,C,"A boat/ship with a prow and stern resembling the handle of a sickle (U1), on top of a rectangle resembling water, with a circle inside the boat/ship.",ꞽmn-rꜥ,Logogram (Amon-Re),P44C,"329,6",P44C,,,HJ P044C
14050,U+14050,,P-03-035,C,"A boat/ship with a prow and stern curved inwards, ending with a flower-like shape, with a circle inside the boat/ship.",wḥꜥ,Phonemogram,P44D,,P44D,,,HJ P044D
14051,U+14051,,P-03-038,C,"A boat/ship with a prow and stern resembling the handle of a sickle (U1), on top of ripple of water, written inside a canal (N36C), with a circle inside the boat/ship.",wꞽꜣ,Logogram,,,,,,P044F
14052,U+14052,,P-03-039,C,"A boat/ship with a prow and stern resembling the handle of a sickle (U1), with a circle inside the boat/ship, with an oar/rudder at the back.",(m)ꜥnḏ.t,Classifier boat/ship,,,,,,P044G
14053,U+14053,,P-03-041,,,,,P45,"329,7",P45,,,HJ P045
14054,U+14054,,P-03-042,C,"A boat/ship with a vertical prow and stern, on top of a rectangle representing water, with a shepherd's crook with a package lashed to it, with a tie above and below the package (T18) inside the boat/ship, with an oar/rudder at the back.",(m)skt.t,Classifier bark/boat,P46,"329,10",P46,,,HJ P046
14055,U+14055,,P-03-047,,,,,P51,"329,14",P51,,,HJ P051
14056,U+14056,,P-03-048,C,"A boat/ship with a prow and stern resembling the handle of a sickle (U1), on top of a rectangle resembling water, with two falcons (G5), arranged horizontally, on top of a standard used for carrying religious symbols, with a loop under the horizontal beam, running over the vertical pole (R12A) inside the boat/ship.",nṯr.wy,Logogram (bark of the two divine falcons),P98,,P98,,,HJ P098
14057,U+14057,,P-03-050,C,"A boat/ship with a prow and stern resembling the handle of a sickle (U1), with a falcon (G5) inside the ship.",skt.t,Classifier bark,,,,,,P098A
14058,U+14058,,P-03-051,C,"A boat/ship with a prow and stern resembling the handle of a sickle (U1), on top of a rectangle resembling water, with a falcon (G5) inside the ship, with a rudder at the back.",mskt.t,Classifier bark,,,,,,P098B
14059,U+14059,,P-03-052,C,"A bovid, lying down, written within a boat/ship with a prow and stern resembling the handle of a sickle (U1) (P106), with a star (N14) above the back of the bovid.",spd.t,Logogram (Sothis),P53,"329,16",P53,,,HJ P053
1405A,U+1405A,,P-03-056,C,"Man, running, wearing the white crown (S1), looking backwards, right arm extended in front, forearm nearly horizontal, hand at the height of the waist, left arm raised at the back, forearm nearly vertical, hand palm inwards; with a star (N14) written above the right arm, at the height of the head; inside a boat/ship with a prow and stern resembling the handle of a sickle (U1) (P106), with an oar/rudder at the back.",sꜣḥ,Logogram (Orion (constellation)),,,,,,P108A
1405B,U+1405B,,P-03-058,,,,,P110,,P110,,,HJ P110
1405C,U+1405C,,P-03-060,C,"God, standing, with the head of a falcon, with a sun disk (N5) on his head, facing towards the back, both arms raised in front, hands held vertically, hand palms outwards, in front of a goddess, standing, with a headdress of bovine horns with a sun disk (F102), right arm forward, hand at the height of the waist, holding a sceptre with a straight shaft, forked bottom and head of the Seth animal (S40) of the same size as the woman, left arm hanging beside the body, holding a tie or strap, used with sandals (ankh sign, S34), at the loop (C228); inside a boat/ship with a prow and stern resembling the handle of a sickle (U1), on top of a canal (N36).",wꞽꜣ,Classifier bark,P54,"330,1",P54,,,HJ P054
1405D,U+1405D,,P-03-062,C,"A boat/ship, resembling a crescent moon, on top of a rectangle of water, with a sail, with a point at the bottom angling backwards, with a distinctive beam at the top, with rigging; with a god, standing behind the sail on a platform, with the head of a falcon, wearing the double crown, arms forward, holding the ropes of a net which is under the front of the boat in his lower hand, and with an harpoon with the head of a falcon in his upper hand, the point of the harpoon in the net; with a goddess, kneeling in front of the sail on a platform, with a seat on her head, both arms forwards, holding the ropes of a net.",,,P55,"330,2",P55,,,HJ P055
1405E,U+1405E,,P-03-063,C,"A boat/ship, resembling a crescent moon, on top of a rectangle of water, with a feather (H6) inside the boat/ship, with an oar/rudder at the back.",gs-dp.t,Logogram (protection),P56,"330,3",P56,,,HJ P056
1405F,U+1405F,,P-03-064,C,"A boat/ship, resembling a crescent moon, on top of a rectangle of water, with a mirrored feather (H6) inside the boat/ship, with an oar/rudder at the back.",gs-dp.t,Logogram (protection),P56A,,P56A,,,HJ P056A
14060,U+14060,,P-03-065,,,,,P57,"330,4",P57,,,HJ P057
14061,U+14061,,P-03-068,C,"A moon-sickle shaped boat with a higher prow than stern, with the head of an antelope (F81) on top of the prow.",mnḫ.t,Phonemogram,,,,,,V047B
14062,U+14062,,P-03-070,C,"A moon-sickle shaped boat with a higher stern than prow, with the head of an antelope (F81) on top of the stern, on top of a rectangle representing water, with loop of cord with the ends upwards (V6) written inside the boat.",mnḫ.t,"Logogram (cloth, clothing)",V47A,,V47A,,,HJ V047A
14063,U+14063,,P-03-071,C,"A moon-sickle shaped boat with a higher stern than prow, with the head of an antelope (F81) on top of the stern, with a low cone shape inside the boat/ship.",mnḫ.t,"Logogram (cloth, clothing)",,,,,,P058A
14064,U+14064,,P-03-073,,,,,P58,"330,7",P58,,,HJ P058
14065,U+14065,,P-03-076,C,"A moon-sickle shaped boat with a higher prow than stern, with the head of an antelope (F81) on top of the prow, on top of a rectangle representing water, with a falcon (G5) standing on top of a façade of a shrine with a flat roof, with oblique sides, with a large doorway (O21B), inside the boat/ship, with an oar/rudder at the back.",ḥnw | skr,Logogram ḥnw (Henu-bark of Sokar) or phonemogram skr,P59B,"330,10",P59B,,,HJ P059B
14066,U+14066,,P-03-077,C,"A moon-sickle shaped boat with a higher prow than stern, with the head of an antelope (F81) on top of the prow, on top of a rectangle with a broad base, with a falcon (G5) standing on top of a low cone shape, written inside the boat/ship.",ḥnw,Logogram (Henu-bark of Sokar),P59A,"330,11",P59A,,,HJ P059A
14067,U+14067,,P-03-078,C,"A moon-sickle shaped boat with a higher prow than stern, with the head of an antelope (F81) on top of the prow, on top of a rectangle representing water, with a falcon (G5) standing on top of a tall cone shape, inside the boat/ship, with an oar/rudder at the back.",ḥnw,Logogram (Henu-bark of Sokar),,"330,12",,,,P059D
14068,U+14068,,P-03-083,C,"A moon-sickle shaped boat with a higher prow than stern, with the head of an antelope (F081) on top of the prow, on top of a sledge with two vertical internal strokes, with a falcon (G005) standing on top of a rectangular shrine, inside the boat/ship, with an oar/rudder at the back.",ḥny,Classifier bark of Sokar,P115,"330,16",P115,,,HJ P115
14069,U+14069,,P-03-085,C,"A moon-sickle shaped boat with a higher prow than stern, with the head of an antelope (F081) on top of the prow, on top of a sledge with two vertical internal strokes, with a falcon (G005) standing on top of a low cone shape, inside the boat/ship, with an oar/rudder at the back.",ḥnw,Classifier bark of Sokar,P60A,"331,2",P60A,,,HJ P060A
1406A,U+1406A,,P-03-086,C,"A moon-sickle shaped boat with a higher prow than stern, with a rudder, with the head of an antelope (F081) on top of the prow, facing inwards, with a downward line with multiple horizontal lines written over it coming from the head, on top of a sledge.",ḥnw,Classifier bark of Sokar,P60B,"331,3",P60B,,,HJ P060B
1406B,U+1406B,,P-03-089,C,"A moon-sickle shaped boat with a higher stern than prow, with the head of an antelope (F081) on top of the stern, on top of a rectangle representing water, with a tall shrine with a round roof, with two vertical lines enclosing the top, on a base, without internal decoration (O020D), written inside the boat/ship, with an oar/rudder at the front.",ḥnw,Logogram (Henu-bark of Sokar),P63,"331,6",,,,P063
1406C,U+1406C,,P-03-092,C,"A moon-sickle shaped boat with a higher stern than prow, with the head of an antelope (F081) on top of the stern, on top of a sledge with two vertical internal strokes, with a tall shrine with a round roof, with two vertical lines enclosing the top, on a base, without internal decoration (O020D), written inside the boat/ship, with an oar/rudder at the front.",ḥnw,Classifier bark of Sokar,P68,"331,16",P68,,,HJ P068
1406D,U+1406D,,P-03-097,C,"A boat/ship, resembling a crescent moon, on top of a rectangle representing water, with a falcon with spread wings, on top of a low cone shape inside the boat/ship, embracing the cone with its wings, with an oar/rudder at the back.",ḥnw,Logogram (Henu-bark of Sokar),,"331,9",,,,P066C
1406E,U+1406E,,P-03-100,C,"A moon-sickle shaped boat with a higher prow than stern, with the head of an antelope (F81) on top of the prow, on top of a rectangle representing water, with a falcon (G5) standing on top of a low cone shape inside the boat/ship, with an oar/rudder at the back.",ḥnw,Logogram (Henu-bark of Sokar),P66A,"331,11",P66A,,,HJ P066A
1406F,U+1406F,,P-03-101,C,"A moon-sickle shaped boat with a higher stern than prow, with the head of an antelope (F81) on top of the stern, on top of a rectangle representing water, with a falcon (G5) standing on top of a low cone shape inside the boat/ship, with an oar/rudder at the front.",ḥnw,Logogram (Henu-bark of Sokar),P66,"331,12",P66,,,HJ P066
14070,U+14070,,P-03-103,C,"A moon-sickle shaped boat with a higher prow than stern, with a rudder, with the head of an antelope (F081) on top of the prow, facing inwards, with a downward line with multiple horizontal lines written over it coming from the head, on top of a sledge, with a falcon (G005), standing on top of a rectangular shrine, with vertical lines as internal detail, written inside the boat/ship.",skr,Logogram (Sokar),P116,"331,14",P116,,,HJ P116
14071,U+14071,,P-03-107,C,"A moon-sickle shaped boat with a higher stern than prow, with the head of an antelope (F081) on top of the stern, on top of a block shaped shrine or table, with a falcon (G005) standing on top of a low cone shape inside the boat/ship, with an oar/rudder at the front.",skr,Logogram (Sokar),,,,,,P069A
14072,U+14072,,P-03-111,,,,,P61B,"332,4",P61B,,,HJ P061B
14073,U+14073,,P-03-112,C,"A moon-sickle shaped boat with a higher prow than stern, with the head of an antelope (F081) on top of the prow, on top of a rectangle representing water, with a falcon with spread wings, on top of a low cone shape inside the boat/ship, embracing the cone with its wings, with an oar/rudder at the back.",ḥnw,Logogram (Henu-bark of Sokar),P66B,,P66B,,,HJ P066B
14074,U+14074,,P-03-113,C,"A moon-sickle shaped boat with a higher prow than stern, with the head of an antelope (F081) on top of the prow, on top of a sledge represented by four vertical lines between two horizontal lines, with a falcon with spread wings, on top of a low cone shape inside the boat/ship, embracing the cone with its wings, with an oar/rudder at the back.",ḥnw,Logogram (Henu-bark of Sokar),P97A,,P97A,,,HJ P097A
14075,U+14075,,P-03-114,C,"A moon-sickle shaped boat with a higher prow than stern, with the head of an antelope (F081) on top of the prow, with a downward line with multiple horizontal lines written over it coming from the head, on top of a sledge represented by four vertical lines between two horizontal lines, with a falcon with spread wings, on top of a low cone shape inside the boat/ship, embracing the cone with its wings, with an oar/rudder at the back.",skr,Logogram (Sokar),P97C,,P97C,,,HJ P097C
14076,U+14076,,P-04-001,C,"A fisherman's boat, with a net inside the boat, with internal detail.",wꜣḥ,Phonemogram,,"332,5",,,,P004F
14077,U+14077,,P-04-002,C,"A fisherman's boat, with a net inside the boat, without internal detail.",wḥꜥ,Phonemogram,P4B,"332,6",P4B,,,HJ P004B
14078,U+14078,,P-04-004,C,"A fisherman's boat, on top of a rectangle representing water, with a net inside the boat, with internal detail.",wḥꜥ,"Logogram (to loosen, to explain)",P4C,"332,8",P4C,,,HJ P004C
14079,U+14079,,P-04-007,C,"A boat/ship, on top of a rectangle representing water, with a horizontal rectangle inside the ship, with an oar/rudder at the back.",mnš,Classifier boat/ship,,,,,,P004G
1407A,U+1407A,,P-05-002,C,"A boat/ship, on top of a rectangle representing water, with a flat shape between prow and stern  with vertical lines as internal decoration, with three vertical poles on top of the rectangle, with a line running from the top of the middle pole to the front and stern, forming a triangular shape, with two oar/rudders at the back.",mnš,Classifier boat/ship,P74,"332,12",P74,,,HJ P074
1407B,U+1407B,,P-06-002,,,,,P5Q,"333,2",P5Q,,,HJ P005Q
1407C,U+1407C,,P-06-003,C,"A rectangular sail, with the mast over the sail, with two loops of rope coming from the lower beam of the sail, looping over the mast.",ṯꜣw,"Logogram (wind, breath, air)",P5S,"333,3",P5S,,,HJ P005S
1407D,U+1407D,,P-06-006,C,"A sail with a shorter top than bottom, with the mast behind the sail, with a line of rigging running from the tip of both bottom corners of the sail to the mast.",mḥy.t,"Classifier wind, breath, air",P5B,"333,5",P5B,,,HJ P005B
1407E,U+1407E,,P-06-015,C,"A sail resembling a half circle, with the mast over the sail, with multiple lines of rigging coming from the top beam of the sail to the mast.",ṯꜣw,"Logogram (wind, breath, air)",P5F,"333,14",P5F,,,HJ P005F
1407F,U+1407F,,P-06-017,,,,,P5O,"333,15",P5O,,,HJ P005O
14080,U+14080,,P-06-018,C,"A rectangular sail with the mast behind the sail, with multiple lines of rigging coming from the bottom beam of the sail, running to the mast.",mꜣꜥ,"Classifier wind, breath, air",P5A,,P5A,,,HJ P005A
14081,U+14081,,P-06-020,C,"A rectangular sail, with the mast in front of the sail, with a cross on the sail at either side of the mast.",ṯꜣw,"Logogram (wind, breath, air)",,"334,1",,,,P005AB
14082,U+14082,,P-06-026,C,"A rectangular sail with the mast behind the sail, with one line of rigging coming from the bottom corners of the sail, running to the mast.",nfw/y,"Classifier wind, breath, air",P5M,,P5M,,,HJ P005M
14083,U+14083,,P-06-030,,,,,P5D,"334,5",P5D,,,HJ P005D
14084,U+14084,,P-06-033,C,"A sail, with a corner at the bottom, angling backwards, with a distinct beam at the top, with a mast in front of the sail.",ꞽwn,"Classifier wind, breath, air",P5I,,P5I,,,HJ P005I
14085,U+14085,,P-06-034,C,"A sail, with a corner at the bottom, angling backwards, with a mast in front of the sail.",nfw/y,"Classifier wind, breath, air",P5J,,P5J,,,HJ P005J
14086,U+14086,,P-06-035,C,"A rectangular sail, with the mast over the sail, with a crossbeam over the sail, with rigging coming from the top of the sail to the mast.",ṯꜣw,"Logogram (wind, breath, air)",P5H,"334,9",P5h,,,HJ P005H
14087,U+14087,,P-06-041,,,,,P5K,"334,15",P5K,,,HJ P005K
14088,U+14088,,P-06-045,C,"A sail, with a corner at the bottom, angling backwards, with a distinct beam at the top, with a mast in front of the sail, with a crossbeam over the mast, with rigging coming from the top of the sail to the mast.",ṯꜣw,"Logogram (wind, breath, air)",,"335,3",,,,P005Y
14089,U+14089,,P-06-046,C,"A sail, with a corner at the bottom, angling forwards, with a distinct beam at the top, with a mast in front of the sail, with a crossbeam over the mast.",mḥy.t,"Classifier wind, breath, air",P5L,"335,4",P5L,,,HJ P005L
1408A,U+1408A,,P-06-047,C,"A rectangular sail, with the mast in front of the sail.",ṯꜣw,"Logogram (wind, breath, air)",P5G,,P5G,,,HJ P005G
1408B,U+1408B,,P-07-001,C,"A mast of a ship, with two prongs, with white filling between the prongs.",ꜥḥꜥ,Phonemogram,P118,"335,5",P118,,,HJ P118
1408C,U+1408C,,P-07-002,C,"A mast of a ship, with two prongs, resembling a sceptre (S42).",ꜥḥꜥ,Phonemogram,,"335,6",,,,P006C
1408D,U+1408D,,P-07-012,C,"A mast of a ship, with two prongs.",ꜥḥꜥ,Phonemogram,P76A,"335,13",P76A,,,HJ P076A
1408E,U+1408E,,P-07-013,,,,,P6A,"335,14",P6A,,,HJ P006A
1408F,U+1408F,,P-07-015,,,,,AA23A,"478,8",Aa23A,,,HJ AA023A
14090,U+14090,,P-07-028,C,"A cobra (Naja haje), standing up, with expanded hood (uraeus) (I64), written over a mast of a ship with two prongs, connected by vertical lines (P6).",ꜥḥꜥ.w,Logogram (snake divinity),P83,"336,13",P83,,,HJ P083
14091,U+14091,,P-08-006,,,,,P8A,"337,3",,,,P008A
14092,U+14092,,P-09-002,,,,,P10B,,P10B,,,HJ P010B
14093,U+14093,,P-09-005,C,A stylistic representation of an arm holding an oar.,ẖn,Phonemogram,P86,"337,8",P86,,,HJ P086
14094,U+14094,,P-10-010,C,"An upward bent line, with the ends broadening.",mꜣḏw,Classifier (ferries/bridges),P90,,P90,,,HJ P090
14095,U+14095,,P-11-003,C,"A part of the steering gear of ships, with the lines horizontal and vertical.",ḥp,Phonemogram,AA5A,"474,3",Aa5A,,,HJ AA005A
14096,U+14096,,P-11-005,,,,,AA5C,"474,5",Aa5C,,,HJ AA005C
14097,U+14097,,P-11-007,C,"A part of the steering gear of ships, consisting of one beam.",ḥp,Phonemogram,AA5B,,Aa5B,,,HJ AA005B
14098,U+14098,,P-13-001,,,,,P93,,P93,,,HJ P093
14099,U+14099,,Q-01-002,C,A seat on top of a base.,ꜣs.t,Phonemogram,,"339,3",,,,Q001C
1409A,U+1409A,,Q-01-005,C,"A seat, with a rectangle in the bottom corner.",ws,Phonemogram,Q1B,"339,6",Q1B,,,HJ Q001B
1409B,U+1409B,,Q-01-006,C,"A seat, with a rectangle in the bottom corner, on top of a base, with an upwards tick on top of the seat.",ḥtm,Phonemogram,,,,,,Q001D
1409C,U+1409C,,Q-01-011,C,A block-throne on a base.,ns.t,Classifier throne,Q12A,"339,10",Q12A,,,HJ Q012A
1409D,U+1409D,,Q-01-012,,,,,Q12B,,Q12B,,,HJ Q012B
1409E,U+1409E,,Q-01-013,C,"A block-throne with a rectangle in the far bottom corner, on top of a base.",ꞽsb.t,"Classifier seat, chair, throne",Q12,"339,12",Q12,,,HJ Q012
1409F,U+1409F,,Q-01-016,C,"A seat with legs, resembling the legs of a cow.",ḫndw,Classifier seat/chair,,,,,,Q002E
140A0,U+140A0,,Q-01-017,C,A carrying chair with the seat in a bowl-like structure.,spꜣ,Classifier carrying chair,Q13,,Q13,,,HJ Q013
140A1,U+140A1,,Q-01-019,C,"A carrying chair with a broad base, and open internal section.",s.t,"Logogram (seat, throne, place)",Q2C,,Q2C,,,HJ Q002C
140A2,U+140A2,,Q-01-021,,,,,Q2A,"340,4",Q2A,,,HJ Q002A
140A3,U+140A3,,Q-01-026,C,"A stool made of reed matting, with internal detail.",p,Phonemogram,,"340,9",,,,Q003A
140A4,U+140A4,,Q-01-029,C,"A carrying chair consisting of a rectangular mat, with horizontal poles.",wr-ꜥ,Classifier (sedan chair),Q2B,,Q2B,,Y,HJ Q002B
140A5,U+140A5,,Q-01-030,C,A seat with a backwards angled backrest.,pḥḏ.w,Classifier (seat with backrest?),Q16,,Q16,,,HJ Q016
140A6,U+140A6,,Q-02-002,C,A headrest on a block.,wrs,Classifier headrest,Q4A,,Q4A,,,HJ Q004A
140A7,U+140A7,,Q-02-004,,,,,Q42,,Q42,,,HJ Q042
140A8,U+140A8,,Q-03-001,C,"A bed with leonid legs, inclined backwards.",sḏr,Classifier to rest,Q18,"340,14",Q18,,,HJ Q018
140A9,U+140A9,,Q-03-002,C,"An inclined bed, with a single leonid leg.",gsꜣ.t,Classifier inclined bed,Q23,,Q23,,,HJ Q023
140AA,U+140AA,,Q-03-003,C,"A carrying chair, seen from the top, with the legs as seen from the side.",ḫnd,Classifier seat/chair,Q18A,"341,1",Q18A,,,HJ Q018A
140AB,U+140AB,,Q-03-005,C,"A bed, with a leonid head, legs and tail.",ꜣṯ.t,Classifier bed,Q19,"341,3",Q19,,,HJ Q019
140AC,U+140AC,,Q-03-006,C,"A bed, with a leonid head, legs and tail, with a triangular shape on the bed.",sḏr,Classifier to sleep/to spend the night,Q20,"341,5",Q20,,,HJ Q020
140AD,U+140AD,,Q-03-010,C,"A bed with a leonid head and leg on either side, oriented outwards.",ḥnk(.yt),Classifier bed,Q22,"341,8",Q22,,,HJ Q022
140AE,U+140AE,,Q-03-012,,,,,Q43,,Q43,,,HJ Q043
140AF,U+140AF,,Q-03-013,C,"A bed, with a leonid head, legs and tail, on top of a base, with a block-throne on the bed.",ṯnṯꜣ.t,Logogram (throne dais),,,,,,Q051
140B0,U+140B0,,Q-04-001,C,A mirror.,wn-ḥr,Logogram (mirror),Q24,"341,9",Q24,,,HJ Q024
140B1,U+140B1,,Q-04-005,C,A mirror with a handle with curves downwards at the top.,mꜣw-ḥr,Classifier mirror,,"341,13",,,,Q025A
140B2,U+140B2,,Q-05-001,C,"A chest with a downward sloping lid, with legs.",hn(w),Classifier box,Q27,"342,5",Q27,,,HJ Q027
140B3,U+140B3,,Q-05-004,C,"A wide cup (W10), with two maces with a pear-shaped head (T3), and a stick/staff with a cone on top with a crossbar below the cone.",dbḥ.w,"Logogram (requirements, needs)",,,,,,Q028B
140B4,U+140B4,,Q-05-006,C,"A wide cup (W10), with two maces with a pear-shaped head (T3), surrounding a sceptre (S42) in the middle.",dbḥ.w,"Logogram (requirements, needs)",,"342,10",,,,Q028C
140B5,U+140B5,,Q-05-007,C,"A wide cup (W10), with three feathers (H6) inside it, angling forwards.",dbḥ.w,"Logogram (requirements, needs)",Q28A,"342,11",Q28A,,,HJ Q028A
140B6,U+140B6,,Q-05-009,C,"A box or chest, on top of a sledge, with a lid that encloses the chest, with feathers (H6) on top, two angled forwards, two angled backwards.",mr.t,Classifier box/chest,Q29,"342,13",Q29,,,HJ Q029
140B7,U+140B7,,Q-05-016,C,"A box, resembling a façade of a shrine with a flat roof, with oblique sides, with a large doorway (O21B), with four feathers on top of the lid, two angling forwards, two angling backwards.",mr.t,Logogram (box/chest),Q31,"343,2",Q31,,,HJ Q031
140B8,U+140B8,,Q-05-019,C,"An offering table or altar, with a rounded top.",ꜥbꜣ,Classifier offering table,Q37,,Q37,,,HJ Q037
140B9,U+140B9,,Q-05-020,C,A portable shrine.,kꜣr,Classifier shrine/chapel,Q14,,Q14,,,HJ Q014
140BA,U+140BA,,Q-05-023,C,"A portable chest, sealed with a tie.",ṯs,Classifier to raise,Q33,"343,5",Q33,,,HJ Q033
140BB,U+140BB,,Q-05-028,C,"A rectangular coffin with a rounded lid, and upstanding sides, with legs at the sides and in the middle.",ḳrs,Classifier to bury,Q6I,"343,10",Q6I,,,HJ Q006I
140BC,U+140BC,,Q-05-030,C,"A rectangular coffin with a rounded lid, and upstanding sides, with three legs in the middle, with the rectangular section divided into four blocks.",ḳrs.t,Classifier burial,,,,,,Q006K
140BD,U+140BD,,Q-05-035,C,"A rectangular coffin with a rounded lid, and upstanding sides, with legs at the side, with the rectangular chest divided by a vertical line.",hn(w),Classifier box,Q6D,,Q6D,,,HJ Q006D
140BE,U+140BE,,Q-05-036,,"A rectangular coffin with a rounded lid, and upstanding sides, with legs at the side, with the top piece of a sistrum in the form of a shrine encased by two curls on top of the lid.",,,Q35,"343,15",Q35,,,HJ Q035
140BF,U+140BF,,Q-05-037,C,"A box or shrine, with a rounded lid and upstanding edges, with the head of a bubalis antelope on top of the lid.",Šd.t,Logogram (Crocodilopolis),Q47,,Q47,,,HJ Q047
140C0,U+140C0,,Q-05-038,,,,,Q6G,"343,16",Q6G,,,HJ Q006G
140C1,U+140C1,,Q-05-039,C,"A rectangular coffin with a rounded lid, and upstanding sides, without legs.",ḳrs,Classifier burial,Q6A,"344,1",Q6A,,,HJ Q006A
140C2,U+140C2,,Q-05-040,C,"A rectangular coffin with a rounded lid, and upstanding sides, on a broad base.",ḳrs.w,Classifier coffin,O159,"307,8",O159,,,HJ O159
140C3,U+140C3,,Q-05-046,C,"A rectangular coffin with a rounded lid with a triangular shape on top, and upstanding sides, with legs at the side.",ḳrs,Classifier burial,Q6B,"344,7",Q6B,,,HJ Q006B
140C4,U+140C4,,Q-05-049,C,"A rectangular chest with a round lid and upstanding sides, with legs at the side, with a band around the chest, with the loop and tie at the far side.",mḏḥ,Logogram (to bind),Q6C,"344,10",Q6C,,,HJ Q006C
140C5,U+140C5,,Q-05-052,C,"A rectangular chest with legs at the side and the middle, with four rectangles arranged as a square on top of it.",ḳrs,Classifier burial,Q6E,,Q6E,,,HJ Q006E
140C6,U+140C6,,Q-06-001,C," A brazier resembling a wide cup (W10), with a flame rising from it, flame angling towards the front.",srf,"Logogram (temperature, temperament)",Q7A,"344,12",Q7A,,,HJ Q007A
140C7,U+140C7,,Q-06-002,C," A brazier with a flame rising from it, flame angling towards the front, represented as dots.",nsrsr,Logogram (fire),Q7G,"344,13",Q7G,,,HJ Q007G
140C8,U+140C8,,Q-06-006,C," A brazier with a flame rising from it, flame curving forwards.",nbꞽ,Classifier fire associated action,,"345,2",,,,Q007I
140C9,U+140C9,,Q-06-009,,,,,Q7B,"345,4",Q7B,,,HJ Q007B
140CA,U+140CA,,Q-06-013,C,A brazier.,ꜥḫ,Classifier brazier,Q7E,"345,8",Q7E,,,HJ Q007E
140CB,U+140CB,,Q-07-001,C,"A low, broad brazier.",rkḥ,Classifier (burning festival),Q7F,,Q7F,,,HJ Q007F
140CC,U+140CC,,Q-07-004,C,"A brick-lined fireplace, on a base.",kt.ꞽt,Classifier hearthstones,,,,,,Q036B
140CD,U+140CD,,Q-07-005,C,A brick-lined fireplace.,kt.ꞽt,Classifier hearthstones,Q36A,,Q36A,,,HJ Q036A
140CE,U+140CE,,Q-07-008,C,"A ladder, with the uprights connecting at the bottom.",mꜣḳ.t,Classifier ladder,,,,,,Q050
140CF,U+140CF,,R-01-001,C,An one-legged table.,ḫꜣ(w).t,Classifier altar,R1E,"346,1",R1E,,,HJ R001E
140D0,U+140D0,,R-01-010,C,"Four circular items, arranged horizontally, on a one-legged table with a bowl-shaped surface.",ḫꜣw.t,Logogram (altar),R1H,,R1h,,,HJ R001H
140D1,U+140D1,,R-01-012,,,,,R1C,"346,9",R1C,,,HJ R001C
140D2,U+140D2,,R-01-013,,,,,R1D,"346,10",R1D,,,HJ R001D
140D3,U+140D3,,R-01-022,,,,,R121,,R121,,,HJ R121
140D4,U+140D4,,R-02-002,,,,,R30,"347,5",R30,,,HJ R030
140D5,U+140D5,,R-02-029,,,,,R3R,"348,10",R3R,,,HJ R003R
140D6,U+140D6,,R-02-032,C,"Three round vessels with an upstanding rim (W24), arranged horizontally, on top of a table resembling a gateway, with the bottom fully closed (O32B).",wꜣg,"Classifier supplies, provisions",R33,"348,13",R33,,,HJ R033
140D7,U+140D7,,R-02-033,,,,,R3C,"348,14",R3C,,,HJ R003C
140D8,U+140D8,,R-02-035,C,"Four circular items, arranged horizontally, on a block table, with a cone at the far side, with a cross inside the block.",ṯ.t,Classifier table,R3N,"348,16",R3N,,,HJ R003N
140D9,U+140D9,,R-02-036,,,,,R3E,"349,1",R3E,,,HJ R003E
140DA,U+140DA,,R-02-037,C,"Three circular items, arranged horizontally, on a block shaped table on a base, with a cone at the far side, with internal decoration of sequentially smaller rectangles.",ṯ.t,Classifier table,R3O,"349,2",R3O,,,HJ R003O
140DB,U+140DB,,R-02-042,C,"A table with an inwards incline of the front legs and vertical legs at the back, with a horizontal beam connecting the legs, with a vertical beam connecting the surface and horizontal beam, with a cone at the far side.",ṯ.t,Classifier table,R3M,,R3M,,,HJ R003M
140DC,U+140DC,,R-02-043,C,"Four circular items, arranged horizontally, on top of a table with an inwards incline of the front legs and vertical legs at the back, with a horizontal beam connecting the legs, with a vertical beam connecting the surface and horizontal beam, with a cone at the far side (R3M).",ṯ.t,Classifier table,R3D,"349,7",R3D,,,HJ R003D
140DD,U+140DD,,R-02-050,C,"Three circular items, arranged horizontally, on top of a table with an inwards incline of the legs, with a horizontal beam connecting the legs, with a vertical beam connecting the surface and horizontal beam, with a cone at the far side.",ṯ.t,Classifier table,,"349,12",,,,R003AJ
140DE,U+140DE,,R-02-052,C,"A round loaf of bread (X6), a conical loaf of bread (X8) and a round loaf of bread (X6), arranged horizontally, on top of a table with an inwards incline of the legs, with a horizontal beam connecting the legs, with a vertical beam connecting the surface and horizontal beam, with a cone at the far side.",ṯ.t,Classifier table,,"349,14",,,,R003AF
140DF,U+140DF,,R-02-053,,,,,R3AB,"349,15",R3AB,,,HJ R003AB
140E0,U+140E0,,R-02-057,,,,,R3F,"349,16",R3F,,,HJ R003F
140E1,U+140E1,,R-02-060,C,"A cluster of offerings, consisting of a conical loaf (X8), two oval loafs (X4), a round loaf (X6), a piece of flesh (F51), a wide cup (W10) and two circular items, arranged on top of a table with an inwards incline of the legs, with a horizontal beam connecting the legs, with a vertical beam connecting the surface and horizontal beam, with a cone at the far side.",wḏḥ.w,Classifier altar,,,,,,R003AM
140E2,U+140E2,,R-02-062,C,"Five circular items, arranged horizontally, on top of a table with an inwards incline of the legs, with a horizontal beam connecting the legs, with multiple vertical beams connecting the surface and horizontal beam, with a cone at the far side.",ḥtp,Classifier offering table,,"350,3",,,,R003AP
140E3,U+140E3,,R-02-064,C,"Two circular items, on a table with the back leg extending beyond the surface, with a horizontal beam connecting the legs, with beams running from corner to corner, forming a cross.",wdḥ.w,"Classifier altar, offering table",R3W,"350,5",R3W,,,HJ R003W
140E4,U+140E4,,R-02-066,C,"Three cones, on top of a table with the legs extending beyond the surface, with a horizontal beam connecting the legs, with vertical beams between the surface and horizontal beam.",wdḥ.w,Logogram (altar of offerings),R3AC,,R3AC,,,HJ R003AC
140E5,U+140E5,,R-02-073,C,"Five tall water jars, on top of a table or stand with the surface at two levels, highest at the back, with legs, three on the lower level, two at the higher level.",ḫnt,"Logogram (jar-stand, sideboard)",R35,,R35,,,HJ R035
140E6,U+140E6,,R-02-075,C,"A cluster of offerings, consisting of a horizontal oval loaf of bread on top of two round loafs of bread, between two vertical oval loafs of bread, with a conical loaf of bread behind the vertical oval loaf, with a head of lettuce on top of the horizontal loaf; on top of a table with an inwards incline of the legs, with a horizontal beam directly under the surface, with a cone at the back.",ḥtp(.w),Logogram (offerings),,,,,,R003AO
140E7,U+140E7,,R-03-001,C,A one-legged altar or table with a bowl-shaped surface.,ḫꜣw(.t),Classifier altar,R36,"350,10",R36,,,HJ R036
140E8,U+140E8,,R-03-003,,,,,R40,,R40,,,HJ R040
140E9,U+140E9,,R-03-004,,,,,R40A,,R40A,,,HJ R040A
140EA,U+140EA,,R-03-005,C,"A one-legged altar or table with a bowl-shaped surface, with three lines of smoke coming from the surface.",ḫꜣw.t,classifier altar,R36C,"350,12",R36C,,,HJ R036C
140EB,U+140EB,,R-03-006,,,,,R36A,"350,13",R36A,,,HJ R036A
140EC,U+140EC,,R-03-007,C,A one-legged offering table with surface resembling a sand covered mountain over the edge of the cultivated areas (N26).,ḫꜣw.t,Logogram (altar),R37,"350,14",R37,,,HJ R037
140ED,U+140ED,,R-03-008,C,"A one-legged offering table with surface resembling a sand covered mountain over the edge of the cultivated areas (N26), with smoke/flame coming from the surface.",ḫꜣw.t,Logogram (altar),R36B,"350,15",R36B,,,HJ R036B
140EE,U+140EE,,R-03-009,C,"A one-legged offering table with surface resembling a sand covered mountain over the edge of the cultivated areas (N26), with smoke/flame coming from the surface, with a pellet of incense at either side of the flame.",ḳdf,Classifier altar,,"351,1",,,,R036D
140EF,U+140EF,,R-03-011,C,"A one-legged offering table with surface resembling a sand covered mountain over the edge of the cultivated areas (N26), with a flame in the middle, with a pellet of incense at either side of the flame, with an oval shape, angling inwards at the tips of the table surface.",ḫꜣw.t,Logogram (altar),R1I,,R1I,,,HJ R001I
140F0,U+140F0,,R-03-012,C,"A one-legged offering table with surface resembling a sand covered mountain over the edge of the cultivated areas (N26), with a flame in the middle, with a pellet of incense at either side of the flame.",ḳdf,Classifier altar,,,,,,R036E
140F1,U+140F1,,R-03-013,C,"An one-legged offering table, with upstanding rims, resembling a bowl, with multiple pellets of incense inside the bowl.",ḫꜣw.t,Logogram (altar),R38A,"351,3",R38A,,,HJ R038A
140F2,U+140F2,,R-04-006,,,,,R12O,"351,11",R12O,,,HJ R012O
140F3,U+140F3,,R-05-002,C,"A diamond shaped censer for fumigation, written horizontally, with a forward, downward line at the front. ",kꜣp,Classifier fumigation/censing,,"352,1",,,,R006B
140F4,U+140F4,,R-05-005,C,"A censer for fumigation, written vertically, with a trapezoidal shape at the top and the bottom.",snṯr-sḏ.t,Classifier incense fire,,,,,,R006A
140F5,U+140F5,,R-05-006,,,,,R42A,"352,2",R42A,,,HJ R042A
140F6,U+140F6,,R-05-011,C,"A censer for fumigation, resembling the forearm and hand of a man, holding a bowl for incense with smoke rising from the bowl (R7), with the head of a falcon, with a sun disk (N5) on top of its head, at the back.",(s)ḥtp,Phonemogram/logogram (to satisfy),R42,"352,7",R42,,,HJ R042
140F7,U+140F7,,R-05-013,,,,,R42B,"352,9",R42B,,,HJ R042B
140F8,U+140F8,,R-05-014,,,,,R42C,,R42C,,,HJ R042C
140F9,U+140F9,,R-06-003,C,"A bowl for incense, with two pellets of incense, with smoke rising from the bowl.",snṯr,Logogram (incense),R7C,"352,12",R7C,,,HJ R007C
140FA,U+140FA,,R-06-005,,,,,R7A,"352,14",R7A,,,HJ R007A
140FB,U+140FB,,R-06-007,,,,,R7B,,R7B,,,HJ R007B
140FC,U+140FC,,R-07-003,C,"Three times a cloth wound on a pole, an emblem of divinity (R8), arranged horizontally.",nṯr.w,Logogram (gods),R8A,"353,7",R8A,,,HJ R008A
140FD,U+140FD,,R-07-004,C,"Three times a cloth wound on a pole, an emblem of divinity (R8), arranged horizontally, on top of a wickerwork basket.",nṯr.w-nb.w,Logogram (all the gods),,,,,,R105A
140FE,U+140FE,,R-07-005,C,"Nine times a cloth wound on a pole, an emblem of divinity (R8), arranged horizontally.",psḏ.t,Logogram (Ennead),,,,,,R008B
140FF,U+140FF,,R-07-009,C,"A cobra (Naja haje), standing up, with expanded hood (uraeus) (I64), connected at the base of a cloth wound on a pole, an emblem of divinity (R8).",nṯr-nṯr.t,Logogram (god and goddess),R45,"353,11",R45,,,HJ R045
14100,U+14100,,R-07-010,C,"Three times a cobra (Naja haje), standing up, with expanded hood (uraeus) (I64), connected at the base of a cloth wound on a pole, an emblem of divinity (R8), on top of a standard used for the carrying of religious symbols with the vertical stick at the far side (R92A).",nṯr.w-nṯr.wt,Logogram (gods and goddesses),R46,"353,12",R46,,,HJ R046
14101,U+14101,,R-07-011,C,"A cobra (Naja haje), standing up, with expanded hood (uraeus) (I64), connected at the base of a cloth wound on a pole, an emblem of divinity (R8), in front of three vertical strokes in a triangular orientation with one stroke a the top (Z2A); on top of a standard used for the carrying of religious symbols with the vertical stick at the far side (R92A).",nṯr.w-nṯr.wt,Logogram (gods and goddesses),R107,,R107,,,HJ R107
14102,U+14102,,R-07-012,C,"A cobra (Naja haje), standing up, with expanded hood (uraeus) (I64), connected at the base of a cloth wound on a pole, an emblem of divinity (R8), on top of a standard used for the carrying of religious symbols with the vertical stick at the far side (R92A).",nṯr-nṯr.t,Logogram (god and goddess),R107A,,R107A,,,HJ R107A
14103,U+14103,,R-07-016,,,,,R47,"354,1",R47,,,HJ R047
14104,U+14104,,R-07-018,C,"A cloth wound on a pole, an emblem of divinity (R8), on top of a circle.",ḥsmn,Logogram (natron),,,,,,R009A
14105,U+14105,,R-07-028,C,"A cloth wound on a pole, an emblem of divinity (R8), written over a butcher's block with a rounded bottom, and a broad horizontal line on top, with the pole at the bottom of the block.",ẖr.t-nṯr,Logogram (necropolis),R49,"354,10",R49,,,HJ R049
14106,U+14106,,R-07-031,C,"A cloth wound on a pole, an emblem of divinity (R8), written over a butcher's block with a broad base, with the pole at the bottom of the block.",ẖr.t-nṯr,Logogram (necropolis),R50,"354,13",R50,,,HJ R050
14107,U+14107,,R-07-032,C,"A cloth wound on a pole, an emblem of divinity (R8), written on top of a butcher's block (T28).",ẖr.t-nṯr,Logogram (necropolis),,,,,,R010I
14108,U+14108,,R-07-039,,,,,R10H,"355,2",R10h,,,HJ R010H
14109,U+14109,,R-07-040,C,"A cloth wound on a pole, an emblem of divinity (R8), written over top of a butcher's block, with the pole at the bottom of the block, at the back of a base, with a feather (H6), angled forwards on the tip of the base.",ẖr.t-nṯr,Logogram (necropolis),R10D,"355,3",R10D,,,HJ R010D
1410A,U+1410A,,R-07-044,C,"A cloth wound on a pole, an emblem of divinity (R8), written over top of a butcher's block, with the pole at the bottom of the block, on top of a base, with a feather (H6), angled forwards on the tip of the base and a sandy hill slope (N29) behind the butcher's block.",ẖr.t-nṯr,Logogram (necropolis),R10G,"355,7",R10G,,,HJ R010G
1410B,U+1410B,,R-07-046,C,"A cloth wound on a pole, an emblem of divinity (R8), written between a sandy hill slope (N29) and a butcher's block.",ẖr.t-nṯr,Logogram (necropolis),,,,,,R010J
1410C,U+1410C,,R-07-047,C,"A cloth wound on a pole, an emblem of divinity (R8), written between a butcher's block and a sandy hill slope (N29), with a feather (H6), angled forwards at the front tip of the butcher's block.",ẖr.t-nṯr,Logogram (necropolis),,,,,,R010K
1410D,U+1410D,,R-07-048,C,"A cloth wound on a pole, an emblem of divinity (R8), written between a butcher's block and a sandy hill slope (N29), with a feather (H6) on the butcher's block and hill.",ẖr.t-nṯr,Logogram (necropolis),,,,,,R010L
1410E,U+1410E,,R-07-049,C,"A cloth wound on a pole, an emblem of divinity (R8), connected at the back of the hill country over the edge of the cultivated areas (N25), with a feather (H6) on the first hill, and a butcher's block on the second hill.",ẖr.t-nṯr,Logogram (necropolis),,,,,,R010M
1410F,U+1410F,,R-07-050,,,,,R10A,"355,9",R10A,,,R010N
14110,U+14110,,R-07-055,C,"A feather (H6), angled forwards on top of a butcher's block, on the front of a base, with a cloth wound on a pole, an emblem of divinity (R8) at the back of the base, with a half round loaf of bread (X1), above the hill country over the edge of the cultivated areas (N25), written between the butcher's block and the emblem of divinity.",ẖr.t-nṯr,Logogram (necropolis),,,,,,R010E
14111,U+14111,,R-07-057,C,"Two times a cloth wound on a pole, an emblem of divinity (R8), arranged horizontally, on top of a standard used for carrying religious symbols, with a loop under the horizontal beam, running over the vertical pole (R12A).",nmt.y,Logogram (18th nome of Upper Egypt),R108,,R108,,,HJ R108
14112,U+14112,,R-08-003,C,"Two arms, raised upwards, with the forearms and hands vertical, hand palms inwards (D28), written over a column imitating a bundle of stalks tied together (R11), supporting a ripple of water (N35), written within an oval (N102).",ḏd-kꜣ-ꞽmn,Phonemogram,R55,"356,1",R55,,,HJ R055
14113,U+14113,,R-08-004,C,A column imitating a bundle of stalks tied together with a sun disk (N5) on top of it.,psḏ,Phonemogram,R122,,R122,,,HJ R122
14114,U+14114,,R-08-006,C,"A headdress consisting of a sun disk with two feathers on top of the horns of a ram (S73), on top of a column imitating a bundle of stalks tied together (R11).",ḏd,Phonemogram,,,,,,R140
14115,U+14115,,R-09-001,C,"A standard used for carrying religious symbols, with a short vertical pole, with a loop under the horizontal beam, running over the vertical pole.",ꞽꜣ.t,Classifier standard,R56,"356,2",R56,,,HJ R056
14116,U+14116,,R-09-005,C,"A pole, held upright through ropes.",snw.t,Classifier pole,R91,,R91,,,HJ R091
14117,U+14117,,R-09-014,C,"A standard used for carrying religious symbols, with a loop under the horizontal beam, running over the vertical pole.",ꞽꜣ.t,Logogram (standard),R12A,"356,14",R12A,,,HJ R012A
14118,U+14118,,R-09-016,C,A standard used for the carrying of religious symbols with the vertical stick at the far side.,ꞽꜣ.t,Classifier standard,R92A,"357,2",R92A,,,HJ R092A
14119,U+14119,,R-09-017,C,A mirror resembling circle on top of standard used for the carrying of religious symbols with the vertical stick at the far side (R92A).,ꜥnḫ,Classifier mirror,R123,,R123,,,HJ R123
1411A,U+1411A,,R-09-021,,,,,R92,,R92,,,HJ R092
1411B,U+1411B,,R-09-031,C,"An unknown object, resembling a piece of cloth with two bands at the back, on top of a standard used for carrying religious symbols (R12).",dwꜣ.w,Logogram (Duau (divinity)),R59,"357,12",R59,,,HJ R059
1411C,U+1411C,,R-09-032,C,"A half round loaf of bread (X1), above an egg (H8), in front of a star (N14), written on top of a standard in the shape of a crescent moon, with a loop under the horizontal beam, running over the vertical pole.",spd.t | ẖn.ty ꞽꜣb.t,Logogram spd.t (Sothis) or ẖn.ty ꞽꜣb.t (foremost of the east),R58,"357,13",R58,,,HJ R058
1411D,U+1411D,,R-09-037,C,"An unknown object, on top of a standard used for carrying religious symbols (R12).",dwꜣ.w,Logogram (Duau (divinity)),R60,"358,2",R60,,,HJ R060
1411E,U+1411E,,R-09-039,C,"A cobra in repose (Naja haje) (I10), upon a pole, with a feather (H6) vertically on its back, in line with the standard, on top of a base with a cone at the far side.",ṯnw,"Logogram (border, boundry)",R61,,R61,,,HJ R061
1411F,U+1411F,,R-11-001,C,"A feather (H6), angled forwards on top of a standard with a round top.",ꞽmn.t,Logogram (west),R14A,"358,10",R14A,,,HJ R014A
14120,U+14120,,R-11-003,C,"A feather (H6), angled forwards on top of a standard with a round top, on top of a sand covered mountain over the edge of the cultivated areas (N26).",ꞽmn.t,Logogram (west),R63,"358,11",R63,,,HJ R063
14121,U+14121,,R-11-007,C,"A feather (H6), angled forwards on top of a standard with a round top, with outwards angled lines coming from the tip of the pole.",wnm.y,"Logogram (right, right side)",R14B,"359,3",R14B,,,HJ R014B
14122,U+14122,,R-11-013,C,"A feather (H6), written on top of a standard with a rounded top, with a loop over the standard, on top of a sand covered mountain over the edge of the cultivated areas (N26).",ꞽmn.t,Logogram (west),R63A,"359,10",R63A,,,HJ R063A
14123,U+14123,,R-11-014,,,,,R65A,"359,11",R65A,,,HJ R065A
14124,U+14124,,R-11-015,C,"A feather (H6), angled forwards on top of a standard with a round top, with outwards angled lines coming from the tip of the pole, on top of the hill country over the edge of the cultivated areas (N25).",ꞽmn.t,Logogram (west),,,,,,R065B
14125,U+14125,,R-11-023,,,,,R65,"360,5",R65,,,HJ R065
14126,U+14126,,R-11-028,C,"A feather (H6), written on top of a standard with a rounded top, with a loop over the standard.",ꞽmn.t,Logogram (west),R70,"360,10",R70,,,HJ R070
14127,U+14127,,R-11-035,,,,,R124,,R124,,,HJ R124
14128,U+14128,,R-12-001,C,"A spear made into a standard, resembling a fire-drill in a piece of wood (U28).",ꜣb,Phonemogram,R15A,"361,1",,,,R015H
14129,U+14129,,R-12-002,C,"A spear made into a standard, resembling a fire-drill in a piece of wood (R15A), on top of a sand covered mountain over the edge of the cultivated areas (N26).",ꞽꜣb.t,Logogram (east),R72,"361,2",R72,,,HJ R072
1412A,U+1412A,,R-12-010,C,"A spear made into a standard, resembling a fire-drill in a piece of wood (U28), with outwards angled lines coming from the tip of the pole.",ꞽꜣb.t,Radicogram (left eye),,"361,8",,,,R015C
1412B,U+1412B,,R-12-015,C,"A spear made into a standard, resembling a fire-drill in a piece of wood (U28), with a loop over the standard.",ꞽꜣb.t,Logogram (east),,"361,10",R15A,,,R015A
1412C,U+1412C,,R-12-017,C,"A spear made into a standard, resembling a fire-drill in a piece of wood (U28), with a loop over the standard (Jsesh R15A), on top of a sand covered mountain over the edge of the cultivated areas (N26).",ꞽꜣb.t,Logogram (east),R72A,"361,12",R72A,,,HJ R072A
1412D,U+1412D,,R-12-018,C,"A spear made into a standard, resembling a fire-drill in a piece of wood (U28), with a loop over the standard (Jsesh R15A), on top of the hill country over the edge of the cultivated areas (N25).",ꞽꜣb.t,Logogram (east),R76,"361,13",R76,,,HJ R076
1412E,U+1412E,,R-12-027,,,,,R127,"362,4",R127,,,HJ R127
1412F,U+1412F,,R-12-033,C,"A spear made into a standard, resembling a fire-drill in a piece of wood (U28), with two ties or bands of cloth at the far side of the pole.",ꞽꜣb.t,Logogram (east),R15B,,R15B,,,HJ R015B
14130,U+14130,,R-12-034,,,,,R127A,"362,8",R127A,,,HJ R127A
14131,U+14131,,R-12-038,C,"A spear made into a standard, with a circle on either side of the spear tip, with a backwards curving loop over the standard.",ꞽꜣb,Phonemogram,,,,,,R015J
14132,U+14132,,R-12-040,C,"A spear made into a standard, resembling a fire-drill in a piece of wood (U28), with a floating dot at either side of the cone, with two ties or bands of cloth at the far side of the pole.",ꞽꜣb.t,Radicogram (left eye),,,,,,R141
14133,U+14133,,R-13-001,,,,,R80,"362,11",R80,,,HJ R080
14134,U+14134,,R-14-001,,,,,R17A,"362,14",R17A,,,HJ R017A
14135,U+14135,,R-14-002,,,,,R17D,"363,1",R17D,,,HJ R017D
14136,U+14136,,R-14-003,C,"A wig, without fillet, with two feathers and a horizontal bar, upon a pole",tꜣ-wr,Logogram (8th nome of Upper Egypt),,,,,,R017E
14137,U+14137,,R-14-006,C,"A wig, without fillet, with a headdress consisting of two feathers on top of the horns of a ram (S77), on top of a standard used for carrying religious symbols (R12).",tꜣ-wr,Logogram (8th nome of Upper Egypt),R83,"363,4",R83,,,HJ R083
14138,U+14138,,R-14-009,C,"A wig without a fillet, with a headdress consisting of two plumes (S9), with a cobra (Naja haje), standing up, with expanded hood (uraeus) written behind the wig, upon a pole.",ꜣbḏw,Logogram (Abydos),R18A,"363,6",R18A,,,HJ R018A
14139,U+14139,,R-14-011,,,,,R18F,"363,8",R18F,,,HJ R018F
1413A,U+1413A,,R-14-012,C,"A wig without a fillet, with a headdress consisting of two plumes (S9), with a cobra (Naja haje), standing up, with expanded hood (uraeus) written behind the wig, upon a pole (R18A), on top of a sand covered mountain over the edge of the cultivated areas (N26).",ꜣbḏw,Logogram (Abydos),R18B,"363,9",R18B,,,HJ R018B
1413B,U+1413B,,R-14-014,C,"A wig without a fillet, with a headdress consisting of two plumes (S9), with a cobra (Naja haje), standing up, with expanded hood (uraeus) written behind the wig, upon a pole (R18A), on top of the hill country over the edge of the cultivated areas (N25).",ꜣbḏw,Logogram (Abydos),R18D,,R18D,,,HJ R018D
1413C,U+1413C,,R-14-018,C,"A wig without a fillet, with a headdress consisting of two plumes (S9), with a cobra (Naja haje), standing up, with expanded hood (uraeus) written behind the wig, upon a pole (R18A), on top of a standard used for carrying religious symbols (R12), on top of a parcel of land with irrigation ditches (N24).",ꜣbḏw,Logogram (Abydos),,,,,,R018H
1413D,U+1413D,,R-14-023,,,,,R17C,,R17C,,,HJ R017C
1413E,U+1413E,,R-15-001,C,"A standard resembling a lotus flower with two plumes on top (R16C), with a counterweight of a necklace (S18A), hanging down from either side of the plumes and from the top of the standard.",nfr,Phonemogram,R82,"255,5",R82,,,HJ R082
1413F,U+1413F,,R-15-002,C,"A standard resembling a lotus flower with two plumes on top (R16C), with a counterweight of a necklace (S18A), hanging down from either side of the plumes.",nfr-tm,Logogram (Nefertem),R82A,"255,6",R82A,,,HJ R082A
14140,U+14140,,R-15-003,C,"A standard resembling a lotus flower with two plumes on top (R16C), with a counterweight of a necklace (S18A) hanging down at the far side.",nfr-tm,Logogram (Nefertem),R81,"255,7",R81,,,HJ R081
14141,U+14141,,R-16-003,C,"A sceptre with a straight shaft, a forked base, topped with the head of the Seth animal (S40), with a backwards angled feather (H6)on top of the staff.",wꜣs.t,Logogram (Thebes),,"364,3",,,,S040A
14142,U+14142,,R-16-005,C,"A sceptre with a straight shaft, topped with the head of the Seth animal, with a fillet and a backwards angled feather (H6) on top of the staff, on top of a plan of a crossroads in a village (R109).",wꜣs.t,Logogram (Thebes),R109,,R109,,,HJ R109
14143,U+14143,,R-16-006,,,,,R19A,,R19A,,,HJ R019A
14144,U+14144,,R-17-004,C,"A flower, enclosed by the horns of a bovid, upside-down.",sšꜣ.t,Logogram (Seshat (divinity)),R20A,,R20A,,,HJ R020A
14145,U+14145,,R-18-001,C,"Two bones of a fossil squid (belemnite), resembling two arrow-shaped points at each side of a circle.",ḫm,Logogram (Letopolis),,"364,7",,,,R022A
14146,U+14146,,R-18-006,,,,,R23B,,R23B,,,HJ R023B
14147,U+14147,,R-18-008,C,"Two bones of a fossil squid (belemnite) (R22), on top of a standard used for carrying religious symbols (R12).",mnw,Logogram (Min (divinity)),R118,,R118,,,HJ R118
14148,U+14148,,R-20-001,C,A vertical hourglass-shaped shaped document holder.,mks,Classifier document holder,R88,"365,5",R88,,,HJ R088
14149,U+14149,,R-22-001,,,šd.ty,"Logogram/Classifier (the one of Shedet (i.e., Sobek))",R85,,R85,,,HJ R085
1414A,U+1414A,,R-23-004,,,,,R62A,,R62A,,,HJ R062A
1414B,U+1414B,,R-23-005,,,,,R88A,,R88A,,,HJ R088A
1414C,U+1414C,,R-23-015,C,A pedestal or plinth.,ḏbꜣ.t,"Classifier (base, pedestal, plinth (of a shrine))",R114,,R114,,,HJ R114
1414D,U+1414D,,S-01-002,C,"The white crown of Upper Egypt, with an uraeus.",ḥḏ.t,Classifier crown,S1A,"366,3",S1A,,,HJ S001A
1414E,U+1414E,,S-01-003,C,"The white crown of Upper Egypt, with an uraeus and a fillet around the crown.",ḥḏ.t,Logogram (the white crown),,,,,,S001B
1414F,U+1414F,,S-01-005,C,"The white crown of Upper Egypt, over a band of string or fabric, which makes a curl at the front.",ꜥrḳ-ꞽns,Logogram (wearer of the sash (priest)),S46,"366,4",S46,,,S046A
14150,U+14150,,S-01-007,C,"The white crown of Upper Egypt, on top of a standard used for carrying religious symbols, with a loop under the horizontal beam, running over the vertical pole (R12A).",wrr.t,Logogram (the white crown),S47,"366,6",S47,,,HJ S047
14151,U+14151,,S-01-008,C,"The white crown of Upper Egypt, with an uraeus (S1A), on top of a standard used for carrying religious symbols, with a loop under the horizontal beam, running over the vertical pole (R12A).",tꜣ-ṯnn,Logogram (Tatenen (divinity)),,,,,,S047D
14152,U+14152,,S-01-009,C,"The white crown of Upper Egypt in front of a flagellum (S45), on top of a standard used for carrying religious symbols, with a loop under the horizontal beam, running over the vertical pole (R12A).",bꜣby,Logogram (Baby (divinity)),S47A,"366,7",S47A,,,HJ S047A
14153,U+14153,,S-01-013,C,"The white crown (S1), on top of a plan of a crossroads in a village (O49).",šmꜥ.w,Logogram (Upper Egypt),S48,"366,9",S48,,,HJ S048
14154,U+14154,,S-01-018,C,"The white crown (S1), with the curl of the red crown (S89), on top of a wickerwork basket (V30).",wrr.t,Classifier crown,S2A,"366,14",S2A,,,S002B
14155,U+14155,,S-01-019,C,"The white crown (S1), with the curl of the red crown (S89), on top of a wickerwork basket with a handle, orientated with the handle to the back (V31).",wrr.t,Classifier crown,S49A,,S49A,,,HJ S049A
14156,U+14156,,S-01-020,C,"A cloth wound on a pole, an emblem of divinity (R8), in front of the white crown (S1), on top of a wickerwork basket (V30).",nṯrꞽ,Logogram (to be divine),S182,,S182,,,HJ S182
14157,U+14157,,S-02-002,C,"The red crown (S3), on top of a plan of a crossroads in a village (O49).",mḥ.w,Logogram (Lower Egypt),S50,"367,3",S50,,,HJ S050
14158,U+14158,,S-02-004,C,"The red crown, without the curl, on top of a wickerwork basket (V30).",dšr.t/n.t,Classifier crown,,,,,,S004A
14159,U+14159,,S-02-009,C,"Two red crowns (S3), overlapping each other.",wnn,Phonemogram,S183,,S183,,,HJ S183
1415A,U+1415A,,S-02-012,C,"The red crown, without the curl, with a uraeus, with a piece of cloth at the neck.",dšr.t,Classifier the red crown,,,,,,S173A
1415B,U+1415B,,S-03-002,C,"The union of the red crown of Lower Egypt and the white crown of Upper Egypt, with the white crown worn within the red crown. (i.e., the double crown), with an uraeus at the front.",sḫm.ty,Classifier double crown,,,,,,S005A
1415C,U+1415C,,S-04-003,C,The base of a crown.,mḏꜣ.t,"Logogram (cap, crown)",S55,"368,4",S55,,,HJ S055
1415D,U+1415D,,S-05-002,C,"A head-cloth, tied together at the back, with the loop and ties at the back.",mḏḥw,Logogram/phonemogram (carpenter),S56A,"368,6",S56A,,,HJ S056A
1415E,U+1415E,,S-05-003,C,"A head-cloth, with a piece of cloth extending at the back.",k,Phonemogram,,"368,7",,,,S056B
1415F,U+1415F,,S-05-004,C,"A head-cloth, with an uraeus, extending downwards to the shoulder, with a piece of cloth extending at the back.",k,Phonemogram,S57,"368,8",S57,,,HJ S057
14160,U+14160,,S-05-005,C,"A head-cloth, with an uraeus, with a piece of cloth extending at the back.",ꜥfn(.t),Classifier headcloth,S57C,"368,9",S57C,,,HJ S057C
14161,U+14161,,S-05-006,C,"A head-cloth, extending downwards to the shoulder, with a piece of cloth extending at the back.",ꞽbs,Classifier headcloth,S57B,"368,10",S57B,,,HJ S057B
14162,U+14162,,S-05-008,C,"A long head-cloth, extending over the back.",ꜥfn.t,Classifier headcloth,S57A,,S57A,,,HJ S057A
14163,U+14163,,S-05-009,,,,,S59,,S59,,,HJ S059
14164,U+14164,,S-06-002,C,"A band of cloth, used as a fillet, represented as a half-circle, with a loop and ties at the back.",mḏḥ,"Logogram (to bind, to wind around)",S10A,"368,13",S10A,,,HJ S010A
14165,U+14165,,S-06-003,C,"A band of cloth, used as a fillet, represented as a half-circle, with an uraeus at the front and a loop and ties at the back.",mḏḥ,"Logogram (to bind, to wind around)",,,,,,S082A
14166,U+14166,,S-07-001,C,The Atef crown.,ḫꜥ.w,Classifier crown,S8A,"369,3",S8A,,,HJ S008A
14167,U+14167,,S-07-003,,,,,S186,"369,6",S186,,,HJ S186
14168,U+14168,,S-07-004,C,"The Atef crown with ram horns and a sun disk, with a circle on top of the split top of the Atef crown.",ꜣtf,Logogram (Atef crown),,"369,7",,,,S008B
14169,U+14169,,S-07-006,C,"The Atef crown, on top of the horns of a ram, with an uraeus, with a sun disk on the head, facing outwards, at either side of the crown.",ꜣtf,Logogram (Atef crown),S60A,"369,8",,,,S060A
1416A,U+1416A,,S-07-007,,,,,S60,"369,9",S60,,,HJ S060
1416B,U+1416B,,S-08-001,C,"A crown, consisting of three horizontally arranged Atef crowns with a round bulb at the top, and the sun disk at the base, on top of the horns of a ram, with an uraeus, with a sun disk on the head, facing outwards, at either side of the crown, with two ureai hanging downwards from the horns at either side.",hmhm,Logogram (Hemhem crown),S61,"369,10",S61,,,HJ S061
1416C,U+1416C,,S-08-002,C,"A crown, consisting of three horizontally arranged Atef crowns with a round bulb at the top, and the sun disk at the base, on top of the horns of a ram, with an uraeus, with a sun disk on the head, facing outwards, at either side of the crown.",hmhm,Logogram (Hemhem crown),S61A,"369,11",S61A,,,HJ S061A
1416D,U+1416D,,S-08-005,C,"A crown, consisting of three horizontally arranged Atef crowns, on top of the horns of a ram, with an uraeus, facing outwards, at either side of the crown.",hmhm,Logogram (Hemhem crown),,,,,,S061D
1416E,U+1416E,,S-09-002,C,A headdress consisting of the horns of a ram with two plumes on top of it.,šw.ty,Logogram (double plumes/two feather crown),S62,"369,13",S62,,,HJ S062
1416F,U+1416F,,S-09-004,C,"A headdress consisting of two plumes, with a sun disk between them, on top of a short vertical line.",šw.ty,Logogram (double plumes/two feather crown),S63,"370,2",S63,,,HJ S063
14170,U+14170,,S-09-005,C,"A headdress consisting of two plumes, with a sun disk between them.",šw.ty,Logogram (double plumes/two feather crown),S63A,"370,3",S63A,,,HJ S063A
14171,U+14171,,S-09-008,,,,,S9A,"370,6",S9A,,,HJ S009A
14172,U+14172,,S-09-011,,,,,S68,"370,8",S68,,,HJ S068
14173,U+14173,,S-09-015,C,A headdress consisting of four plumes on top of a head-cloth (S56).,?,Logogram (the four feather crown),S67,,S67,,,HJ S067
14174,U+14174,,S-09-019,C,"A headdress consisting of the horns of a ram with two plumes on top of it, with a sun disk between the plumes.",šw.ty,Logogram (double plumes/two feather crown),S64,"370,12",S64,,,HJ S064
14175,U+14175,,S-09-020,C,"A headdress consisting of the horns of a ram with two plumes on top of it, angled backwards, with a sun disk between the plumes.",šw.ty,Logogram (double plumes/two feather crown),,,,,,S064A
14176,U+14176,,S-09-021,C,"A headdress consisting of the base of a crown (S55), with two plumes on top of it.",šw.ty,Logogram (double plumes/two feather crown),S72A,"370,13",S72A,,,HJ S072A
14177,U+14177,,S-09-022,C,"A headdress consisting of the base of a crown (S55), with two plumes on top of it, with a sun disk between the plumes.",šw.ty,Logogram (double plumes/two feather crown),S72,"370,14",S72,,,HJ S072
14178,U+14178,,S-09-025,C,"A headdress consisting of two feathers on top of the horns of a ram, with a sun disk between the feathers, with a cobra (Naja haje), standing up, with expanded hood (uraeus), with sun disks its head on either side of the feathers, orientated outwards.",ṯn,Phonemogram,S75,"371,1",S75,,,HJ S075
14179,U+14179,,S-09-026,C,"A headdress consisting of two feathers on top of the horns of a ram, with a cobra (Naja haje), standing up, with expanded hood (uraeus), with sun disks its head on either side of the feathers, orientated outwards.",Nḫb,Logogram (Elkab),S74,"371,2",S74,,,HJ S074
1417A,U+1417A,,S-09-027,C,A headdress consisting of a sun disk with two feathers on top of the horns of a ram.,ṯn,Phonemogram,S73,"371,3",S73,,,HJ S073
1417B,U+1417B,,S-09-028,C,A headdress consisting of a sun disk with two feathers.,ḥp.t,Classifier crown,S76,"371,4",S76,,,HJ S076
1417C,U+1417C,,S-09-030,C,A headdress consisting of two feathers on top of the horns of a ram.,ṯn,Phonemogram,S77,"371,6",S77,,,HJ S077
1417D,U+1417D,,S-09-034,C,"Two feathers without quill, on top of a standard used for carrying religious symbols, with a loop under the horizontal beam, running over the vertical pole (R12A).",nḫn,Logogram (3rd nome of Upper Egypt),,,,,,S079B
1417E,U+1417E,,S-09-037,C,A headdress consisting of two feathers on a short vertical line.,p(s)š.ty,Classifier two halves,S78A,"371,10",S78A,,,HJ S078A
1417F,U+1417F,,S-09-040,C,"A headdress consisting of two feathers on top of the horns of a ram, with a sun disk between the feathers, with a cobra (Naja haje), standing up, with expanded hood (uraeus), on either side of the feathers, orientated outwards; on top of a half-circle shaped base.",ṯn,Phonemogram,S75A,,S75A,,,HJ S075A
14180,U+14180,,S-09-042,C,"A sun disk (N5), between two feathers (H6), orientated outwards, on top of the horns of a ram (F107).",ꜣḫ.t,Logogram (the horizon),S80A,,S80A,,,HJ S080A
14181,U+14181,,S-09-043,C,"A dung beetle, scarab (scarabaeus sacer) (L1), with the fully extended wing of a bird (H5) on either side of the body (L12A), on top of a sun disk, on top of the horns of a ram, with a feather (H6), orientated outwards, at either side of the scarab, connected to the tip of the wings.",pr-m-ꜣḫ.t,Logogram (who goes forth from the horizon),,,,,,S080B
14182,U+14182,,S-10-003,C,"A band of cloth, used as a fillet, with a flower at the front, and two loops at the back.",mꜣḥ,"Logogram (wreath, garland)",S187,"371,15",S187,,,HJ S187
14183,U+14183,,S-10-004,C,"A band of cloth, used as a fillet, with an uraeus at the front, and a loop and string at the back.",mꜣḥ,"Logogram (wreath, garland)",S82,"372,1",S82,,,HJ S082
14184,U+14184,,S-10-005,C,"A band of cloth, used as a fillet, with two uraei at the front, one wearing the white crown (S1), one wearing the red crown (S3).",mꜣḥ,"Logogram (wreath, garland)",S83,"372,2",S83,,,HJ S083
14185,U+14185,,S-10-007,C,"A band of cloth, used as a fillet, decorated with flowers on the band.",mꜣḥ,"Logogram (wreath, garland)",S84,"372,4",S84,,,HJ S084
14186,U+14186,,S-10-009,C,A garland of laurel leaves.,mꜣḥ,"Logogram (wreath, garland)",S85,"372,6",S85,,,HJ S085
14187,U+14187,,S-11-002,C,A collar of beads without internal decoration or terminals.,wsḫ,Classifier collar,,,,,,S188D
14188,U+14188,,S-11-003,,,,,S188A,"373,2",S188A,,,HJ S188A
14189,U+14189,,S-11-004,C,"A collar of beads, resembling a basket, with ornamental terminals, resembling the head of a falcon, looking outwards.",bb,Classifier collar,,"373,3",,,,S011E
1418A,U+1418A,,S-11-005,C,"A collar of beads with ornamental terminals, resembling the head of a falcon, looking outwards.",bb.t,Classifier collar,S11B,"373,4",S11B,,,HJ S011B
1418B,U+1418B,,S-11-006,C,"A collar of beads with ornamental terminals, resembling the head of a falcon, looking outwards, with outwards curving ties on top of the heads.",bb,Classifier collar,S11A,"373,5",S11A,,,HJ S011A
1418C,U+1418C,,S-11-011,C,"A collar of beads with ornamental terminals, resembling the head of a falcon with a sun disk on its head, looking outwards, with two vertical strings with flower-like end-pieces, curving outwards and downwards, coming from the collar.",bb,Logogram collar,S11D,"373,10",S11D,,,HJ S011D
1418D,U+1418D,,S-11-015,C,"A necklace, consisting of a deep loop, with seven beads or circles on the loop, with the two top beads connected with a line with a bead in the center, with the ends of the loops curving outwards and downwards, with flower-like end-pieces, the left one a lotus bud and the right one a flowering lotus bud.",bb,Classifier collar,S91,"373,13",S91,,,HJ S091
1418E,U+1418E,,S-11-017,C,"A necklace, consisting of a deep loop with three horizontal lines over it, with the capital of a column, in the form of the face of a human female, with hair in two curling sidelocks, with the ears of a bovid (O215) at the bottom of the loop, connected with a rectangle to the lowest horizontal line; with ornamental terminals resembling the same capital (O215), with outward and downward curving strings with flower-like end-pieces coming from the terminals.",bb,Classifier collar,,"373,14",,,,S092A
1418F,U+1418F,,S-11-019,,,,,S92,"374,2",S92,,,HJ S092
14190,U+14190,,S-11-020,C,"A necklace, consisting of a deep loop, with multiple horizontal strands connecting the two sides of the loop, with the ends of the loops curving outwards and downwards, with flower-like end-pieces.",wsḫ,"Logogram (necklace, collar)",S91A,"374,3",S91A,,Y,HJ S091A
14191,U+14191,,S-11-023,C,"A necklace, consisting of a deep loop, with multiple horizontal strands connecting the two sides of the loop, connected by vertical lines (beads/netting), with the ends of the loops curving outwards and downwards, with flower-like end-pieces.",wsḫ,"Logogram (necklace, collar)",,"374,6",,,,S091B
14192,U+14192,,S-11-027,C,"Two round vessels with a thin, upstanding rim, arranged horizontally; connected by the rims by an horizontal line of string, curving upwards at both ends.",rrm,Classifier vessel (twin vases for myrrh),W107,"374,9",W107,,,HJ W107
14193,U+14193,,S-11-030,,,,,S96,"374,12",S96,,,HJ S096
14194,U+14194,,S-11-031,C,"A necklace, consisting of two eyes, with the markings of the head of a falcon, with a vertical line at the back with a triangle at the curl, as if seen from the front (Jsesh D10C), with an outwards and upwards loop of string, with a flower-like end-piece at the end of the string, orientated towards each other.",m(ꜣ)ḥ,"Classifier wreath, garland",S191,"374,13",S191,,,HJ S191
14195,U+14195,,S-11-035,C,"A collar of beads, without detail.",nb,Logogram (necklace),S12A,"375,1",S12A,,,HJ S012A
14196,U+14196,,S-11-049,C,"A pectoral, resembling the sky (N1), with three vertical lines of short horizontal strokes, with V shaped arrows on top of the sky.",ṯḥn,Logogram (to be bright),,"375,13",,,,N004J
14197,U+14197,,S-11-051,C,"The sky (N1) / a pectoral resembling the sky; with three vertical lines consisting of short horizontal strokes, with upwards arrows at the bottom of the vertical lines, with three triangular shapes on top of the sky.",ṯḥn | ꞽꜣd.t,Logogram (to be bright) or Classifier dew/scent/rain,N4F,,N4F,,,HJ N004F
14198,U+14198,,S-11-052,,,,,S17A,"375,15",,,,S017D
14199,U+14199,,S-11-055,C,A pectoral resembling the sky (N1) over three vertical lines with a forked top.,ṯḥn,Logogram (brightness),S17B,"376,2",S17B,,,HJ S017B
1419A,U+1419A,,S-11-056,C,A pectoral of four glass or faïence beads.,ṯḥn,Logogram (to be bright),S15A,"376,3",S15A,,,HJ S015A
1419B,U+1419B,,S-11-059,,,,,N4A,"376,6",N4A,,,HJ N004A
1419C,U+1419C,,S-11-060,C,A pectoral consisting of a big rectangle with six strands of glass or faience beads.,ṯḥn,Logogram (to be bright),N4D,,N4D,,,HJ N004D
1419D,U+1419D,,S-11-065,C,"A pectoral, consisting of a horizontal rectangle with three vertical strands of glass or faience beads.",ṯḥn.t,Logogram (faience),,,,,,S220
1419E,U+1419E,,S-11-068,C,"A girdle worn by various gods, with three hanging pieces.",šsm.t,Classifier place/divinity,S197,,S197,,,HJ S197
1419F,U+1419F,,S-11-071,C,"A bead necklace with a counterweight, written horizontally.",mnꞽ.t,Logogram (menit necklace),,"376,11",,,,S018C
141A0,U+141A0,,S-11-073,,,,,S18B,"376,14",S18B,,,HJ S018B
141A1,U+141A1,,S-11-075,C,"A bead necklace with a counterweight, written horizontally, with a loop at the front, with the head of woman, with a headdress of bovine horns with a sun disk (F102) and the vulture headdress on top of the counterweight.",mnꞽ.t,Logogram (menit necklace),S98,"376,15",S98,,,HJ S098
141A2,U+141A2,,S-11-076,C,"A bead necklace with a counterweight, written horizontally, with the head of woman, with a headdress of bovine horns with a sun disk (F102) and the vulture headdress on top of the counterweight.",mnꞽ.t,Classifier necklace,,,,,,S098A
141A3,U+141A3,,S-11-078,,,,,S100,"377,2",S100,,,HJ S100
141A4,U+141A4,,S-11-080,C,"An amulet resembling a shrine with a flat roof, with two ties at the top.",ꜣw(.t)-ꞽb,Classifier pectoral,S100A,,S100A,,,HJ S100A
141A5,U+141A5,,S-11-085,C,"An amulet resembling a shrine with a flat roof, with a rectangle on the roof, with two outward, downward curving ties at the top, with an uraeus at either side of the base, with the front uraeus wearing the white crown (S1), and the back uraeus wearing the red crown (S3).",wḏꜣ(.w),Classifier amulet,,,,,,S101D
141A6,U+141A6,,S-11-087,C,"An amulet resembling a shrine with a flat roof, with a rectangle on the roof, with two outward, downward curving ties at the top, with flower-like end-pieces.",wḏꜣ.(w),Classifier amulet,,,,,,S101C
141A7,U+141A7,,S-11-090,C,"An amulet resembling a shrine with a flat roof, with a rectangle on top, without ties.",wḏꜣ.w,Classifier amulet (Logogram in line 3)?,,,,,,S100B
141A8,U+141A8,,S-12-004,C,"A seal, attached to a neck string, with the sting curving backwards and downwards, without a loop below the seal.",ḫtm,Phonemogram,,"377,11",,,,S019A
141A9,U+141A9,,S-12-007,C,"A seal, attached to a neck string, without ties below the seal.",sꜥḥ,Phonemogram,S20A,"377,15",S20A,,,HJ S020A
141AA,U+141AA,,S-13-006,C,"A shoulder knot, with a loop at every corner.",st,Phonemogram,,"378,9",,,,S022B
141AB,U+141AB,,S-13-007,C,"A shoulder knot, with loops a the top ends and ties at the bottom ends, with circular blobs on top of the middle section, and vertical strokes below the vertical section.",st,Phonemogram,S22A,"378,10",S22A,,,HJ S022A
141AC,U+141AC,,S-13-015,C,"A horizontal rectangular garment (bracelet, armband), with downward curving ties at both sides. ",nfr.t,Classifier cloth/garment,S105,"379,4",S105,,,HJ S105
141AD,U+141AD,,S-13-016,C,"An curved rectangular garment (bracelet, armband), with downward curving ties at both sides, with triangular end-pieces at the ties.",mnf(r).ty,"Classifier bracelet, anklet",,"379,5",,,,S105A
141AE,U+141AE,,S-13-017,,,,,W109,"379,6",W109,,,HJ W109
141AF,U+141AF,,S-14-002,C,"A kilt or apron, with the side sections forming a sickle shape.",šnḏ.wt,"Logogram (kilt, royal apron)",,"379,8",,,,S026C
141B0,U+141B0,,S-14-004,C,"A vertical rectangular garment, with fringes at the bottom, and two outwards curving ties at the top.",nṯstn,Classifier garment,S109,,S109,,,HJ S109
141B1,U+141B1,,S-15-003,C,"A loop of cord with the ends upwards (V6), written between the fringes of cloth resembling forked staffs, horizontal loop of twisted cloth connecting the two fringes, written over the loop of cord.",mnḫ.t,Logogram (clothing),,"379,12",,,,S207
141B2,U+141B2,,S-15-005,C,A horizontal strip of cloth with one fringe.,šsr.w,Classifier cloth,S114,,S114,,,HJ S114
141B3,U+141B3,,S-15-007,C,A horizontal strip of cloth with three fringes.,mnḫ.t,Logogram (clothing),S115,"379,14",S115,,,HJ S115
141B4,U+141B4,,S-15-008,C,A horizontal strip of cloth with four fringes.,mnḫ.t,Logogram (clothing),S116,"380,1",S116,,,HJ S116
141B5,U+141B5,,S-15-009,C,A horizontal strip of cloth with five fringes.,šsr.w,Classifier cloth,S117,,S117,,,HJ S117
141B6,U+141B6,,S-15-010,C,A horizontal strip of cloth with six fringes.,sꞽs,Logogram (six-weave linen),S118,,S118,,,HJ S118
141B7,U+141B7,,S-15-011,C,"A bag or a sack of linen, with a tie towards the front, and a (small) loop at the back (V33), written between two staves or poles with a two-pronged end piece for holding down snakes (U116), on top of a standard used for carrying religious symbols, with a short vertical pole, with a loop under the horizontal beam, running over the vertical pole (R56).",sšr,Logogram (linen),S113A,,S113A,,,HJ S113A
141B8,U+141B8,,S-15-015,C,"A horizontal strip of cloth with fringes, written over a folded piece of cloth (S29).",dr,Phonemogram,,"380,3",,,,S028D
141B9,U+141B9,,S-15-016,C,"A horizontal strip of cloth with fringes, above a folded piece of cloth (S29).",ḥbs,Classifier clothing,,,,,,S028C
141BA,U+141BA,,S-15-038,C,"A knife sharpener with a rounded body and a loop at the back (T31), on top of legs in a walking posture, feet orientated towards the reading direction (D54), written with the tip over a folded piece of cloth (S29).",sšm,Phonemogram,S124,"381,6",S124,,,HJ S124
141BB,U+141BB,,S-15-040,,,,,S124A,,S124A,,,HJ S124A
141BC,U+141BC,,S-15-042,,,,,S124C,,S124C,,,HJ S124C
141BD,U+141BD,,S-15-043,C,"A knife sharpener with a rounded body and a loop at the back (T31), on top of legs in a walking posture, feet orientated towards the reading direction (D54), written with the tip over a folded piece of cloth (S29), with the short end towards the front.",sšm,Phonemogram,S124D,"381,8",S124D,,,HJ S124D
141BE,U+141BE,,S-15-044,C,"A knife sharpener with a rounded body, without a loop at the back, on top of legs in a walking posture, feet orientated towards the reading direction (D54), written with the tip over a folded piece of cloth (S29).",sšm,Phonemogram,S124E,,S124E,,,HJ S124E
141BF,U+141BF,,S-15-051,C,"A rectangular piece of cloth, with sloping fringes on its front short side, with a cross shape as internal decoration.",s,Phonemogram,,"381,14",,,,S032B
141C0,U+141C0,,S-15-056,C,"A square piece of cloth, with long sloping fringes on its front short side, with a cross shape as internal decoration.",s,Phonemogram,S32A,"382,4",S32A,,,HJ S032A
141C1,U+141C1,,S-15-060,C,"A rectangular piece of cloth, with fringes at the short sides, and a stripe over the middle, written horizontally.",sꞽꜣ,Phonemogram,,,,,,S128A
141C2,U+141C2,,S-15-061,C,"A rectangular piece of cloth, with fringes at the top and far side.",sšr,Classifier cloth,S129,,S129,,,HJ S129
141C3,U+141C3,,S-15-063,C,"An oval piece of cloth, with fringes on the top.",npnp.t,Classifier cloth,S130,,S130,,,HJ S130
141C4,U+141C4,,S-15-064,,,,,S106,,S106,,,HJ S106
141C5,U+141C5,,S-17-005,C,"A tie or strap, used with sandals (ankh sign, S34), with the sun, within a halo (N5) on top of the loop.",nḥḥ,classifier time,S133,"382,14",S133,,,HJ S133
141C6,U+141C6,,S-17-007,C,"A vessel with a spout and broad rim, made to resemble a tie or strap, used with sandals (ankh sign, S34).",ꜥnḫ,Classifier ankh vessel,S134B,,S134,,,S134
141C7,U+141C7,,S-17-009,C,"A tie or strap, used with sandals (ankh sign, S34), with a column imitating a bundle of stalks tied together (R11) replacing the vertical strap.",ḏd-ꜥnḫ,Logogram (stability and life),S135,"383,3",S135,,,HJ S135
141C8,U+141C8,,S-17-012,C,"A tie or strap, used with sandals (ankh sign, S34), a column imitating a bundle of stalks tied together (R11) and a sceptre with a straight shaft, a forked base, topped with the head of the Seth animal (S40), arranged horizontally; on top of a wickerwork basket.",ꜥnḫ-ḏd-wꜣs-nb,"Logogram (all life, stability and dominion)",S176,,S176,,,HJ S176
141C9,U+141C9,,S-17-013,C,"A tie or strap, used with sandals (ankh sign, S34) and a sceptre with a straight shaft, a forked base, topped with the head of the Seth animal (S40), arranged horizontally; on top of a wickerwork basket.",ꜥnḫ-wꜣs-nb,Logogram (all life and dominion),,,,,,S176A
141CA,U+141CA,,S-20-003,,,,,S36D,"358,4",S36D,,,HJ S036D
141CB,U+141CB,,S-20-004,C,"A sun shade, made of a staff which holds feathers at the top, resembling a half circle, without internal detail, with outwards angled lines coming from the tip of the staff.",ḥb,Phonemogram,S36B,,S36B,,,HJ S036B
141CC,U+141CC,,S-20-005,C,"A sun shade, made of a staff which holds feathers at the top, resembling a half circle, without internal detail, with an additional short staff.",šw.t,"Logogram (shadow, shade)",S36A,"358,8",S36A,,,HJ S036A
141CD,U+141CD,,S-20-006,C,"A sun shade, made of a staff which holds feathers at the top, resembling a half circle, without internal detail, with strokes on top of the feathers, with an additional short staff.",ḥp,Phono-repeater/classifier (in ḥp.ty (extreme limits)),S36C,"358,5",S36C,,,HJ S036C
141CE,U+141CE,,S-20-012,C,"A line with a straight hook, written over a sun shade, made of a staff which holds feathers at the top, resembling a half circle, without internal detail (S36).",ḥb,Phonemogram,,,,,,S036F
141CF,U+141CF,,S-21-003,C,A one handed fan with a straight handle.,ḫw,Phonemogram,S37C,,S37C,,,HJ S037C
141D0,U+141D0,,S-21-004,C,"A one handed fan, with a handle consisting of a bowl-shaped section with a vertical downward line at either side, with a straight handle section.",ḫw,Phonemogram,S37D,"384,2",S37D,,,HJ S037D
141D1,U+141D1,,S-21-005,,,,,S37B,,S37B,,,HJ S037B
141D2,U+141D2,,S-21-009,C,"A one handed fan, with a handle resembling a stem of papyrus with a bud (M13), and the fan resembling a feather (H6).",ḫw,Logogram (fan),S37A,"384,5",S37A,,,HJ S037A
141D3,U+141D3,,S-22-005,,,,,S198,"482,9",S198,,,HJ S198
141D4,U+141D4,,S-23-011,C,"Two sceptres with a straight shaft, a forked base, topped with the head of the Seth animal (S40), written on top of a standard used for the carrying of religious symbols with the vertical stick at the far side (R92A).",ꞽgꜣꞽ,Logogram (Igai (divinity)),S151,,S151,,,HJ S151
141D5,U+141D5,,S-23-012,C,"A sceptre with a straight shaft, a forked base, topped with the head of the Seth animal (S40), under a crescent moon (N11) shape topped with a feather (H6).",ꞽꜣ.t(yt),Phonemogram/Logogram (iatet drink),S152,,S152,,,HJ S152
141D6,U+141D6,,S-23-013,C,"A sceptre with a straight shaft, a forked base, topped with the head of the Seth animal (S40), under a crescent moon (N11) shape topped with a feather (H6), written on top of a standard used for the carrying of religious symbols with the vertical stick at the far side (R92A).",ꞽꜣ.t(yt),Phonemogram/Logogram (iatet drink),S152A,,S152A,,,HJ S152A
141D7,U+141D7,,S-23-014,C,"A sceptre with a straight shaft, a forked base, topped with the head of the Seth animal (S40), under a double crescent moon (N11), arranged vertically, topped with a feather (H6), written on top of a standard used for the carrying of religious symbols (R12).",ꞽꜣ.t,Logogram (Iat (divinity),S152B,,S152B,,,HJ S152B
141D8,U+141D8,,S-24-002,C,A sceptre with two extensions at the top.,w,"Logogram (district, region)",S42A,,S42A,,,HJ S042A
141D9,U+141D9,,S-24-007,,,,,S153,"385,12",S153,,,HJ S153
141DA,U+141DA,,S-24-008,C,"A sceptre (S42), with a flagellum (S45) at the back of the headpiece.",ꜣms,Phonemogram,S44A,"385,13",S44A,,,HJ S044A
141DB,U+141DB,,S-25-002,C,"A staff which widens towards the bottom, with a vertical stroke just above the base, extending beyond the staff.",md(w),Phonemogram,S43A,"386,9",S43A,,,HJ S043A
141DC,U+141DC,,S-25-003,C,"A staff which widens towards the bottom, without internal detail.",md(w),Phonemogram,S43B,,S43B,,,HJ S043B
141DD,U+141DD,,S-25-005,C,"A sceptre or staff, with a cone shape above the handle.",nḥb.t,Classifier sceptre,,,,,,S043E
141DE,U+141DE,,S-25-008,C,"A sceptre, with a short handle with a crossbar, with a long oval shape above the handle.",ḥts,"Logogram (Hetes-staff, baton)",S168,,S168,,,HJ S168
141DF,U+141DF,,S-25-013,C,"A staff, which widens towards the bottom (S43) with a flagellum (S45) attached to the back.",ꜣms,Logogram (ames-sceptre),S199B,,S44,,,S044C
141E0,U+141E0,,S-25-015,C,"A staff, which widens towards the bottom, with a circle on top, with a flagellum (S45) attached to the back.",ꜣms,"Classifier staff, sceptre",S44,,,,,S044D
141E1,U+141E1,,S-25-017,C,A type of garment.,nṯstn,Classifier clothing,S109A,,S109A,,,HJ S109A
141E2,U+141E2,,S-25-023,C,"An object resembling a drill, with a crossbar on the lower section.",smꜣ,Phonemogram,U26A,,U26A,,,HJ U026A
141E3,U+141E3,,S-26-009,C,"A flagellum (S45), written through a cartouche in a round form (V9).",ḫb,Phonemogram,,"433,11",S167,,,S167
141E4,U+141E4,,S-26-010,C,A circle with a flagellum (S45) coming from the top.,ḫb,Phonemogram,,,,,,S167C
141E5,U+141E5,,S-27-002,C,"An object consisting of a horizontal rectangle with a triangular indentation at the bottom, with a vertical line on top of it, with a horizontal line on top of the vertical line, to the same width of the rectangle.",wḏꜥ,"Logogram (to judge, to separate)",AA21A,"477,14",Aa21A,,,HJ AA021A
141E6,U+141E6,,S-27-004,C,"An object consisting of a horizontal rectangle with a triangular indentation at the bottom, with a vertical line on top of it, with a half-circle on top of the vertical line.",wḏꜥ,"Logogram (to judge, to separate)",,"478,1",,,,AA021D
141E7,U+141E7,,S-27-007,C,"An object consisting of a horizontal rectangle with a triangular indentation at the bottom, with a vertical line on top of it, with a short horizontal line crossing the vertical line.",wḏꜥ,"Logogram (to judge, to separate)",,"478,3",,,,AA021E
141E8,U+141E8,,S-27-009,C,"An object consisting of two connected triangles, arranged horizontally with the points down, with a vertical line on the top, with a half-circle on top of the vertical line. ",wḏꜥ,"Logogram (to judge, to separate)",AA42,"478,4",Aa42,,,HJ AA042
141E9,U+141E9,,S-28-002,C,"A type of ornament, with a tie and a loop at the top, and fringes at the bottom.",ꜥpr,Phonemogram,AA20B,"476,10",Aa20B,,,HJ AA020B
141EA,U+141EA,,S-28-009,C,"A type of ornament, with two ties at the top, with a broad base.",ꜥpr,Phonemogram,T137,,T137,,,HJ T137
141EB,U+141EB,,S-28-013,C,"A type of ornament, with two ties at the top, and fringes at the bottom.",mꜥnḫ.t,Logogram (counterweight),AA20C,"477,4",Aa20C,,,HJ AA020C
141EC,U+141EC,,S-28-014,C,"A type of ornament, with two ties at the top, with two horizontal lines at the bottom, with the vertical lines extending beyond the horizontal lines.",ꜥpr,Phonemogram,AA20A,,Aa20A,,,HJ AA020A
141ED,U+141ED,,S-28-021,C,"A cone-shaped object with two ties at the top, with a forward, downward dotted line coming from the top",nšꞽ/nẖꞽ,"Classifier to spit, to expel",,,,,,AA020D
141EE,U+141EE,,S-28-022,C,"Some type of cone-shaped ornament, with netting as internal decoration, on top of a base, with a two ties at the top, the front short and angled upwards, the tie at the back forming a curl.",ꜥpr,Phonemogram,,,,,,S221
141EF,U+141EF,,S-28-023,,,,,AA41,"477,12",Aa41,,,HJ AA041
141F0,U+141F0,,S-28-024,C,"A type of ornament, with two ties at the top, connected to a circle, with an oval passing over the vertical lines.",ꜥpr,Phonemogram,,,,,,S222
141F1,U+141F1,,S-29-001,C,The curl of the red crown.,ḥmꜣṯṯ,Classifier (curl),S89,,S89,,,HJ S089
141F2,U+141F2,,S-29-002,C,A bracelet.,msktw,Classifier (bracelet),S107,,S107,,,HJ S107
141F3,U+141F3,,S-29-004,C,A rectangular/square piece of cloth with wavy fringes on top.,mḥ,Classifier cloth/garment,S112,,S112,,,HJ S112
141F4,U+141F4,,S-29-005,C,A vertical piece of cloth which bends forward towards the top.,wnḫ.wy,Classifier cloth,S88,,S88,,,HJ S088
141F5,U+141F5,,S-29-009,C,"An necklace, resembling the sun, with three beams of sunlight coming from it, with an arm at either side, holding a staff or line at an outwards angle, connected to a base, with the head of a canine on the front staff.",sꜥḥ,"Classifier dignity, rank",S104,,S104,,,HJ S104
141F6,U+141F6,,S-29-014,C,"A birthing brick, with the head of a female on top of it, in the front, with a headdress of bovine horns with a sun disk (F102).",msḫn.t,"Logogram (abode, birth place, birthing brick)",S203,,S203,,,HJ S203
141F7,U+141F7,,T-01-003,C,"A mace with a pear-shaped head, written vertically, with a round blade attached to the front of the mace-head.",ḥḏ,Logogram (mace),T3C,"411,3",T3C,,,HJ T003C
141F8,U+141F8,,T-01-005,,,,,T3A,,T3A,,,T003H
141F9,U+141F9,,T-01-006,,,,,T3B,,T3B,,,HJ T003B
141FA,U+141FA,,T-01-015,,,,,T1A,,T1A,,,HJ T001A
141FB,U+141FB,,T-01-018,C,"A mace with a pear-shaped head, written vertically, with an upwards tick at the front of the mace-head.",wḏ,Phonemogram,,"438,13",,,,T117A
141FC,U+141FC,,T-01-019,C,"A mace with a pear-shaped head, written vertically, with an upwards and inwards curving line at the front of the mace-head, and an upwards tick at the back.",wḏ,Phonemogram,T3F,"439,3",T3F,,,HJ T003F
141FD,U+141FD,,T-01-020,C,"A coil of rope (V1), written behind the mace head of a mace with a pear-shaped head, written vertically (T3).",wḏ,Phonemogram,T117,,T117,,,HJ T117
141FE,U+141FE,,T-01-022,C,"A mace with a pear-shaped head, written vertically, on top of a circle, with two branches at either side of the handle.",ḥḏ.t,Phonemogram/logogram (white crown),,,,,,T150
141FF,U+141FF,,T-01-053,C,"A mace with a pear-shaped head, written vertically (T3), on top of a collar of beads (S12).",ḥḏ,Logogram (silver),,,,,,S014E
14200,U+14200,,T-01-055,C,"Three maces with a pear-shaped head, written vertically (T3), arranged horizontally, on top of a standard used for carrying religious symbols, with a short vertical pole, with a loop under the horizontal beam, running over the vertical pole (R56).",ṯnn,Phonemogram (in (tꜣ)-ṯnn (divinity)),T44,"413,1",T44,,,HJ T044
14201,U+14201,,T-02-003,C,"A shield with a rounded top, with a boss in the center.",ꞽkm,Classifier shield,,,T36,,,T036C
14202,U+14202,,T-02-004,C,"A round shield with a boss in the center, with a vertical line dividing the two halves of the shield.",ꞽkm,Classifier shield,T49,"413,8",T49,,,HJ T049
14203,U+14203,,T-02-006,C,"An oval shield with a boss in the center, with a vertical line dividing the two halves of the shield.",ꞽkm,Logogram (shield),,,,,,T049A
14204,U+14204,,T-03-001,C,An axe with a round blade and a straight handle.,mḏḥ.w,"Logogram (carpenter, shipwright)",T7B,"413,12",T7B,,,HJ T007B
14205,U+14205,,T-03-002,C,"A strainer, written horizontally, with the handle towards the front, curving downwards and backwards.",ẖnm.t-wr.t,"Classifier (strainer, colander)",AA70,,Aa70,,,HJ AA070
14206,U+14206,,T-04-002,C,The broad blade of an axe.,bꞽꜣ,Logogram (metal),T53,"414,4",T53,,,HJ T053
14207,U+14207,,T-05-007,C,A counterweight of a necklace.,mn,Phonemogram,S18A,"414,10",S18A,,,HJ S018A
14208,U+14208,,T-06-003,C,"A bow, written horizontally, with a rectangular central section, with the tips of the bow angling downwards.",pḏ,Phonemogram,T9D,"415,10",T9D,,,HJ T009D
14209,U+14209,,T-06-009,C,"A bow, written horizontally, with a small rectangle in the middle, with the two limbs angling downwards, with upward coiled tips. ",pḏ,Logogram/phonemogram (to stretch out),T9B,"415,15",T9B,,,HJ T009B
1420A,U+1420A,,T-06-018,C,"A bow, written horizontally, with a rectangular central section, with the tips of the bow forming a bowl-shaped loop (T9), on top of legs in a walking posture, feet orientated towards the reading direction (D54).",m-rwt,"Classifier beyond, outside",T126,,T126,,,HJ T126
1420B,U+1420B,,T-06-019,C,"Two horizontal horns, with a curved line of dots running from tip to tip.",wpš,Phonemogram/logogram,,,,,,T151
1420C,U+1420C,,T-07-002,C,An arrow with rectangular fletching.,šsr,Classifier (arrow),T11B,"416,6",T11B,,,HJ T011B
1420D,U+1420D,,T-07-005,C,"An arrow with a splayed arrowhead, and rounded fletching.",swn,Phonemogram,,"416,9",,,,T011D
1420E,U+1420E,,T-07-010,C,"An arrow with rectangular fletching, written vertically, on top of a plan of a crossroads in a village (O49).",Swn.w,Logogram (Syene (Aswan)),T125,,T125,,,HJ T125
1420F,U+1420F,,T-07-012,C,"An arrow or dart, with the tip slowly tapering out towards the back.",swn,Phono-repeater,T131,,T131,,,HJ T131
14210,U+14210,,T-07-014,C,"A hexagon, with a loop at each corner.",sṯ/st,Phonemogram,T58A,"416,14",T58A,,,HJ T058A
14211,U+14211,,T-07-018,C,"An arrow with rectangular fletching (T11B), written with the fletching towards the front, with the arrowhead inside a hexagon with curling corners.",sṯ/st,Phonemogram,,,,,,T058C
14212,U+14212,,T-07-020,,,,,T60,"417,4",T60,,,HJ T060
14213,U+14213,,T-07-023,C,"Two arrows, crossing, with the fletching at the top, on top of a standard used for carrying religious symbols (R12).",n.t,Logogram (Neith),T60A,,T60A,,,HJ T060A
14214,U+14214,,T-07-026,C,"A shield with a rounded top, with two arrows crossed over it, fletching upwards (T62), on top of a standard used for carrying religious symbols, with a loop under the horizontal beam, running over the vertical pole (R12A).",n.t,"Logogram (Neith, 4th and 5th nomes of Lower Egypt)",T63,"417,8",T63,,,HJ T063
14215,U+14215,,T-07-027,C,"A shield with a rounded top, on top of a base, with an arrow with the fletching upwards sticking out at either side.",n.t,"Logogram (Neith, 4th and 5th nomes of Lower Egypt)",,,,,,T063E
14216,U+14216,,T-07-028,C,"A shield with a rounded top, with two arrows crossed over it, fletching upwards (T62), on top of a standard used for carrying religious symbols, with a short vertical pole, with a loop under the horizontal beam, running over the vertical pole (R56).",n.t,"Logogram (Neith, 4th and 5th nomes of Lower Egypt)",,,,,,T063F
14217,U+14217,,T-07-029,C,"A shield with a rounded top, with two arrows crossed over it, arrowheads at the top; on top of a standard used for carrying religious symbols, with a short vertical pole, with a loop under the horizontal beam, running over the vertical pole (R56).",n.t,"Logogram (Neith, 4th and 5th nomes of Lower Egypt)",T63C,,T63C,,,HJ T063C
14218,U+14218,,T-07-030,C,"A shield with a rounded top, with two arrows crossed over it, fletching upwards (T62), in front of a clump of three papyrus flowers, with two buds bent down (M15); on top of a standard used for carrying religious symbols (R12).",n.t-mḥ.yt,"Logogram (Neith-North, 5th nome of Lower Egypt)",T64,,T64,,,HJ T064
14219,U+14219,,T-07-031,C,"A shield with a rounded top, with two arrows crossed over it, fletching upwards (T62), in front of a sedge (M23); on top of a standard used for carrying religious symbols (R12).",n.t-rs.yt,"Logogram (Neith-South, 4th nome of Lower Egypt)",T116B,,T116B,,,HJ T116B
1421A,U+1421A,,T-07-034,,,,,T64B,,T64B,,,HJ T064B
1421B,U+1421B,,T-07-038,C,"A shield with a rounded top, with two arrows crossed over it, fletching upwards (T62) in front of a mouth (D21) written over a sedge (M23); on top of a standard used for carrying religious symbols (R12), on top of a parcel of land with irrigation ditches (N24).",n.t-rs.yt,"Logogram (Neith-South, 4th nome of Lower Egypt)",T116,,T116,,,HJ T116
1421C,U+1421C,,T-07-039,C,"A shield with a rounded top, with two arrows crossed over it, fletching upwards (T62) in front of a sedge (M23); on top of a standard used for carrying religious symbols (R12), on top of a parcel of land with irrigation ditches (N24).",n.t-rs.yt,"Logogram (Neith-South, 4th nome of Lower Egypt)",T116A,,T116A,,,HJ T116A
1421D,U+1421D,,T-07-040,C,"A shield with a rounded top, with two arrows crossed over it, fletching upwards.",ḥms.t,Phonemogram,T62,"417,10",T62,,,HJ T062
1421E,U+1421E,,T-07-044,,,,,T63A,"417,14",T63A,,,HJ T063A
1421F,U+1421F,,T-07-045,C,"An oval shield on a pole, with two arrows crossed over the shield, fletching towards the front.",ḥms.t,Classifier feminine life force,,,,,,T063D
14220,U+14220,,T-07-051,C,"A cover of a quiver, with a vertical loop on top.",sꜣ,Phonemogram,AA18A,"476,3",Aa18a,,,HJ AA018A
14221,U+14221,,T-07-057,C,"A cover of a quiver, resembling two rectangles.",sꜣ,Logogram (back),,,,,,AA017A
14222,U+14222,,T-07-058,C,"A cover of a quiver, with the rope curving into a loop.",sꜣ,Phonemogram,,,,,,AA017B
14223,U+14223,,T-07-061,C,"The cover of a quiver, with a rectangular inset with vertical lines inside, with the rope on top making a sharp corner.",s,Phonemogram,,,,,,AA018D
14224,U+14224,,T-08-007,C,"A bowstring, coiled up, with both ends angling downwards.",dmꜣ,Phonemogram,T67,"418,9",T67,,,HJ T067
14225,U+14225,,T-08-009,C,"A bowstring, coiled up, with both ends angling downwards, with a large loop at the ends.",tmꜣ(.t),Phonemogram/logogram (mother),T67A,"474,7",T67A,,,HJ T067A
14226,U+14226,,T-08-011,C,"A bowstring, coiled up, with both ends angling downwards, with a small round loop with a short piece of rope continuing at the ends.",rwḏ,Phonemogram,T12A,"418,11",T12A,,,HJ T012A
14227,U+14227,,T-08-012,C,"A bowstring, coiled up, with both ends angling downwards, with a small round loop with a short piece of rope continuing at end at the back.",rwḏ,Phonemogram,T12B,"418,12",T12B,,,HJ T012B
14228,U+14228,,T-08-017,C,"A bowstring, coiled up, with both ends angling downwards, with cone-shaped loops at the ends.",rd,Phono-repeater,,,,,,T012D
14229,U+14229,,T-09-001,C,"Pieces of wood, lessening in width towards the top, lashed together with the top piece at an angle, with a loop at the back.",rs,Phonemogram,T13A,"419,2",T13A,,,HJ T013A
1422A,U+1422A,,T-09-007,C,"A throwing-stick, or a club used by foreign people, on top of a horizontal line.",rs,Phono-repeater,T14A,,T14A,,,HJ T014A
1422B,U+1422B,,T-09-018,C,"A band of string or fabric, which coils at the front, written over three throwing-sticks, or clubs used by foreign people (T14), arranged horizontally.",šnt.t,Phonemogram/logogram (strife),T72,"420,5",T72,,,HJ T072
1422C,U+1422C,,T-09-019,,,,,T133,,T133,,,HJ T133
1422D,U+1422D,,T-09-020,C,"Two throwing-sticks, or clubs used by foreign people (T14), arranged horizontally, on top of a standard used for carrying religious symbols, with a loop under the horizontal beam, running over the vertical pole (R12A).",Mtr,Logogram/phonemogram (Meter canal),,,,,,T142
1422E,U+1422E,,T-09-024,C,"A fire-drill in a piece of wood (U28), written between two times pieces of wood, lashed together with the top piece at an angle, with a loop and tie at the back (T13), with the first mirrored, on top of a base.",rs-wḏꜣ,Phonemogram,T124,,T124,,,HJ T124
1422F,U+1422F,,T-10-005,C,"A scimitar (khopesh), written vertically, blade curving inwards, with the head of a falcon with a sun disk (N5) on top of it.",ḳnꞽ,"Logogram (to be strong, brave, capable)",T73,"420,12",T73,,,HJ T073
14230,U+14230,,T-10-006,C,"A scimitar (khopesh), written vertically, blade curving forwards, with the head of a falcon with a sun disk (N5) on top of it.",ḳn.t,"Logogram (valour, strength)",,,,,,T073B
14231,U+14231,,T-10-007,C,"A scimitar (khopesh), written vertically, blade curving inwards, with the head of a falcon with he sun within a halo, encircled by a cobra (Naja haje), standing up, with expanded hood (uraeus) (N6); on top of the head.",ḫpš,Logogram (khopesh sword/scimitar),T73A,"420,13",T73A,,,HJ T073A
14232,U+14232,,T-10-008,C,"A scimitar (khopesh), written vertically, blade curving forwards, with the head of a falcon with he sun within a halo, encircled by a cobra (Naja haje), standing up, with expanded hood (uraeus) (N6); on top of the head.",ḳn,"Classifier to be strong, brave, capable",,,,,,T073C
14233,U+14233,,T-10-009,C,"A scimitar (khopesh), written vertically, blade curving inwards, with the head of a falcon, wearing the double crown (S5), on top of it.",ḫpš,Logogram (khopesh sword/scimitar),,,,,,T073D
14234,U+14234,,T-10-010,C,"A scimitar (khopesh), written vertically, blade curving forwards, with the handle resembling a one-legged table.",ḳnꞽ,"Logogram (to be strong, brave, capable)",T130,,T130,,,HJ T130
14235,U+14235,,T-12-001,C,"A shepherd's crook with a package lashed to it, with the top tie replaced by a knife (T30A).",šms,Logogram (to follow),T74,"421,3",T74,,,HJ T074
14236,U+14236,,T-12-004,C,"A shepherd's crook with a package lashed to it, with a tie above the package.",šms.w,"Logogram (follower, retainer)",T18A,"421,7",T18A,,,HJ T018A
14237,U+14237,,T-12-005,C,"A shepherd's crook with a package lashed to it, with the top tie replaced by a knife (T30A), on top of legs in a walking posture, feet orientated towards the reading direction (D54)",šms,Logogram (to follow),T75,"421,8",T75,,,HJ T075
14238,U+14238,,T-13-002,C,A harpoon-head with two horizontal strokes on top and a two angled strokes as point. ,,"Classifier stalk, reed",T19A,"421,11",T19A,,,HJ T019A
14239,U+14239,,T-13-006,,,,,T76A,"422,2",T76A,,,HJ T076A
1423A,U+1423A,,T-13-009,C,"A harpoon-head with two horizontal strokes on top, and triangular point.",twr,Phono-repeater,T79,"422,5",T79,,,HJ T079
1423B,U+1423B,,T-13-010,C,"A harpoon-head with two horizontal strokes on top, and triangular point on top of a circle.",tr,Phonemogram,T76B,"422,6",T76B,,,HJ T076B
1423C,U+1423C,,T-13-012,C,A harpoon-head with two horizontal strokes on top and a single curl on top of the point.,twr,Phono-repeater,T19,"422,8",,,,T019E
1423D,U+1423D,,T-13-013,C,A harpoon-head with two horizontal strokes on top and two curls on top of the point.,msn,Phonemogram,,,T19,,,T019F
1423E,U+1423E,,T-13-014,C,"A harpoon-head with two horizontal strokes on top and a single curl on top of the point (T19), on top of a circle.",tr,Phonemogram,T76,"422,9",T76,,,HJ T076
1423F,U+1423F,,T-13-015,C,harpoon-head with two horizontal strokes and two angled strokes on top of the point,ḳs,Phonemogram,T19C,"422,10",T19C,,,HJ T019C
14240,U+14240,,T-13-018,C,"A harpoon-head with two horizontal strokes on top and a single curl on top of the point (T19), on top of a plan of a crossroads in a village (O49).",tr,Phonemogram,T120,,T120,,,HJ T120
14241,U+14241,,T-13-020,C,"A two-barbed harpoon, with a handle on the shaft, written horizontally.",wꜥ,"Logogram (one, sole)",T21A,"422,12",T21A,,,HJ T021A
14242,U+14242,,T-13-023,C,"A two-barbed harpoon, with a handle on the shaft, written vertically, on top of a half-circle.",wꜥ.t,"Logogram (one, sole)",,,,,,T144
14243,U+14243,,T-13-025,C,"A two-barbed harpoon, with a handle and curl on the shaft, written horizontally.",wꜥ,"Logogram (one, sole)",T21D,"422,15",T21D,,,HJ T021D
14244,U+14244,,T-13-026,,,,,T11C,,T11C,,,HJ T011C
14245,U+14245,,T-13-027,C,"A two-barbed harpoon, with a rectangle and angled line on the shaft, written horizontally.",wꜥ,"Logogram (one, sole)",,"423,1",,,,T021G
14246,U+14246,,T-13-029,C,"A two-barbed harpoon, with a rectangle and a curl on the shaft, curling towards the shaft, written vertically.",wꜥ,"Logogram (one, sole)",T21C,"423,4",T21C,,,HJ T021C
14247,U+14247,,T-13-035,C,"A two-barbed harpoon, with a handle and curl on the shaft, with a bowl-like curved section at the end, written horizontally.",wꜥ,"Logogram (one, sole)",T21E,"423,10",T21E,,,HJ T021E
14248,U+14248,,T-13-039,C,"A spear, arrow without fletching or a harpoon without handle, written vertically, tip upwards.",wꜥ,"Logogram (one, sole)",T80,"423,13",T80,,,HJ T080
14249,U+14249,,T-13-040,C,"A spear, arrow without fletching or a harpoon without handle, written horizontally.",nꞽw.y,"Classifier lance, spear",T80B,"423,14",T80B,,,HJ T080B
1424A,U+1424A,,T-13-051,C,"A two-barbed arrowhead, with the point facing downwards, in the ground, resembled by a half-circle.",sn,Phonemogram,,,,,,T022E
1424B,U+1424B,,T-13-052,C,"A two-barbed arrowhead, with the point facing downwards, in the ground, resembling a half-circle, with only the barbs visible.",sn,Phonemogram,T22A,"424,1",T22A,,,HJ T022A
1424C,U+1424C,,T-13-053,C,"A two-barbed arrowhead, point facing downwards, in the ground, resembling a cartouche in the round form (V9), with only the barbs visible.",sn,Phonemogram,T22B,"424,2",T22B,,,HJ T022B
1424D,U+1424D,,T-13-056,C,"An arrowhead, point facing downwards, in the ground, resembling a cartouche in the round form (V9).",šn,Phonemogram,T22D,"424,5",T22D,,,HJ T022D
1424E,U+1424E,,T-13-062,,,,,T83A,"424,8",T83A,,,HJ T083A
1424F,U+1424F,,T-13-063,,,,,T83,"424,9",T83,,,HJ T083
14250,U+14250,,T-13-064,C,"A spear, arrow without fletching or a harpoon without handle, written horizontally, on top of a boat/ship, resembling a crescent moon, with an oar/rudder at the back, connected by three lines; on a standard used for carrying religious symbols, with a loop under the horizontal beam, running over the vertical pole (R12A).",wꜥ-m-ḥww,Logogram (7th and 8th nomes of Lower Egypt),,"424,10",,,,T083C
14251,U+14251,,T-13-066,C,"A spear, arrow without fletching or a harpoon without handle, written horizontally, on top of a crescent moon shape, connected by three lines, point towards the front; on a standard used for carrying religious symbols, with a loop under the horizontal beam, running over the vertical pole (R12A).",wꜥ-m-ḥww,Logogram (7th and 8th nomes of Lower Egypt),,,,,,T083D
14252,U+14252,,T-13-067,,,,,T84,,T84,,,HJ T084
14253,U+14253,,T-13-068,C,"A spear, arrow without fletching or a harpoon without handle, written horizontally, on top of a crescent moon shape, connected by four lines, with the point towards the back, in front of a feather (H6), angled forwards on top of a standard with a round top, with outwards angled lines coming from the tip of the pole (R14B), on top of a standard used for carrying religious symbols, with a loop under the horizontal beam, running over the vertical pole.",wꜥ-m-ḥww-ꞽmn.ty,Logogram (7th nome of Lower Egypt),T84B,,T84B,,,HJ T084B
14254,U+14254,,T-13-070,,,,,T128A,,T128A,,,HJ T128A
14255,U+14255,,T-13-074,,,,,T128,,T128,,,HJ T128
14256,U+14256,,T-13-075,C,"A spear, arrow without fletching or a harpoon without handle, written horizontally, on top of a crescent moon shape, connected by four lines, in front of a feather (H6), angled forwards on top of a standard with a round top, with outwards angled lines coming from the tip of the pole (R14B); on top of a standard used for carrying religious symbols (R12), written on top of a parcel of land with irrigation ditches (N24).",wꜥ-m-ḥww-ꞽmn.ty,Logogram (7th nome of Lower Egypt),T84A,,T84A,,,HJ T084A
14257,U+14257,,T-13-076,,,,,T85,"424,11",T85,,,HJ T085
14258,U+14258,,T-14-001,,,,,T136,"424,12",T136,,,HJ T136
14259,U+14259,,T-14-003,C,"A long net without internal detail, which widens towards the end, with two loops on the front.",ꞽh,Phonemogram,T88B,"424,13",T88B,,,HJ T088B
1425A,U+1425A,,T-14-004,C,"A long oval net with internal netting, with two loops at the front, with a triangular block at the back.",ꜥḥ,Logogram (net),T88,"424,14",T88,,,HJ T088
1425B,U+1425B,,T-14-005,C,"A long oval net with internal netting, with two loops at the front.",ꞽḥ,"Classifier catching, netting",,"424,15",,,,T088C
1425C,U+1425C,,T-14-006,C,"A round net with internal netting, with ties at the front which angle outwards and backwards.",ꞽḥ,"Classifier catching, netting",T24B,"425,1",T24B,,,HJ T024B
1425D,U+1425D,,T-14-007,C,"A long, oval net with internal netting, which widens towards the back, with two loops at the front, and a downward curving rope at the back.",ꜥḥ/ꞽḥ,Logogram (net),T88A,"425,2",T88A,,,HJ T088A
1425E,U+1425E,,T-14-008,C,"A long oval net, resembling a loop with vertical lines inside it, with ties at the front which curve outwards and backwards.",ꞽḥ.y,Classifier net,,"425,3",,,Y,T088D
1425F,U+1425F,,T-14-012,C,"A net used for fishing or fowling, without weights.",ꞽḥ.t,"Classifier catching, netting",T24A,,T24A,,,HJ T024A
14260,U+14260,,T-14-017,C,"A fish-trap, which widens towards the bottom.",ḥꜥd,Classifier fish-trap,T89,"425,8",T89,,,HJ T089
14261,U+14261,,T-15-001,C,"A float, made of reed, with a circle with two ties at the top.",ḏbꜣ,Phonemogram,T25E,"425,9",T25E,,,HJ T025E
14262,U+14262,,T-15-006,C,"A float, made of reed, with a circle with three ties at the top, which resemble triangles.",ḏbꜣ,Phonemogram,,"425,14",,,,T025F
14263,U+14263,,T-15-008,C,"A float, made of reed.",ḏbꜣ,Phonemogram,T25C,,T25C,,,HJ T025C
14264,U+14264,,T-15-011,,,,,T25A,,T25A,,,HJ T025A
14265,U+14265,,T-15-012,C,"A float, made out of two inwards curving bundles, connected at the bent with an horizontal line.",ḏbꜣ,Phonemogram,T25B,,T25B,,,HJ T025B
14266,U+14266,,T-16-001,,,,,T26B,"426,2",T26B,,,HJ T026B
14267,U+14267,,T-16-003,,,,,T26E,"426,4",T26E,,,HJ T026E
14268,U+14268,,T-16-004,C,"A bird trap, with one vertical and horizontal pole, with multiple lines running from the horizontal to the vertical pole, with two lines at 45 degree coming from the corner.",sḫt,Phonemogram,T26F,,T26F,,,HJ T026F
14269,U+14269,,T-16-005,C,"A bird trap, with one vertical and horizontal pole, with a net running from the front to the vertical pole, with two angled strokes on the middle of the net.",sḫt,Phonemogram,T26G,"426,5",T26G,,,HJ T026G
1426A,U+1426A,,T-16-006,C,"A bird trap, with two vertical poles at the back, with a net running from the front to the vertical poles, with two upward ticks at the front of the net.",sḫt,Phonemogram,,"426,6",,,,T026M
1426B,U+1426B,,T-16-007,C,"A bird trap, with two vertical poles at the back, with a net running from the front to the vertical poles.",sḫt,"Logogram (to weave, to trap)",T26H,"426,7",T26h,,,HJ T026H
1426C,U+1426C,,T-16-008,C,"A bird trap, with two vertical poles at the back, with a line running from the front to the vertical poles, with two upward ticks at the front of the line.",sḫt,Phono-repeater,T26A,"426,8",T26A,,,HJ T026A
1426D,U+1426D,,T-16-009,C,"A bird trap, with two vertical poles at the back, with two lines running from the front to the vertical poles, with two upwards ticks at the front of the line.",sḫt,Phonemogram,,"426,9",,,,T026J
1426E,U+1426E,,T-16-011,C,"A bird trap, with a horizontal beam and an upstanding beam at 20 degree clockwise, with a line running from the front to the upstanding beam.",sḫt,"Classifier catching, netting",T26D,,T26D,,,HJ T026D
1426F,U+1426F,,T-16-021,C,"A bundle of reeds woven together, bending backwards.",kꜣp,Classifier shelter,T51,,T51,,,HJ T051
14270,U+14270,,T-16-026,C,"A hexagon-shaped net trap, with a rope to pull it close.",ꞽꜣd.t,Classifier net,T90,,T90,,,HJ T090
14271,U+14271,,T-16-027,C,"An oval shaped net trap, with a triangular piece at either short end.",(ꞽ)ꜣd(.t),Classifier net,U100,"409,15",U100,,,HJ U100
14272,U+14272,,T-16-028,C,"A hexagon shaped net trap, on top of an oval base, bound between two pillars, the front pillar resembling a flowering reed (M17), the back resembling a stem of papyrus with a bud, with the head of a bird on top of it.",ꞽꜣd.t,Logogram (net),,,,,,T090A
14273,U+14273,,T-16-029,C,A wickerwork fish trap.,sḳ.t,Classifier fish-trap,T93,,T93,,,HJ T093
14274,U+14274,,T-18-001,C,A knife with a triangular blade and a straight handle.,mds,"Classifier cutting, slaughter",T30A,"427,13",T30A,,,HJ T030A
14275,U+14275,,T-18-007,C,"A knife with a triangular blade and a straight handle (T30A), written horizontally, on top of an oval.",ds,"Logogram (flint, in ds-km, obsidian)",,"428,4",,,,T095C
14276,U+14276,,T-18-008,C,"A knife with a triangular blade and a straight handle (T30A), written inside an oval.",ḫtꞽ,"Logogram (to carve, to enscribe, to engrave)",T95A,,T95A,,,HJ T095A
14277,U+14277,,T-18-009,C,"A knife with a triangular blade and a straight handle (T30A), written at a forward angle, blade forwards, on top of an oval.",ḫtꞽ,"Logogram (to carve, to enscribe, to engrave)",T95,"428,5",T95,,,HJ T095
14278,U+14278,,T-18-010,C,"A knife with a triangular blade and a straight handle (T30A), written at a forward angle, blade forwards, on top of an oval with three angled lines inside the oval.",ḫtꞽ,"Logogram (to carve, to enscribe, to engrave)",T95B,"428,6",T95B,,,HJ T095B
14279,U+14279,,T-18-023,,,,,T101,"428,14",T101,,,HJ T101
1427A,U+1427A,,T-18-024,C,"A knife with a triangular blade and a straight handle (T30A), on top of a round-topped butcher's block, with a base with upstanding edges.",ḫb.t,Classifier place of execution,T102,"428,15",T102,,,HJ T102
1427B,U+1427B,,T-18-025,C,"A knife with a triangular blade and a straight handle (T30A), on top of a round-topped butcher's block, with netting as internal decoration, with a base with upstanding edges.",ḫb.t,Logogram (place of execution),T102A,,T102A,,,HJ T102A
1427C,U+1427C,,T-18-026,C,"A knife with a triangular blade and a straight handle (T30A), on top of a butcher's block, with the base of the block resembling the hill country over the edge of the cultivated areas (N25).",nm.t,Logogram (place of slaughter),N78,"272,14",N78,,,HJ N078
1427D,U+1427D,,T-18-028,C,"A knife with a triangular blade and a straight handle (T30A), on top of ribs of beef (F43).",šꜥt,"Logogram (butchery, slaughter)",,"429,4",,,,T103B
1427E,U+1427E,,T-18-033,C,"A knife with a triangular blade and a straight handle (T30A), with the tip of the knife on top of stack of ribs, on top of an upside-down cone (F41C), angling forwards, blade upwards.",šꜥt,"Logogram (butchery, slaughter)",T103A,"429,5",T103A,,,HJ T103A
1427F,U+1427F,,T-18-035,C,"A knife with a triangular blade and a straight handle (T30A), on top of a round-topped butcher's block, with the vertical lines of the base extending to the same height as the top of the butcher's block.",nm.t/ḫb.t,Logogram (place of execution),,,,,,T146
14280,U+14280,,T-18-036,C,"A knife with a triangular blade and a straight handle (T30A), on top of a wickerwork basket (V30).",ḫtꞽ,"Logogram (to carve, to enscribe, to engrave)",,,,,,T141
14281,U+14281,,T-18-040,,,,,T31A,"429,8",T31A,,,HJ T031A
14282,U+14282,,T-18-045,C,"A knife with a rounded blade and rounded handle, with a dotted line of liquid coming from the blade.",sṯ,Classifier stench,,,,,,T030D
14283,U+14283,,T-18-047,C,"A knife with a rounded blade and rounded handle (T30), written over a butcher's block (T28).",nm.t,Logogram (place of slaughter),T29C,"429,14",T29C,,,HJ T029C
14284,U+14284,,T-18-049,,,,,T29A,,T29A,,,HJ T029A
14285,U+14285,,T-18-051,C,"A knife with a rounded blade and rounded handle (T30), written over a beer-jug (W22).",ds,Phonemogram,,,,,,T145
14286,U+14286,,T-18-061,,,,,T32B,"430,4",T32B,,,HJ T032B
14287,U+14287,,T-19-006,C,"A knife sharpener, with a thin, curved body, and a loop at the end (T33), on top of legs in a walking posture, feet orientated towards the reading direction (D54).",sšm,Phonemogram,T140,,T140,,,HJ T140
14288,U+14288,,T-19-008,,,,,T33A,"430,11",T33A,,,T033C
14289,U+14289,,T-20-001,C,A fish-tail shaped ritual object (knife?).,psš,Classifier to spread (in psš-kf (a type of flint knife)),T106,"430,12",T106,,,HJ T106
1428A,U+1428A,,T-21-001,C,A horizontal line with a crescent moon shape at the front.,srḳ.t,Classifier to cause to breathe,T113,,T113,,,HJ T113
1428B,U+1428B,,T-21-006,C,"Two harpoon-heads, with a straight line above a angled line as tip, connected to each other.",bwn,Classifier points (of a harpoon),T86,,T86,,,HJ T086
1428C,U+1428C,,T-21-007,C,A loop of cord with multiple lines with fishhooks hanging from it. ,snꜥḥ.t,Classifier hooks,T87,,T87,,,HJ T087
1428D,U+1428D,,T-21-008,C,Assumed to be a curved knife.,sb,Classifier circumcision,T109,,T109,,,HJ T109
1428E,U+1428E,,T-21-010,,,,,T94,,T94,,,HJ T094
1428F,U+1428F,,U-01-016,C,"A sickle (U1), on top of legs in a walking posture, feet orientated towards the reading direction (D54).",mꜣ,Phonemogram,U131,,U131,,,HJ U131
14290,U+14290,,U-02-009,C,"A hoe with a rope connecting the two pieces, written at an angle (U6), on top of a strip of land (N17).",ḫbss,Classifier hacking,U7B,"390,4",U7B,,,HJ U007B
14291,U+14291,,U-02-011,C,"A hoe without a rope connecting the two pieces (U8), written at an angle, on top of a strip of land (N17).",ḫbss,Classifier hacking,U7C,,U7C,,,HJ U007C
14292,U+14292,,U-02-012,C,"A hoe with a rope connecting the two pieces, written at an angle (U6), on top of a strip of land, with three grains of sand written beneath it (N16).",ḫbs-tꜣ,Logogram (to hack the land),,,,,,U007E
14293,U+14293,,U-02-013,C,"A hoe without a rope connecting the two pieces (U8), written at an angle, on top of a circle.",ḫbss,Classifier hacking,U7A,,U7A,,,HJ U007A
14294,U+14294,,U-02-016,C,"A hoe with a rope connecting the two pieces, with the frontal sections of the pieces crossing each other.",mr,Phonemogram,U7D,,U7D,,,HJ U007D
14295,U+14295,,U-03-012,,,,,U52,,U52,,,HJ U052
14296,U+14296,,U-03-014,C,"A half-round vessel on its side, with three forward, downward lines of grain coming from the front.",šm(.w),"Classifier harvest, crop",U50A,,U50A,,,HJ U050A
14297,U+14297,,U-03-016,C,"A half-round vessel on its side, with a forward, downward line of grain coming from the front.",npt,Classifier grain/barley,,"391,3",,,,U050B
14298,U+14298,,U-03-019,C,"A grain measure, resembling a horizontal stick, with a bulb at the front, with a vertical line on top of the horizontal stick, with an upward stroke behind the vertical line.",mh.w,Classifier grain,U55A,"391,8",U55A,,,HJ U055A
14299,U+14299,,U-03-022,C,"A grain measure, resembling a horizontal stick, with a downward hanging bulb at the front, with a vertical line on top of the horizontal stick, with an upward stroke behind the vertical line.",mh.w | šmꜥ.w | wꜣḥ.yt,Classifier grain,,"391,12",,,,U054B
1429A,U+1429A,,U-03-027,C,"A grain measure, resembling a horizontal stick, with a downward hanging bulb at the front, with a rectangle on top, with an upward stroke behind the rectangle.",np(r),Classifier grain,U54,"392,1",U54,,,HJ U054
1429B,U+1429B,,U-03-029,,,,,U55,"392,3",U55,,,HJ U055
1429C,U+1429C,,U-05-001,C,"A plough, with a crossbar and two vertical lines on the long beam, without a circle at the front of the long beam.",hb,Phonemogram,U13A,"392,11",U13A,,,HJ U013A
1429D,U+1429D,,U-05-002,C,"A plough, with a crossbar and two vertical lines on the long beam, with the long beam curving upwards at the front.",hb,Phono-repeater,U13C,"392,12",U13C,,,HJ U013C
1429E,U+1429E,,U-05-007,,,,,U14A,"393,3",U14A,,,HJ U014A
1429F,U+1429F,,U-05-011,C,"A plough with a crossbar, with two vertical lines on the tip of the top beam.",hb,Phono-repeater,U13B,,U13B,,,HJ U013B
142A0,U+142A0,,U-05-012,,,,,U58,"393,6",U58,,,HJ U058
142A1,U+142A1,,U-05-015,C,"A plough, without a crossbar and two vertical lines on the end of the long beam.",pr.t,Logogram (fruit),U13D,,U13D,,,HJ U013D
142A2,U+142A2,,U-05-017,C,"A hoe without a rope connecting the two pieces, with a downward, backward line of grains coming from the bottom piece.",pr.t,Logogram (fruit),U117,,U117,,,HJ U117
142A3,U+142A3,,U-06-002,C,A sledge with two ties on top.,tm,Phonemogram,,,,,,U015B
142A4,U+142A4,,U-06-003,C,"A sledge, with a broad downward loop at the front, with two forward angled lines on top of the loop.",tm,Phonemogram,U15A,"393,11",U15A,,,HJ U015A
142A5,U+142A5,,U-06-006,,,,,U16A,"393,15",U16A,,,HJ U016A
142A6,U+142A6,,U-06-008,C,"A sledge, with the head of a canine at the front, with a half-circle on the sledge.",bꞽꜣ,Phonemogram,U16D,,U16D,,,HJ U016D
142A7,U+142A7,,U-06-015,C,"A rectangular coffin with a rounded lid, and upstanding sides, with a three-by-three block internal decoration, on top of a sledge.",ḳrs.t,Classifier burial,U122,,U122,,,HJ U122
142A8,U+142A8,,U-06-017,C,"The sun, within a halo (N5), on top of a sledge (U15).",rꜥ-ꞽtm.w,Logogram (Re-Atoum),,,,,,U140
142A9,U+142A9,,U-07-004,C,"A hoe or pick excavating a rectangular pool, with the handle angling upwards, with the handle towards the front.",grg,"Logogram (to found, to establish, to hunt, to lay (a trap))",,"394,7",,,,U017A
142AA,U+142AA,,U-07-007,C,"A hoe or pick excavating a rectangular pool, resembling the sky (N1), with the handle angling upwards, with the handle towards the back.",grg,"Logogram (to found, to establish, to hunt, to lay (a trap))",U119,,U119,,,HJ U119
142AB,U+142AB,,U-08-002,C,An adze with an attached blade at the front.,ꜥn.t,"Classifier claw, nail",U19A,"394,12",U19A,,,HJ U019A
142AC,U+142AC,,U-08-005,C,An adze with a triangular blade at the front.,nw,Phonemogram,,,,,,U134
142AD,U+142AD,,U-08-008,,"An adze without the downward curve at the end of the handle, with three blades.",ꜥn.t,Logogram (nail),,,,,,U020A
142AE,U+142AE,,U-08-014,C,"An adze, with an attached blade at the front, in a piece of wood, with the end handle below the wood.",stp,Phonemogram,U21A,"395,8",U21A,,,HJ U021A
142AF,U+142AF,,U-08-024,C,"An adze with an attached blade at the front, with multiple horizontal lines.",ꜥn.t,"Classifier claw, nail",U64,"395,15",U64,,,HJ U064
142B0,U+142B0,,U-08-025,C,"An adze, with an attached triangular blade at the front, bound at the upward piece of the handle, in a piece of wood, with the end handle ending at the height of the wood.",stp,Phonemogram,U65,"359,16",U65,,,HJ U065
142B1,U+142B1,,U-09-007,C,"A chisel with a conical handle, with a broad base and horizontal line on top, and a blade.",mnḫ,Phonemogram,U22A,"396,7",U22A,,,HJ U022A
142B2,U+142B2,,U-09-011,C,"A chisel with a half-circle handle, vertical line at the top and a long blade.",mnḫ,Phonemogram,U24E,"396,12",U24E,,,HJ U024E
142B3,U+142B3,,U-09-016,C,"A drill for drilling holes in beads, with a rectangular handle which slopes inwards towards the drill-bit, with a vertical line as drill-bit (U27B), on top of a horizontal rectangle.",wbꜣ,Phonemogram,U127,,U127,,,HJ U127
142B4,U+142B4,,U-09-017,C,"A drill for drilling holes in beads, with a rectangular handle which slopes inwards towards the drill-bit, with a vertical line as drill-bit.",ḥr.y-ṯꜣ.y-mḏꜣ.t,Classifier chisel,U27B,"397,1",U27B,,,HJ U027B
142B5,U+142B5,,U-09-018,C,"A drill for drilling holes in beads, with a handle resembling an upside-down pawn, with a vertical line as drill-bit, on top of a horizontal rectangle.",w,Phonemogram,U128,,U128,,,HJ U128
142B6,U+142B6,,U-09-020,,,,,U27A,"397,3",U27A,,,HJ U027A
142B7,U+142B7,,U-09-021,C,"A hairpin or burin, with a horizontal line above and below the circle of the pin.",ꜣb,Phonemogram,U23B,"397,4",U23B,,,HJ U023B
142B8,U+142B8,,U-09-024,C,"A hairpin or burin, with a horizontal line under the oval of the pin, and a triangular shape on top of the oval.",ꜣb,Phonemogram,U23E,"397,5",U23E,,,HJ U023E
142B9,U+142B9,,U-09-027,C,"A hairpin or burin, resembling a vase on a table.",ꜣb,Phonemogram,,,,,,U023F
142BA,U+142BA,,U-09-028,C,"A hairpin or burin, with a straight vertical line as pin, with a round head with a triangular top.",mr,Phonemogram,,"479,8",,,,U023G
142BB,U+142BB,,U-09-040,C,"A drill, consisting of a upside-down conical handle which tapers out into the drill-bit.",htꞽ,Classifier drilling,U72,"398,1",U72,,,HJ U072
142BC,U+142BC,,U-09-047,C,"A drill, with a conical handle with a dot on top, with a curl in towards the front at the handle, with a round drill-bit with a horizontal line over it.",wb,Phonemogram,U25C,"398,6",U25C,,,HJ U025C
142BD,U+142BD,,U-09-048,C,"A drill, with a conical handle, with a curl in towards the back at the handle, with a forked drill-bit with a horizontal line over it.",wb,Phonemogram,U25B,,U25B,,,HJ U025B
142BE,U+142BE,,U-09-052,C,"A drill, with a half-circle handle, with a curl towards the front on top of the handle, with a round drill-bit with a horizontal line on top of the circle, with a forward curl coming from the horizontal line.",wbꜣ,Logogram (to open),,,,,,U025D
142BF,U+142BF,,U-09-053,C,"A drill, with a half-circle handle, with a curl towards the front on top of the handle, with a vertical line as drill-bit, on top of a horizontal rectangle.",wb(n),Phonemogram,U24M,,U24M,,,HJ U024M
142C0,U+142C0,,U-09-054,,,,,U24J,,U24J,,,HJ U024J
142C1,U+142C1,,U-09-056,C,"A drill, with a half-circle handle, with a vertical line on top, with a round drill-bit.",wbꜣ,Logogram (to open),U24K,"398,11",U24K,,,HJ U024K
142C2,U+142C2,,U-09-057,C,"A drill, with a half-circle handle, with a vertical line on top, with a forked drill-bit.",wḏ,Phonemogram,,"398,12",,,,U024R
142C3,U+142C3,,U-09-058,,,,,U24I,"398,13",U24I,,,HJ U024I
142C4,U+142C4,,U-09-059,C,"A drill, with a half-circle handle, with a vertical line on top, with a curl towards the front on top of the handle, with a forked drill-bit.",wbꜣ,Phonemogram,U24A,"398,9",U24A,,,HJ U024A
142C5,U+142C5,,U-09-060,C,"A drill, with a half-circle handle, with a vertical line on top, with a curl towards the front on top of the handle, with a forked drill-bit, with a horizontal line on top of the forked drill-bit.",ḥmw.w,Logogram (craftsman),,,,,,U024O
142C6,U+142C6,,U-09-061,C,"A drill, with a conical handle on a horizontal line, with a outwards curl at either side of the handle, with a forked drill-bit.",wb,Phonemogram,,,,,,U142
142C7,U+142C7,,U-09-064,C,"A drill, with a half-circle handle, with a vertical line on top, with a curl towards the front on top of the handle, with a round drill-bit, with a horizontal line on top of the round drill-bit.",wbꜣ,Logogram (to open),U24D,,U24D,,,HJ U024D
142C8,U+142C8,,U-09-068,C,"A drill, with a half-circle handle, with two lines on top, in a V shape, with a forked drill-bit.",wb,Phonemogram,U24G,"399,2",U24h,,,U024H
142C9,U+142C9,,U-09-071,C,"A drill, with a half-circle handle, with a feather (H6) on top, with a round drill-bit with a horizontal line on top of the circle, with a short vertical stroke next to the drill, connected to the handle.",ḥmw.w,Logogram (craftsman),U74,"399,5",U74,,,HJ U074
142CA,U+142CA,,U-09-075,C,"A drill, with a half-circle handle, with a forward angled stroke on top of the handle, with a forked drill-bit, with a horizontal line on top of the forked drill-bit.",wbꜣ,Logogram (to open),,"399,9",,,,U024S
142CB,U+142CB,,U-09-077,C,"A drill, with a round handle with a horizontal line on top, with a forward, upward line at the front of the circle, with a round drill-bit with a horizontal line over it. ",ḥmw.w,Logogram (craftsman),,,,,,U025F
142CC,U+142CC,,U-09-078,,,,,U25,,,,,U025G
142CD,U+142CD,,U-09-079,C,"A stoneworker's drill weighted at the top with stones, lashed together with strings, with two right angled bends in the drill-bit.",ḥmw.w,Logogram (skilled),U25A,"399,10",U25A,,,HJ U025A
142CE,U+142CE,,U-09-081,C,"A stoneworker's drill, with a round handle with two ties at the top, in a V-shape, with two right angled bends in the drill-bit.",ḥmw.t,Logogram (craft),U24C,"398,10",U24C,,,HJ U024C
142CF,U+142CF,,U-09-082,,,,,U24H,"399,12",U24G,,,U024G
142D0,U+142D0,,U-09-083,C,"A drill, with a half-circle handle, with a forward angled loop and a backwards tick on top of the handle, with a round drill-bit, with a horizontal line above and below the drill-bit.",ḥmw.w,Logogram (craftsman),U24B,"399,13",U24B,,,HJ U024B
142D1,U+142D1,,U-09-089,C,"A drill with a handle consisting of a horizontal line with a vertical line on top of each side, with a round drill-bit with a horizontal line over it. ",wbꜣ,Logogram (to open),,,,,,U026B
142D2,U+142D2,,U-09-092,,,,,U75,"400,4",U75,,,HJ U075
142D3,U+142D3,,U-09-097,C,"A drill, with a rectangular handle with a forward curving line on it, with a forked drill-bit with a horizontal line over it. ",ḥmw.w,Logogram (craftsman),,"400,9",,,,U024T
142D4,U+142D4,,U-09-098,C,"A drill, with a rectangular handle with a loop on it, with a round drill-bit with a horizontal line over it. ",wbꜣ,Logogram (to open),,,,,,U027D
142D5,U+142D5,,U-09-099,C,"A drill, with a rectangular handle with a loop on it, with a forked drill-bit, with a horizontal line on top of the forked drill-bit.",wbꜣ,Logogram (to open),,,,,,U027C
142D6,U+142D6,,U-09-105,C,"A drill, with a handle consisting of a horizontal line with a curling line which curves from the back to the front on top of the horizontal line, with a forked drill-bit, with a horizontal line on top of the drill-bit.",wbꜣ,Logogram (to open),,"400,14",,,,U024Q
142D7,U+142D7,,U-09-106,C,"A drill, with a handle consisting of a horizontal line with a circle on top of the horizontal line, with a round drill-bit, with a horizontal line on top of the drill-bit.",wb,Phonemogram,U24N,,U24N,,,HJ U024N
142D8,U+142D8,,U-11-003,C,"A pottery kiln, with the bottom curving forwards.",tꜣ,Phonemogram,U30A,"402,2",U30A,,,HJ U030A
142D9,U+142D9,,U-11-009,C,"A pottery kiln, with the bottom curving forwards, without the round lid on top.",tꜣ,Phonemogram,,"402,10",,,,U030C
142DA,U+142DA,,U-12-003,C,"A pestle, inside a mortar, with angular corners.",mn,Phonemogram,,"403,2",,,,U032D
142DB,U+142DB,,U-12-004,C,"A pestle, inside a square-bottomed mortar.",smn,Phono-repeater,U32A,"403,3",U32A,,,U032F
142DC,U+142DC,,U-12-006,C,"A pestle with a handle/tick at the front, inside a round-bottomed mortar.",smn,Phonemogram,U32B,"403,5",U32B,,,HJ U032B
142DD,U+142DD,,U-12-012,C,A pestle with a vertical line over the bottom.,t(ꞽ),Phonemogram,U33A,"403,9",U33A,,,HJ U033A
142DE,U+142DE,,U-13-002,C,A spindle resembling a dagger with a pointed tip (T8A).,ḫsf,Phonemogram,U34A,"403,14",U34A,,,HJ U034A
142DF,U+142DF,,U-15-007,C,"A razor, with a straight handle, orientated to the front.",ẖꜥḳ,Classifier shaving,,,,,,U088A
142E0,U+142E0,,U-15-009,C,"Two razors, handles upwards, inside a pouch.",ẖꜥḳ,Logogram (to shave),,,,,,U141
142E1,U+142E1,,U-15-010,,,,,U89,"405,4",U89,,,HJ U089
142E2,U+142E2,,U-16-001,C,A simplified representation of a balance on a pole.,mḫꜣ.t,"Classifier balance, scale",U38A,"405,6",U38A,,,HJ U038A
142E3,U+142E3,,U-16-003,C,"A balance, with the pole resembling a column with a base, with a tenon at the top (O28B), with a plummet, resembling a heart (F34).",mḫꜣ.t,Logogram (balance (in mḫꜣ.t-tꜣ.wy)),U38C,,U38C,,,HJ U038C
142E4,U+142E4,,U-16-008,C,"A balance, without a pole (or a handheld balance).",mḫꜣ.t,"Classifier balance, scale",U91,"405,12",U91,,,HJ U091
142E5,U+142E5,,U-16-012,C,"A pole of a balance, with the pole resembling a seat (Q1).",ṯsꞽ,"Logogram (to lift, to raise)",U39A,"405,15",U39A,,,HJ U039A
142E6,U+142E6,,U-16-014,,,,,U39C,"406,3",U39C,,,HJ U039C
142E7,U+142E7,,U-16-015,,,,,U39P,,U39P,,,HJ U039P
142E8,U+142E8,,U-16-016,C,"The pole of a balance, with the pole resembling a seat (Q1), with a plummet resembling a heart (F34) hanging from the crossbeam.",wṯs,"Classifier lifting, carrying",U39F,"406,4",U39F,,,HJ U039F
142E9,U+142E9,,U-16-017,C,"The pole of a balance, with the pole resembling a seat (Q1), with a plummet resembling a heart (F34) hanging from a forward, downward curving line.",wṯs,"Logogram (to lift, to carry)",U39O,"406,6",U39O,,,HJ U039O
142EA,U+142EA,,U-16-020,C,"The pole of a balance, resembling a column with a base, with a tenon at the top (O28B), with an upward angling crossbeam.",wṯs,"Logogram (to lift, to carry)",,"406,8",,,,U039S
142EB,U+142EB,,U-16-021,C,"The pole of a balance, resembling a column with a base, with a tenon at the top (O28B), with a plummet resembling a heart (F34) hanging from the crossbeam.",wṯs,"Logogram (to lift, to carry)",U39N,"406,9",U39N,,,HJ U039N
142EC,U+142EC,,U-16-025,C,A schematic representation of the pole of a balance.,ṯs,"Classifier lifting, carrying",U39I,"406,12",U39I,,,HJ U039I
142ED,U+142ED,,U-16-028,,,,,U39B,"406,16",U39B,,,HJ U039B
142EE,U+142EE,,U-16-029,C,"The pole of a balance, represented as a vertical line with a curved hook at the front.",sṯsꞽ,"Classifier to raise, to lift up",U39Q,,U39Q,,,HJ U039Q
142EF,U+142EF,,U-16-031,C,"A tool, represented as a vertical line with a horizontal line at the front, with a line with a plummet resembling a heart (F34) hanging from the horizontal line.",ḫꜥ.y,Classifier measuring tool?,U39H,,U39h,,,HJ U039H
142F0,U+142F0,,U-16-032,C,"The pole of a balance, represented as a vertical line with a curved hook at the front, with a horizontal base.",wṯs,"Classifier lifting, carrying",,"407,1",,,,U003F
142F1,U+142F1,,U-16-034,C,"The pole of a balance, on a horizontal base, with a angled line on each side as support, with a line with a plummet resembling a heart (F34) hanging from the hook.",ṯs,"Classifier lifting, carrying",U39E,"407,3",U39E,,,HJ U039E
142F2,U+142F2,,U-16-036,C,"The pole of a balance, with the crossbar resembling a feather (H6), written horizontally.",wṯs,Phonemogram (ꞽn wṯs-ḥr),U39D,"407,5",U39D,,,HJ U039D
142F3,U+142F3,,U-16-038,C,"An astronomical instrument, with a line coming from the top of the rectangle, with a plummet at the end of the line, below the base of the object.",wnw.t,"Classifier service, task",U94,"407,6",U94,,,HJ U094
142F4,U+142F4,,U-16-039,C,An astronomical instrument without a line and plummet.,wnw.t,"Logogram (service, task)",U94A,,U94A,,,HJ U094A
142F5,U+142F5,,U-16-042,,,,,U95,"407,9",U95,,,HJ U095
142F6,U+142F6,,U-16-043,C,"An astronomical instrument to measure the movements of the stars, consisting of a square block coming from a long horizontal base, with a vertical line going over the middle of the square block, descending below the block, with a plummet in the shape of a heart (F34) hanging below the base.",wnw.t,"Logogram (service, task)",U96,"407,10",U96,,,HJ U096
142F7,U+142F7,,U-16-044,C,"An astronomical instrument to measure the movements of the stars, consisting of two vertical ovals at the front of a long horizontal base, with a plummet in the shape of a heart (F34) hanging below the base, connected to a vertical line between the two ovals, with an upward dot in the middle of the horizontal base.",mrḫ.t,Classifier astronomical instrument,,"407,11",,,,U096A
142F8,U+142F8,,U-16-045,C,"An astronomical instrument, resembling a façade of a shrine with a flat roof, with oblique sides, with a large doorway (O21B), on a long base, beside a sandy hill slope (N29), with a line coming from the top of the shrine, with a plummet at the end of the line, below the base of the shrine.",wnw.t,"Logogram (service, task)",,,,,,U039T
142F9,U+142F9,,U-16-048,C,"A level, consisting of three beams in the shape of an A, with a vertical line with a plummet coming from the top corner.",sḫḫ,"Classifier length, width",U97,"407,14",U97,,,HJ U097
142FA,U+142FA,,U-16-049,C,"A level, consisting of two beams in a triangular formation, with a vertical line with a plummet coming from the top corner.",sḫḫ,Phonemogram,U97A,"407,15",U97A,,,HJ U097A
142FB,U+142FB,,U-17-004,C,"A tall potter's wheel, with a forward angling lump of clay on top of the wheel.",nḥp,"Classifier to shape, to create",U99A,"408,4",U99A,,,HJ U099A
142FC,U+142FC,,U-17-005,C,"The head of a human man, seen in profile, with a short straight beard (D1), on top of a tall potter's wheel.",ꜥnḫ,Logogram (life),U99B,"408,5",U99B,,,HJ U099B
142FD,U+142FD,,U-17-008,C,"A tall potter's wheel, with a lump of clay on top of the wheel.",nḥp,Classifier potter's wheel,U99C,,U99C,,,HJ U099C
142FE,U+142FE,,U-17-010,C,"A flat bottom jar without handles, with a broad rim, on top of a low potter's wheel.",ḳd.w,Classifier potter,,,,,,U099H
142FF,U+142FF,,U-17-011,C,"A potter's wheel, resembling a wickerwork basket (V30), on a small vertical rectangle, with a wide base (O9C).",nḥp,Logogram (potter's wheel),,,,,,U099E
14300,U+14300,,U-17-012,C,A potter's wheel.,nḥb,Classifier potter's wheel,,,,,,U143
14301,U+14301,,U-18-002,,,,,AA23S,,Aa23S,,,HJ AA023S
14302,U+14302,,U-18-006,,,,,AA23C,"408,11",Aa23C,,,HJ AA023C
14303,U+14303,,U-18-009,C,"A wine press, consisting of two rectangular forked poles, with a slightly curved line between the poles, on which a basket hangs, connected by three lines to the curved line.",šsmw,Logogram (Chesemu (divinity)),AA23R,"408,14",Aa23R,,,HJ AA023R
14304,U+14304,,U-18-010,C,"A wine press, consisting of two rectangular forked poles, with a horizontal line just below the forks, extending beyond the poles, with two vertical lines of 3 dots coming from the middle of the horizontal line.",šsmw,Logogram (Chesemu (divinity)),AA23D,"409,1",Aa23D,,,HJ AA023D
14305,U+14305,,U-18-011,,,,,,"409,2",Aa23B,,,AA023B
14306,U+14306,,U-18-016,C,"A wine press, resembling two masts of a ship with two prongs, connected by vertical lines (P6) on a base, with a wide cup (W10) between the two masts, on top of the base, with two horizontal lines connecting the inner prongs of the masts.",šsmw,Logogram (Chesemu (divinity)),AA23J,,Aa23J,,,HJ AA023J
14307,U+14307,,U-18-018,C,"A wine press, resembling two masts of a ship with two prongs, connected by vertical lines (P6) on a base, with a wide cup (W10) between the two masts, on top of the base, with a horizontal line connecting the inner prongs of the mast, with a loop of cord with the ends upwards (V6), written with the ties over the horizontal line.",šsmw,Logogram (Chesemu (divinity)),AA23L,"409,7",Aa23L,,,HJ AA023L
14308,U+14308,,U-18-020,C,"A wine press, with two forked poles, with two horizontal lines written over the middle of the shaft of the two poles, extending beyond the poles, with a wide cup (W10) written on top of the top horizontal line.",šsmw,Logogram (Chesemu (divinity)),,"409,9",,,,AA023Y
14309,U+14309,,U-18-021,,,,,AA23K,"409,10",Aa23K,,,HJ AA023K
1430A,U+1430A,,U-18-022,,,,,AA23F,,Aa23F,,,HJ AA023F
1430B,U+1430B,,U-18-025,C,"A wine press, resembling two masts of a ship with two prongs, connected by vertical lines (P6) on a base, with a line connecting the shafts of the poles, with a loop and tie at the far side.",šsmw,Logogram (Chesemu (divinity)),AA23P,"409,12",Aa23P,,,HJ AA023P
1430C,U+1430C,,U-18-026,,,,,AA23O,"409,13",Aa23O,,,HJ AA023O
1430D,U+1430D,,U-18-027,C,"A wine press, consisting of two rectangular forked poles, with two horizontal lines at the top of the two poles.",,,,,,,,AA023Z
1430E,U+1430E,,U-18-030,,,,,AA23I,,Aa23I,,,HJ AA023I
1430F,U+1430F,,U-18-035,C,"A warp, stretched between two forked poles with a short shaft below the fork.",mḏd,"Logogram (to press, to cling (to))",AA23M,"478,9",Aa23M,,,HJ AA023M
14310,U+14310,,U-18-037,C,"A warp, stretched between two poles resembling wide cups (W10), with ties extending downwards at the back.",mḏd,"Classifier pressing, hitting",AA24A,"478,11",Aa24A,,,HJ AA024A
14311,U+14311,,U-18-040,,,,,AA24B,"479,1",Aa24B,,,HJ AA024B
14312,U+14312,,U-18-043,C,"Two rectangular pieces of cloth, with fringes on the short sides, written vertically, with a loop around the two pieces of cloth.",sš,Phonemogram,S132,"479,4",S132,,,HJ S132
14313,U+14313,,U-19-001,C,A circular sieve.,nḳr,Classifier gold dust,U101,"410,1",U101,,,HJ U101
14314,U+14314,,U-19-004,C,A rectangular cage with netted sides.,štb,Classifier cage,U103,,U103,,,HJ U103
14315,U+14315,,U-19-005,C,A cauldron.,ḏsf.w,Classifier cauldron,U93,,U93,,,HJ U093
14316,U+14316,,U-21-005,,,,,AA27C,"479,14",Aa27C,,,HJ AA027C
14317,U+14317,,U-21-006,C,"A milling tool, with a long vertical stick under a horizontal oval with vertical lines at the short sides.",nd,Phonemogram,AA27D,"480,1",Aa27D,,,HJ AA027D
14318,U+14318,,U-21-014,C,"A milling tool, with a long vertical stick, under a half-circle, with vertical lines at the short sides.",nḏ,Phonemogram,AA27E,,Aa27E,,,HJ AA027E
14319,U+14319,,U-22-002,C,"A diamond shaped plummet of a balance with an backward and downward curving string / A diamond shaped brazier with a flame rising from it, flame angling towards the front.",,Classifier flame,U98,,U98,,,HJ U098
1431A,U+1431A,,U-22-003,C,A broom.,sk,"Classifier sweeping, wiping",U109,,U109,,,HJ U109
1431B,U+1431B,,U-22-005,C,A saw.,tfꜣ,Classifier saw,U105,,U105,,,HJ U105
1431C,U+1431C,,U-22-009,C,Upright of a ladder.,mꜥꜣꜥ,Classifier (upright of a ladder),U107,,U107,,Y,HJ U107
1431D,U+1431D,,U-22-020,C,"An instrument used by bricklayers, with a triangular extension at the front.",ḳd,Phonemogram,AA29,"480,10",,,,AA029A
1431E,U+1431E,,V-01-018,,,,,V2B,"431,11",V2B,,,HJ V002B
1431F,U+1431F,,V-01-023,C,"Three coils of rope (V1), arranged horizontally, on top of a horizontal line.",ꜣḥ.t,"Logogram (field, arable land)",V43A,,V43A,,,HJ V043A
14320,U+14320,,V-01-027,C,"A Hieratic ligature of a horizontal line, intersected in the middle by a coil of rope (V2), above legs in a walking posture, feet orientated towards the reading direction (D54).",sṯꜣ & sṯꜣ,Phono-repeater sṯꜣ and classifier movement sṯꜣ&,V46,,V46,,,HJ V046
14321,U+14321,,V-01-030,C,"A rope, resembling a plan of a courtyard or reed shelter (O4).",šn,Phono-repeater,V45,,V45,,,HJ V045
14322,U+14322,,V-01-043,C,"A loop of cord with the ends upwards (V006), combined with a folded piece of cloth (S029) mirrored horizontally.",ḥbs,Classifier clothing,V48,"432,15",V48,,,HJ V048
14323,U+14323,,V-01-046,C,"A leaf, root and stem of a lotus-plant, with the leaf resembling a loop of cord with the ends downwards (V7), and with the root resembling a cartouche in a round form (V9).",šn,Phonemogram,V49,"433,2",V49,,,HJ V049
14324,U+14324,,V-02-007,C,"An egg (H008) above a stroke shaped like an eyebrow (D013), written inside a cartouche in a round form (V009), with three stems of papyrus with a bud (M013) at the front, and three stems of papyrus with a flowering bud (M127) at the back.",dmꞽ/ḫꜣdb,Logogram (cult image?),V54,"434,1",V54,,,HJ V054
14325,U+14325,,V-03-003,C,"An oval cartouche, written vertically, with two horizontal lines inside the cartouche.",rn,Logogram (name),,,,,,V129A
14326,U+14326,,V-04-001,,,,,V58,"435,1",V58,,,HJ V058
14327,U+14327,,V-04-002,C,"A coiled rope, resembling a W shape.",bb,Logogram (float? (part of the hunting equipment for hunting hippos)),V59,"435,2",V59,,,HJ V059
14328,U+14328,,V-04-009,,,,,V62,"435,9",V62,,,HJ V062
14329,U+14329,,V-04-010,C,"A wide band of string or fabric, written within an oval of dots.",dn,Phonemogram,V63,"435,10",V63,,,HJ V063
1432A,U+1432A,,V-04-019,C,"A looped cord, used as a hobble for cattle, with two horizontal loops and four vertical loops.",sꜣ,Phonemogram,,,,,,V016C
1432B,U+1432B,,V-04-020,C,"A looped cord, used as a hobble for cattle, with two horizontal loops and six vertical loops.",sꜣ,Phonemogram,V16A,"436,6",V16A,,,HJ V016A
1432C,U+1432C,,V-04-021,C,"A looped cord, used as a hobble for cattle, without horizontal loops, with six vertical loops.",sꜣ,Phonemogram,V16B,,V16B,,,HJ V016B
1432D,U+1432D,,V-04-028,C,"A rolled-up herdsman's shelter of papyrus, with a rectangle at either side and the top of the loop.",sꜣ,Logogram (protection),,"436,11",,,,V017C
1432E,U+1432E,,V-04-029,C,"A rolled-up herdsman's shelter of papyrus, with a rectangle at either side of the loop, and a cross on top of the loop.",sꜣ,Logogram (protection),V17B,,V17B,,,HJ V017B
1432F,U+1432F,,V-04-054,C,"A cobra in repose (Naja haje) (I10), written over a hobble for cattle without a crossbar (V20).",mḏ,Phonemogram,V21A,"437,6",V21A,,,HJ V021A
14330,U+14330,,V-04-056,,,,,V21,,,,,V021C
14331,U+14331,,V-04-057,C,"Two loops of rope, with the ends curling outwards (V58), arranged horizontally, on top of a standard used for carrying religious symbols (R12).",brbr,Logogram (19th nome of Upper Egypt),V117,,V117,,,HJ V117
14332,U+14332,,V-04-058,C,"Two loops of rope, with the ends curling outwards (V58), arranged horizontally, on top of a standard used for carrying religious symbols (R12), written on top of a parcel of land with irrigation ditches (N24).",brbr,Logogram (19th nome of Upper Egypt),V117A,,V117A,,,HJ V117A
14333,U+14333,,V-05-004,C,A whip without internal detail and a loop at the back.,mḥ,Phonemogram,V23B,"437,12",V23B,,,HJ V023B
14334,U+14334,,V-05-011,C,A whip with a loop at the front and the back.,mḥ,Phonemogram,V65A,"438,4",V65A,,,HJ V065A
14335,U+14335,,V-06-011,,,,,AA27A,"479,9",Aa27A,,,HJ AA027A
14336,U+14336,,V-07-005,C,"A tool used for the fixing of nets, with loops at either ends.",ꜥḏ,Phonemogram,V65,"438,5",V65,,,HJ V065
14337,U+14337,,V-08-002,C,"A wick of twisted flax, consisting of a singular loop at the top.",ḥ,Interpretant,V28A,"439,7",V28A,,,V028F
14338,U+14338,,V-08-004,C,"A wick of twisted flax, consisting of four loops.",ḥ,Interpretant,V28B,"439,8",V28B,,,HJ V028B
14339,U+14339,,V-08-005,C,"A wick of twisted flax, consisting of two loops.",ḥ,Interpretant,V28C,"439,9",V28C,,,HJ V028C
1433A,U+1433A,,V-08-021,,,,,V119,,V119,,,HJ V119
1433B,U+1433B,,V-08-024,C,"A swap made from a hank of fiber, with three loops, with a horizontal forward line coming from the top loop.",sk,Phonemogram,,"440,9",,,,V084B
1433C,U+1433C,,V-08-025,C,"A swap made from a hank of fiber, with two loops, with a forward tick and a small loop on top of the top loop.",ḫsr,"Classifier to dispel, to drive away",,,,,,V084A
1433D,U+1433D,,V-08-031,C,"A mace with a pear-shaped head, rotated 45 degree forwards (T2), with the mace-head leaning against a wick of twisted flax, consisting of three loops (V28).",ḥwꞽ,"Logogram (to strike, to drive)",,,,,,V149
1433E,U+1433E,,V-08-034,C,"A swap made from a hank of fiber, with three loops, with three strokes on the top loop.",wꜣḥ,Phonemogram,,,,,,V028G
1433F,U+1433F,,V-08-039,C,"A swab made from a hank of fiber with two loops, with fringes on the wide top-piece.",wꜣḥ,Phonemogram,V29A,"440,16",V29A,,,V029B
14340,U+14340,,V-08-040,C,A swab made from a hank of fiber with three loops.,wꜣḥ,Phonemogram,V91,"441,1",V91,,,HJ V091
14341,U+14341,,V-08-046,C,"A swap made from a hank of fiber, with two loops, with ties at the top and bottom.",wꜣḥ,Phonemogram,V89,"441,5",V89,,,HJ V089
14342,U+14342,,V-08-053,C,"A wick of twisted flax, orientated on its side, curving upwards.",ḥꜥ.t,Classifier (wick),,,,,,V148
14343,U+14343,,V-09-011,C, A wickerwork basket with a handle at either side.,k,Phonemogram,V31B,,V31B,,,HJ V031B
14344,U+14344,,V-09-016,C,"A wickerwork basket, with a vertical string with a bead attached to it on the far side.",gꜣ,Phonemogram,V96,,V96,,,HJ V096
14345,U+14345,,V-09-019,C,"Three feathers (H6), arranged horizontally, on top of a wickerwork basket with a handle, orientated with the handle to the back (V31).",sḫr(.w),Phonemogram,V115,,V115,,,HJ V115
14346,U+14346,,V-10-001,C,"Square woven basket (see Jequier, BIFAO 7, 89-94)",dbḥ.t-ḥtp,Classifier (offering),V97,"442,10",V97,,,HJ V097
14347,U+14347,,V-11-002,,,,,V32D,"442,12",V32D,,,HJ V032D
14348,U+14348,,V-11-005,C,"A wickerwork frail with ties, and spiked end-pieces.",msn,Phonemogram,V32E,"443,1",V32E,,,HJ V032E
14349,U+14349,,V-11-010,C,A wickerwork frail without ties or internal decoration.,gꜣw,Phonemogram,V32B,"443,6",V32B,,,HJ V032B
1434A,U+1434A,,V-14-001,C,A sheath or receptacle with V shaped indentation at the top.,ḥn,Phonemogram,V98,"444,1",V98,,,HJ V098
1434B,U+1434B,,V-14-003,C,"A sheath or receptacle with V shaped indentation at the top, on top of a base, with a rectangle written inside it.",ḥn,Phono-repeater,,,,,,V098A
1434C,U+1434C,,V-14-010,C,"A sheath or receptacle with V shaped indentation at the top, bound at the top with a loop and tie at the backside.",ḥn,Phonemogram,V36G,"444,6",V36G,,,HJ V036G
1434D,U+1434D,,V-14-012,C,"A sheath or receptacle with V shaped indentation at the top, on top of a base, with a small rectangle inside, bound at the top with a tie and loop at either side.",ḥn,Phonemogram,V36E,,V36E,,,HJ V036E
1434E,U+1434E,,V-14-016,C,"A sheath or receptacle with V shaped indentation at the top, with a forward curved line coming from the indentation, bound at the top with a loop and tie at the backside.",ḥn,Phonemogram,V36A,"444,13",V36A,,,HJ V036A
1434F,U+1434F,,V-14-018,C,"A sheath or receptacle with V shaped indentation at the top, on top of a base, with a forward curved line coming from the indentation, bound at the top with a loop and tie at the backside.",ḥn,Phonemogram,V36H,,V36h,,,HJ V036H
14350,U+14350,,V-14-019,C,"A sheath or receptacle with V shaped indentation at the top, on top of a base, with a forward curved line coming from the indentation.",ḥn,Phono-repeater,,,,,,V036K
14351,U+14351,,V-14-024,,,,,V36B,,V36B,,,HJ V036B
14352,U+14352,,V-15-005,C,"A basket-shaped bag with a tied off end at the front / A uterus of a cow, tied off at the front.",sṯꞽ,Phonemogram,F143,"445,5",F143,,,HJ F143
14353,U+14353,,V-15-010,C,"A basket-shaped bag with a tied off end at the front, with a split end / A uterus of a cow, tied off at the front, with a split end.",ḫnm,Phonemogram,V131,,V131,,,HJ V131
14354,U+14354,,V-15-012,C,"A basket-shaped bag with a tied off end at the front, resembling a loop, with an upwards stroke at the back / A uterus of a cow, tied off at the front, with an upward stroke at the back.",ḥm,Phonemogram,F143C,,F143C,,,HJ F143C
14355,U+14355,,V-15-013,C,"The womb of a cow, with fallopian tubes.",kꜣ.t,Logogram/phonemogram (womb),V132,,V132,,,HJ V132
14356,U+14356,,V-16-001,C,A cross-section of a cup or vessel.,šd,Phonemogram,V102,"445,10",V102,,,HJ V102
14357,U+14357,,V-17-002,C,"A net, with loops at the top ends.",ꞽḥ/ꜥḥ,Logogram (net),V110,"446,14",V110,,,HJ V110
14358,U+14358,,V-17-003,C,"A net, with loops and ties at the top ends.",ꞽꜣd.t,Logogram (net),,,,,,V110B
14359,U+14359,,W-01-004,C,"A sealed ointment jar with a round lid, with ties.",ḥkn(w),"Classifier oil, unguent",W1B,"447,2",W1B,,,HJ W001B
1435A,U+1435A,,W-01-009,C,"A perfume jar with triangular handles, with a round lid with a triangular knob.",bꜣs,Phonemogram,W27B,"447,7",W27B,,,HJ W027B
1435B,U+1435B,,W-01-010,C,"A sealed perfume jar with triangular handles, with a round lid, with ties.",bꜣs,Phonemogram,W27,"447,8",W27,,,HJ W027
1435C,U+1435C,,W-01-011,C,"A sealed vessel with triangular handles, with a round lid without knob.",ꞽbr,"Classifier oil, unguent",,,,,,W027C
1435D,U+1435D,,W-01-012,C,"A tall vessel with a round lid with rim, without knob.",mḏ.t,"Classifier oil, unguent",W2B,"447,9",W2B,,,HJ W002B
1435E,U+1435E,,W-01-014,C,"A tall vessel with a round lid without rim, without knob.",(ꞽ)ḫ.t bnꞽ(.t),"Classifier liquid, fluid",W29,"447,11",W29,,,HJ W029
1435F,U+1435F,,W-01-015,C,"A sealed perfume jar, without handles, with ties.",sgn,"Classifier oil, unguent",W27A,,W27A,,,HJ W027A
14360,U+14360,,W-01-017,C,An ointment jar without seal.,ḥꜣ.t(y)t,"Classifier oil, unguent",W30,"447,12",W30,,,HJ W030
14361,U+14361,,W-01-021,C,"A vessel which widens at the base, with a rectangular lid.",mr(ḥ.t),"Classifier/logogram oil, unguent",W32,"448,2",W32,,,HJ W032
14362,U+14362,,W-01-024,C,A vessel with a rectangular lid.,mḏ.t(y),"Logogram/Phonemogram (oil, unguent)",W32A,"448,5",W32A,,,HJ W032A
14363,U+14363,,W-02-003,C,"An alabaster basin with a diamond shaped inner marking, with additional internal decoration / A wickerwork basket with a diamond shaped inner marking and with the wickerwork structure visible.",nb,Logogram (lord),W3A,"448,7",W3A,,,W003C
14364,U+14364,,W-02-011,C,"An alabaster basin with a diamond shaped inner marking (W3), on top of a butcher's block (T28).",ẖr.y-ḥ(ꜣ)b.t,Logogram (lector priest),,,,,,W005B
14365,U+14365,,W-02-012,,,,,W38,"448,15",W38,,,HJ W038
14366,U+14366,,W-02-013,C,"An alabaster basin with a diamond shaped inner marking (W3), with two forearms coming from the top the basin, forearms and hands vertical, hand palms inwards, with a forearm, with the palm of the hand facing upwards (D36) written over the arms.",kꜣw,Phonemogram,W39,,W39,,,HJ W039
14367,U+14367,,W-03-002,C,"A stone jug, with a very narrow base, with a large handle connecting to the rim, without a small handle.",ẖnm,Phonemogram,W9B,"449,2",,,,W009E
14368,U+14368,,W-03-003,,,,,,,W9B,,,W009B
14369,U+14369,,W-03-006,C,"A stone jug with a large handle connecting to the rim, and a small handle.",ẖnm,Phonemogram,W9A,"449,6",W9A,,,W009F
1436A,U+1436A,,W-03-009,C,A rounded stone jug with a large handle connecting to the rim.,ẖnm,Phonemogram,W40,"449,7",W40,,,HJ W040
1436B,U+1436B,,W-03-011,C,"A tall stone jug, which widens at the base, with a large handle connecting to the rim.",ẖnm,Phonemogram,W41,"449,9",W41,,,HJ W041
1436C,U+1436C,,W-04-009,C,"A tall cup, with a rim wider than its base.",ꜥ,Logogram (cup),W10B,"450,4",W10B,,,HJ W010B
1436D,U+1436D,,W-05-003,C,"A ring-stand for jars, without internal decoration.",g,Phonemogram,W11A,"450,7",W11A,,,HJ W011A
1436E,U+1436E,,W-06-010,C,A tall water pot with a spout.,snb.t,"Classifier jar, vessel",W14A,"451,4",W14A,,,W014D
1436F,U+1436F,,W-06-012,C,"A tall water pot with a spout, with a line of liquid coming from the spout.",ḳb,Classifier cool,W15A,"451,6",W15A,,,HJ W015A
14370,U+14370,,W-06-016,C,"A tall water pot with a spout, with a forward, downward line of liquid coming from the top of the vessel.",ḳbḥ,"Classifier to be cool, to cool",W15B,"451,11",W15B,,,HJ W015B
14371,U+14371,,W-06-017,C,"A tall water pot with a spout, with a backward, downward line of liquid coming from the top of the vessel.",ḳbḥ.w,Logogram (cool water/libation water),,,,,,W015D
14372,U+14372,,W-06-021,C,"A tall water pot, rotated 45 degree forward angle, with a forward, downward dotted line coming from the top.",sṯ(ꞽ),"Classifier to pour, to sprinkle",W45,"451,13",W45,,,HJ W045
14373,U+14373,,W-06-023,C,"A tall water pot, with a forward, downward line of liquid coming from the top of the vessel, with the line ending on top of a canal (N36).",ḳbḥ,"Logogram (to be cool, to cool)",,,,,,W099A
14374,U+14374,,W-06-025,C,"A tall water pot with a spout, with a line of liquid coming from the spout (W15), with the line ending on top of a canal (N36).",ḳbḥ.w,Logogram (cool water/libation water),,,,,,W099C
14375,U+14375,,W-06-027,C,"A tall water pot with a spout, with a line of liquid coming from the spout (W15), on top of the hill country over the edge of the cultivated areas (N25).",ḳbḥ.w,Logogram (the (first) cataract),W47,"451,16",W47,,,HJ W047
14376,U+14376,,W-06-028,C,"A tall water pot with a spout, with a line of liquid coming from the spout (W15), on top of a plan of a crossroads in a village (O49).",ḳbḥ,"Phonemogram/logogram (in ḳbḥ.wy (the two sources, i.e., Egypt))",W48,"452,1",W48,,,HJ W048
14377,U+14377,,W-06-030,C,"A tall water pot with a spout, with a line of liquid coming from the spout (W15), in front of its mirror, with the lines of water ending on top of a plan of a crossroads in a village (O49).",ḳbḥ.wy,"Logogram (the two sources, i.e. Egypt)",W48A,"452,3",W48A,,,HJ W048A
14378,U+14378,,W-06-031,C,"A tall water pot with a spout, with a line of liquid coming from the spout (W15), inside a ring-stand.",ḳbḥ.w,Logogram (cool water/libation water),W16A,"452,4",W16A,,,HJ W016A
14379,U+14379,,W-06-040,C,"A representation of water pots in a rack, with the water pots resembling a rectangle with a slightly wider base and top.",ḫnt,Phonemogram,W17B,"452,12",W17B,,,HJ W017B
1437A,U+1437A,,W-06-043,C,"A schematic representation of three sealed water pots in a rack, with the downward curving lines connecting to the base.",ḫnt,Phonemogram,W17C,"452,15",,,,W017C
1437B,U+1437B,,W-06-044,C,"A schematic representation of three sealed water pots in a rack, without a base, with a block of four rectangles on top.",ḫnt,Phonemogram,W17D,"452,16",W17D,,,HJ W017D
1437C,U+1437C,,W-06-045,C,A schematic representation of three sealed water pots in a rack.,ḫnt,Phonemogram,W17A,"453,1",W17A,,,W017F
1437D,U+1437D,,W-06-046,C,A schematic representation of four sealed water pots in a rack.,ḫnt,Phonemogram,W18B,"453,2",W18B,,,HJ W018B
1437E,U+1437E,,W-06-047,,,,,W18A,"453,3",W18A,,,W018D
1437F,U+1437F,,W-07-002,C,"A milk jar in a carrying sling, with upward lines above the vessel, resembling the horns of a bovid (F13).",mꞽ,Phonemogram,,,,,,W019A
14380,U+14380,,W-07-007,C,"A rounded milk jar with two horizontal lines over the jar, with a leaf covering the milk.",ꞽrṯ(.t),Classifier milk,,"453,12",,,,W020A
14381,U+14381,,W-07-009,C,A milk jar with a leaf covering the milk.,ꞽrṯ.t,Classifier milk,W50,"453,14",W50,,,HJ W050
14382,U+14382,,W-07-011,,,,,W121,,W121,,,HJ W121
14383,U+14383,,W-08-001,,,,,W52,"454,1",W52,,,HJ W052
14384,U+14384,,W-08-002,C,"A tall milk jug in a carrying sling, with upward lines above the vessel, resembling the horns of a bovid (F13).",mꞽ,Phonemogram,W53,"454,2",W53,,,HJ W053
14385,U+14385,,W-08-003,C,"A situla which widens at the base, with a triangular stand, with a carrying loop, with two upward lines coming from the rim.",wšb,Classifier vessel (situla?),W53A,,W53A,,,HJ W053A
14386,U+14386,,W-09-001,C,"A vase on its side, with liquid issuing from it.",wꜥb,"Logogram (to be pure, to be clean)",W54,"454,3",W54,,,HJ W054
14387,U+14387,,W-09-003,C,"A vase on its side, with liquid issuing from it (W54), ending in a basin.",pnḳ,"Classifier to pour out, to empty",W57,,W57,,,HJ W057
14388,U+14388,,W-09-006,C,"A vase with a broad rim, rotated 45 degree forwards, with a forward line of liquid coming from the vase.",rd,Phonemogram,W56,"454,8",W56,,Y,HJ W056
14389,U+14389,,W-10-002,C,"Two round vessels with a broad rim, arranged horizontally, connected by two lines.",nb.ty,Classifier beer-jug,W21D,"454,11",,,,W021D
1438A,U+1438A,,W-10-003,,,,,W122,,W122,,,HJ W122
1438B,U+1438B,,W-10-005,C,"A twin set of round vessels with an upstanding rim, bound together.",tḫ.t,Classifier drunkenness,W21A,,W21A,,,HJ W021A
1438C,U+1438C,,W-10-006,C,"Two conical wine jars, arranged horizontally, connected by multiple lines.",ꞽrp,Classifier wine,W21B,"454,13",W21B,,,HJ W021B
1438D,U+1438D,,W-10-008,,,,,W21C,"455,1",W21C,,,HJ W021C
1438E,U+1438E,,W-11-001,,,,,W123,"455,3",W123,,,HJ W123
1438F,U+1438F,,W-11-002,C,"A wine jar with a broad rim, with two horizontal lines over the jar.",ꞽrp,"Classifier liquid, fluid",W59,"455,4",W59,,,HJ W059
14390,U+14390,,W-11-003,C,"A wine jar with a long neck and broad rim, with two horizontal lines over the jar.",ḥn(.w),Classifier jar,W60,"455,5",W60,,,HJ W060
14391,U+14391,,W-11-005,C,"A long necked, round bottom vessel, with a broad rim, with a horizontal line over the vessel.",mrḥ(.t),"Classifier oil, unguent",W61,"455,7",W61,,,HJ W061
14392,U+14392,,W-11-009,C,"A broad cup (W10), with a triangle of rectangular bricks on top of it.",ṯꜣ.w,Logogram diw-(the five pellets),W113,"455,10",W113,,,HJ W113
14393,U+14393,,W-11-010,C,"A flat bottom jug with a rounded top, with a small upward rim.",nms.t,Classifier jug,,"455,11",,,,W125A
14394,U+14394,,W-11-011,,,,,W63,"455,12",W63,,,HJ W063
14395,U+14395,,W-11-024,C,"A round vessel with an upstanding rim (W24), on top of long legs in a walking posture, feet orientated towards the reading direction (W25), on top of the sky (N1).",ꞽn-ḥr,Phonemogram,W101,,W101,,,HJ W101
14396,U+14396,,W-11-028,C,"Three round vessel with an upstanding rim (W24), arranged horizontally, on top of a rectangular base or tray.",r,Phonemogram,W124,,W124,,,HJ W124
14397,U+14397,,W-11-030,C,"A granite vessel with small handles, written inside a diamond shaped enclosure, in which the ends of the lines overlap.",ꜣbw,Logogram (Elephantine),,,,,,W126A
14398,U+14398,,W-11-036,,,,,W64,"456,12",W64,,,HJ W064
14399,U+14399,,W-11-037,C,"A long, pointed vessel, written vertically.",ḥḏ.t,"Classifier liquid, fluid",W65,"456,13",W65,,Y,HJ W065
1439A,U+1439A,,W-11-038,C,"A long, pointed vessel, written horizontally.",dšr.yt,"Classifier jar, vessel",,,,,Y,W065A
1439B,U+1439B,,W-11-039,C,"A long, broken, pointed vessel, written horizontally.",sḏ,"Classifier breaking, destroying",,,,,Y,W065B
1439C,U+1439C,,W-11-041,C,A rounded beer-jug.,tḫ,Classifier alcoholic beverage,W66,"456,15",W66,,,HJ W066
1439D,U+1439D,,W-11-044,C,"A vase with the head of a human, seen in profile.",šps.y,Logogram (libation vase),,,,,,W130
1439E,U+1439E,,W-11-045,C,"A well with a straight line of water (N42), with a horizontal tube attached at the back.",ꜥḥb.t,Classifier to fill,W67,"457,2",W67,,,HJ W067
1439F,U+1439F,,W-11-046,C,"A vessel with a flat bottom, which is the widest point of the vessel, with a broad rim, as wide as the bottom.",dšr.t,Classifier vessel,W119,"457,3",W119,,,HJ W119
143A0,U+143A0,,W-11-051,C,"A straight-bottomed vessel with broad rim, with a spout at the front.",nms.t,"Classifier jar, vessel",W70,"457,8",W70,,,HJ W070
143A1,U+143A1,,W-11-053,C,"A sealed straight-bottomed vessel, with a spout at the front.",nms.t,"Classifier jar, vessel",W120,"457,9",W120,,,HJ W120
143A2,U+143A2,,W-11-055,C,"A vessel with an upstanding rim and spout at the back, inside a wide cup.",ꞽꜥꞽ,Classifier (to wash),W69,"457,10",W69,,,HJ W069
143A3,U+143A3,,W-11-056,C,"A pointed vessel with a broad rim, with a spout at the front.",nms.t,Logogram (nemset vase),W112,"457,11",W112,,,HJ W112
143A4,U+143A4,,W-11-061,C,An amphora with a broad rim.,ḏwj.w,Classifier vessel,W72,"457,16",W72,,,HJ W072
143A5,U+143A5,,W-11-062,C,A vessel with a flat top and a widening base.,ṯꜣb,"Classifier vessel, jar",W73,"458,1",W73,,,HJ W073
143A6,U+143A6,,W-11-064,,,,,,,W78A,,,W078A
143A7,U+143A7,,W-11-065,C,"A flat-bottomed vessel which rounds towards the top, with a broad rim.",nms.t,"Classifier jar, vessel",W62,"458,3",W62,,,HJ W062
143A8,U+143A8,,W-11-071,C,A wide bowl with a broad rim.,swr,Classifier drinking vessel,W76,"458,9",W76,,,HJ W076
143A9,U+143A9,,W-11-073,C,A vessel with a small base and a broad rim.,ḫꜣw & (ṯ)nꞽw,Classifier drinking vessel,W77,"458,11",W77,,,HJ W077
143AA,U+143AA,,W-11-078,,,,,W78,"458,14",W78,,,HJ W078
143AB,U+143AB,,W-11-079,C,"A broad dish, with a small base.",dd.t,Classifier dish,W79,"458,15",W79,,,HJ W079
143AC,U+143AC,,W-11-082,,,,,W80,"459,1",W80,,,HJ W080
143AD,U+143AD,,W-11-091,,,,,W85,"459,10",W85,,,HJ W085
143AE,U+143AE,,W-11-095,C,"A flat bottom jar without handles, with a broad rim and a small neck.",ḏwꞽ.w,Logogram (some type of vessel),W125,"459,14",W125,,,HJ W125
143AF,U+143AF,,W-11-098,C,"A pointed vessel with a spout, with line of fluid coming from the spout.",ꞽrṯ.t,Classifier milk,,,,,,W128
143B0,U+143B0,,W-11-100,C,"A round vessel with a broad rim, with a downward line at either side of the neck.",bꜥ/bꜥꜥ,Classifier vessel (possibly for oil),,,,,,W131
143B1,U+143B1,,W-11-102,,,,,W117,"460,3",W117,,,HJ W117
143B2,U+143B2,,W-11-105,,,,,W88,"460,6",W88,,,HJ W088
143B3,U+143B3,,W-11-106,C,A sealed beer-jug without handles.,ḥnḳ.t,Logogram (beer),W89,"460,7",W89,,,HJ W089
143B4,U+143B4,,W-11-110,C,A round vessel with a circular indentation at the top.,rrm,Logogram (gold vase for myrrh),W92,"460,11",W92,,,HJ W092
143B5,U+143B5,,W-11-111,C,"A pile of pottery, arranged in order to be fired.",kꜣp.t,Classifier oven,W93,"460,12",W93,,,HJ W093
143B6,U+143B6,,W-11-113,,,,,W95,"460,14",W95,,,HJ W095
143B7,U+143B7,,W-11-115,C,"The head of a ram without horns, on top of a jar.",,?,,,,,,W132
143B8,U+143B8,,W-11-121,C,A granite vessel with large handles.,mꜣṯ,Classifier granite,W7A,,W7A,,,HJ W007A
143B9,U+143B9,,W-11-122,C,"A plate or low broad vessel, with a half circle on top of it.",ꜣw,Phonemogram,W100,,W100,,,HJ W100
143BA,U+143BA,,W-11-123,C,A round vessel with an upstanding rim which curves downwards.,nw,"Logogram (a nw-vase, representing an amulet of lapis-lazuli)",W104,,W104,,,HJ W104
143BB,U+143BB,,W-11-124,C,"A rectangular basin with a triangular shape on top, with two feet inside the basin.",mꜥ,Classifier basin for washing feet,W98,,W98,,,HJ W098
143BC,U+143BC,,X-02-003,C,A round loaf of bread in a wide cup (W10).,ꞽt,Logogram (father),X2D,"461,5",X2D,,,HJ X002D
143BD,U+143BD,,X-02-005,C,A round loaf of bread on top of a wide cup (W10).,ꞽt,Logogram (father),,"461,7",,,,X002E
143BE,U+143BE,,X-02-006,C,"A round loaf with four curved imprints (X6B), on top of a wide cup (W10).",ꞽt,Logogram (father),X2A,"461,8",X2A,,,HJ X002A
143BF,U+143BF,,X-02-007,,,,,X2B,"461,9",X2B,,,HJ X002B
143C0,U+143C0,,X-03-001,C,A loaf of bread with a horizontal base.,t,Classifier bread,X3A,"461,12",X3A,,,HJ X003A
143C1,U+143C1,,X-03-005,C,"A loaf of bread, with a curved imprint at both long sides.",t-ḥḏ,Classifier bread,X3B,"462,4",X3B,,,HJ X003B
143C2,U+143C2,,X-03-007,C,"A conical loaf of bread, with an curved imprint on the sides and the bottom.",t,Classifier bread/food,,,,,,X003D
143C3,U+143C3,,X-04-003,,,,,X4B,"462,9",X4B,,,X004K
143C4,U+143C4,,X-04-004,C,"A roll of bread, with a rectangle at the middle of the top line.",t ḥnḳ.t kꜣ ꜣpd,Classifier food,,"462,10",,,,X004J
143C5,U+143C5,,X-04-006,C,"A roll of bread, with a circle in the middle.",ꜣbd,Classifier festival,X4,,X4,,,X004X
143C6,U+143C6,,X-04-007,C,"A roll of bread, with oval lines within it.",kꜣ.w,Classifier food,X4A,"462,12",,,,X004L
143C7,U+143C7,,X-04-009,C,"A roll of bread, with vertical ovals inside the edges, with a horizontal line in the middle.",drp,Classifier offering,X4E,"462,13",X4E,,,HJ X004E
143C8,U+143C8,,X-04-013,C,"A loaf of bread resembling a quarter oval, with round imprints at all four sides.",šns,Logogram (type of bread),X4C,"463,1",X4C,,,HJ X004C
143C9,U+143C9,,X-05-002,C,"An horizontal oval shape, with two upward curving strokes added at the front short side (X5), on top of legs in a walking posture, feet orientated towards the reading direction (D54).",sn,Logogram (to pass by),X5A,,X5A,,,HJ X005A
143CA,U+143CA,,X-06-001,,,,,X6D,"463,8",X6D,,,HJ X006D
143CB,U+143CB,,X-06-009,C,A round loaf with a half circle finger mark at the bottom.,pꜣ.t,Phonemogram,X6A,,X6A,,,X006G
143CC,U+143CC,,X-06-011,C,A round loaf with four curved imprints.,ḥn.w(t),"Classifier offering, cake, loaf",X6B,"463,13",X6B,,,HJ X006B
143CD,U+143CD,,X-08-003,,,,,X13,,X13,,,HJ X013
143CE,U+143CE,,X-08-004,C,Four flat breads stacked on top of each other.,t-ꞽm.y-tꜣ,Classifier bread,X10,,X10,,,HJ X010
143CF,U+143CF,,Y-01-007,C,"A papyrus scroll, rolled-up, tied and sealed, written horizontally, with one tie at the front of the seal.",gr,Classifier abstract words,,,US248Y1VARB,,,Y001B
143D0,U+143D0,,Y-01-014,C,"Two flutes, connected to each other.",mꜣ.t,Classifier double flute,Y23,,Y23,,,HJ Y023
143D1,U+143D1,,Y-02-007,C,"A scribe's kit, consisting of a palette, ink or paint pouch and a reed pen, with the pallet resembling the counterweight of a necklace (S18A), and the reed pen resembling a forked pole for supporting a roof (O30).",sš,"Logogram (to write, to draw)",Y3B,,Y3B,,,HJ Y003B
143D2,U+143D2,,Y-02-008,C,"A scribe's kit, consisting of a palette, ink or paint pouch and a simplified reed pen.",sš,Logogram (scribe),Y3C,"466,3",Y3C,,,HJ Y003C
143D3,U+143D3,,Y-02-009,C,"A scribe's kit, consisting of a pallet and an ink or paint pouch.",ṯ(m)s,Classifier red,,,,,,Y003D
143D4,U+143D4,,Y-02-010,C,A scribal pallet.,gsty,Classifier scribal pallet,Y11,"466,4",Y11,,,HJ Y011
143D5,U+143D5,,Y-02-012,C,Scribe's water pot.,,Classifier (scribal water pot),Y12,"466,5",Y12,,,HJ Y012
143D6,U+143D6,,Y-02-013,,,,,Y13,"466,6",Y13,,,HJ Y013
143D7,U+143D7,,Y-02-014,C,"A writing tablet with a round top, with a vertical line at either side of the tablet.",ꜥn,Classifier writing tablet,Y27,"484,4",Y27,,,HJ Y027
143D8,U+143D8,,Y-03-007,C,A game board of the Mehen game.,mḥn,Classifier snake-game,,,,,,Y030
143D9,U+143D9,,Y-04-002,C,"A rounded harp, with a human head in profile on the tip.",ḏꜣ,Phonemogram,Y7A,"466,12",Y7A,,,HJ Y007A
143DA,U+143DA,,Y-04-005,C,"A rounded harp, with a female human head, in profile, with a headdress of bovine horns with a sun disk (F102), on the tip.",ṯt,Phonemogram,,,,,,Y007D
143DB,U+143DB,,Y-04-006,C,"A rounded harp, with a female human head, in profile, with a headdress of bovine horns with a sun disk with two plumes on top of the sun disk (S65) on the tip.",ḏd,"Logogram (to say, to speak)",,,,,,Y007C
143DC,U+143DC,,Y-04-007,C,"A rounded harp, with a female human head, in profile, with a headdress consisting of two plumes, with a sun disk between them (S63A), on the tip.",ḏd,"Logogram (to say, to speak)",,,,,,Y007E
143DD,U+143DD,,Y-04-008,C,A triangular harp.,ḏd,"Logogram (to say, to speak)",Y16,"467,1",Y16,,,HJ Y016
143DE,U+143DE,,Y-05-001,,Tambourine.,sr,Classifier tambourine,Y17,"467,2",Y17,,,HJ Y017
143DF,U+143DF,,Y-05-002,C,Tambourine.,sr,Classifier tambourine,,,,,,Y017A
143E0,U+143E0,,Y-05-003,C,Ball.,ḥmꜣ,Logogram (ball),Y24,"471,13",Y24,,,HJ Y024
143E1,U+143E1,,Y-06-001,C,"A sistrum, without internal detail on top.",sšš(.t),Classifier sistrum,Y18A,"467,3",Y18A,,,HJ Y018A
143E2,U+143E2,,Y-06-003,C,"A sistrum, with horizontal wavy lines over the top piece.",sḫm,Logogram (sistrum),Y18,"467,5",Y18,,,HJ Y018
143E3,U+143E3,,Y-06-005,C,"A sistrum with horizontal wavy lines over the top piece, with the human face on the handle having hair.",sḫm,Classifier sistrum,,"467,7",,,,Y018E
143E4,U+143E4,,Y-06-013,C,"A sistrum, with two curls on top of human head with ears on top of the handle, without central piece.",sšš.t,Logogram (sistrum),Y8A,"467,12",Y8A,,,HJ Y008A
143E5,U+143E5,,Y-06-017,C,"A sistrum, with the top piece in the form of a shrine encased by two curls, with the human face on the handle having hair.",sšš.t,Logogram (sistrum),,,,,,Y008B
143E6,U+143E6,,Y-06-023,C,"The headpiece of a sistrum, resembling a façade of a shrine with a flat roof, with oblique sides, with a large doorway (O21B), enclosed by two curls.",bḫn,Classifier head-piece of a sistrum,Y21,"468,7",Y21,,,HJ Y021
143E7,U+143E7,,Z-01-016,C,Three diagonal strokes arranged horizontally.,,Classifier plural,Z2C,,Z2C,,,Z002F
143E8,U+143E8,,Z-01-033,C,Four horizontal strokes arranged vertically.,,,,,,,Y,Z015J
143E9,U+143E9,,Z-02-006,C,"A horizontal stroke overlapping a vertical stroke, both strokes of the same length.",ꞽm.y,Phonemogram,Z11A,"470,3",Z11A,,,HJ Z011A
143EA,U+143EA,,Z-02-008,C,"A short horizontal stroke overlapped by a longer vertical stroke, the crossing point is near the top of the vertical stroke.",ꞽm.y,Phonemogram,Z11B,"470,5",Z11B,,,HJ Z011B
143EB,U+143EB,,Z-03-006,,,,,Z26,,Z26,,,HJ Z026
143EC,U+143EC,,Z-04-003,,,,,Z20,"471,5",Z20,,,HJ Z020
143ED,U+143ED,,Z-04-005,,,,,Z22,"471,7",Z22,,,HJ Z022
143EE,U+143EE,,Z-06-003,C,"A diagonal line on top of a horizontal line, open at the front.",rmn,Logogram (1/2 aroura),Z30,,Z30,,,HJ Z030
143EF,U+143EF,,Z-06-007,C,"rectangular writing tablet with, with a vertical line at either side of the tablet.",ꜥn,Classifier writing tablet,Z36,,Z36,,,HJ Z036
143F0,U+143F0,,Z-06-008,C,"A diagonal line, with a perpendicular line over the middle.",pꜣ tꜣ-r,"Classifier enemy, opponent",Z6A,,Z6A,,,HJ Z006A
143F1,U+143F1,,Z-06-012,,,,,Z31,,Z31,,,HJ Z031
143F2,U+143F2,,Z-06-017,,,,,Z37,,Z37,,,HJ Z037
143F3,U+143F3,,Z-07-008,C,An oval dot.,,,,,Ff100,,,Z049
143F4,U+143F4,,Z-07-009,C,An horizontal line with a small downwards line at the front.,,,,,Ff101,,,Z050
143F5,U+143F5,,Z-07-010,C,"An horizontal line with a small downwards line at the front, followed by a short horizontal line with an upwards curving half-circle line on the back of the line after a small bit of space",,,,,Ff110,,,Z051
143F6,U+143F6,,Z-07-011,C,Verse-point.,,,,,,,,Z052
143F7,U+143F7,,AA-08-001,C,"A long horizontal line, crossed by a short vertical line, in the middle.",ḏd-mdw,Logogram,AA8A,,Aa8A,,,HJ AA008A
143F8,U+143F8,,AA-22-002,C,A crescent moon shape written on top of a vertical line.,smꜣ,Phonemogram,,,,,,AA025B
143F9,U+143F9,,AA-22-006,,,,,AA78,,Aa78,,,HJ AA078
143FA,U+143FA,,AA-22-007,C,"Two vertical ovals, connected together at the long sides.",ꜣb,Phonemogram,AA80,,Aa80,,,HJ AA080
